,Year,Artist,song_name,further_clean_text
0,1958,Boots Brown And His Blockbusters,Cerveza,cerveza lyricsinstrumental instrumentalembed
1,1958,Doris Day,Tunnel Of Love,tunnel love lyricsgetting crazy waltzers life choose sing sixblade sing switchback torture tattoo riding ghost train cars scream slam know ill tonight id tell screaming ring faces seen standing light ticket races victim night hand lever said let rock let roll arm bandit fever arrow heart soul big wheel turning neon burning high world come low ride girl tunnel love danger youre riding risk said perfect stranger said baby lets cake walk twisting baby step right hey mister cos play big wheel turning neon burning high world come low ride girl tunnel love money muscle whirligig money muscle girl dig hustle big rockaway rockaway girl looks pretty spanish city kids oh girl looks pretty spanish city kids took silver locket said remember hand pocket got keepsake kiss roar dust diesel stood watched walk away caught easy stay big wheel turning neon burning high world come low ride girl tunnel love searching carousels carnival arcades searching steeplechase palisades shooting gallery promises rockaway rockaway cullercoats whitley bay rockaway girl looks pretty spanish city kids girl looks pretty spanish city kidsembed
2,1958,Billy & Lillie,Lucky Ladybug,lucky ladybug lyricslucky ladybug lucky ladybug lucky ladybug ladybug silver dollar rabbits foot leaf clover horseshoe wishbone shamrocks got shook singin abracadabra cats eye wonder wonder love guess ill ask star moon bright canary yellow itd amazin crystal ball id gaze says ill steady fellow ladybug silver dollar rabbits foot leaf clover horseshoe wishbone shamrocks got shook singin abracadabra cats eye words smooth soothin feel time groovin come daddy rock wild band rollin uhhuh cool duckywucky baby doll love lucky walk aisle strollin ladybug silver dollar rabbits foot leaf clover horseshoe wishbone shamrocks got shook singin abracadabra cats eye 4 lines instrumental stupid cupid gave fever itchytwitchy feelin green mosquito bit got walking robbers makin moon talking bobbin firefly splishin asplashin ladybug silver dollar rabbits foot leaf clover horseshoe wishbone shamrocks got shook singin abracadabra cats eye lucky ladybug lucky ladybug lucky ladybug lucky ladybug lucky ladybug lucky ladybug lucky ladybugembed
6,1958,Frank Sinatra,Mr. Success,mr success lyricswhen walk jam knows head chest mr success closed deal wheel head chest mr success knew worrying man hurrying man second play appointments people meet took thirty hours day wanna head chest mr success instrumental knew worrying man hurrying man second play appointments lots people meet took thirty hours day wanna love test thats best cause pretty baby standing failure tried cause mr successembed
7,1958,The Rinky-Dinks,Early In The Morning,early morning lyricswell youre gonna miss early morning days youre gonna want early morning away hey hey ya know yes youll sorry times cried youll sorry times lied youre gonna miss early morning days ya know rolling stone rolling stone gather moss gather moss ya cross bridge cross bridge time cross time cross ya broke heart broke heart ya said goodbye said goodbye milk spiltbut youre gonna yeah early morning youre gonna know right oh yeah yeah early morning theres hold tight oh oh oh youre gonna want want bad youre gonna miss best man yes youre gonna miss early morning days embed
9,1958,Bobby Helms,The Fool And The Angel,fool angel lyricshere story fool angel fool angel fell love heaven watching fool gave love reckless way fools live today love angel believe game gave love heart soul true loves angel goal know things answer clear fool walked away heaven oh near fool angel far apart fool learned late heart theres spark hope remain fool finds angel theres spark hope remain fool finds angel againembed
12,1958,Paul Anka,(All of a Sudden) My Heart Sings,sudden heart sings lyricsthe secret way hold hand let know understand wind rain face breathless world embrace little laugh handsome cries star light gleaming eyes remembering little things sudden heart sings sudden heart sings remember little things way dance hold tight way kiss good night crazy things fun magic thrill thats touch oh darling love secret way hold hand let know understand wind rain face breathless world embrace little laugh handsome cries star light gleaming eyes remembering things sudden heart singsembed
13,1958,The Upbeats,Just Like In The Movies,movies lyricsjust movies lets pretend fall love believe lovers paper moon swam south pacific built bridge river kwai world follow love movies kiss confess hold close heres crazy happy ending baby pretending movies love heres crazy happy ending baby baby pretending movies love youembed
14,1958,Eydie Gorme,You Need Hands,need hands lyricsyou need hands hold care need hands youre feel wants know need hands brush away tear hold brand new baby need tender hands guide way need hands thank lord living giving dayembed
16,1958,Perry Como,Moon Talk,moon talk lyricslast night moon bright called darlin whispered pretty little love words ear moontalk moontalk pretty little love words mean youre pretty little love words mean youre night moon bright said love painted pretty little castles air moontalk moontalk pretty little castles mean care care pretty little castles mean care care know meant sigh hugged way hugged kissed way kissed moonlight hubba hubba hubba hubba night held tight called darlin told die moontalk moontalk pretty little love words come heart heart pretty little love words come heart pretty little love words come heart hmmm moontalk hmmm moontalk makes hug way hugged makes kiss way kissed moonlight love ya love ya love ya love ya night held tight called darlin told die moontalk moontalk pretty little love words come heart heart pretty little love words come heart pretty little love words come heart moon talk oh moon talkembed
20,1958,The Crickets,Think It Over,think lyricsthink youve said think pretty little head sure think love real fun think yes think lonely heart grows cold old think let know think slow remember birds bees thro lifes mysteries think yes think lonely heart grows cold old think think think happy days think kiss blues goodbye think yes think lonely heart grows cold old think think overembed
21,1958,Fats Domino,Whole Lotta Loving,lotta loving lyricsi got lot lovin baby waiting got lot lovin baby waiting way love woman honey know love oh youre good lookin baby build ground youre good lookin baby build ground time baby love starts tumbling yeah youre type baby height size said youre type baby youre height size reason love youve got little dreamy eyesembed
27,1958,Bobby Darin,Splish Splash,splish splash splish splash taking bath long saturday night yeah rub dub relaxing tub thinking alright stepped tub feet floor wrapped towel opened door splish splash jumped bath know party going asplishing asplashing reeling feeling moving agrooving rocking arolling yeah bing bang saw gang dancing living room rug yeah flip flop bop teens dancing bug lollipop witha peggy sue good golly miss molly wasa awella splish splash forgot bath went dancing shoes yeah rolling astrolling reeling feeling moving agrooving splishing asplashing yeah yes asplishing asplashing arolling astrolling yeah amoving agrooving areeling feeling arolling astrolling moving grooving splish splash yeah mm splishing asplashing time asplishing asplashing ooo wee amoving agrooving yeah asplishing asplashing1embed
28,1958,Bernie Lowe Orchestra,Sing Sing Sing,sing sing sing lyricssing sing sing sing everybody start sing dee dee dee bah bah bah dah youre singin swing sing sing sing sing everybody start sing dee dee dee bah bah bah dah youre singin swing music goes everybodys goes town thing know sing sing sing sing everybody start sing dee dee dee bah bah bah dah youre singin swing swing swing swing swing listen trumpet swing blow blow blow blow listen trombones music goes everybodys goes town thing know sing sing sing sing everybody start sing dee dee dee bah bah bah dah everybody sing sing sing sing everybody start sing dee dee dee bah bah bah dah youre singin swing sing sing sing sing everybody start sing dee dee dee bah bah bah dah youre singin swing swing swing swing everybody start swing swingin sing music goes everybody goes town relax slow sing sing start singing swinging youre singing swingembed
30,1958,Dee Clark,Nobody But You,lyricsi want treats way doooo want ya hold hand tell lovin man want ohoohoohooh oohooh thats long captured heart love want awant ya want ohoohoohooh oohooh come arms tell share charms ooo care gonna love old way want nono hooooohoo hoohoohoo hoo fade falsetto dee oooh girl looooove youooo weeooo embed
34,1958,The Kingston Trio,Tom Dooley,tom dooley history songs written eternal triangle tells story mister grayson beautiful woman condemned man named tom dooley sun rises tomorrow tom dooley hang hang head tom dooley hang head hang head tom dooley poor boy youre bound die met mountain took life met mountain stabbed knife hang head tom dooley hang head hang head tom dooley poor boy youre bound die time tomorrow reckon ill hadnta grayson ida tennessee boy hang head tom dooley hang head hang head tom dooley poor boy youre bound die boy hang head tom dooley hang head hang head tom dooley poor boy youre bound die time tomorrow reckon ill lonesome valley hangin white oak tree hang head tom dooley hang head hang head tom dooley poor boy youre bound die boy hang head tom dooley hang head hang head tom dooley poor boy youre bound die poor boy youre bound die poor boy youre bound die poor boy youre bound dieembed
36,1958,The Four Preps,Big Man,big man lyricsi big man yesterday boy oughta talked big yesterday boy oughta bragged long love strong thered guy said whispered goodbye big man yesterday boy oughta said didnt need said didnt need boy oughta bragging words doubt half lifes walked half life left yesterday boy oughta forgive dear ill break vow broke yesterday boy oughta yesterday know true thing big big man yesterday boy oughta nowembed
37,1958,Little Richard,Baby Face,baby face hmm baby face youve got cutest little hmm baby face theres place hmm baby face start heart ajumpin sure started somethin hmm baby face heaven warm embrace didnt need shove fell love cute little little baby face hmm baby face youve got sweet little little baby face theres place hmm hmm baby face start heart ajumpin sure started somethin hmm baby face heaven warm embrace didnt need shove cause fell love cute little little baby face hmm baby face youve got sweet little little baby face heaven baby face hmm baby face sure started somethin start heart ajumpin hmm baby face heaven warm embrace didnt need shove cause fell love sweet little baby faceembed
38,1958,Nat King Cole,Looking Back,looking looking life caused strife know oh yes know id mistake looking deeds signs wise man heeds chance id mistake cup overflowing gave return begin tell lesson learned looking slate love turned hate know oh yes know id mistake againembed
40,1958,Elvis Presley,One Night,night night praying things plan dreams come true ill right want sweet helping hand loves strong hide lived quiet life wrong know life lonely long night praying things plan dreams come true lived quiet life wrong know life lonely long night praying things plan dreams come true2embed
42,1958,Jim Backus & Friend,Delicious!,delicious lyricsfriend ooh gonna fun jim yes f cozy table isnt j champagne dear hehheh f mmmmmm delicious haha j hehheh f mmmmmm delicious haha j heeheehee hehheh yes f mmmmmm delicious j hehheh want f mmmmmm delicious j knew youd heh heh ha f delicious j moreget waiter hehheh paper hat lampshade haha cork waiter waiter pouring nights new years eve waiter night gonna thish care loshe job gonna scooba dabba doo oh champagne hicembed
43,1958,Chuck Berry,Johnny B. Goode,johnny b goode deep louisiana close new orleans way woods evergreens stood log cabin earth wood lived country boy named johnny b goode learned read write play guitar ringing bell johnny johnny johnny johnny johnny b goode carry guitar gunny sack sit beneath tree railroad track oh engineers sitting shade strumming rhythm drivers people passing stop oh little country boy play johnny johnny johnny johnny johnny b goode mother told someday man leader big old band people coming miles hear play music sun maybe someday lights saying johnny b goode tonight johnny johnny oh johnny oh johnny johnny b goode26embed
44,1958,The Four Preps,Cinderella,cinderella lyricsby ignatiy vishnevetskyvishnevetsky mar 12 2015 1200 c cinderella director kenneth branagh runtime 112 minutes rating pg cast lily james cate blanchett richard madden stellan skarsgård nonso anozie helena bonham carter community grade 21 users b grade facebook twitter disqus 236 comments facebook twitter disqus lavish impersonal kenneth branaghs cinderella turns classic fairytale 19th century ruritanian romance complete fictional kingdoms behindthethrone intrigues scheming court advisor villain clothed colorful mishmash historical fashions scored sweeping strings movie antique cutcrystal vase gorgeous fragile stepsisters dress regency lollipops stepmother rocks highcollar edwardian getup envy green cinderella arrives ball looks worlds elegant quinceañera dress easy swept prettiness hard damn end minute stories european fairytale canon cinderellaspecifically charles perraults cendrillon version pumpkins glass slipperis thoroughly resists close reading hard fault branagh screenwriter chris weitz boy golden compass little expanding kind opulent wishfulfillment fantasy version prince richard madden meets orphaned ella lily james hunting introduces commoner happens work royal palace stages big ball order learn identity mystery dream girl prince marry exotic princesses hes promised grand duke stellan skarsgård whos interested forging alliances tiny culturally unspecific kingdom matters fairytale heart putting cinderella prince equal footing far seriously subverting material disney liveaction update animated property mutual deception angle little set birthdaymatineeready lesson true cinderella kids exkids heard times girl treated servant stepmother cate blanchett gets ball help fairy godmother helena bonham carter jolt kooky energy sleepy movie leaves marvelous looking glass slipper fit foot shot stately widescreen eccentric flourishes branaghs directorforhire work good presenting sets fulllength dresses cinderella essentially portfoliostyle showcase work dante ferretti sandy powell martin scorseses regular production designer costumer respectively packed ornate chandeliers candelabras brocaded hussar jackets lacquered folding screens garishly upholstered fainting couches shimmering fabrics color texture yetunlike duos work scorsese fruitful collaboration neil jordans interview vampireit tantalizes unifying vision stuffembed
45,1958,Fats Domino,Coquette,coquette lyricshear fooling little coquette making fun ones loves breakin hearts rulin little coquette true hearts tenderly dreaming someday youll fall love fell love maybe love foolin youre regrets know little coquette love someday youll fall love fell love maybe love foolin youre regrets know little coquette love youembed
46,1958,LaVern Baker,I Cried A Tear,cried tear lyricsi cried tear cried tear cried tear sigh love felt tear fall heart fooled wasnt smart believe come stay lets new start cried tear cried tear dreams come true tear tear youembed
51,1958,Perez Prado And His Orchestra,Patricia,patricia lyricskiss lips want patricia stroll patricia charms mambo chacha meringue patricia heaven thats youll shes youre arms japan brag geisha cares long uncle sam got patricia eyes starry sort gleam million dollar dream come true everybody wishes theyd steal heart away guess theres trying yes eyes starry sort gleam million dollar dream come true kiss lips want patricia stroll patricia charms japan brag geisha cares long uncle sam got patriciaembed
53,1958,Johnny Cash And The Tennessee Two,Guess Things Happen That Way,guess things happen way ask ill forget baby guess someday guess things happen way ask ill guess someway guess things happen way god gave girl lean heaven help man strength stand guess things happen way ask ill miss kisses guess everyday guess things happen way ask ill know guess things happen way god gave girl lean heaven help man strength stand guess things happen way1embed
54,1958,Johnny Cash And The Tennessee Two,Come In Stranger,come stranger said come stranger good home hurried knew saw dog wagging tail honey didnt let know mail youve gone long know youre weary miles sit right easy chair tell places youve long itll leave hope long long home fine ive watched ive waited missed time oh need youre gone walk floor watch door lie awake wonder id lonesome wont listen plea stay long love stranger me1embed
55,1958,Johnny Tillotson,Dreamy Eyes,dreamy eyes lyricsdreamy eyes youve got dreamy eyes away bluuue home feel realize love dreamy eyes eyes hold dream love love warm rare hope dream come true dream share dreamy eyes youve got dreamy eyes paradise dreamy eyes eyes hold dream love love warm rare hope dream come true dream share dreamy eyes youve got dreamy eyes paradise dreamy eyesembed
57,1958,The Playmates,Beep Beep,beep beep riding cadillac surprise little nash rambler following size guy mustve wanted pass kept tooting horn beep beep ill cadillac car scorn beep beep beep beep beep beep beep beep horn went beep beep beep beep beep pushed foot floor guy shake little nash rambler stayed right brake thought car guts kept tooting horn beep beep ill cadillac car scorn beep beep beep beep beep beep beep beep horn went beep beep beep beep beep car went passing gear took gust soon ninety mustve left dust peeked mirror car believe eyes little nash rambler right think guy fly beep beep beep beep beep beep beep beep horn went beep beep beep certainly race rambler pass caddy big disgrace guy mustve wanted pass kept tooting horn ill cadillac car scorn beep beep beep beep beep beep beep beep horn went beep beep beep fast rambler pulled going slow fellow rolled window yelled hear hey buddy car second gear beep beep beep beep beep beep1embed
58,1958,Paul Anka,Midnight,midnight lyricsmidnight lovers lets ispoon beneath moon silvry moon high midnight lovers lane kiss midnight hold hand drive sane youre burning heart tickle brain eyes blue lips red old hootie owl way tree taking peek care seeembed
60,1958,Jimmy Reed,Down In Virginia,virginia lyricsi went virginia honey green grass grows tried tell didnt want told baby honey stop doin wrong pack clothes bring fine self home shut girl know wrong know tired baby tired shut girl know doin wrong pack things bring fine self home went virginia honey green grass growsembed
62,1958,Ray Price,Invitation To The Blues,invitation blues sleep night walked floor know stand anymore lonely times lost received invitation blues know caused pain hope ill thanks sending use received invitation blues took laughter world thanks sun shine walk floor wore shoes received invitation blues know caused pain hope ill lonely know received invitation bluesembed
63,1958,James Brown And The Famous Flames,Try Me,try try try try try darling tell need try try try try love true oh need need hold hold hold hold want right hold hold hold hold love wont hide oh need need oh need need oh oh walk walk talk talk want stop heart crying walk walk talk talk love stops heart dying oh need need hoo hoo9embed
64,1958,The Four Preps,Lazy Summer Night,lazy summer night lyricsits lazy summer night theres moving thing sight quiet riot thicket mr crickets slowing lazy summer night inspiration point right fancy dreamin schemin relax run away town hey look cars theyre parked count stars guess known romance runs high weeks july lazy summer night tonight fireflies light way lovers lovers love lazy summer nightembed
65,1958,Fats Domino,Young School Girl,young school girl lyricshey little school girl wake sleepy head come little darling bed school bell ringing vacation time gone watching late calling calling judy telephone going swimming vacation time gone hey little school girl time awful short tardy bell catch hurry youll caught school bell ringing vacation time gone watching late onembed
66,1958,Kitty Wells,Jealousy,jealousy lyricsjealousy cure distrust hurts darling thats sure faith love set free driving crazy jealousy jealousy control suspicious heart controls life soul realize shame causing making feel fool jealousy jealous air breathe fool love ive deceived love oh youre wrecking life jealousy jealousy cureembed
67,1958,Ritchie Valens,Donna,donna oh donna oh donna oh donna oh donna girl donna left ive cause love girl donna youre gone left wander roam cause love girl donna darlin youre gone know ill time love girl donna left ive cause love girl donna oh donna oh donna oh donna oh donna ohembed
70,1958,Jill Corey,Big Daddy,eminems drops lyricsaaron hernandez abraham lincoln action bronson adam lambert adolf hitler adrian peterson afeni shakur akon albert desalvo alex rodriguez alfred hitchcock alyssa milano amanda bynes amy winehouse anderson cooper anderson paak anderson silva andré giant andré 3000 andrea yates andrew dice clay ann coulter anna nicole smith anthony hopkins anthony weiner ariana grande arnold schwarzenegger asher roth ashley olsen ayatollah khomeini az azealia banks breal barack obama ben roethlisberger ben stiller benzino beyoncé big daddy kane big l big sean clinton cosby oreilly billy squier birdman bizarre black bart blake fieldercivil blueface bob dylan bobby brown bobby heenan brandy brett favre brian baldinger brian dawkins britney spears brooke hogan bruce jenner bruce lee bruce springsteen bruce willis bubba sparxxx buckshot bushwick busta rhymes buster douglas byron leftwich cage canibus carrie underwood carson daly casey anthony cahis catherine bach chaka khan chandra levy charlamagne tha god charles bronson charles hamilton charles manson cher chiali chief keef chingy chris kirkpatrick christina aguilera christie brinkley christopher reeve chuck d chuck norris cindy crawford clay aiken clay matthews clint eastwood clive davis colin kaepernick common conway machine cool c coolio doc dakota fanning dale earnhardt danica patrick daniel pantaleo dante ross david son sam berkowitz david carradine david cook david hasselhoff dez bryant diamond d diddy dikembe mutumbo dirk diggler dj akademiks dj dj buttafingaz dj khalil dj muggs dj polo dj yella don magic juan donald trump donovan mcnabb dr dre drake druha dustin hoffman dylann roof dzhokhar tsarnaev earl sweatshirt eazye ed lover ed sheeran ed og edgar allan poe edward norton ellen degeneres elton john elvis presley eric b eric clapton evan bogart evander holyfield everlast evil dee eyekyu fabolous fat joe fergie fetty wap flavor flav floyd mayweather jr foxy brown frank ocean frank sinatra frank zappa fred durst freddie roach french montana future geazy gabrielle giffords gary condit genghis khan george clooney george w bush george zimmerman gianni versace gilbert arenas gloria steinem grand puba gwen stefani haloti ngata halsey harry carey havoc heath ledger heavy d heidi klum hillary clinton hopsin icet ice cube iggy azalea iggy pop ivanka trump j cole j dilla ja rule jack kevorkian jada pinkett smith jadakiss james conway james holmes jamie lee curtis janay rice janet jackson janet reno janice dickinson jayz jay electronica jay leno jenna jameson jennifer aniston jeff vanvonderen jeffrey dahmer jermaine dupri jerry mathers jessica alba jessica simpson jill scott jim brady joe budden jodi arias joell ortiz john elway john gotti john mayer john travolta john wayne gacy johnnie cochran johnny unitas jonbenet ramsey jose baez justin bieber justin ross harris justin timberlake ksolo kala brown kanye west kate hudson katy perry kathy griffin keanu reeves kehlani kellie pickler kellyanne conway kendrick lamar keha kevin federline kid cudi kid rock kim jongun kim kardashian king tee kool g rap kool keith kool moe dee kuniva kurt cobain kurupt kwame kilpatrick laci peterson ladanian tomlinson lady gaga lakim shabazz lamar odom lana del rey lance bass lebron james lil jon lil tay lil pump lil wayne lil xan lil yachty linda ronstadt lindsay lohan liz claiborne ll cool j lloyd banks lorena bobbitt logic lord jamar lou ferrigno lou rawls ludacris luis miguel lupe fiasco lynne cheney manny pacquiao marcus allen mariah carey marilyn manson marty schottenheimer mac miller machine gun kelly macklemore madonna magic johnson mark fuhrman marlon wayans marshmello marykate olsen masta ace mae mc ren mc shan meek mekhi phifer melman melania trump method man michael j fox michael jackson michael spinks michael vick michelle mike myers mike pence mike tyson mike madeit mischa barton mitch mcconnell moby molly qerim monica lewinsky mr porter muhammad ali nas natalee holloway nate dogg ndamukong suh nelly nf nicole brown simpson nicole scherzinger nick cannon nick lachey nicki minaj notorious big obie trice oj simpson ol dirty bastard oliver stone oprah winfrey osama bin laden ozzy osbourne pacewon pam grier pamela anderson pamela west patrick swayze paul wall paula abdul paulie malignaggi paul rosenberg penelope cruz pete nice pharoahe monch phife dawg phil collins philando castile pnk polow da don portia rossi prince prince fielder prodigy proof professor x overseer qtip queen latifah r kelly rachel dolezal raekwon rakim ray j ray rice redman rex ryan ric flair richard ramirez rick ross rick rubin riddick bowe rihanna rita ora robert blake robin thicke robin williams rock hudson rock master scott rodney dangerfield ronald goldman ronald reagan ronda rousey rosie odonnell royce da 59 rude jude russell simmons russell wilson saddam hussein sandra bland sarah palin scarlett johansson schoolboy q schoolly d selena gomez serena williams sharon tate simon cowell sir mixalot skam skylar grey slash slick rick sonny bono snoop dogg spoonie gee stacey dash stephanie mills stephen paddock stephon marbury steve bannon steven avery sue atkins sugar ray leonard suge knight swae lee swifty mcvay ti tara reid taylor swift tech n9ne ted bundy thirstin howl iii thyme tiffani thiessen tiger woods tim dog tipper gore tori spelling tom brady tom green tommy lee tommy lynn sells tony d tony stewart hort trayvon martin treach trina troy polamalu trugoy tupac shakur tyler creator vanilla ice verne troyer violent j vivica fox waka flocka flame westside gunn whitney houston wiz khalifa xzibit yelawolf young zee yung joc yz zach galifianakis 2 chainz 50 cent3embed
76,1958,Nat King Cole,Come Closer To Me (Acercate Mas),come closer acercate mas lyricscome closer heaven eyes come closer close paradise thrill kisses let learn bliss kiss kiss kiss life divine come closer dear hear music heart ive waited long hear song love start darling ill adore live life ask kiss whisper youll acercate mas y mas y mas pero mucho mas y besame asi asi asi como besas tu pero besa pronto porque estou sufriendo kiss kiss kiss life divine come closer dear hear music heart ive waited long hear song love start darling ill adore live life ask kiss whisper youll mineembed
77,1958,Tommy Edwards,Love Is All We Need,love need lyricslove love love love love need wont arms love love love need darling press heart love love tell cause thats want know tell youll lover cause want love need darling hold close love love love need dream come true love love need love love love tell cause thats want know tell youll lover cause want love need dream come true love love need love love love love love loveembed
79,1958,Neil Sedaka,The Diary,diary lyricswhoa oh id look little book lock key know boy care boy whos diary late night write oh id boy care boy whos diary recall note little things underline hoping darling love leave blue dreams come true know mean boy care boy whos diary whoa oh oh whoo whoo whoo whoo whoo whooembed
80,1958,Chuck Willis,My Life,life lyricsyou life worth living love love giving life wonderful life living sun shine brighter darkness lighter life wonderful life living head said love oh baby wish live million years love wedding bells worth ringing comes bride worth singing life wonderful life living loving baby thats desire come darling life wonderful life livingembed
82,1958,The Rivieras,Count Every Star,count star lyricswell count doo wop doobie doo star count star midnight sky count rose firefly thats times miss heaven knows miss count leaf willow tree count wave stormy sea count star darling youll know times cried count star starry sky count rose firefly thats times miss heaven knows miss count leaf willow tree run wave doobie doo y sea count star darling youll know times cried ah ah ah ah ah ah ahembed
83,1958,The Platters,I Wish,wish lyricsi wish wish wish wish wish wish wish wish wish smile wish happy wish despair life sweet affair wish love bring happiness joy cling things gives lovers wings things wish chorus wish finding sunshine hiding misery wish someday love start heart heart happy things wish wondrous things dreams knew living loving things lovers come true wishes repeat entire chorusembed
84,1958,Johnny Cash And The Tennessee Two,The Ways Of A Woman In Love,ways woman love lyricsyouve cut dancing friends come pick hardly head clouds youve got ways woman love walked house tonight hoped guy whos got spin wish guy know dreaming youve got ways woman love night ive stayed awake cried youll know hurt foolish pride recall kisses times held tight come youre sitting light missing things dreamed youve got ways woman love night ive stayed awake cried youve got ways woman loveembed
85,1958,Don Gibson,Give Myself A Party,party ive got lot memories rest life want love baby thatll right gonna lovin gonna loneliness sit right blues gonna party serve old memories party think remember happiness knew gonna party blues love letters photograph gift gave birthday words love theres lots things think youre happy feeling blue gonna loneliness sit right blues gonna party serve old memories party think remember happiness knew gonna party bluesembed
87,1958,Jackie Wilson,Lonely Teardrops,lonely teardrops lyricsshooby doo wop ba baa hey hey shooby doo wop ba baa hey hey shooby doo wop ba baa hey hey heart cryin cryin lonely teardrops pillows dry lonely teardrops come home come home hey hey heart cryin cryin lonely teardrops pillows dry lonely teardrops come home come home hey hey chance romance come tell day youll return cause everyday youve gone away youll know heart burn crying lonely teardrops pillows dry lonely teardrops come home come home hey hey right baby come come darling yeah will1embed
88,1958,Jack Scott,With Your Love,love lyricswith love guide wrong doo doo doo doo sent cause meant know youll real destiny touch soft hands kiss sweet lips meet fingertips love know therell love happiness eternally love love guide wrong love love loveembed
89,1958,Ricky Nelson,Lonesome Town,lonesome town theres place lovers troubles away lonesome town broken hearts stay buy dream years price pay heart tears goin lonesome town broken hearts stay goin lonesome town troubles away town broken dreams streets filled regret maybe lonesome town learn forget forget maybe lonesome town learn forget lonesome town16embed
91,1958,Johnny Mathis,A Certain Smile,certain smile lyricsa certain smile certain face lead unsuspecting heart merry chase afleeting glance lovely things suddenly know heart sings love awhile love goes try hide tears inside cheerful pose hush night exactly bitter sweet refrain comes certain smile haunt heart againembed
92,1958,Billy Grammer,Gotta Travel On,gotta travel lyricsive laid played old town long summers gone yes winters comin ive laid played old town long feel gotta travel poppa writes johnny johnny come home johnny come home johnny come home poppa writes johnny johnny come home cause hes chain gang long ive laid played old town long summers gone yes winters comin ive laid played old town long feel gotta travel high sheriff police riding riding yes coming high sheriff police coming fee gotta travel ive laid played old town long summers gone yes winters comin ive laid played old town long feel gotta travel want honey want bad want bad oh want bad want honey want bad shes best girl poor boy ive laid played old town long summers gone yes winters comin ive laid played old town long feel gotta travel onembed
93,1958,The Drifters,Moonlight Bay,moonlight bay lyricswe sailin moonlight bay hear voices ringing stolen heart away sang loves old sweet song moonlight bay sailin moonlight bay hear voices ringing stolen heart away sang loves old sweet song moonlight bay sailin moonlight bay hear voices ringing stolen heart away sang loves old sweet song moonlight bay moonlight bayembed
95,1958,Paul Anka,Just Young,young lyricswhen walking home holding hands way theyll young young picture bureau kiss day theyll young young young young isnt way feel hearts hearts tell love real love real til time understand secretly smile way young young theyll young young young young isnt way feel hearts hearts tell love real love real til time understand secretly smile way young young young young young youngembed
97,1958,Kalin Twins,When,lyricswhen smile smile know love kiss kiss right want good night need want near love yes hope hear know fine oh baby need want near love yes hope hear smile smile know love kiss kiss right want good night need want near love yes hope hear know fine mineembed
98,1958,Jackie Wilson,To Be Loved,loved lyricssomeone care share lonely hours moments despair loved loved oh feeling loved kiss miss youre away hear day loved loved oh feeling loved wish king queen wish fortune fame truly truly truly loved things oh oh kiss miss youre away hear day loved loved loved oh feeling loved loved loved oh feeling lovedembed
105,1958,Jack Scott,Save My Soul,save soul lyricsgoing river john going ask save soul going river john going ask save soul going knees gonna freeze going river save soul moses opened waters let people moses opened waters let people windy day bearly drown waters came dummlin came rive save soul save soul save soul save soul save soul came river yaaa save soul save soul listen brother henry listen forget jezabelle come come come river knees ask lord save souls save save soul save soul save soul save soul came river yaaa save soul save soul save soul save soul save soul save soulembed
106,1958,Chuck Berry,Run Rudolph Run,run rudolph run reindeers know youre mastermind run run rudolph randolph aint far run run rudolph santas got town santa hurry tell freeway run run rudolph cause reeling merrygoround said santa boy child longing want christmas rock roll electric guitar away went rudolph whizzing shooting star run run rudolph santa town santa hurry tell freeway run run rudolph reeling merrygoround run run rudolph santas got town santa hurry tell freeway run run rudolph reeling merrygoround said santa girl child little baby doll sleep drink wet away went rudolph whizzing saber jet run run rudolph santas got town santa hurry tell freeway run run rudolph reeling merrygoroundembed
