,Year,Artist,song_name,further_clean_text
107,1959,Pat Boone,For A Penny,penny lyricsdarling darling darling sell heart penny cause worthless oh oh oh arms hold thats use sell arms penny hold words world crumble fall satisfied oh oh darling darling darling swear penny penny penny id love id loveembed
108,1959,Preston Epps,Bongo Rock,bongo rock lyricspd musik preston epps 1959 pd pd 1959 ht14 pd pd pd pd1embed
110,1959,Jack Scott,I Never Felt Like This,felt lyricswell bless soul cause ahappened girl big blue eyes little kiss aheaven abliss felt face got red started sweat chills spine little kiss aheaven abliss felt stood petrified got electrified pressed lips packed clothes hit trail good golly baby shes aright tail worry feel sorry cause knew missed little kiss aheaven abliss felt solid night moon big bright wanted took arms sat knee knew little baby ameant oh worry feel sorry cause knew missed little kiss aheaven abliss felt cause felt cause felt cause felt thisembed
111,1959,Elvis Presley,One Night,night night praying things plan dreams come true ill right want sweet helping hand loves strong hide lived quiet life wrong know life lonely long night praying things plan dreams come true lived quiet life wrong know life lonely long night praying things plan dreams come true2embed
115,1959,Dee Clark,Hey Little Girl,hey little girl lyricshey little girl high school sweater gee id know better ajust aswingin yo books chewin gum alookin juicey plum hey heyhey heyhey hey hey little girl hey little girl black silk stockins gee youve got heart arockin awearin crazy skintight skirt crazy ivy league shirt hey hey hey hey hey oh little girl hey little girl come carry books ahold arm hopin tell yes youre girl love best hey heyheyhey instrumental aheyhey umhm umhm yaya yaya yaya yaya yaya yaya yaya yaya ya uuhhuh hey little girl high school sweater gee hope youre feelin better time member closed door hey heyhey heyhey hey little girl hey alittle girl aheyhey alittle girl mmm mmmhmhm mmmhmhm mmmhmhm yeah goin tyour house fades yayaya yayaya yayaya yayaya yayadada embed
117,1959,Jack Scott,Goodbye Baby,goodbye baby lyricsooh bye bye ooh bye bye goodbye baby bye bye goodbye baby bye bye goodbye baby bye bye gonna leave goodbye baby bye bye goodbye baby bye bye goodbye baby bye bye johnnys going away wrong pretty baby bye bye oh wrong pretty baby bye bye yes wrong pretty baby bye bye oh goodbye baby baby bye bye goodbye baby baby bye bye goodbye baby baby bye bye gonna leave baby bye bye baby bye bye baby bye bye baby bye bye baby bye bye baby bye bye baby bye bye baby bye bye oh goodbye baby bye bye goodbye baby bye bye goodbye baby bye bye johnnys going away hand pretty baby bye bye time pretty baby bye bye hand pretty baby bye bye hope youll understand oh oh goodbye bayhey hey hey goodbye bayhey hey hey ooh bye bye ooh bye byeembed
118,1959,Frankie Avalon,Bobby Sox To Stockings,bobby sox stockings lyricswhen girl changes bobby sox stockings starts trading baby toys boys onceshy little sleepyhead learns love lilt bet change cotton silk miss wants kissed instead cuddled doubt girl changes bobby sox stockings shes old heart away girl changes bobby sox stockings starts trading baby toys boys onceshy little sleepyhead learns love lilt bet change cotton silk miss wants kissed instead cuddled doubt girl changes bobby sox stockings shes old heart away yes shes old heart awayembed
119,1959,Johnny And The Hurricanes,Crossfire,april 2021 singles release calendar lyrics41 bts film chloe moriondo eat boys danny elfman kick zach hill remix dayglow woah man jacquees trackstar quemix keith ape want peace keith ape kody lavigne okay kuru skytearer ft blackwinterwells lil gotit toosie litany oscar scheller playlist mat kearney mol スウキ ベイビー olivia rodrigo deja vu oscar wolf james ozuna ovi envidioso shotgun willy yung craka respected man st vincent melting sun voidz eternal tao 20 yvngxchris april fools 42 27club therapy 42 dugg roddy ricch 4 da gang amber van day ilira tears bailey bryan temporary benny butcher ransom spineless brockhampton count cal water cami petyn tired chiiild mahalia awake cmten music box desiigner don diablo eyes closed dove cameron lazybaby dro kenji superstar freddie gibbs big boss rabbit fredo bang click futuristic michael minelli bad decisions fxxxxy yeah kool ft lil uzi vert glades limbo haerts iggy azalea brazil iggy azalea tyga sip ina wroldsen matters jehry robinson face ft tech n9ne jutes delete number kenny mason rih kevin gates blood freestyle lil gnar ft lil skies locateemilio crash malia civetz anybody mo3 mob ft foogiano morgxn porcelain muwop king von nervo pickle ft paris hilton tinie tempah dice peter griffin nut dookie ft yung craka olivia holt love pierre bourne 4u rei ami thats rochelle jordan saweetie best friend jamie chanmina remix ft chanmina jamie doja cat shy glizzy savage ridiculous snoop dogg roaches ashtray ft prohoezak sunni colón provide steele 11 rio leyva switch tana rose feel rush tommy cash zuccenberg ft diplo uicideboy tom odell monster vol 2 traqula billy marchiafava mol waste time xan griffin young ma successful yungeen ace opp boyz zolita bedspell remix ft kailee morgue 43 staysolidrocky tragic 44 kodak black easter miami since99 basednas weyes blood titanic risen 46 bebe rexha sacrifice niiko x swae remix billie marten creature chanyeol tomorrow holly humberstone haunted house lil tecca rostam changephobia sinead obrien kid stuff steve aoki kiiara acoustic ft rob thomas sufjan stevens meditation v texas mr haze tierra whack link 47 anderson east madelyn belly iykyk belly money table ft benny butcher franc moody big cheese grae spinning gus dapperton palms remix ft channel tres lydia ainsworth sparkles debris m24 plugged freestyle mae muller gone niziu picture poppin shakin united fiesta oston think leave overcoats hardest ft tennis paul mccartney ed obrien slidin eob remix renforshort exception rick astley unwanted róisín murphy assimilation slenderbodies heartbeat taylor swift mr perfectly fine taylors version tonnes got tkay maidza syrup tommy ice okay ft 637godwin pilots shy away xanman goosebumps yung mal belaire 48 whipski ft lil skies internet money alice merton vertigo ary hurt ft emilie nicolas ashe fine boyband fooly cooly brandon kai dolce casanova outside ft quavo deno lingo ft ji prince ny chunkz dounia lavender el alfa cj chael la mamá la mamá ft el cherry scom gatlin love good times ahead good icewear vezzo sco ft lil durk j balvin khalid otra noche sin ti juanes el amor después del amor kida kudz animalistic kirby boyz ii men lil eazzyy hunnid better ft bizzy banks london grammar america monsters men destroyer pouya leave prince welcome 2 america queen naija ari lennox set sematary crucifixion sl m1llionz versus sofi la torre y duele remix ft pablo alborán sypski remix ft landon cube raspy tate228 jive tyler shaw north star years years starstruck zoey dollaz broad day light 49 2kbaby ohio river achal tappdn ag cook beautiful superstar easyfun remix aj mitchell stop ak games aly aj symptom touch armin van buuren weight world ft rbvln armon trey blame ft lil tjay bebe rexha sacrifice gorgon city remix bigkaybeezy walk ft pooh shiesty bladee mechatok grace salem remix centimillimental 青春の演舞 charlotte cardin sad girl col3trane whatchumacallit conway machine blood roses ft jae skeese cupcakke mickey dmx bootsy collins steve howe x moves ft ian paice doja cat kiss ft sza flight btfu florrie walk away forest blakk love remix ft meghan trainor gabrielle det urolige hjertet global azn overdrive gorillaz gorillaz gorillaz 20 mix gracey billen ted got covered gwen stefani saweetie slow clap remix imanbek sean paul sofía reyes dancing dangerous illenium iann dior time feldt remix isac elliot roommates james vincent mcmorrow waiting joey trap professional jordan knows thekidszn brandon thakidd wrong jutes hummingbird kat cunning good kyleyoumadethat cake ft kaash paige coi leray saturn think ill alright lilbubblegum billie eilish ft ciscaux llusion salem ilese yoga majid jordan waves blue matt ox distorted matthew tuck 916frosty ft global azn midnight kids time ft yueku money mu problem ft pooh shiesty nathan dawe annemarie mostack way long night lovell olivia obrien sociopath peter rosenberg westside gunn stain polo g rapstar ppcocaine level prax tom riddle ethanol tom riddle remix ft 916frosty quinn lewis love r3hab andy grammer closer ragnbone man pnk away ritt momney claud set table scarlxrd dxing shaed osaka shy martin remember slayyyter cowboys sonder jorja smith spotemgottem nle choppa beat box 4 surf jack box surfaces wave tim mcgraw god moves pen trippie redd sos lo honorable flex ft chris king veronica fusaro fool westsidejhitt whateva takez ft quin nfn yrn murk ft offset zillakami lil uzi vert badass 410 bexey montero lil nas x freestyle dave mercury dave titanium united fiesta yung dastard 2much remix ft yvngxchris 411 mace syre shadowed glass ft 916frosty 412 miles wesley mary jane interlude 413 carlos vives ricky martin canción bonita easy life skeletons erika casier polite fickle friends cosmic coming age greentea peng kali v2 guwop reign forgot ider cross lucy dacus hot heavy maple glider swimming mick jagger eazy sleazy ft dave grohl orla gartland zombie qveen herby juice royal blood boilermaker thomas rhett country tommy newport earthgang stargazer 414 baby queen dover beach babyjake fit shoes charli adams cheer captain conway machine scatter brain ft jid ludacris dawn richard mornin streetlights dizzy bird drapes ft luna li emotional oranges becky g miami exit kid munny girl red stupid bitch imelda diamonds inugami korone saikyo tensai wanderful world korone jacquees parties quemix ft erica banks james vickery hourglass kirinji saikai kučka eternity laurel youre liz phair spanish doors marina purge poison missio losing mind stripped moneybagg yo ft big30 oscar lang stuck ralph tommy real lies late arcades rina sawayama elton john chosen family remix sinéad harnett hard 4 2 love tirzah send token dentures unlike pluto fallen parachutes 415 anaiis juno ashley kutcher baker grace feel cautious clay karma friends charlotte oc bad bitch charlotte oc forest coin feels daine boys wanna txt ft ericdoa gaspard augé force majeure jawny best thing julia michaels love weird julian lamadrid 15 minutes keyon christ black skin machine niko walters neighbour remix ft kiana ledé tawobi lord trippy ethereal face black keys crawling kingsnake coral vacancy vérité 416 1nonly ft ciscaux savage gap uicideboy new profile pic alanis morissette miss band monday hailey beebs amy shark amy shark andra day phone dies annika wells love sucks ashley monroe groove aviva unbreakable big krit pick pace beach bunny tegan sara cloud 9 bebe rexha sabotage benjamin francis leftwich oh god biig piig lavender billy marchiafava good feelin ft mc virgins bino rideaux incredible ft drakeo ruler birdy second hand news carolesdaughter trailer trash charlie collins fuck chet faker tomorrow citizen queen y clean bandit higher vize remix ft iann dior conor maynard crowded room crape screaming valley ft 916frosty cupcakke mosh pit daddex freezing damien styles condom song ft sueco dappy wounds depresno tokyo dj chose fredo bang h2o dodie kissed wasnt dua saleh signs eloise intertwined eric church heart est gee lick fcg heem shinin feder upsahl let drums fivio foreign self george cosby lost georgia twinn matty healy godfather harlem war ft swizz beatz dmx french montana godfather harlem prince hakeem ft ade india shawn grace vanderwaal repeat hey violet problems holy holy iann dior wanna believe iann dior trippie redd shots dark idk offset shoot shot iluka mess ft lime cordiale isle fallback josie man little space jutes careful wish k camp life changed ft pnb rock kayzo sullivan king papa roach domination khalil think killy trust kwaye runaway kygo gone days ft james gillespie leah nobel ones saturn neverending road lil kee fake shit ft 42 dugg lil poppa flights ft toosii lil west west lord huron long lost loveleo blackwinterwells buzzcut lucki lifestylebrazy lucki joke lxandra sabotage maia wright break heart matilda nervous matilda mann doomsday matt ox psycho methyl ethel neon cheap die akeos skream lol ok olivia dean boyfriend redman 80 barz regard troye sivan tate mcrae renni rucci talk rhys lewis seasons ruth b situation sabina ddumba swishers san mei sleep shakka goldlink solo shungudzo white parents smallpools neffex answer snoop dogg witcha booty ft prohoezak steele 11 rio leyva red hillz stella donnelly feel steve aoki farruko aire sueco sos ft travis barker sypski awkward public break bank tee grizzley g herbo bend fold darcys swerve struts paris jackson low key love world famous tony williams wale everybody knows thomston magnolia ft zeph toosii cost twin shadow alemania xan griffin let yn jay drunk yun head wasting time yung trench rain zachary knowles dancing kitchen 418 bugzy malone salvador calboy night long 419 azealia banks nirvana chvrches said said egovert step scene freestyle jorja smith gone lil darkie usa ft eddison lil yachty cortex maluma rumba puro oro anthem tuxx contaminate villagers day zoe wees ghost 420 angel olsen alive dying waving smiling cj fly medicine eliza shaddad heaven ghastly og iggy azalea gloria groove brazil remix natti natasha becky g ram pam pam smoke dza regrets ft dom kennedy twice kura kura wolf alice smile 421 ashe older deb sorry gorgon city tell true kota friend outside lil gotit burnt n turnt ft nav lil loaded bag talk little simz introvert mellah easy breezy morcheeba killed love morray trenches pacman da gunman icewear vezzo ryster bad girls club sports team happy gods country tora wont wait weezer need yung mal 15 way way 422 amy allen avelino demons delta goodrem friends dutchavelli circle endz hanne mjøen hell john grant rhetorical figure renni rucci kevin gates russ millions tion wayne body remix lil peppa lil grillz nword shaybo broke boyz ft dreamdoll tobishyboy jagged edge ft m1llionz unknown t yg mozzy bompton oak park yola diamond studded shoes 423 3oh3 lights low 3oh3 waste aly aj need amber mark worth anthony russo avian grays crying bout azizi gibson xu ben platt imagine bj chicago kid pj morton kenyon dixon bring home blake shelton bible verses brandyn burnette addicted brett young cash cash ride die ft phoebe ryan chelsea collins hotel bed ft swae lee chris lane boots ciscaux egovert body burning house inside trying cochise sanji crowder milk honey d savage lockd elliot lee rubies elyotto sugarcrash remix ft curtis waters kim petras fivio foreign unruly flora cash soul mate funkmaster flex cj know godfather harlem forgot streets ft brillo badda td melvoni greyson chance hellboy come ft chris brown hamzaa ft miraa henri purnell way home ft joe cleere iris lose mind jagwar twin jess connelly risk jessia pretty remix ft bebe rexha jessie murph look whos cryin joey trap trappin aint unfair jordan mcgraw jutes california kflay letter words katy perry luísa sonza bruno martini later remix key savage landstrip chip millie lightly wraith lauren aquilina knife lexi jayde running place lil he77 falling luvv saturn view lion babe frida kahlo luh kel f love maj peach crush ft thehxliday matt cooper aint met max jury highway song max leone untitled melvoni money ft ddg tyla yaweh nardo wick shhh nessly mythbusters patrick droney talk push baby talk q care r3hab luis fonsi sean paul pues reba mcentire rebecca black personal rezz deadmau5 hypnocurrency rich kid richard mille patek roman alexander remix ft ashley cooke salem ilese breakup sara kays backseat rider sarah klang love cruel sasha sloan ft sam hunt scarlxrd mxrbid shift k3y tinashe love line skott tired ft shylde sleepwalkrs goodnight ft jp cooper sol jay ditto sosmula criminal spotemgottem beat box 5 ft polo g starboi3 dick ft doja cat teddy swims bed alchemist nobles ft earl sweatshirt navy blue chemical brothers darkness fear hunna bad place thehxliday wit dat ft polo g veronicas life party ft allday weeknd ariana grande save tears remix thouxanbanfauni eva shaw chxpo diamonds tom odell numb remix ft zaia torine problems 123456 transviolet clean laundry ft dreamers unperfect pt 1 abstract gonna lose ft lilbubblegum whethan warning signs ft kevin george winona oak old insecurities wonder mol sno ybn nahmir opp stoppa remix ft lil eazzyy youngboy broke territorial ysn flow ft doe boy yung tory fake love 424 bexey gargoyle smokepurpp mob rockit gaming 426 eddison 4u rmx ft lil darkie united baila shelley fka dram summer walker pride aside snow tha product starset infected young daniel 427 faye webster cheers hunny xbox luvr kali bitch remix ft rico nasty league legends foreign air starts right ft kenny mason lil baby megan thee stallion remix molly burch control mykki blanco love ft jamila woods jay cue phoebe green idk self esteem time vistas stuck head willow t r n s p r e n t s o u l ft travis barker 428 adam melchor light year ft lennon stella allday stolen cars bladee mechatok drama remix ft charli xcx karizma vacuum boy chiiild gone cloves nightmare garbage gods masters half waif swimmer jackboy protecting energy jessie ware lights sally sossa right wrongs remix ft toosii spill tab anybody zhu arctic lake 429 allblack geazy e40 10 toes billie eilish power burna boy kilometre contradash 222pm frvrfriday priceless gavin turek slide ft black party ghostface600 paper planes inna oh god lil skies baby ft zhavia ward machine gun kelly love race ft kellin quinn noel gallaghers high flying birds way stand atlantic deathwish ft nothingnowhere beaches lets tini maría becerra miénteme 430 21 savage spiral boogie wit da hoodie track star remix ft mooski afrojack david guetta hero alan jackson heart alec benjamin way felt alfie templeman day ft april amber liu vegas anitta girl rio ayelle options babii driift baby keem travis scott durag activity bbno diamond pistols help remix ft benee bebe rexha die man ft lil uzi vert bow anderson hate fell love brynn cartelli brynn elliott letter girl bvdlvd whats chord overstreet stone man chris lane summer job money daniyel somebody daya montana depresno nordnes digital farm animals night ft harlee diplo ft andhim elderbrook elley duhé kids night emlyn change empress breath finn askew cherry bomb frvrfriday okay ft vory godfather harlem bark bite ft rick ross cruel youth gucci mane shit crazy ft big30 hayley kiyoko friends hook n sling galantis karen harding best hunnav 916frosty robbery ft jxve illenium iann dior time kayzo remix ina wroldsen fires jamie miller heres perfect jayxander stuck burbs josh anxious ft guccihighwaters joy oladokun sorry isnt good joyner lucas lil baby ramen oj junes diary maniac justine skye rema twisted fantasy jutes fvck boyfriend kara marni twisted fantasy kings convenience rocky trail kriss kross amsterdam shaggy conor maynard early morning kuttemreese statements ft lil durk kyle dion purr ft kari faux kyleyoumadethat happy ft yb redencion joseph black ybn nahmir lauren jauregui temporary lbs keevin thats life ft omb peezy saturn mirror reflection lil boom rocket power lil west date star lily rose overnight sensation little mix confetti remix ft saweetie lord huron lied ft allison ponthier lou elliotte happy louis child r z o n loveleo tung tied ft rico nasty mags mat kearney marc e bassy atmosphere marc e bassy zone maverick way ft 916frosty meek lemon pepper freestyle mereba rider mitch james somebody mob rich fall neffex ok nightly loverloner nle choppa final warning nocap purpose obn jay green beam olivia rodrigo joshua bassett best parson james jojo dirty laundry picture la house party pnb rock need somebody pressa attachments remix ft coi leray projexx bigga league ft bakersteez quadeca soul train quincy yo azz ragnbone man crossfire rhys riley clemmons sarah close trust scarlet pleasure somebody scarlxrd hate shaed dizzy sidepiece acrobatic shotgun willy yung craka mexico snøw spilled coffee ft rxseboy jack cullen sophia messa breakfast bed ft avenue beat sorry x listerine ft 916frosty crape sypski lostboykuri spice deh ft sean paul shaggy steve aoki jungleboi rubble gold ft sam calver woozy kenny surf autopsy taylor bennett come alive ft thehxliday aces freak band camino sorry mom jungle giants treat right kid laroi remix ft miley cyrus marías hush tina arena church pilots choker vedo ft jacquees warpaint lilys wiktoria need know wrabel good yung baby tate eenie meenie yung bae woman moon ft upsahl1embed
122,1959,Marv Johnson,You Got What It Takes,got takes drive big fine car look movie star money wont far baby got takes yeah yeah satisfy yeah yeah got takes set soul whoa oh oh oh oh yeah got takes live beautiful place dress best taste nature didnt beautiful face baby got takes yeah yeah satisfy got takes set soul whoa oh oh oh oh yeah got takes youre near oohwee head goes kiss oh yeah love comes tumblin send live beautiful place dress best taste nature didnt beautiful face baby got takes yeah yeah satisfy yeah yeah got takes set soul whoa oh oh awhoa oh oh got takes youre near little girl head goes kiss oh yeah love comes tumblin send live beautiful place dress best taste nature didnt beautiful face baby got takes yeah yeah satisfy yeah yeah got takes set soul whoa oh oh oh oh yeah got takes oh yeah got takes need money baby need car come know gota takes meembed
123,1959,Jane Morgan,Happy Anniversary,happy anniversary lyricsheres heres heres happy anniversary heres days gone oh heres happy anniversary way day long time ill heres heres heres happy anniversary way day long time ill heres heres heres happy anniversary1embed
126,1959,Dodie Stevens,Pink Shoe Laces,pink shoe laces lyricsnow ive got guy dooley hes guy love truly hes good lookin heaven knows wild crazy clothes wears tan shoes pink shoelaces polka dot vest man oh man tan shoes pink shoelaces big panama purple hat band oohooh ooh ooh oohooh ooh ooh takes deepsea fishing submarine got drivein movies limousine hes got whirlybirdy 12foot yacht ah thatsa hes got hes got tan shoes pink shoelaces polka dot vest man oh man tan shoes pink shoelaces big panama purple hat band dooley feelin goin war went enlisted fightin corps landed brig raisin storm tried em uniform wanted tan shoes pink shoelaces polka dot vest man oh man wanted tan shoes pink shoelaces big panama purple hat band oohooh ooh ooh oohooh ooh ooh day dooley started feelin sick decided better quick said angels come carry want writin bury awearin tan shoes pink shoelaces polka dot vest man oh man tan shoes pink shoelaces big panama purple hat band oohooh ooh ooh oohooh ooh ooh oohooh ooh ooh big panama purple hat bandembed
127,1959,Connie Francis,Frankie,frankie lyricsspoken frankie love youve new love miss forget youll know frankie darling ill let sweetheart friend loved pretend frankie darling ill let oh frankie id hide teardrops deep inside crying youll id pity nights lonely went away ill secret deep heart frankie darling ill let spoken frankie love you1embed
128,1959,Kitty Kallen,If I Give My Heart To You,heart lyricsif heart handle care treat tenderly way fair heart love swear youll true light shines sigh sad smile glad tonight think sure answer til promise things ill givе heart sigh sad smilе glad tonight think sure answer til promise things ill heart youembed
129,1959,Ray Peterson,Goodnight My Love (Pleasant Dreams),goodnight love pleasant dreams lyricsgoodnight love pleasant dreams sleep tight love tomorrow sunny bright bring closer remember need love grow cold awake night fear ill know care love dear goodnight love pleasant dreams sleep tight love tomorrow sunny bright bring closer remember need love grow cold love goodnightembed
130,1959,Ricky Nelson,Sweeter Than You,sweeter lyricsi loved sweeter belong sweeter stand ill long desire loving eternally love mean love forever ill true long live life loved sweeter belong sweeter you3embed
131,1959,Conway Twitty,Lonely Blue Boy,lonely blue boy lyricsmy trouble woe trouble heartache know yeah lonely lonely blue boy life heart torn raining night born yeah lonely lonely blue boy afraid tomorrow tired tired today love answer love came way writing letter unknown youre lonely lonely blue boy remember lonely lonely blue boy nameembed
134,1959,Perry Como,I Know,know know know oh yes know know means lost dark know means tossed storm walked heart stone despair heavy tears caught heart taught heart forget doubts fear know joy love head high face sky know heaven know die live know know know know embed
135,1959,Ricky Nelson,Lonesome Town,lonesome town theres place lovers troubles away lonesome town broken hearts stay buy dream years price pay heart tears goin lonesome town broken hearts stay goin lonesome town troubles away town broken dreams streets filled regret maybe lonesome town learn forget forget maybe lonesome town learn forget lonesome town16embed
136,1959,Della Reese,Not One Minute More,minute lyricsnot minute della reese robertsonblairdinning ill love long sea rolls endlessly shore ill love til minute ill love til theres night sun sun gives light gonna love til minute heart soul ill possess ill confess ill love long beat beat heart repeat ill love til minute know love til minute personal use research onlyembed
138,1959,Nat King Cole,Midnight Flyer,midnight flyer lyricsmidnight flyer la midnight flyer la therell lot kissing jump santa fe midnight flyer roll track midnight flyer roll track quicker sooner ill pocket money heart pain wont midnight flyer la midnight flyer la therell lot loving jump santa fe pocket money heart pain wont got lot dust dancing shoes ive got lot loving havent midnight flyer midnight flyer way midnight flyer way midnight flyer wayembed
140,1959,James Brown And The Famous Flames,Try Me,try try try try try darling tell need try try try try love true oh need need hold hold hold hold want right hold hold hold hold love wont hide oh need need oh need need oh oh walk walk talk talk want stop heart crying walk walk talk talk love stops heart dying oh need need hoo hoo9embed
141,1959,The Diamonds,She Say (Oom Dooby Doom),oom dooby doom lyricsshe oom dooby doom dooby doom dooby dooby doom dooby doom dooby doom dooby dooby doom dooby doom dooby doom dooby dooby doom doom doom oom dooby doom dooby doom dooby dooby doom dooby doom dooby doom dooby dooby doom dooby doom dooby doom dooby dooby doom doom doom boom boom boom rock rock roll roll stroll stroll doin wants shes captain soul oom dooby doom dooby doom dooby dooby doom dooby doom dooby doom dooby dooby doom dooby doom dooby doom dooby dooby doom doom doom boom boom boom hip hip hop hop pop pop doin wants cause shes pop oom dooby doom dooby doom dooby dooby doom dooby doom dooby doom dooby dooby doom dooby doom dooby doom dooby dooby doom doom doom boom boom boom groove groove bowl bowl doin wants cause having ball oom dooby doom dooby doom dooby dooby doom dooby doom dooby doom dooby dooby doom dooby doom dooby doom dooby dooby doom doom doom oom dooby doom dooby doom dooby dooby doom dooby doom dooby doom dooby dooby doom dooby doom dooby doom dooby dooby doom doom doom2embed
143,1959,Sam Cooke,Only Sixteen,sixteen lyricsshe sixteen sixteen loved young fall love young know wed laugh wed sing little things heart glow young fall love young know heart fast happen mere lad sixteen ive aged year sixteen sixteen eyes glow young fall love young know heart fast boy happen mere lad sixteen ive aged year sixteen sixteen eyes glow young fall love young know young fall love young know1embed
144,1959,Bob McFadden And Dor,The Mummy,mummy mummy scare people watch happens walk somebody mummy born thousand fiftynine years ago daddy mummy watch happens walk somebody mummy try scare people came life buy copy kookie kookie lend comb people run watch happens walk somebody mummy wish somebody wasnt afraid oh watch happens walk somebody mummy thats cool mummy mean youre mother mummy beatnik people afraid yeah hip born thousand fiftynine years ago oh yeah thats long gig buy copy kookie kookie lend comb oooh man dig trash know brubeck shearing modern jazz quartet mummy man got warped groove arent afraid arent gonna scream oh yeah help embed
145,1959,Jesse Belvin,Guess Who,guess lyricssomeone loves guess guess cares guess guess open heart surely youll cares weeps eternally guess wants love desperately guess open heart surely youll cares loves guess cares guess guess open heart surely youll cares meembed
146,1959,Anita Bryant,Six Boys And Seven Girls,boys seven girls lyricsthere boys seven girls boys seven girls boys seven girls sweet sixteen affair couples danced wanted cause werent boys seven girls dreamy friendly scene lights low kissing know played record machine darling night hunger arms hold tight boys seven girls boys seven girls sweet sixteen affair left looked werent thereembed
147,1959,Frankie Avalon,Just Ask Your Heart,ask heart lyricsjust ask heart dreams ask heart whos faithful true cares wont blue ask heart loves true love cares wants happy heart loves says wont blue ask heart love true ask heartloves true love cares wants happy heart loves says wont blue ask heart love true ask heartloves ask heartloves youembed
150,1959,Joni James,There Must Be A Way,way lyricsthere way help forget way stop dreamin star skies isnt reflecting eyes know disguise miss song doesnt remind kiss thatll thrill look way happy happy somebody new oh way way song doesnt remind yes kiss thatll thrill look way happy happy somebody new oh way way youembed
151,1959,The Revels,Midnight Stroll,midnight stroll lyricsjust got work awful late pass cemetery gate sky dark moon bright cold cold night thought sight poor soul dead mans stroll dressed hat cane going dead mans ball believe told poor soul dead mans stroll nodded head finger led wasnt sure dread went miles miles realized time passed cold dead mans strollembed
152,1959,The Clovers,Love Potion No. 9,love potion 9 single version lyricsi took troubles madame ruth know gypsy goldcapped tooth shes got pad thirtyfourth vine sellin little bottles love potion number told flop chics ive way 1956 looked palm magic sign said need love potion number bent turned gave wink said gonna right sink smelled turpentine looked indian ink held nose closed eyes took drink didnt know day night started kissin sight kissed cop thirtyfourth vine broke little bottle love potion number held nose closed eyes took drink didnt know day night started kissin sight kissed cop thirtyfourth vine broke little bottle love potion number love potion number love potion number love potion number nineembed
155,1959,Frank Sinatra,French Foreign Legion,french foreign legion lyricswriters schroederwood turn ill join french foreign legion bet welcome open arms love yes love know stand march isle march desert sand think wont romance french foreign legion think uniform charm time gonna au revoir cheri french foreign legion meembed
157,1959,Anita Bryant,Promise Me A Rose (A Slight Detail),promise rose slight lyricsif promise rose id buy pot imagination grows roses plot ive got roses doors ceiling floors forget promise reason fail dreamer sweet roses bothered slight promise bird sing chair dream stirred bird pair room song cause pair throng forget promise reason fail dreamer sweet music bothered slight brush hand absent mindedly touch hand dream kiss kiss begins soar love forever tho little boat anchor little boat sail dreamer loves blue ocean bothered slight detailembed
158,1959,Jimmy Jones,Handy Man,handy man lyricscomma comma comma comma come come comma yeah yeah yeah hey girls gather round listen putting hey baby handy man kind use pencil rule handy love fool fix broken hearts know broken hearts need repair man whisper sweet things tell friends theyll come running main thing want busy 24 hours day fix broken hearts know broken hearts need repair man whisper sweet things tell friends theyll come running main thing want busy 24 hours day fix broken hearts know comma comma comma comma come come comma yeah yeah yeah comma comma comma comma come come yeah yeah yeahembed
160,1959,Jerry Wallace With The Jewels,Primrose Lane,primrose lane lyricsprimrose lane lifes holiday primrose lane holiday primrose lane explain walkin primrose lane roses bloomin rain sweet perfume little old roses bloom want walk life primrose lane lifes holiday primrose lane holiday primrose lane sweet perfume little old roses bloom want walk life primrose lane lifes holiday primrose lane holiday primrose lane wiiith wiiith fade wiiith youembed
162,1959,Dee Clark,How About That,lyricsive got feeling got reeling throbbing brain strange explain umm heart stops beating meeting near mind clear control youre press lips world turns upside ababy baby baby awhat youre mixed dizzy umm umm umm yes love baby wont understand hand cause umm baby baby baby baby youre mixed dizzy umm umm ummmmm yes love wont understand hand cause umm fades embed
163,1959,Chubby Checker,The Class,class lyricshere come teacher alright class lets seated music teacher dig thats wanna know cats kids homework mary little lambary ditched square embed
165,1959,Fats Domino,Be My Guest,guest lyricscome baby guest come join party meet rest gonna right guest tonight gonna dance rock n roll gonna stroll gonna lindy hop suzy q special party myohmine gee youre fine let king wear crown gonna sing band gonna play gonna queen day gonna right guest tonight myohmine gee youre fine let king wear crown gonna sing band gonna play gonna queen day gonna right guest tonightembed
166,1959,The Platters,Wish It Were Me,wish lyricssaw dancing night wish wish dancing wish true saw holding arms wish wish clinging wish true hopeless wont learn tell id touch prayer yes pray prayers touch touch true youd love world wish world wish meembed
168,1959,June Valli,The Wedding,wedding lyricshere stand ring hand hes second best heart loves dear lord let know playing stand ring hand know shes playing need right know second best heart handsome groom stand lovely bride ring hand faithful friend stands heart happy wedding friend id ive loved start dear lord inspire love strong past dear lord depart let stand let rest second best truly heart heartembed
171,1959,Jimmie Rodgers,Tucumcari,tucumcari lyricstwelve miles tucumcari ive hurrying gal gonna marry yellowest hair left right march ive gotta home gotta home miles tucumcari ill roam tucumcari tucumcari gotta home miles tucumcari fourth july years january kissed goodbye left right march ive gotta home gotta home miles tucumcari ill roam tucumcari tucumcari gotta home miles tucumcari got time waste tarry shell waitin know left right march ive gotta home gotta home miles tucumcari ill roam tucumcari tucumcari gotta home tucumcari yellowhaired gal time marry best pal left right march guess better gone better gone thousand miles tucumcari ill rambling tucumcari tucumcari ill rambling miles tucumcari santa fe fell love girl named mary gee happy today marching honeycomb honeycomb ive forgotten tucumcari reason roam tucumcari tucumcari ive forgotten tucumcari reason roooaaaammmmm personal use research onlyembed
173,1959,Pat Boone,With The Wind And The Rain In Your Hair,wind rain hair lyricslast night met dream wind rain hair held tight whispered good night wind rain hair favorite memory vision standing oh mist sighed kissed wind rain hair mm mist sighed kissed wind rain hairembed
174,1959,Marty Robbins,El Paso,el paso west texas town el paso fell love mexican girl nighttime rosas cantina music play feleena whirl blacker night eyes feleena wicked evil casting spell love deep mexican maiden love vain tell night wild young cowboy came wild west texas wind dashing daring drink sharing wicked feleena girl love anger challenged right love maiden went hand gun wore challenge answered heartbeat handsome young stranger lay dead floor moment stood silence shocked foul evil deed thoughts raced mind stood chance run door rosas ran horses tied caught good looked run away ride fast west texas town el paso badlands new mexico el paso life worthless everythings gone life left long ive seen young maiden love stronger fear death saddled away riding dark maybe tomorrow bullet tonight nothings worse pain heart hill overlooking el paso rosas cantina love strong pushes onward hill feleena right mounted cowboys left ride dozen shouting shooting let catch rosas door dreadfully wrong feel deep burning pain trying stay saddle getting weary unable ride love feleena strong rise ive fallen weary stop rest white puff smoke rifle feel bullet deep chest feleena kissing cheek kneels cradled loving arms ill die little kiss feleena goodbye13embed
175,1959,Bo Diddley,Say Man,man man whats boy want tell girlfriend girl look strong message strong hurt feelings feelings hurt walking street girl day ah ha wind blowing real hard right wind blew hair face ah ha know happened happened wind blew hair face yeah went little wanna hear rest wind blew hair street okay told girl going tell walking street girl yes took home drink know took home yeah drink oh chick looked ugly sneak glass drink water youve got nerve somebody ugly ugly stork brought world oughta arrested thats alright momma didnt sheet head sleep slip look whats south america whats south america look south american south america south texas working boots ive got arent boots got broguettes hey look whats ive bin trying figure figured whats thing throw peanuts look whats ashamed calling people ugly didnt ugly said ruined thats know look youve bin whooped ugly stick hey havent got beat fellah rightembed
176,1959,Mark Dinning,Teen Angel,teen angel lyricsteen angel teen angel teen angel verse 1 fateful night car stalled railroad track pulled safe went running chorus teen angel hear teen angel true love verse 2 looking took life night said high school ring clutched fingers tight chorus verse 3 sweet sixteen youre gone theyve taken away ill kiss lips buried today chorus teen angel teen angel answer pleaseembed
178,1959,The Browns,The Three Bells,bells les trois cloches lyricstheres village hidden deep valley pine trees half forlorn sunny morning little jimmy brown born chapel bells ringing little valley town song singing baby jimmy brown little congregation prayed guidance lead temptation bless hour meditation guide eternal love theres village hidden deep valley beneath mountains high years jimmy meet love chapel bells ringing twas great day life cause song singing jimmy wife little congregation prayed guidance lead temptation bless o lord celebration lives filled love village hidden deep valley rainy morning dark gray soul winged way heaven jimmy brown passed away lonely bell ringing little valley town twas farewell singing dear old jimmy brown little congregation prayed guidance lead temptation soul salvation thy great eternal loveembed
179,1959,Brook Benton,This Time Of The Year,time year lyricschristmas comes time year little girls little boys dream worlds toys time year christmas near evergreens snowy white sleigh bells ring night time year christmas near near steeple people kneel pray choirs sing carols christmas day santa claus way loads joy sleigh time year christmas near hear sleigh bells hear sleigh bells hear sleigh bells ringembed
180,1959,Johnny Preston,Running Bear,running bear lyricson bank river stood running bear young indian brave river stood lovely indian maid little white dove lovely sight tribes fought love running bear loved little white dove love big sky running bear loved little white dove love die swim raging river cause river wide reach little white dove waiting moonlight throwing kisses cross waves little heart beating faster waiting indian brave running bear loved little white dove love big sky running bear loved little white dove love die running bear dove water little white dove swam swirling stream came hands touched lips met raging river pulled theyll happy hunting ground running bear loved little white dove love big sky running bear loved little white dove love die1embed
181,1959,Dee Clark,Nobody But You,lyricsi want treats way doooo want ya hold hand tell lovin man want ohoohoohooh oohooh thats long captured heart love want awant ya want ohoohoohooh oohooh come arms tell share charms ooo care gonna love old way want nono hooooohoo hoohoohoo hoo fade falsetto dee oooh girl looooove youooo weeooo embed
182,1959,Paul Anka,Lonely Boy,lonely boy lyricsim lonely boy lonely blue nothin ive got think want love yes love kiss hold moment id hear somebody ill love night day lonely boy lonely blue nothin ive got think want love somebody somebody somebody send ill happy wait ive prayed hard heavens love lonely boy lonely blue nothin ive got think ofembed
183,1959,Tommy Edwards,The Morning Side Of The Mountain,morning mountain lyricsthere girl boy met world joy lived morning mountain lived twilight hill met kissed know happiness missed lived morning mountain lived twilight hill loves rose grows kiss morning dew jack jill know thrill dream comes true know love kiss away morning mountain twilight hill loves rose grows kiss morning dew jack jill know thrill dream comes true know love kiss away morning mountain twilight hillembed
184,1959,Johnny Cash And The Tennessee Two,Katy Too,katy going steady kind miss time told annie id true think katy katy katy think katy miss maryann tell loving man love jane sue forget ol katy katy katy forget ol katy sadies chicken stew suzies good stitching wool marys barbecue ol katy girls flirty kind mind id marry miss ol katy girls toast love eveyone ask miss ol katy cupid bet good got girls lets squeeze ol katy katy katy lets squeeze ol katy tooembed
186,1959,Fats Domino,Margie,margie lyricsmy little margie thinking margie ill tell world love forget promise bought home ring margie youve inspiration days blue said oh margie margie margie thinking margie ill tell world love forget promise bought home ring margie youve inspiration days blue said oh margie margie youembed
187,1959,Perry Como,Tomboy,tomboy lyricstomboy tomboy nuthin tomboy tomboy tomboy nuthin tomboy small tomboy years flown known tomboy madeup face fancy lace pigtails hair yesterday tagged thought id caught tomboy tomboy pink chiffon worked magic tomboy tomboy ive blind mind youll tomboy tomboy tomboy nuthin tomboy tomboy tomboy nuthin tomboy instrumental bridge tomboy instrumental bridge tomboy madeup face fancy lace pigtails hair yesterday tagged thought id caught tomboy tomboy pink chiffon worked magic tomboy tomboy ive blind mind youll tomboy tomboyembed
188,1959,Jerry Keller,Here Comes Summer,comes summer lyricshere comes summer school oh happy days comes summer gonna grab girl run away shes willing steady right away let sun shine bright happy summer home comes summer comes summer june sun bright comes summer comes summer gonna night greatest comes summer lots time hold tight oh let sun shine bright happy summer home schools bad summer better time girl walk park beneath shiny moon oh kiss makes hair curl comes summer comes summer feel lips close comes summer comes summer meet eyes shine greatest comes summer lets summer time oh let sun shine bright happy summer home comes summer comes summer school oh happy days comes summer comes summer gonna grab girl run away shes willing comes summer steady right away oh let sun shine bright happy summer home comes summer comes summer june sun bright comes summer comes summer gonna night greatest comes summer lots time hold tight oh let sun shine bright happy summer homeembed
190,1959,Frank Sinatra,Talk To Me,talk lyricsyoure great big hurry grab kiss scurry knows id world creation little conversation word things whats new talk talk talk magical kiss far talk talk talk leave dangling star set aflame pleasin shame teasin love turn light way low talk talk talk meembed
191,1959,The Coasters,Run Red Run,run red run lyricsoh red went bought monkey got pawn shop broker taught monkey guzzle beer taught play stud poker night gambling kitchen monkey taking beating monkey said red going shoot dead know cheating run red run hes got gun hes aiming head run red run hes got gun hes aiming head better wail better tail fills lead oh red jumped started p80saber jet zoomed corner disappeared everybody started stare race know chase red shook let tell sport sell monkey short hes travelling son gun run red run hes got gun hes aiming head run red run hes got gun hes aiming head better wail better tail fills lead monkey trapped red parking alot avenue monkey said red youve man going monkey car keys wallet ill shoot going brand new stetson hat town new brown suit run red run hes got gun hes aiming head run red run hes got gun hes aiming head better wail better tail fills leadembed
192,1959,Andy Williams,The Hawaiian Wedding Song (Ke Kali Nei Au),hawaiian wedding song ke kali nei au lyricsthis moment ive waited hear heart singing soon bells ringing moment oh sweet aloha love longer forever promise leave dear o love vow dear promise leave love longer forever cloud want light sun blue sky hawaii smile wedding day love heartembed
193,1959,The Flamingos,Love Walked In,love walked lyricslove walked right drove shadows away love walked right brought sunniest day magic moment heart know love said hello word spoken look forgot gloom past look future look world completely new love walked magic moment heart know love said hello word spoken look world completely new love walked youembed
195,1959,Dion & The Belmonts,Every Little Thing I Do,little thing lyricsoooh ooo lonely walks park counting stars gets dark little thing reminds window shop dream things engagement rings little thing reminds fool broke golden rule changed youll left high school dance friday night id love hold tight night long watching little thing let chance youll romance darling let share little thing doembed
199,1959,Dinah Washington,Unforgettable,unforgettable lyricsunforgettable thats unforgettable tho near far song love clings thought things unforgettable way forever thats youll stay thats darling incredible unforgettable thinks unforgettable tooembed
202,1959,Freddy Cannon,Tallahassee Lassie,tallahassee lassie comes tallahassee got hifi chassis maybe looks little sassy shes real classy yeah tallahassee lassie fla shes romping drag chacha ragamop stomping shag rocks bunny hop ooh ooh ooh ooh dances bop dances stroll dances walk rock roll shes tallahassee lassie yeah tallahassee lassie shes tallahassee lassie fla shes romping drag chacha ragamop stomping shag rocks bunny hop ooh ooh ooh ooh dances bop dances stroll dances walk rock roll shes tallahassee lassie yeah tallahassee lassie shes tallahassee lassie fla come baby come honey yeah come sugar come babyembed
203,1959,Nat King Cole,I Must Be Dreaming,dreaming lyricsi dreaming dreaming dreaming love want need believe wonderful change luck dreams come true dreaming dreaming ill dreaming rest life dreaming dreaming dreaming ill dreaming rest life dreaming youembed
205,1959,Sammy Turner,Always,lyricsalways sammy turner irving berlin ill loving love true oh things plan need helping care understand oh days fair thats ill hour day year oh hour day year ooooh yeah oh fade ooooh yeah oh alwaysembed
