,Year,Artist,song_name,further_clean_text
209,1960,Neil Sedaka,Oh! Carol,oh carol lyricsoh carol fool darling love treat cruel hurt leave surely die darling cause love leave youll want sweetheart matter oh carol love oh carol fool darling love treat cruel hurt leave surely die darling cause love leave youll want sweetheart matter oh carol love you2embed
211,1960,Ray Peterson,"Corinna, Corinna",corinna corinna lyricsi love corinna tell world love corinna tell world pray night shed love corinna corinna corinna corinna corinna corinna love oh little darling youve long oh little darling youve long aint lovin youve gone corinna corinna corinna corinna corinna corinna love left corinna way sea oh left corinna way sea corinna send home corinna corinna corinna corinna corinna corinna love corinna corinna corinna corinna corinna corinna love oh darling know love darling know love soembed
212,1960,The Platters Featuring Tony Williams,Red Sails In The Sunset,red sails sunset lyricsred sails sunset way sea oh carry loved home safely sailed dawning day ive blue red sails sunset trusting swift wings borrow straight shore marry tomorrow goes sailing red sails sunset way sea oh carry loved home safely red sails sunset way sea oh carry loved home safely meembed
213,1960,The Four Preps,Got A Girl,got girl lyricswell got girl girl know shes plain theres wondring scheme park cars happy eyes stars fabian avalon ricky nelson yeah yeah yeah yeah bobby rydell know darned presleys asked friend best friend plan strategy shed forget pets concentrate little gal said listen pal worry loves know big hugs little gal true shes fabian avalon ricky nelson yeah yeah yeah yeah bobby rydell know darned presleys night moonlight long hold tight plan days id evening goes right said hold spoke locket broke guess known inside fabian avalon ricky nelson yeah yeah yeah yeah bobby rydell know darned presleys tooembed
215,1960,Frankie Avalon,Why,lyricsill let love ill love love broken hearts cause love faith trust cause love cause love think youre awfully sweet love special treat love perfect love yes love thats love love time ill let love yes love ill love lome yes love perfect love yes love thats love love love love love dear foreverembed
216,1960,The Drifters Featuring Clyde McPhatter And Bill Pinkney,White Christmas,white christmas lyricsooh doop doop doop doo doop ooh doop doop doop doo doop dreaming white christmas ones know treetops glisten children listen hear sleigh bells snow snow iii dreaming white christmas christmas card write days days days merry bright christmases white iii dreaming white christmas ones know treetops glisten children listen hear sleigh bells snow iii dreaming white christmas christmas card write days days days merry bright christmases white jingle bells jingle bells jingle bells way ooooh2embed
217,1960,The Brothers Four,The Green Leaves Of Summer,green leaves summer lyricsoooooooooooh oooh ooh time reaping time sowing green leaves summer calling home good young season plenty catfish jumping high sky time planting time plowing time courting girl twas good young close earth stand wife moment birth time reaping time sowing time living place die twas good young close earth green leaves summer calling home twas good young close earth green leaves summer calling home ooooooooooooooh oooh ooohembed
219,1960,Brook Benton,Kiddio,kiddio lyricsi told baby feel word close deal baby queen hearts gimme love youve got awontcha yes dontcha feel good kiddio maybe wastin time mind feel good know awontcha yes dontcha feel good kiddio wrote sixpage letter called phone started talkin bout weather kiddio dontcha know thats wrong stand playin round help let kiss baby tell love let know awontcha yes dontcha feel good kiddio wrote sixpage letter called phone started talkin bout weather kiddio dontcha know thats wrong stand playin round help let akiss baby tell love let know awontcha yes dontcha feel good kiddio feel souhoh oh good good kiddioembed
220,1960,Connie Francis,Mama,mama lyricswhen evening shadows fall lovely day longing recall years spent mama miss days near guide mama happy days safe glow love sent heavens replace warmth tender embrace oh mama day ill live memories day moreembed
221,1960,Jim Reeves,Am I Losing You,losing losing fears coming true wish knew losing love true somebody new tell losing blind blind whats happening happening road bend road bend sweetheart friend sweetheart friend sweet things somebody new tell losing blind blind whats happening happening road bend road bend sweetheart friend sweetheart friend sweet things somebody new tell losing youembed
224,1960,Adam Wade,Tell Her For Me,tell lyricswhy big man know youre blue know true tell tell ahh ahh ooh tell tired crying love know tell feeling blue think night day yes ill beg chance ill romance oh tell glad mean word thank dreams came true feel suffer way wrong shed start anew tell feel way wrong shed start anew tell feel way tell love tell love know true know doembed
226,1960,Rosco Gordon,Just A Little Bit,little bit lyricsi want justa want little bit want told justa want little bit eeny weeny bit want teeny weeny bit love turn lights low honey slip kiss turn lights low beg canta resist thats eeny weeny bit want teeny weeny bit love want forever ajust peace mind youll leave atill end times thats eeny weeny bit want teeny weeny bit love want forever ajust peace mind youll leave atill end times thats eeny weeny bit want teeny weeny bit love eeny weeny bit want teeny weeny bit love eeny weeny bit want teeny weeny bit love girlembed
227,1960,Johnny Tillotson,Pledging My Love,pledging love lyricsforever darling love true forever ill love promise darling love return let soul dear forever burn hearts command dear love hold making happy desire dear keeping goal ill forever love rest days ill loving way hearts command dearembed
228,1960,Johnny Mathis,Maria,maria lyricsmaria beautiful sound heard maria maria maria maria beautiful sounds world single word maria maria maria maria maria maria maria met girl named maria suddenly maria kissed girl named maria suddenly wonderful sound maria loud theres music playing soft praying maria ill stop saying maria loud theres music playing soft praying maria ill stop saying maria beautiful sound heard mariaembed
231,1960,Marty Robbins,Big Iron,big iron town agua fria rode stranger fine day hardly spoke folks didnt dared ask business dared slip stranger big iron hip big iron hip early morning rode town came riding south slowly looking hes outlaw loose running came whisper lip hes business big iron hip big iron hip town lived outlaw texas red men tried men dead vicious killer youth twentyfour notches pistol numbered nineteen nineteen stranger started talking plain folks arizona ranger wouldnt long town came outlaw alive maybe dead said didnt matter texas red texas red wasnt long story relayed texas red outlaw didnt worry men tried dead men tried men slip twentyone ranger big iron hip big iron hip morning passed quickly time meet past walked street folks watching windows everybody held breath knew handsome ranger meet death bout meet death feet stopped play swiftness ranger talked today texas red cleared leather fore bullet fairly ripped rangers aim deadly big iron hip big iron hip moment folks gathered round lay body outlaw ground oh went livin fatal slip tried match ranger big iron hip big iron hip big iron big iron tried match ranger big iron hip big iron hip27embed
232,1960,Bob Beckham,Just As Much As Ever,lyricsjust need want love dear parted feelings drop loving started know stop hoping youll darlin cause ill satisfied till old old love heart beats hoping youll darling cause ill satisfied till old old love heart beats youembed
234,1960,Jim Reeves,I Know One,know lyricswhen loves ended friends flown wholl want loves gone fool way youve fools know fool keeps wondering fell love need fool case fall partys youve fun need fool forgive know know lonely loves missed wouldnt hurt extra fool list hearts broken need place run youll fool loves know yes know umm hum know oneembed
235,1960,Johnny Mathis,Misty,misty look helpless kitten tree feel clinging cloud understand misty holding hand walk way thousand violins begin play sound hello music hear misty moment youre near youre leading want notice hopelessly lost thats following wander wonderland knowing right foot left hat glove misty love misty love look me2embed
236,1960,Billy Walker,Forever,forever lyricshold kiss whisper love forever want need tell sweetly love forever forever heart true forever ill love hold kiss whisper love forever hold kiss whisper love forever want need tell sweetly love forever forever heart true forever ill love hold kiss whisper love foreverembed
237,1960,Jo Ann Campbell,A Kookie Little Paradise,kookie little paradise lyricsjukebox playing jungle charge absolutely free soft drinks bubbling mountain carribean sea kookie little paradise kookie little paradise island half nice kookie little paradise sportcars everybody speed limit beach theres lots education making love teach kookie little paradise kookie little paradise island half nice kookie little paradise boyfriends girl girlfriends guy ice cream loaded bananas theres pizza pie kookie little paradise kookie little paradise island half nice kookie little paradise thats kookie little paradise love kookie little paradise kookie little paradise kookie little paradiseembed
244,1960,Maurice Williams & The Zodiacs,Stay,stay lyricsstay ah little bit longer stay tell youre going daddy mind mommy mind dance yeah time oh wont stay little bit longer let dance wont place sweet lips wont love time stay oh yeah little bit longer stay tell youre going come come come stay yeah come come come stay yeah come come come stay whoops come come come stay mama mamaembed
245,1960,Jackie Wilson,(You Were Made For) All My Love,love lyricsall love right love love half chance world oh let come bring love half love feel heart come come let share destiny theres heart o o o wonderful know love wonderful written stars loveembed
249,1960,Marty Robbins,El Paso,el paso west texas town el paso fell love mexican girl nighttime rosas cantina music play feleena whirl blacker night eyes feleena wicked evil casting spell love deep mexican maiden love vain tell night wild young cowboy came wild west texas wind dashing daring drink sharing wicked feleena girl love anger challenged right love maiden went hand gun wore challenge answered heartbeat handsome young stranger lay dead floor moment stood silence shocked foul evil deed thoughts raced mind stood chance run door rosas ran horses tied caught good looked run away ride fast west texas town el paso badlands new mexico el paso life worthless everythings gone life left long ive seen young maiden love stronger fear death saddled away riding dark maybe tomorrow bullet tonight nothings worse pain heart hill overlooking el paso rosas cantina love strong pushes onward hill feleena right mounted cowboys left ride dozen shouting shooting let catch rosas door dreadfully wrong feel deep burning pain trying stay saddle getting weary unable ride love feleena strong rise ive fallen weary stop rest white puff smoke rifle feel bullet deep chest feleena kissing cheek kneels cradled loving arms ill die little kiss feleena goodbye13embed
252,1960,Anita Bryant,Paper Roses,paper roses lyricsi realize way eyes deceived tender looks mistook love away flowers gave send kind remind paper roses paper roses oh real roses theyre imitation imitation love thought perfect lover sweetness start big red rose thats paper isnt sweetness heart paper roses paper roses oh real roses theyre imitation imitation love imitation love meembed
256,1960,Dinah Washington,Love Walked In,love walked lyricslove walked right drove shadows away love walked right brought sunniest day magic moment heart know love said hello word spoken look forgot gloom past look future look world completely new love walked youembed
258,1960,Rod Lauren,If I Had A Girl,girl lyricsall love heart life live girl little girl kisses sweet arms tremble hold tight bring night girl little girl ive seen face ive touched hair ive dreamed thousand times oh id know youre youre angel heaven sent forever id content girl little girl ivе seen face ive touched hair ivе dreamed thousand times oh id know youre youre angel heaven sent forever id content girl little girl little girl little girl little girl youembed
259,1960,Earl Grant,House Of Bamboo,house bamboo lyricsa g number fiftyfour g em7 house bamboo door g em7 g bamboo roof bamboo walls em7 g em7 theyve got bamboo floor em7 gb a7 d6 dalt gdim d know soho joe em7 gb a7 runs expresso d c d called house bamboo em7 gb a7 itsa sticks d6 dalt gdim d sticks bricks em7 gb a7 kicks d c d house bamboo a7 em7 gb a7 em7 a7 em7 a7 si drink chi d a7 g d bm7 a7 g d gotcha swingin cha cha a7 em7 gb a7 em7 a7 em7 a7 dance bo le ro som bre ro d a7 g d shake snake a7 em7 gb a7 em7 a7 em7 a7 wanna drop cats hop pin d a7 g d bm7 a7 g d let feet movea big beat a7 em7 gb a7 em7 a7 em7 a7 pick kit listen plat ter d a7 g d rocks jukebox em7 gb a7 d6 dalt gdim d ima telling youre blue em7 gb a7 theres lot d c d house bambooembed
260,1960,Paul Evans and the Curls,(Seven Little Girls) Sitting In The Back Seat,seven little girls sitting seat lyricsdee doodee doom doom seven little girls sitting backseat hugging kissing fred said come sit seven girls said chorus mind driving hands wheel snoopy eyes road ahead having fun sitting backseat kissing hugging fred dee doodee doom doom drove town drove country showed em motor said triple carburetor whispered low chorus dee doodee doom doom seven little girls smooching backseat love fred said need ill house seven girls said chorus love fred dee doodee doom doom kissing hugging fred dee doodee doom doom wish fred doomembed
263,1960,The Platters,Harbor Lights,harbor lights lyricsi saw harbor lights told parting old harbor lights brought watched harbor lights help tears starting goodbye tender nights silvery sea long hold near kiss ship shore know lonely nights heart whispering harbor lights steal love long hold near kiss ship shore know lonely nights heart whispering harbor lights steal love meembed
265,1960,Sammy Turner,Paradise,paradise lyricsand holds hand understand eyes afire desire heavenly kiss resist dims light uh uh uh oh yeah eyes afire desire takes paradise eyes afire desire takes paradiseembed
266,1960,Ferlin Husky,Wings Of A Dove,wings dove lyricson wings snow white dove sends pure sweet love sign wings dove troubles surround evils come body grows weak spirit grows numb things beset ushe doesnt forget sends love wings dove wings snow white dove sends pure sweet love sign wings dove noah drifted flood days searched land ways troubles somebut wasnt forgotten sent love wings dove wings snow white dove sends pure sweet love sign wings dove jesus went river day baptised usual way god blessed son sent love wings dove wings snow white dove sends pure sweet love sign wings dove wings dove wings dove wings dove1embed
268,1960,The Fleetwoods,Runaround,runaround lyricsill youve place heart fun ill fun runaround ill leave forever bound streets noisy sit wait dear phone fun ill fun fun runaround ive waited long youre running dreams maybe new love youve settle runaround ooh ooh ooh ooh ooh ooh ooh ooh ooh ooh ooh ooh ooh ooh ooh ooh fun ill fun fun runaroud ive waited long youre running dreams maybe new love youve settle runaround ill youve place heart fun ill fun fun runaroundembed
269,1960,Dee Clark,At My Front Door,door lyricsknock knock knock knock knock knock knock knock crazy little mama come knocking knocking door crazy little mama come knocking knocking door crazy little mama come knock knock knocking got little mama want neat mama street thing happen shell come knock knock knocking door crazy little mama come knock knocking got little mama want neat mama street thing happen shell come knock knock knocking door crazy little mama come knocking knocking door oh oh come knocking crazy little mama comes knocking knocking door got little mama want neat mama street thing happen shell come knock knock knocking door crazy little mama come knocking knocking door got little mama want neat mama street thing happen shell come knock knock knocking door crazy little mama come knocking knocking doorembed
270,1960,The Browns,Scarlet Ribbons (For Her Hair),scarlet ribbons hair lyricsi peeked goodnight heard child prayer send dear god scarlet ribbons scarlet ribbons hair stores closed shuttered streets dark bare town scarlet ribbons ribbon hair night heart aching dawn breaking peeked bed gay profusion laying saw ribbonsm scarlet ribbons scarlet ribbons hair live know came lovely scarlet ribbons scarlet ribbons hairembed
271,1960,Johnny Preston,Cradle Of Love,cradle love lyricswell rockabye baby tree wind blows cradle rock rockabye baby tree wind blows jack nimble jack quick jack jumped candle stick jumped high landed cradle love rockabye baby tree wind blows cradle rock rockabye baby tree wind blows hi diddle diddle cat fiddle cow jumped moon onon way met turtle dove said lets rockin cradle love rockabye baby tree wind blows cradle rock rockabye baby tree wind blows jack jill went hill pail water jack fell jill gave shove landed cradle love rockabye baby tree wind blows cradle rock rockabye baby tree wind blowsembed
272,1960,Larry Hall,Sandy,sandy sandy sandy took sweet thing sugar spice ice cream candy nice gave sandy sandy fool sandy eyes heaven lips divine young love tender gentle kind sandy sandy fool sandy took sweet thing sugar spice ice cream candy nice gave oh sandy sandy fool sandy sandy sandy sandy sandy sandy sandy sandy sandy sandy sandy sandy sandy sandy sandy sandy sandy sandy sandyembed
274,1960,Johnny Mathis,My Love For You,love lyricsmy love deep endless sea strong mighty tree love eager heart keeps beating moment known love therell lips arms love feeling far eternity faithful true love far eternity faithful true love love youembed
275,1960,Johnny Burnette,Dreamin',dreamin lyricsdreamin dreamin dreamin love searchin searchin hopin someday ill love need ill dreamin right dreamin dreamin till dreamin comes true ue ue ue ue ue ue ue dreamin dreamin dreamin love searchin searchin hopin someday ill needs love ill dreamin right dreamin dreamin till dreamin comes true ue ue ue ill dreamin got ll dreamin got ll keepembed
281,1960,Pat Boone,Alabam,songs south tennessee p3 lyricscumberland plateau tennessee valley unaka mountains region bluegrass string band music bluegrass string band music fiercely loyal audiences american music followers look entertainment way life youll frequently makeup bands family members lifes work kind devotion says lot values music history tradition hear hear true expression americana performers audiences passionate youll great presentation thesis leslie blake price entitled bluegrass nation historical cultural analysis americas truest music discussion country bluegrass music acknowledge contributions carter family influential groups country music history moved emphasis hillbilly instrumentals folk stories song original group consisted ap wife sara sister maybelle influenced followed country folk music woody guthrie pete seeger doc watson way bob dylan emmylou harris ketch secor unlikely bluegrass music exist today carter familys contributions ap collected hundreds appalachian folk songs rearranged classics today recorded hundreds songs circle unbroken wildwood flower sunny good sense music build folk tradition country music foundation work builtup followed bluegrass better examples today today earl skruggs foggy mountain breakdown foggy mountain boys rollin sweet babys arms osborne brothers rocky short list recent great examples bluegrass string musicold crow medicine shows sweet amarillothe steeldrivers wearin holethe grascals old friend minedailey vincents leave therealy bain jerry douglas russ barenbergs st annes reelwilson banjo companys 95 yearsyonder mountain string bands alisontop music shrines tennessee youre music history great places visit youre tennesseein coastal plains regiongraceland memphis elvis promised parents hed build finest house town end years struggle graceland fulfillment dreamsun studios memphis johhny cash carl perkins elvis presley jerry lee lewis recorded timestax american soul music museum memphis stax hit soul music 50s 60s museums dedicated soulin nashville basin regioncountry music hall fame nashville museums core exhibition sing home journey country music fullimmersion experienceryman auditorium nashville grand ole opry started 1925 cathedraljohnny cash museum nashville captivating real raw cash himselfjack daniels distillery lynchburg ask jack daniels old 7 tennessee musicin cumberlandtn valleyunaka mtns regioncumberland caverns mcminnville bluegrass concerts presented month volcano room cumberland caverns theyve featured nbc pbsdollywood pigeon forge think disneyland bluegrass soundtrackbirthplace country music museum bristol tells story 1927 bristol sessions recordings included carter family jimmie rodgerstennessee artistsheres list famous musicians born tennessee state home artist listed songs sampler music list long comprehensive think primer apologies texas readers inclusion townes van zandt sons republic states home tennessee roy acuff country singer fiddler wabash cannonball tennessee waltz trace adkins country singer honky tonk badonkadonk arlington youre gonna miss jessi alexander country singer honeysuckle sweet fool deborah allen country songwriter singer baby lied duane allman rock guitarist songwriter goin slow ramblin man whipping post gregg allman rock singersongwriter midnight rider tuesdays gone jessica andrews country singer theres know eddy arnold country singer walk know clarence ashley country singer musician amazing grace coo coo bird house carpenter rodney atkins country singer youre going hell watching farmers daughter b barefoot jerry countryrock band smokies god trust proud redneck bobby bare jr countryrock singer musician sky ground difference william bell rb singer composer poison things remember luke benward country pop singer hello let love big rich band country lovin lately save horse ride cowboy bobby bland soul singer loving wrong want right wouldnt treat dog way treated son bonds blues singer old time religion pat boone pop singer love letters sand jenn bostic country singer jealous angels c deana carter country singer girl strawberry wine june carter cash country singer miss gone wildwood flower country girl johnny cash country gospel singer folsom prison blues walk line ring rosanne cash country singer girls seven year ache kenny chesney country singer american kids come pirate flag eric church country singersongwriter talladega mistress named music jack daniels guy clark country singersongwriter la freeway desperados waiting train homegrown tomatoes kelly clarkson country singer piece piece stronger doesnt kill patsy cline country singer crazy walking midnight babys arms mark collie country singer time secret citizen cope rock soul singer penitentiary let drummer kick rita coolidge pop country singer time high want talk hank crawford rb soul jazz saxophonist wildflower corazón miley cyrus country pop singer wrecking ball 23 stop d trent dabbs alternative rock pop singersongwriter believe stars russell dickerson country singer whitney duncan country singer skinny dippin donald duck dunn booker t mgs blues rb bassist green onions sunny monday e bobby emmons country keyboardist songwriter luckenbach texas dad sleepy john estes blues singer lawyer clark blues milk cow blues sara evans country singer little bit stronger case man earth f lester flatt flatt scruggs smokey mountain boys bluegrass guitarist singer cripple creek roll sweet babys arms béla fleck bluegrassjazzrap fusion message tennessee ernie ford country gospel singer sixteen tons old time religion bonnie blue flag framing hanley band alternative rock stupid girl hear aretha franklin soul rb singer feel natural woman step ahead chain fools g tompall glaser country singer log t texas al green soul rb singer lets stay mend broken heart h lucy hale pop singer actress believe bobby hebb pop rb singer sunny love love love john hiatt country country blues rb singersongwriter terms surrender walk john lee hooker blues singer boom boom big legs tight skirt bourbon scotch beer luther ingram soul rb singer loving wrong want right sonya isaacs country singer ive forgotten feel jason isbell country singersongwriter 24 frames god working man alabama pines j alan jackson country singer jim jack hank mexico tequila 5 oclock shooter jennings country singersongwriter gunslinger outlaw george jones country singer king gone stopped loving today crawdad song wynonna judd country singer strongest weakness things lean k charles kelley lady antebellum country singer southern accents gets bartender bb king blues singer guitarist blue thrill gone love comes town kings leon alternative rock wait waste moment use somebody kris kristofferson country singersongwriter sunday morning coming bobby mcgee good times l lady antebellum country trio need kiss golden doyle lawson quicksilver inspirational string band happened dixie road jackie lee country singer headphones kimberly locke pop rb singer 8th world wonder coulda dustin lynch country singer hell night seein red m uncle dave macon bluegrass banjoist singer rock saro jane way old plank road barbara mandrell country singer ill leave good woman woman country country wasnt cool jimmy martin country banjoist guitarist singer tennessee free born man martina mcbride country singersongwriter concrete angel independence day mindy mccready country singer guys time thousand angels paul mcdonald nikki reed duo alternative rock singers watch ive needed ronnie mcdowell country singer dream woman youre gonna ruin bad reputation sam mcgee country blues guitarist singer railroad blues tim mcgraw country singersongwriter humble kind live dying girl ken mellons country singer workin weekend keepin country memphis minnie blues singer guitarist songwriter chauffeur blues girlish days rambling memphis slim blues singer pianist composer steppin mother earth leslie mills pop singer songwriter record producer actress wings making way tonya mitchell pop singer broken promises represent don moen gospel singersongwriter producer god god way emmanuel come ashley monroe country singersongwriter satisfied want good kip moore country singer wild ones running craig morgan country singer thats love sunday redneck yacht club international harvester lorrie morgan country singer minutes didnt know strength charlie musselwhite blues harmonicist crazy baby help meg myers alternative rock singersongwriter lemon eyes desire o old crow medicine folk bluegrass band sweet amarillo grow tobacco wagon wheel roy orbison rockabilly singersongwriter got oh pretty woman crying chord overstreet pop country singer homeland p paramore band alternative rock aint fun misery business dolly parton country singersongwriter jolene love coat colors johnny paycheck country singersongwriter job shove colorado koolaid old violin minnie pearl country singer comedian catch man ann peebles blues rb soul singer stand rain 99 pounds trouble heartaches sadness carl perkins rockabilly singersongwriter blue suede shoes matchbox rockabilly music band perry country pop band die young better dig let lonely elvis presley rockabilly country gospel pop rb rock singer viva las vegas great thou art burning love margo price country singersongwriter hands time hurtin bottle desperate depressed r red band aka r3d red alternative rock metal christian rock metal hard rock band breathe start darkest jerry reed country country rock singersongwriter actor amos moses youre hot youre hot koko joe tex ritter country western singer actor twotimed time deck cards high noon forsake marty robbins country western rockabilly singersongwriter el paso woman woman wife big iron jimmie f rodgers folk pop rock singer honeycomb kisses sweeter wine english country garden s hillary scott lady antebellum country christian singer thy need downtown earl scruggs bluegrass banjoist foggy mountain breakdown wreck old 97 ballad jed clampett randy scruggs guitarist secret life city new orleans blake shelton country singer shes got way words bet think danny shirley confederate railroad country southern rock singer queen memphis daddy cadillac kind skillet christian rock monster dead carl smith country singer stand times wastin chris stapleton country singersongwriter traveller tennessee whiskey parachute steeldrivers countryrock bluegrass band hadnt love ghosts mississippi drinkin dark whiskey edwin starr soul rb psychedelic funk singer war 25 miles frank stokes blues guitarist downtown blues marty stuart country singer burn tempted taylor swift country pop singersongwriter blank space wildest dreams bad blood t justin timberlake pop rb singer sexy stop feeling rock body ernest tubb country singer pass booze pick way ike turner rb rock guitarist proud mary blood run cold tina turner rb pop singer private dancer better good nutbush city limits u usher rb pop hip hop singer limit u got bad omg v townes van zandt country singersongwriter pancho lefty white freight liner blues waiting round die w kitty wells country singer wasnt god honky tonk angels dottie west country singer hold country sunshine drake white country singer livin dream feels good maurice white earth wind soul singer stand sunday morning survival hank williams iii country singersongwriter rebel troopers hollar mark wills country singer laugh 19 somethin sonny boy williamson ii blues singer love vain darryl worley country singer forgotten miss friend tammy wynette country singer stand man womanthis end 3 page article music tennessee use navigation links continue page 1 page 2 page embed
282,1960,Connie Francis,Malagueña,malagueña lyricsel amor llevo hacia ti como tu suave matador la constancia tu querer la alegria bajo el bisel malaguea ojos negros malaguea mis sueos estoy muriendo pena por tu solo tu querer malaguea bonita te quiero besar malaguea ojos negros malaguea mis sueos estoy muriendo pena por tu solo tu querer malaguea1embed
284,1960,Sam Cooke,Wonderful World,wonderful world know history know biology know science book know french took know love know love wonderful world know geography know trigonometry know algebra know slide rule know wonderful world claim student trying maybe student baby win love know history know biology know science book know french took know love know love wonderful world la ta ta ta ta ta ta history hmmmmmm biology whoa la ta ta ta ta ta ta science book hmmmmmm french took yeah know love know love wonderful world be10embed
285,1960,Joanie Sommers,One Boy,boy lyricsone boy special boy boy talk walk boy thats way boy certain boy boy laugh joke coke boy day youll life youll need living youou boy steady boy boy boy thats way thats way thats way beembed
286,1960,Royal Teens,Believe Me,believe lyricseach night wandering street tears think love shared teenage years believe ooooooh wah oooooooooh wah oooooooooh believe said goodbye think die broke heart thinking youre smart kids town know know hurt tell love love let believe believe return loves flame burn believe believe said goodbye think die broke heart thinking youre smart kids town know know hurt tell love youooooooooooou oooooooooh wah ooooooooooh oooooooooh wah ooooooooooh oooooooooh wah ooooooooooh oooooooooh wah oooooooooohembed
287,1960,Marv Johnson,You Got What It Takes,got takes drive big fine car look movie star money wont far baby got takes yeah yeah satisfy yeah yeah got takes set soul whoa oh oh oh oh yeah got takes live beautiful place dress best taste nature didnt beautiful face baby got takes yeah yeah satisfy got takes set soul whoa oh oh oh oh yeah got takes youre near oohwee head goes kiss oh yeah love comes tumblin send live beautiful place dress best taste nature didnt beautiful face baby got takes yeah yeah satisfy yeah yeah got takes set soul whoa oh oh awhoa oh oh got takes youre near little girl head goes kiss oh yeah love comes tumblin send live beautiful place dress best taste nature didnt beautiful face baby got takes yeah yeah satisfy yeah yeah got takes set soul whoa oh oh oh oh yeah got takes oh yeah got takes need money baby need car come know gota takes meembed
293,1960,Jack Scott,Burning Bridges,burning bridges lyricsfound letters wrote morning told love knew theyre gone burned ashes want remind burning bridges late turn burning bridges want forget sold house planned said goodbye folks knew moved far away city tried hard forget burning bridges late turn burning bridges want forget somehowembed
294,1960,Adam Wade,Ruby,ruby lyricsruby ruby ruby ruby ruby youre dream heart break awake let know ruby ruby youre song know right wrong eyes heartaches start stole heart ruby hear voice come choice ruby youre flame life came beware care thrill know ruby youembed
295,1960,Santo & Johnny,Caravan,dream team vol1 cruzei fronteira num avião tecoteco paraguai o lousa branca nome tico produto classe pra quem curte dar um teco meio tanque 15 placa cada uma uns dois quilo varei d20 os block dos puli na vila lá vem dois rocam e uma caravan com roda loca presta o capuz e aperta ali na garoa fina damassa é o bonde fumando blusão e toca vou partir repente nós se tromba acelera e deixa tomar conta eu vim na bronca te ver melhor baby na melhor te dou um salvão é nós sempre banca mais quente se os meus manos tão dez camisa 10 sigo bem vilão não fale truta não fale trabalhe e pra ser merecedor tem que ter visão din din don don e o dindin milhões visualizações e nos encontramos assim autor um refrão um som que nem tinha refrão sou don cesão mas você não nunca vai entender não é questão se vendeu se vendeu tem mais mil moleque ai querendo ser eu lembrei quem desmereceu meu maior adversário sou eu e se eu errar fudeu check motherfuck mic check motherfuck mic check motherfuck mic yeah motherfuck mic motherfuck mic haikaiss está ar linhas mais caras são minhas soam raras destinam ou separam abr abl desdenha o objetivo ou ainda encara refina outra safra definase o limite te para dissolvi falsos mcs com conteúdo saara rap rap não mostra o que é minha cabeça pé rap boombap segue damassa na peita e cap e toda panela que hoje nos teme vem desde muleque antes da cama que geme castelos que tremem pra auto defesa eu sou meio banco meio empresa até resolvo por telefone mas se o sangue subir vai ter surpresa tô mapa parça pelo verso persuasivo entrego o máximo amigo possível eu sigo elevando o nível sem ênfase pra besteira leão que reina na selva não se preocupa com opinião da dona ovelha quer que eu desenhe ou deu pra entender tudo aquilo que eu tinha pra te dizer fé cristo tudo fede seu reflexo ainda é você ajo por impulso bora sorte colabora agora chora se ficar fora sobra é predatória fuck notas promissórias vitórias irrisórias ora um pequeno pedaço da história da ascensão da escola e eu digo glória glória extenso gastei sola penso em um plano escolar só dei sentido à sigla que é quando um pork esmiuça pelo rádio e sinta força pela fé que ajuda e aguça ham damassa damassaclan damassaclan damassa dmc dmc pizz ham hey hey largando rhymes tipo psiquiatra psicopata pizz te maltrata em apenas oito linhas oito barras e o que foi proposto sei que é suficiente pra mudar feição rosto é o desgosto quando massa fala damassa e nada mais falsos mcs não encontram paz três letras sigla o logo disciplina música e caráter fudendo o jogo pey não é encenação yro em ação nessa função toda semana não explana minhas puta e doze intimação sem drama falam mal meu clipe que não era um hino vocês nem fizeram depois da saída yro era seu último suspiro perdido nos tiros e agora quem é que está falecido na evoque com panicat que eu levei embora depois meu rap caveira heman felipe ou febem dá um google peso pesado na rima igual um trem cargueiro levando corpos mcs que já matei ao túmulo acredite não duvide pense bem é mútuo 288 aquele que não morreu seja na rua palco o meu seguro sou eu dmc é sigla rap é o bicho que faz música dinheiro e coleciona inimigo opala 67 contornando brasil com uns 10 loquinho na mala quem viu viu terno preto teto baixo nego sem deixar rastro nego eu sinto cheiro quando queimam o pavio escorrendo das sirene minha banca nunca treme disciplina e liberdade pra quem viver é linha frente faço o que der na mente o louco consciente responsa tá nos corre e o medo é pra quem teme falou microfone é tipo jim jones jon jones moob deep fone sem clone eu sou cachorro sem dono sempre com fome ó o que é difícil mudar só fiz pra mim não afundar vida é um mar rosas só não pode se afogar piolho molho engatou marcha ré queimo na seda bong e pipe pilaco é vaps sem cops pé mais uma dose damassaclan psicose só pra quem fecha firme e forte na corrida com os irmãos vai ter que bater peito pra entrar pra facção não só menino bom com certeza não apenas uma banca somos mais que uma empresa gente segue firme e forte mano sem tirar ninguém porque damassa é união e ideias vai além é vida loka é melhor gente não ficar toca fica falando dos outros meu pescoço vai pra forca manhã tava caps pra noite não ser loque os verme nessa selva vivia base croque metendo block pros pilantra e nas loca arrastada dou aquela bagunçada mas só preso caminhada ô tio 10 anos meu parça não são 10 dias já vi que cê se apega pelas racha dessas tias milidias sem flipa sendo peça fundamental sim damassa tempo bom ser real não é opcional wo dmc yeah yeah é o mic check um dois chayco predella tangi tio nog é assim ó yall yall direto que eu vejo o momento que eu sinto pena vários arrombado vários filha da puta que tava meu lado que rebolava o rabo se mais um centavo pingar se pá e agora viado quer roubar e pode vim sou damassa e cê pode cobrar é só trombar e eu podia só te matar que nóis é ruim pra caralho já fui seu lado mas vida cobra eu sei que deus é justo e sai caro que passo pra loco reparo nas fita nos fato que cada preparo da vida não para ato que deus deu um dois uma saída é como um ensaio sobre cegueira cega ar tô na corrida confuso por tudo lembro mesmo motivo quando eu dei partida não cato marra ao lado dores e várias vadias se ver tá na cara ela senta na vara mas não vale 13 que vale minha mina eu percebi valores à escolha jamais deriva sou sempre damassa meu parça damassa na praça na disciplina yeh cuidado quem aponta o dedo vi o impossível ser relativo aqui os que só falam vi sucumbir cedo não por falta benção foi por receio quem são mais trinta o bonde tudo preto não é velório mas pode ser seu enterro vem preto dá uns puxa pingar mel nas techniques cruzando paz pelo céu dente ouro boot tudo preto convocado pra missão invadir o mundão com banca mais pesada meu clã é 100 nata damassaclan é que carrego pela estrada enquanto nóis trabalha vagabundo procura uma falha vai segurando pois é só o começo o reconhecimento não tem endereço o logo não tá na camisa tá peito e se quiser ver chão então paga o preço e verdade liberta escreve tua alma e se ficar bobeira pra sair dessa ruga te ensina com sangue eu sou o filho da noite o cão raivoso damassa sem pedigree e sem raça se procurar cê encontra entendeu então vaza contrafluxo mesclando rimas jet life na city vidro fechado acende o beck da quebrada pro centro chove o clima tenso os cop querendo tumultuar eu observo atento vejo tudo e eles não veem e te garanto o que eles fazem na real não passa na tv despreparo é notável lamentável não é problema meu até eles acharem que sou sp não dorme pirituba consome monte crack bala doce ninenine sem citar nomes passa seu telefone ham alô pra sua segurança é melhor comprar uma glock tey os loki entra em choque cuidado com o sherlock conheço todas função da oestenorte guerrilheiros meu bonde meu bonde comédia não se envolve pra quem brincar com morte bonde dos monstros desejo boa sorte damassa tim tim clicou na taça minha raça é dream team gera fumaça oito linha nove bala o dedo coça e dispara largo sete pente uma na agulha e uma na sua cara bem mais que um bonde bem mais que um nome damassaclan damassaclan vinha nós venha provar beber da fonte caráter música e disciplina damassaclan terror das forzadera mais que um marco presença na linha tempo parcero trampando o dia inteiro dmc quem que vai dizer que não correu não subiu não se uniu pra ver mais que estampa que banca aqui é só refrão vivência vida que escreve o som teve quem viu pra crer quem pagou pra ver nem vem frustração damassa é o poder essa rima não é pros bico não essa não é pros hater nem pras peladinha instagram ham quem não é visto não é lembrado então esquece que nem uma linha desse rap eles merecem cala boca eu sou dono meu silêncio não sou escravo palavras jogadas ao vento eu sou flipão zero real eu sou damassaclan eu sou suspeito pra falar dos meus amigos eu sou fã10embed
296,1960,The Innocents,Honest I Do,honest lyricsi love honest need honest talk love hold heaven hold love cherish heaven love honest honest honest doembed
299,1960,Jimmy Clanton,Another Sleepless Night,sleepless night lyricsthe nights lonely went away sleep try youre youre stay chorus looks sleepless night oh darlin thats alright long holdin tight makin love till early morning light whets appetite sleepless night hold moon shines window let love flow hold orchestrate loves scenario radio looks sleepless night oh darlin thats alright long holdin tight lead break hold moon shinesetc chorusembed
301,1960,Johnny Preston,Running Bear,running bear lyricson bank river stood running bear young indian brave river stood lovely indian maid little white dove lovely sight tribes fought love running bear loved little white dove love big sky running bear loved little white dove love die swim raging river cause river wide reach little white dove waiting moonlight throwing kisses cross waves little heart beating faster waiting indian brave running bear loved little white dove love big sky running bear loved little white dove love die running bear dove water little white dove swam swirling stream came hands touched lips met raging river pulled theyll happy hunting ground running bear loved little white dove love big sky running bear loved little white dove love die1embed
303,1960,Little Anthony And The Imperials,"Shimmy, Shimmy, Ko-Ko-Bop",shimmy shimmy kokobop lyricsoh oh oh oh oh oh oh oh ah oh oh oh oh oh oh oh oh ah shimmy shimmy kokobop shimmy shimmy bopahh shimmy shimmy kokobop shimmy shimmy bopahh sittin native hut blue sittin native hut wonderin came native girl native dance paradise trance goin shimmy shimmy kokobop shimmy shimmy bop shimmy shimmy kokobop shimmy shimmy bop joined dancin spree felt spine atingle held tight close man glad single showed amazed soon learned step daze goin shimmy shimmy kokobop shimmy shimmy bop shimmy shimmy kokobop shimmy shimmy bop shimmy shimmy kokobop shimmy shimmy bop koko bop nows time stop left foot forward right bring syncopate steps youre gonna glide rythm track girls em start arch man got em goin shimmy shimmy kokobop shimmy shimmy bop shimmy shimmy kokobop shimmy shimmy bop shimmy shimmy kokobop shimmy shimmy bop shimmy shimmy kokobop shimmy shimmy bop shimmy shimmy kokobop shimmy shimmy ahhhhhhembed
305,1960,Ray Charles,Hardhearted Hannah,hardhearted hannah hardhearted hannah vamp savannah meanest girl town leather tough hannahs heart tougher shes girl likes men suffer tease thrill torture kill ooh delight saw seashore great big pan hannah pouring water drowning man thats hardhearted hannah vamp savannah ga hardhearted hannah vamp savannah meanest girl town talk cold refrigerating mommas brother shes polar bears pajamas tease thrill torture kill ooh delight evening spent hannah sitting knees alaska bvds thats hardhearted hannah vamp savannah gaembed
306,1960,Ella Fitzgerald,Mack The Knife,mack knife lyricsoh shark pretty teeth dear shows pearly white jackknife macheath dear keeps sight shark bites teeth dear scarlet billows start spread fancy gloves wears macheath dear theres trace trace red sidewalk sunday morning lies body oozing life someones sneaking round corner tell mack knife tugboat river know cement bags dropping cements weight dear bet cat called mackheath oh mackheath hes town improvisation oh mackheaths town hes hes hes hes hes hes hes hes hes hes town mackheaths town1embed
307,1960,Frankie Avalon,A Perfect Love,perfect love lyricslover heart cover let help discover perfect love look high theres bright blue sky know buy perfect love darling promise future ways shiny bright hide let sunshine inside let hopes high tide far lover heart cover let help discover perfect love lover heart cover let help discover perfect loveembed
308,1960,Jack Scott,It Only Happened Yesterday,happened yesterday lyricsit happened yesterday miss dear known id think wouldve let happened yesterday losing mind smart broke heart mmmmmm foolish boy love love dear die ill lonely nights got best happened yesterday forgive knees begging forgive yesterday knees begging forgive yesterdayembed
310,1960,Etta James,My Dearest Darling,dearest darling need dearest darling love heart pray answers yes ill life happiness ill oh pledge love god guide unh dearest darling offer heart oh yeah need ill ill oh pledge love god guide oh world apart unh dearest darling offering heart unh dearest darlingembed
312,1960,Jimmie Rodgers,Waltzing Matilda,folk songs world lyricsin alphabetical order title song add link abraham martin john dion song summary age worry john mayer song summary american tune paul simon song summary american pie don mcclean song summary band played waltzing matilda joan baez song summary angel montgomery john prine song summary seventeen janis ian song summary b badge gun john mayer song summary ballad casey jones wallace saunders song summary ballad st annes reel john denver song summary banks ohio joan baez song summary barbara allen shirley collins song summary barretts privateers stan rogers song summary big yellow taxi joni mitchell song summary billy boy andrews sisters song summary blackbird beatles song summary blowwin wind bob dylan song summary blue moon kentucky monroe song summary sides joni mitchell song summary boxer simon garfunkel song summary boy named sue johnny cash song summary bridge troubled water simon garfunkel song summary bury beneath willow woody guthrie song summary c caledonia amy macdonald song summary calypso john denver song summary canadian railroad trilogy gordon lightfoot song summary circle unbroken carter family song summary help wonder bound tom paxton song summary carry virginia old crow medicine song summary car wheels gravel road lucinda williams song summary case joni mitchell song summary catch wind donovan song summary cats cradle harry chapin song summary changes phil ochs song summary chelsea morning judy collins song summary christmas trenches john mccutcheon song summary city new orleans arlo guthrie song summary circle game joni mitchell song summary cool water joni mitchell song summary copperhead road steve earle song summary cotton fields leadbelly song summary loved bob marley song summary curragh kildare christy moore song summary d dang roger miller song summary danny boy bing crosby song summary david cody jinks song summary day o bananna boat song harry belafonte song summary db cooper todd snider song summary deportees woody guthrie song summary diamond rough shawn colvin song summary diamonds rust joan baez song summary didnt leave baby emmylou harris song summary dirty old town ewan maccoll song summary fence willie nelson song summary let sick warren zevon song summary think twice right bob dylan song summary river pray alison krauss song summary dutchman steve goodman song summary e early morning rain gordon lightfoot song summary ein prosit toast large group drunken singers song summary el condor pasa simon garfunkel song summary el paso marty robbins song summary escarpment blues sarah harmer song summary f fare thee northumberland mark knopfler song summary father son cat stevens song summary old memories hazel dickens song summary fields athenry charlie petra haden song summary rain james taylor song summary minutes fame act congress song summary folsom prison blues johnny cash song summary sake song townes van zandt song summary fountain sorrow jackson browne song summary strong winds ian sylvia song summary freedom richie havens song summary freight train elizabeth cotten song summary froggie went courtin bruce springsteen song summary galway graceland richard thompson song summary g galway girl steve earle song summary gentle arms eden dave carter tracy grammer song summary gentle mind john hartford song summary gold watch chain emmylou harris song summary goodnight irene lead belly song summary graceland paul simon song summary green green new christy minstrels song summary green green grass home tom jones song summary h hallelujah leonard cohen song summary happy todd snider song summary harvest moon neil young song summary haul away mark knopfler song summary hes got world hands odetta song summary friend bob dylan song summary heart gold neil young song summary hobos lullaby woody guthrie song summary homegrown tomatoes guy clark song summary homeward bound simon garfunkel song summary house rising sun animals song summary hammer peter paul mary song summary carpenter bobby darin song summary illegal smile john prine song summary town size john prine delores keane song summary indianapolis tom flannery song summary spite john prine iris dement song summary irish heartbeat van morrison song summary australia home peter allen song summary ive johnny cash song summary ive working railroad pete seeger song summary j jamaica farewell harry belafonte song summary jeannie needs shooter warren zevon song summary john browns body pete seeger song summary john henry bruce springsteen song summary k grass todd snider song summary sunny june carter cash song summary king road roger miller song summary kisses sweeter wine jimmie f rodgers song summary knockin heavens door bob dylan song summary l la freeway guy clark song summary lake charles lucinda williams song summary lake ponchartrain peter case song summary thing mind tom paxton song summary lemon tree trini lopez song summary rolling stone bob dylan song summary little boxes malvina reynolds song summary lonesome pines foggy hollow band song summary long black veil johnny cash song summary long road home sheryl crow song summary long tall glasses leo sayer song summary m pallet floor willie brown song summary mamas let babies grow cowboys waylon jennings willie nelson song summary mandolin wind rod stewart song summary man constant sorrow dan tyminski song summary man needs maid neil young song summary marching pretoria weevers song summary masters war bob dylan song summary matty groves fairport convention song summary mercy mary gauthier song summary michael row boat ashore pete seeger song summary midnight special lead belly song summary mama allow music doc watson song summary mr bojangles nitty gritty dirt band song summary mr tambourine man bob dylan song summary mta kingston trio song summary pages bob dylan song summary heroes cowboys waylon jennings song summary n night drove old dixie band song summary northwest passage stan rogers song summary o ode billie joe bobbie gentry song summary oh darling clemintine traditional song summary oh susanna james taylor song summary old dan tucker bruce springsteen song summary old folks home paul robeson song summary old friends roger miller song summary old man neil young song summary omie wise doc watson song summary meatball dave van ronk song summary o tannenbaum oh christmas tree nat king cole song summary town iris dement song summary p pancho lefty willie nelson merle haggard song summary paradise john prine song summary parting glass clancy brothers song summary pastures plenty woody guthrie song summary peace train cat stevens song summary pirates gospel alela diane song summary bury john prine song summary pretty saro bob dylan song summary puff magic dragon peter paul mary song summary q queen california john mayer song summary r ragpickers dream mark knopfler song summary red river valley gene autry song summary reuben james kingston trio song summary rocky mountain high john denver song summary rocky osborne brothers song summary s sailing philadelphia mark knopfler james taylor song summary scarborough fair simon garfunkel song summary shady grove jerry garcia david grisman song summary shell coming round mountain neil young song summary silver threads golden needles linda ronstadt song summary sittin dock bay otis redding song summary sixteen tons ernie ford song summary feel motherless child odetta song summary someday soon judy collins song summary sound silence simon garfunkel song summary spike driver blues mississippi john hurt song summary streets london ralph mctell song summary sugar mountain neil young song summary supermans song crash test dummies song summary suzanne leonard cohen song summary t home country roads john denver song summary alela diane song summary tangled blue bob dylan song summary teach children crosby stills nash song summary thats amore dean martin song summary fortune phil ochs song summary baptized jesse taylor valley road bluegrass band song summary land land woody guthrie song summary tie kangaroo sport rolf harris song summary times achangin bob dylan song summary tom dooley kingston trio song summary tootie ma big fine thing preservation hall jazz band song summary trail tears john denver song summary true blue john williamson song summary turn turn turn byrds song summary u universal soldier buffy saintemarie song summary v volare dean martin song summary w wabash cannonball roy acuff song summary wade water blind boys alabama song summary waltzing matilda slim dusty song summary water wide james taylor song summary shall overcome pete seeger song summary weight band song summary song ma melanie song summary johnny comes marching home dolly parton song summary flowers gone kingston trio song summary whiskey jar dubliners song summary knows time goes sandy denny song summary georgia john mayer song summary wild rover nay clancy brothers tommy makem song summary wildwood flower june carter cash song summary circle unbroken carter family song summary wind cat stevens song summary woodstock crosby stills nash young song summary wreck edmund fitzgerald gordon lightfoot song summary wreck old 97 johnny cash song summary xyz yankee doodle robert shaw corale song summary sunshine jimmie davis song summary numbers 500 miles peter paul mary song summary 1913 massacre woody guthrie song summary 1952 vincent black lightning richard thompson song summary1embed
313,1960,Little Willie John,Let Them Talk,let talk lyricsthompson king single 5274 pop chart 100 feb 22 1960 rb chart11 ernie hayespiano mickey bakerguitar emile russelldrums shafek kareem skippy williams bellino ramagliatenor sax arleem kareem pinky williamsbaritone sax alfred cobbstrombone unk strings let talk want talk bother want wide world know love let whisper know whats ill loving day die theyre tryin breakup romance chance kind love thats strong idle gossip comes devils workshop true love stop want wide world know love theyre envious evrything wonderful wonderful love love loves youembed
316,1960,Fats Domino,My Girl Josephine,girl josephine lyricshello josephine remember baby remember laugh holler woo woo woo walk home hold hand use umbrella time rained muchit cryin shame live yonder railroad track rained walki tote try believeit thrill hello josephine remember baby remember laugh holler woo woo woo fade outembed
317,1960,Jimmie Rodgers,Just A Closer Walk With Thee,closer walk thee lyricsjust closer walk thee grant jesus plea daily walking close thee let dear lord let weak thou art strong jesus wrong ill satisfied long walk let walk close thee thro world toil snares falter lord cares burden shares thee dear lord thee feeble life oer time guide gently safely oer kingdoms shore thy shoreembed
320,1960,Hollywood Argyles,Alley-Oop,alleyoop oopoop oop oopoop alleyoop oop oop oopoop theres man funny papers know alleyoop oop oop oopoop lives way long time ago alleyoop oop oop oopoop eat nothin bear cat stew alleyoop oop oop oopoop cats isa alleyoop alleyoop oop oop oopoop got chauffeur thats genuine dinosaur alleyoop oop oop oopoop knuckle head count alleyoop oop oop oopoop got big ugly club head hayuh alleyoop oop oop oopoop great big lions grizzly bears alleyoop oop oop oopoop alleyoop hes toughest man alive alleyoop wearin clothes wildcats hide alleyoop hes king jungle jive look cave man scream rides jungle tearin limbs offa trees alleyoop oop oop oopoop knockin great big monstas dead knees alleyoop oop oop oopoop cats bug cuz know bettah alleyoop oop oop oopoop cuz hes mean motah scootah bad gogettah alleyoop oop oop oopoop alleyoop hes toughest man alive alleyoop wears clothes wildcats hide alleyoop hes king jungle jive look cave man scream goes alleyoop oop oop oopoop look cave man alleyoop oop oop oopoop sure hip aint alleyoop oop oop oopoop whats happening alleyoop oop oop oopoop hes alleyoop oop oop oopoop ride daddy ride alleyoop oop oop oopoop hiyo dinosawruh alleyoop oop oop oopoop ride daddy ride alleyoop oop oop oopoop em man alleyoop oop oop oopoop likehipsville alleyoop oop oop oopoopembed
