,Year,Artist,song_name,further_clean_text
322,1961,Jeanne Black,"Oh, How I Miss You Tonight",oh miss tonight lyricsoh miss tonight miss lights low oh need tonight youll know moment apart youre heart id lonely wait darling miss tonight yes darling lonesome tonight days long everythings wrong lonesome blue love dear wish come forgive moment apart youre heart id lonely wait darling miss tonightembed
323,1961,Bobby Rydell,Good Time Baby,good time baby lyricsgood time baby bobby rydell words music bernie lowe kal mann dave appell peak billboard position 11 1961 good time baby yeah chicks dynamite kicks kicks evry night good time baby lets crazy youre thrill kiss twist good time baby gonna stick youre real cool baby mean maybe moves soul hmm yeah yeah superfine sure youre good time baby love yes dowhoa instrumental good time baby lets crazy whoaoh instrumental good time baby love yes youre real cool baby meana maybe moves soulyay yeah youre super fine sure youre good time baby love yes yeah chicks dynamite kicks kicks evry night good time baby love yes doyeahoh good time good time baby love youoh yes youre dynamite kiss twist night fade whoa stop stop yeah cmon grooveembed
326,1961,Little Willie John,The Very Thought Of You,thought lyricsthe thought forget little ordinary things ought living kind daydream happy king foolish thats mere idea longing youll know slow moments til near face flower eyes stars thought thought love mere idea longing youll know slow moments til near face flower eyes stars thought thought loveembed
330,1961,Ike & Tina Turner,Poor Fool,poor fool lyricsike miscellaneous poor fool poor fool ike tina turner want tell aint doin nothin tend business leave far man concerned wanna tell ya hes youve fool long let tell ya hes wake hes gone yeh yeh yeh yeh yeh yeh yeh yeh yeh know feel yeh eh yeh yeh yeh yeh yeh yeh hes love real ashamed poor fool cause hes man says hes youve fool long listen man hes thought id prussia bought ashamed id guide missile told cause hes poor fool know hes says man fool long listen bed hard thats gonna sleep people talking means work fingers right bone doin things right wrong cause hes poor fool know hes says man fool long ohh hes youve fool long let tell ya hes wake hes gone yeh yeh yeh yeh yeh yeh yeh yeh yeh yeh know feel yeh yeh yeh yeh yeh love real ashamed poor fool cause hes man says hes youve fool long listen man way hoppin day ill hurt frown man hes cause hes poor fool know hes says man youve fool long ohhhhhhhh hes youve fool long let tell hes wake hes gone yeh yeh yeh yeh yeh yeh yeh know feelfadeyeh yeh yeh yeh hes mineembed
331,1961,Chubby Checker,Twistin' U.S.A.,twistin usa lyricseverybody twist theyre twistin cleveland kansas city theyre wailin warwood pittsburg st lou baby ready yeah gonna twist yee ar round yeah yeah yeah shake fro yeah oh whoo boston la cha know theyre twistin usa yeah yeah theyre twistin new york old chicago town hartford frisco round round ar theyre twistin bandstand baby cha yee ar round yeah yeah yeah shake fro yeah oh whoo boston la cha know theyre twistin usa yeah yeah yeah shimmy charlotte shake baltimore detroit dallas miami shore baby oh baby oh waitin yee ar round yeah yeah yeah shake fro yeah oh whoo boston la cha know theyre twistin usa twist round yeah yeah yeah shake fro yeah oh whoo boston la cha know theyre twistin usa theyre twistin washington cincinatti england europe theyre twistin asia africa australie australiaembed
333,1961,The Highwaymen,Cotton Fields,cotton fields little bitty baby mama rock cradle old cotton fields home little bitty baby mama rock cradle old cotton fields home oh cotton bolls rotten pick cotton old cotton fields home louisiana mile texarkana old cotton fields home little bitty baby mama rock cradle old cotton fields home little bitty baby mama rock cradle old cotton fields home oh cotton bolls rotten pick cotton old cotton fields home louisiana mile texarkana old cotton fields home old cotton fields home old cotton fields homeembed
335,1961,The Lennon Sisters,Sad Movies (Make Me Cry),sad movies lyricssaaad movies said work went turned lights turned projector news world started begin saw darlin best friend walk sittin didnt sat right kissed lips died middle color cartoon started ohohoh saaad movies ohohoh saaad movies got slowly walked home mama saw tears said whats wrong telling lie said saaad movies ohohoh saaad movies ohohoh saaad movies ooh ooh ooh ooh ooh ooh ooh ooh ooh saaad movies cryiiembed
339,1961,Duane Eddy,Ring Of Fire,song titles movies qr lyricsrace devil gene vincent rag doll seasons rambling rose nat king cole reap wild wind ultravox red desert neil larsen rhapsody blue george gershwin rich girl hall oates ring duane eddy rise herb alpert road alarm rock clock haley comets rocketman elton john rocky austin roberts romeo bleeding tom waits roxanne police runaway del shannon runaway bride police running jackson browne running scared roy orbison rush hour jane wiedlinembed
341,1961,Bobby Rydell,Sway,sway lyricswhen marimba rhythms start play dance sway lazy ocean hugs shore hold close sway flower bending breeze bend sway ease dance way stay sway dancers floor got eyes magic technique sway grow weak hear sound violins long begins thrill know sway smooth sway lazy ocean hugs shore hold close sway dance way stay sway dancers floor dear eyes magic technique sway grow weak hear sound violins long begins thrill know sway smooth sway thrill know come sway nowembed
342,1961,Phil McLean,Small Sad Sam,small sad sam lyricssmall sad sam phil mclean versatile ver 107 sunny skylare v deane rfd music pub ascap small sad sam small sad sam heres tale man puny weak stood foot stocking feet kinda narrow shoulder heavy waist misplaced small sam small sad sam slid town rainy night runnin dog away fight pretty big mouth guy size said pack lies small sam small sad sam day got downtown bus thing know awful fuss threw sam street trying steal old ladys seat bad sam small bad sam day knows elevator stuck eightyfifth floor cables broke said car hung thread women calm men balm sam screamed cried little child squeezed emergency door pulled eightysixth floor small sam chicken sam small chicken sam instead helpin free sam said lookin cable snapped way cursed sam hit ground small sam small sad sam someday sams gonna ill bet aint gonna pass hat cause sam nothin good cat small sad sam yes small sam small sad sam chicken sam small sad sam good sam small sad sam fade small sad sam personal use research onlyembed
343,1961,Marty Robbins,I Told The Brook,told brook lyricsi told brook runs valley secret best friend knew brook told trees trees told breeze love trees told flowers hiding hilltop clouds told moon shone angry blue heart love brook angry changed river rushing madly soft summer breeze played tag trees wild strong bashful white flowers hiding hilltop grew dark rain came pouring hearts hide tears cried carpeted ground storm passed gone theres sunshine chains held gone trees wave hello stand brook sings sweetest song bashful white flowers hilltop sun moon friends promise therell heartaches till fall love againembed
345,1961,Johnny Burnette,Big Big World,big big world lyricsnine 27th avenue walked door hello sir looking friend living apartment 10 shes gone long big big city big big world hows boy gonna little pretty girl big big world going telephone got pocketful dimes know jones joneses joneses oh pages 19 23 big big world unkind phone took dime big big city big big world hows boy gonna little pretty girl big big world going telephone got pocketful dimes know jones joneses joneses oh pages 19 23 big big world unkind phone took dimeembed
346,1961,Hank Ballard And The Midnighters,The Hoochi Coochi Coo,hoochi coochi coo lyricshey mama better talk sue shes hoochi coochi coo theyre swirling kitchen know shell licking hoochi coochi coo hey mama better come real quick tell papa bring hickory stick shes shaking shes breaking know shell soon aching hoochi coochi coo shes spinning shimmying steady rock dipping round round round hey mama gonna hey mama look little sue theyre swishing kitchen know shell licking hoochi coochi coo spinning shimmying steady rock dipping round round round hey mama gonna hey mama look little sue theyre swishing kitchen know shell licking hoochi coochi cooembed
347,1961,Bobby Bland,Turn On Your Love Light,turn love light lyricswithout warning broke heart took darlin tore apart left sitting dark crying said love dying begging baby begging come baby come begging baby baby come baby baby turn light let shine turn love light let shine let shine shine shine let shine got little lonely middle night need darlin things right little bit higher little bit higherembed
351,1961,Marv Johnson,Merry-Go-Round,merrygoround lyricsmerrygoround merrygoround merrygoround merrygoround love love loves loves tell love merrygoround merrygoround merrygoround need need needs needs tell oh love merrygoround merrygoround love loved return love darling darling meant meant oh love love loves loves tell love merrygoround merrygoround merrygoround oh love merrygoroundembed
353,1961,Ferrante & Teicher,Tonight,tonight baby girl fiend 100 millie lean 750 freak trapper week shard oh darling bet gonna eat playing shotgun seat antisocial speak crying cause mean nah day got nicked misdemeanor yeah wookie skeezer aint trynna cheater yeah aint gonna heart broke fa yeah time trynna walk rеally loud pour lean cup leather sеats baby start couch car plane wrist bae shit audemars birthday france uh baby girl fiend 100 millie lean 750 freak trapper week yeah shard oh darling bet gonna eat playing shotgun seat antisocial speak yeah cause swear swear long live beef right aint gotta worry aint gotta scared ill right youll right yeah yeah cause argue argue yeah yeah hold mash bag care bear fightin yeah yeah yeah baby crib tonight yeah beat case wanna licked tonight young boy bring flick tonight thats thinkin twice trynna fuck tonight tonight tonight baby tonight yeah trynna ride tonight tonight youll lose life tonight yeah wife tonight tonight tonight look eyes tonight youll pain inside yeah alright tonight tonight youll feel vibe yeahembed
354,1961,Patsy Cline,Crazy,crazy crazy crazy feeling lonely crazy crazy feeling blue knew youd love long wanted someday youd leave somebody new worry let worry wondering world crazy thinking love hold crazy trying crazy crying crazy loving crazy thinking love hold crazy trying crazy crying crazy loving you4embed
355,1961,The Miracles,Broken Hearted,broken hearted broken hearted parted care broken hearted parted blue baby yes aint havin fun gone cryin hope keeps dyin oh broken hearted baby parted maybe know girl let remind love girl gonna hope leave past come let know youve broken hearted ooh parted thrill come come home nevermore roam broken hearted baby parted aint havin fun cause need bet life bet life come come come onembed
356,1961,Jim Reeves,The Blizzard,blizzard lyricstheres blizard coming wishing home ponys lame hardly stand listen norther sigh home die seven miles mary anns seven miles mary anns bet mind nearly supertime ill bet theres hot bisquets pan lord hands feel froze theres numbness toes miles mary anns miles mary anns winds howling mighty womans scream wed best moving faster dan think barn hay soft warm miles mary anns miles mary anns dan ornery cuss youll death weary ill help alright dan best stop rest yards mary anns sang yards mary anns late night storm gone dawn hedamade leave old dan yes plains hands froze reigns yards form mary anns sang yards mary annsembed
357,1961,The Lettermen,The Way You Look Tonight,way look tonight lyricssome day awfully low world cold feel glow thinking way look tonight yes youre lovely smile warm cheeks soft love way look tonight word tenderness grows tearing fear apart laugh wrinkles nose touches foolish heart lovely change breathless charm wont arrange cause love way look tonight mm mm mm mm way look tonightembed
362,1961,Jerry Butler,Moon River,moon river moon river wider mile crossing style someday oh dream maker old heartbreaker youre going going way drifters world theres lot world rainbows end waiting round bend huckleberry friend moon river rainbows end waiting round bend huckleberry friend moon river meembed
363,1961,Neil Sedaka,Calendar Girl,calendar girl love love love calendar girl yeah sweet calendar girl love love love calendar girl day year january start year fine february youre little valentine march gonna march aisle april youre easter bunny smile yeah yeah hearts whirl love love love little calendar girl day day day day year day year maybe ask dad mom june theyd let junior prom july firecracker aglow august youre beach steal yeah yeah ahh hearts whirl love love love little calendar girl day day day day year day year whoo yeah yeah ahh hearts whirl love love love little calendar girl day day day day year day year september light candles sweet sixteen october romeo juliet halloween november ill thanks belong december youre present neath christmas tree yeah yeah ahh hearts whirl love love love little calendar girl day day day day year day year love love love calendar girl ooo yeah sweet calendar girl love love love calendar girl yeah sweet calendar girlembed
364,1961,Freddy Cannon,Buzz Buzz A-Diddle-It,buzz buzz adiddleit lyricswell goin highway baby ruth car broke tire blew telephone booth tried honey sound hear buzz buzz adiddleit ear buzz buzz adiddleit endless yakkin hound dog hawkin sweet talkin dear buzz buzz adiddleit buzz buzz adiddleit central seven whos line break baby threeoninetynine oh sos sweet mama switch heaven buzz buzz adiddleit buzz buzz adiddleit telephone operator lovin future hangs buzz buzz adiddleit buzz buzz adiddleit hang central seven whos line break baby threeoninetynine oh sos sweet mama switch heaven buzz buzz adiddleit buzz buzz adiddleit telephone operator lovin future hangs buzz buzz adiddleit buzz buzz adiddleit come honey buzz buzz adiddleit baby buzz buzz adiddleit come sugar buzz buzz adiddleit honey buzz buzz adiddleit talk baby buzz buzz adiddleit come honey buzz buzz adiddleit babyembed
366,1961,Roy Hamilton,You Can Have Her,lyricswell want didnt love wanted play wanted love stay stuck wrong woman theres thing dig hole jump right pull ground right want want didnt love didnt love wanted wanted play lay wanted wanted love stay love stay girl love left ran away best friend comes home night hour day light comes shes gone life love mighty confessions good soul id love cling world gold want want didnt love didnt love wanted wanted play play wanted ohh love stay ohh want want didnt love didnt love wanted wanted play play want want want want want want want wantembed
368,1961,Dee Clark,Raindrops,raindrops oh raindrops raindrops feels raindrops falling eyeeyes falling eyes love left bring know shes gone know shes gone cloud head rain keeps falling eyeeyes oh teardrops man aint supposed raindrops raindrops feels raindrops falling eyeeyes falling eyes oh cloud head rain keeps falling eyeeyes oh teardrops man aint supposed raindrops raindrops feels raindrops falling eyeeyes falling eyes keeps fallin fallin eyes wooo keeps fallin eyes falling eyes1embed
369,1961,Bobby Parker,Watch Your Step,watch step lyricsyou better easy baby away dirty youll day better watch step talking watch step better watch step watch step eyes open wide cause youll hurting inside watch step watch step better leave money away think funny honey ive gotta better watch step whoa oh watch step watch step watch step cause took love left misery watch step hey hey watch step gonna miss loving night gonna right yeah yeah watch step watch step watch step watch step need gonna hide watch step hey hey watch step better watch baby watch step watch step gonna eyes focused watch step right watch step youre gonna look honey watch step eerywhere watch stepembed
371,1961,Fats Domino,I Hear You Knocking,hear knocking lyricsyou went away left long time ago come knockin hear knockin come hear knockin begged ya said goodbye come tellin lies hear knockin come hear knockin hada listened long time ago wouldnt goin hear knockin come hear knockin beenembed
372,1961,Hank Ballard And The Midnighters,The Switch-A-Roo,switcharoo lyricsnow come baby lets switcharoo switcharoo switcharoo come baby lets switcharoo switcharoo switcharoo honey switcharoo switcharoo hey hey everybody lets hill switcharoo switcharoo hey everybody lets hill switcharoo switcharoo know think wont aw know switcharoo switcharoo come baby form big boss line come baby fall thats baby youre looking good yougre switcharoo knew aww switch switcharoo said switch switcharoo oh switch switcharoo switcharoo switcharoo said switch switcharoo switcharoo fust switcharoo switcharoo switcharoo said switch switcharoo oh switch come baby form big boss line come baby fall thats baby youre looking good yougre switcharoo knew oh switch switcharoo switch switcharoo switcharoo switcharoo said switch switcharoo said switch switcharoo switcharoo switcharoo switcharoo switcharooembed
373,1961,The Chantels,Look In My Eyes,look eyes lyricslook eyesand tell love tell love darling ill gone gone gone gone gone look eyesand tell youre love darling ill gone gone gone gone gone gone said time glad youre whats wanna let knowa little time love darling set free look eyesand tell love tell love darling gone gone gone gone gone dooooo dididididi dooooo dididididiembed
374,1961,Elvis Presley,Little Sister,little sister little sister little sister little sister kiss twice nice run little sister big sister dated big sister took went candy came jim dandy snuck right door little sister little sister little sister kiss twice nice run little sister big sister time sister shes got somebody new shes mean shes evil little ol boll weevil guess ill try luck little sister little sister little sister kiss twice nice run little sister big sister pull pigtails pinch turnedup nose agrowing baby showing head toes little sister little sister little sister kiss twice nice run little sister big sister little sister big sister little sister big sister doneembed
377,1961,Frankie Avalon,The Puppet Song,puppet song lyricsin little town years ago lived puppet maker puppet lifetime wish pray hear puppets sing play world dreams began feel little puppets real night dreamed soon come day hed hear little puppets sing play pancho pedro cisco jingo wont listen play faith love believed grant little prayer miracle occurred ending day old man heard puppets sing play pancho pedro cisco jingo wont listen playembed
379,1961,Brook Benton,Think Twice,think twice lyricsyou know hurt broke precious vows stop loving know late turn said happy bless child thought guess secret heart saying man late turn fool start building castles skies dream saw heaven shining eyes knew love yes oh darling heart bow mmm yes youd know youd know said late turn late turn yes love late turn nowembed
380,1961,Jorgen Ingmann & His Guitar,Anna,fine tales lyricsnalani higdonâšï moriah nick jordan lane beasley nick hickman patricia cait oneal jackson alexander ðÿºðÿ president parker j ogle ðÿºðÿ john ellison iii ashlyn ziad dmiller john mullens ððððð ðððððð alyssa jo spires isabelle lambert brenna drake da hardest ryan daniel brooks alivefoâhââ î¼îïî¹ìïƒïƒî3ðÿðÿ sarah christian watson victoria shaw liz turner matthew shaw guy ðÿðÿ¹ leahðÿœ âœbjâ iphone 11 pro max spamzzz olivia crosby elijah maurer howington burrell realty maggie prestwood mia stevenson âœbeads charms melâœ tyler mckenzie photographer reya vincere scout nickkðÿðÿ bloominâ baileyâs jewelry pink pineapple cameronmclendon forthegirls harris bennett tally gunter alexis jade designs cameron waggener damien leach mandy otto fletcher ðððð ðððÿð âžðððÿð faith fun duìˆh daìštsìœ pd anna lane johnavery jt âœž marshall villarreal irie swim ðÿœÿmiraðÿœÿ cash appp jeasica allen ðšƒðšðšž ðšðšðšðšðššðšðšž ðšðšðšðš david fastfoodbite adrienne poe a_broken_lens eduard aubrey brianna meyer jasmine ðÿðÿžðÿšðÿðÿœðÿðÿðÿœ¹ðÿ garric ethan aler c t p y n e kevin harvey avery fleenor marissa eckel katie jim coleman ryan asterson plain fancy boutique cara watkins darien montanoðÿ²ðÿ½ tyler warren saeem khan colin browning aaron hall joshua isaiah burdette haley clary lil dannyðÿˆðÿ princessðÿðÿ¼ denny fussell karis williamson carolinegrace kylarðÿ sean langan david marlyne kobe ðÿðÿˆ brosia abby sipps platosclosetmaconga tyler harris aydendavisðÿðÿš lexie vito ðÿðÿœˆðÿâœ êêÿááêÿáá ðÿšðÿ¼ââïðÿâœ caroline payne âï andy âš¾ïðÿ chris andrews jman web davidson nick nailahðÿðÿª drennen hayes âªï kaylee thibodeaux stacy sapp ðÿ john chrabuszcz brandon dawson pires cameron âcaydenâ kaylee jeremy poston ðÿ anthony johnson khao hom ð ð ð ð ð ð ðž ð ðœ ðƒ trever christopher ayala audrey lewis pankaj kumar jesse kenney karmadee laine designs jackson harris baylor garrett kyle pierson serenity cox theodore n drakopoulos tatted papa arn dre breazyâs boutique âï abbey mckay jonah conner hutto taylor nicole ðÿºðÿ¼ rx 312 âï baìƒnìdzìzðÿðÿðÿ pashon david jakes seth williams garrett harrisâï jads â marty myers tate skipper â ðšˆðšðºð â abbey boutique shopping hadli lynn â¼authentically aligned llcâ¼ jayson carefree bee caden âœž ðð ð ð ð chris pickens amanda reneìe giroux isaiah ðÿ photography ash mask fantasy jr_life fitness majestic kitchens bath dylan kiddâœšðÿ½â john wagner stack shack kalli stone deep southern boutique ðÿ matt wallace ðððð lil jacob whitesell ððšÿðš diesel tyler king langston arnold cole farmer jojo poff k t e l y n maycie dylan reeves cj watson john fabick andrei parrish âðÿðÿ³ðÿ½ðÿðÿ½âðÿ ðÿºðÿðÿðÿ½ðÿ e r c w o o d f o r d crunch roswell aurora dennis sergio pãrez shein coupon thierry ec madison nicole ðÿ jayden gray âï harsh524 n s s e r rock n retro alleigh â kyle â boutique baybay ðððððâšï carson driver d daniel allen clay bowie erick broughman rhs josie robinson andrew miller justin jameson howdyðÿ omar âœž sáá áééáêœ grace âœž coleman cauley derrik j holley elijah lancaster jessie claire archebelle lex â carson craig rebecca lewis lily sanfrey jstar3726 hunter wiggins hayden dean ðÿ²h o w 7ïâƒ m e ðÿ funny evie â taylor sydðÿª j m e âšï amari mckenna jernigan ðÿ bradford cade gattie lb austin johnson dylan pham jenna fullerðÿžðÿ palmer braunstein emma hardy jamal stephens katie mcdaniel ariana jose benjume 21 ashton owens sophia crews jackðÿ dkomx stan smith joseph lartey shoptravenda glow boutique miss dotties boutique livie rose boutique truly tied sevartecreations mr bryant sticker water bamidele jamiu post beauty byjenni easonkanniard jasmine brooke lamech phillip evan emilyðÿ cj seymour yazmin ðÿ luca maximus bailey smith tabby daniels blake green mason seymour mopo hanna hatcher jennifer meizanis âšï isaiah warren zach true rojay gayle wes allenðÿºðÿ wylie b cole hernandez linds allison freeman yanna ðÿšðÿ½ââï emma livingston lani ðÿðÿ michael ray williams ella davisâïâïâï anna kate ella pangborn edwin dargan mcafee noah silver lance michael white ek sarah bethany sìœimkus michelle hobbs mercer kamber thalongsengchanh strength bands ððªð½ð chris jessiejulia bonbrake emily claire anna dougherty loâï á éªêééªééªá éêááá ðÿðÿðÿðÿðÿ montgomery fullington hunter wealot ðÿºðÿ sìœaìmmaìƒnìtìœhaìš jaìnìeì southernjcatering âœ sarena âœ kush patel mia brianna malik woolfolk cohen kilgore tino mofya tyler britt luke davis jude k nunnemaker vintage market days c georgia hadassahs closet georgia driving school nick russell ashley mays kayliaa b e n hendersonhurdle main katherinmisheltaylor ðžðððš ððððð morgan â langley anne â brycen youngðÿðÿºðÿ xzavier longacre seth jordan mary jane jammie fabick land brody whitehead candice maggie joiner katie beth zach bozeman annie blye mcdonald miranda ðÿ jb emporium misfit mama gifts logan hartman kbðÿœžðÿœš joseph bonbrake matthew tessendorf ðÿðÿ âlogan brownâ alessa griffin marchman chels david jakes sarah catherine judah hartman carly cga artsathletics annie robinson jr bonbrake alexliv_closet lyndsae maddenðÿðÿ victoria aêéªéáéªêÿ â½ halees stuff holliday brileigh ðÿðÿðÿ samy gabriel clowðÿâ griffin plotner taylor goodenow hailey hank patterson tessa whitehead dayra laney bowden ðï½â â jordan carr j kyle nâ kara bedingfield kayleigh oros shaw skyler denny kyle pioli cam cook hannah virginia weiss chamayaðÿœ âœ sydney weiss âœ cee ridley tabby hatem famousjoe stone stevenson em dallas ricks calli âï joseph jones catherineðÿ jennifer k moreira âœðÿ gage neubauer carrie pless alexus ibarrapinìƒa kt âïž caylee dobson ðÿ sebas â holly â joclyn poff yosveraniâs spamm sinclair soap company llc danny ray jr savannah greene kennesa isabelle rebecca ann ðÿmia 2018 ðÿ haley cheyenne schaffer mandy huang samuel moreira daniel slone eaðÿ gunner d robinson ben giglio landon johnson rose tran josh hardeman á á y á e judah sapp yosverani suarezrodriguezðÿ taylor macaroni crystal âœ alyssa ðÿºðÿkyle olearyðÿðÿª âšïm d e l n eâšï thrift finds tucker dunlap canvas paintingsðÿž halee âbelen diazâ z o e l e x s sebastian chloe knowles casey patterson sydâï megan spires bria âœ jchsðÿœ h n n h joey thibodeaux rebecca ann fabick patience kilpatrick rae pfab customz matt poff mia stevenson jacob moore susanna braswell kaiaelaineðÿž nolan sullivan mðÿ â ððšððž â kyle rice holly hunt hunter bean reagan rowland jake ricks phillip braswell ððððšðžðšðððšððÿ eddy landon courtney dobson erikson em jonathon bonbrakeâ micah thompson áéªêÿêÿ ééªáêœáêÿs ðÿžðÿ¹ 3 casey dobson patterson owen hayleeâï carrie dobson pless â elena powers â cameron mckayembed
381,1961,Paul Anka,Cinderella,cinderella lyricscinderella cinderella pretty pretty pretty cinderella late lips kissin forgot watch time sorry cinderella cinderella pretty pretty pretty cinderella promise promised wed home time bet cha think line cinderella oclock oclock bargained gonna tell mom dad door cinderella cinderella pretty pretty pretty cinderella faith sure preserve lasting love cinderella late promise oclock oclock bargained tell mother dad door oh cinderella cindrella pretty pretty cinderella faith sure preserve lasting love cinderella whoa oretty pretty pretty pretty pretty pretty cinderellaembed
383,1961,Linda Scott,"Starlight, Starbright",starlight starbright lyricsstar light star bright star tonight wish wish wish wish tonight star light star bright star tonight wish wish wish wish tonight shine star light help night love soon shine bring moon riding far away city cover magic glow think oh pretty star light star bright star tonight hear wish wont help dreams come true star light star bright star tonight hear plea wont dreams come true ohh pretty star light hey look star lightembed
388,1961,Johnny Horton,North To Alaska,north alaska lyricsway north north alaska way north north alaska north alaska goin north rush north alaska goin north rush big sam left seattle year ninetytwo george pratt partner brother billy crossed yukon river bonanza gold old white mountain little southeast nome sam crossed majestic mountains valleys far talked team huskies mushed snow northern lights arunnin wild land midnight sun yes sam mccord mighty man year nineteenone river windin big nuggets theyre finding north alaska goin north rush way north north alaska way north north alaska north alaska goin north rush north alaska goin north rush george turned sam gold hand said sam youre alookin lonely lonely man id trade gold thats buried land small band gold place sweet little jennys hand cause man needs woman love time remember sam true love hard id build jenny honeymoon home old white mountain little southeast nome river windin big nuggets theyre finding north alaska goin north rush north alaska goin north rush way north north alaska way north north alaska way north north alaska way north north alaska1embed
395,1961,Del Shannon,Runaway,runaway walk wonder awhat went wrong love love strong walk think things weve awhile hearts young awalkin rain tears fallin feel pain wishin end misery wonder wahwahwahwahwonder ran away wonder awhere stayay little runaway arun run run run runaway awalkin rain tears fallin feel pain wishin end misery wonder wahwahwahwahwonder ran away wonder awhere stayay little runaway arun run run run runaway arun run run run runaway arun run run run runaway11embed
396,1961,The Dreamlovers,When We Get Married,married lyricsdarlingoh oh married big celebration send invitations friends relations ball dancing married bells ringing tell world taking hand folks come wedding planned ball dancing married married timewell time darling ball dancing darling wait wedding day far folks whisper lovely ball dancing marriedembed
397,1961,Floyd Cramer,San Antonio Rose,san antonio rose deep heart lies melody song old san antone dreams live memory beneath stars alamo enchantments strange blue moonlit pass know hears broken song love moon splendor known heart rose rose san antone lips sweet tender petals falling apart speak love broken song words know live heart moonlit pass alamo rose rose san antone broken song words know live heart moonlit pass alamo rose rose san antone rose rose san antone rose rose san antoneembed
398,1961,Don Gibson,What About Me,lyricsyoure happy plain youre concerned old bes sympathy youre happy pass head high youve known regrets said goodbye youve got heartaches misery youre happy sweet words said words deceive left promises didnt someday love untrue youll feel way feel sympathy youre happy sympathy youre happy meembed
399,1961,Jackie Wilson,Years From Now,years lyricsyears maybe ill thankful said goodbye leave tonight know ill reason ill cause love yes love baby know love thought felt way years heartaches suffering gone know ill miss miss reason ill miss cause need yes need baby know need yeah best cause love yes love baby know love yeah know love true years years gonna day woman gotta heartaches suffering gone remember darling love love yeah love years nowembed
400,1961,Buddy Knox,Lovey Dovey,lovey dovey lyricsbop bop chu bopa bop bop chu bopa bop bop chu bopa youre cutest thing love features wont come lovey doveylovey dovey time yeahlovey dovey outa mind time kiss thrill nevernevernevernever let whoa baby lovey dovey timeyeah lovey dovey outta mind oh sigh feelin youre near high ceilinoh baby hear cause sayin love youplaced love pretty mama wait love comin 1 feel moodfor darlin break mamas rule lovey doveylovey dovey timeyeahlovey doveyi outa mind bop bop chu bopabop bop chu bopa bop bop chu bopa kiss stealin got fallin head rockin heart rollin baby leave meplease deceive love pretty mama wait love comin feel moodfor darlin break mamas rule lovey doveylovey dovey time oh lovey dovey outta mind repeat 2embed
407,1961,Brenda Lee,Eventually,eventually lyricseventually penalty hurt eventually memory ah memory haunt dreams look wearing called frown smile till turned upside id hate id hate feel eventually memory haunt dreams oh oh look wearing called frown use smile till turned upside id hate feel baby eventually memory ah memory haunt dreams youembed
411,1961,Mello-Kings,"Tonite, Tonite",tonite tonite lyricstonight tonight holding near tonight tonight id hear little words thrill heart whisper love eternally tonight tonight time heart need touch hands thrill embrace saying place looking afar wished star prayed blessing wish come true life ill dear hold love tonight tonight reach end ill miss til youre arms heart declare ill love forever love tonight repeat verseembed
413,1961,The Fleetwoods,Tragedy,tragedy lyricswind storm gones sun stars dark come youve gone whoa whoa tragedy oh come come come hold love love youve gone whoa whoa tragedy smoke smoke love love whoa dreams dreams gone gone whoa blown wind blown wind kissed snow thats left dark youve gone whoa whoa tragedy whoa whoa whoa tragedyembed
415,1961,The Olympics,Little Pedro,little pedro lyricslittle pedro 221 trk 5 olympics eddie lewis charles fizer poss melvin king walter hammond insert album notes incomplete band list pop chart 76 march 27 1961 arvee single 5023 intro mandolin style fast latin beat alittle pedro hes got fight bull alittle pedro hes got fight bull alittle pedro hes got fight bull win governors daughter way ina mexicali cat named little pedro got red sombrero silly grin aeverywhere goes atheres bull old bullpen asnortin akickin day knocked twentytwo houses killed twentyone men stood said hole alittle pedro hes got fight bull alittle pedro hes got fight bull alittle pedro hes got fight bull win governors daughter bull charged eyes aflamin center ring yeah stormed pedro silly grin alike kill thing took short step forward hes turnin saw bull comin feet grabbed red sombrero bag packed headed nearest backstreet bull stop started charge hit hard concrete wall said smile face end alittle pedro hes akilled bull alittle pedro hes akilled bull alittle pedro hes killed bull win governors daughter win governors daughter win governors daughter embed
417,1961,Paris Sisters,Be My Boy,boy boy true words love love truly love truly love truly heard words luckiest girl alive pray ill spend life near pray day hear boy boy boy boy boy boy boy boy boy boy boy boyembed
418,1961,Jimmy McCracklin,Just Got To Know,got know want know want know got know play feeling baby settle want know want know got know think want conveniency wrong tell right know ive dark long time day light want know want know got know wanna know wanna know wanna know wanna know wanna know wanna know pled prove love prove sure world round oh ways actions feeling let want know want know got know wanna know wanna know wanna know wanna know wanna know wanna know want know want know got know wanna know wanna know wanna know wanna know wanna know wanna know want know want know got know wanna know wanna know wanna know wanna know wanna know wanna know nah nah nah nah nah nah nah nah nah know everybody loves somebody wanna know oh got walk guess love know aint good play waiting game play guessing game got know loving oh got knowembed
419,1961,Jackie Wilson,The Tear Of The Year,tear year lyricsi thought id turn taste kiss delight hurt inside oh lord musta cried tear year night darlin heard final crushing word elses arms hold tight wished dead oh lord konow shed tear year night built world dream youre slipping fingers ripples stream oh oh darlin love seen day ill forever feelin blue feel hurt inside felt night cried tear year oh tear year oh youembed
422,1961,Tony Orlando,Bless You,bless lyricsevery time faced world stood love happened chorus oh darling bless bless breath bless perfectly bless little heart loving bless bless child till smiled took hand felt kind small stood world feet tall repeat chorus fadeembed
423,1961,Jerry Butler,He Will Break Your Heart,break heart love love wouldnt break heart love love hes tryin tear apart fare thee know youre leavin know youre leavin new love youve handsome guy youve dating whoa got feelin hes gonna cause love love wouldnt break heart love love hes tryin tear apart uses great quotations says things wish whoa hes rehearsals girl play wait final act youre left standing takes bow makes exit girl ill home love love wouldnt break heart oh love girl love hes tryin tear apart whoa love youembed
424,1961,Brook Benton,The Boll Weevil Song,boll weevil song lyricslet tell ya story boll weevil know boll weevil insect hes cotton grows comes hmm knows way story goes farmer said boll weevil youre square boll weevil said farmer yep darn familys gotta home gotta home farmer said boll weevil pick farm weevil laughed farmer n said aint gonna ya harm looking home boll weevil spotted lightning bug said hey id trade ya lightning bug id search night searchin home id plenty home boll weevil called farmer n said ya better sell old machines cause cotton heh buy gasoline gonna stake home gotta home boll weevil said farmer said farmer id wish farmer said boll weevil yeah wish shit lookin home lookin home ahh home right home real hot home ahhembed
426,1961,Vic Dana,Little Altar Boy,little altar boy lyricslittle alter boy wonder pray little alter boy gone astray holy little alter boy oh let hear pray little alter boy wonder ask lord ask alter boy sins away holy little alter boy let hear pray lift voice send prayer help rejoice prayer love know life wrong lift voice help sinner strong little alter boy wonder pray tell lord going change way today holy little alter boy oh let hear pray little alter boy let hear prayembed
427,1961,The Four Preps,More Money For You And Me,money medley lyricsfirst fleetwoods successful group lets send alaska entertain troops start asingin putting temperature 45 wowowowo mr blue freezing turn head warmth town freezing mr blue hollywood argyles mighty nice group kids wed send packing downhill pair skids theres group know thats aawful hip alley oopoop oop oopoop kinda send little trip alley oopoop oop oopoop awhere oughta tell alley oopoop oop oopoop awful hot rhymes swell california theyre working wont theyll run group thats hot home asked knew career ohoh course replied inside denied wah smoke gets eyes freshmen course theyve freshmen years isnt theyre stupid little maybe afford graduate theyre making dough wide world send place tell yeah sailing sailing water blue hail kingston trio cubas calling youououou takes worried man sing worried song takes worried man sing worried song takes worried man sing worried song worried wont worried long got kingston trio work cubas shores hung havana encores castro said em lets hang em hanging permanently hang kingston trio hang em tall oak tree eliminate kingston trio money dion belmonts driving tears lets send river years kids watching dion singing stars belmonts parking lot stealing hubcaps cars time steal hubcap breaks heart steal hubcap start night ask stars fail teenager jail groups come know ask tell goembed
429,1961,Connie Francis,Hollywood,hollywood lyricswhose jalopy covered junk money lunch hollywood hollywood whos local star big fine car hollywood wears shady glasses dark tries talk little girlies parking hollywood hollywood whos local yokel horn rimmed bifocals hollywood hold cigarette wear little frenchys hat hollywood hollywood thinks hes aint town hollywood ill little guess old hollywoods trying impress youre right hollywood hollywood whos farmer think hes charmer hollywood yeah hollywood right hollywood heres quarter buy ah continental pants ascot cigarette holder etcembed
430,1961,Claude King,The Comancheros,comancheros lyricsthe comancheros takin land comancheros takin land paul regret new orleans fast man gun didnt want run shot judges son yes shot judge scofields son dark night left town return oneway ticket end line told stranger man comancheros takin land comancheros came aridin night stealin akillin takin everthing sight nothin left blood sand comancheros takin land comancheros takin land ill cover inch ground stand id die id run afraid living man ill stand gun ill stand rode comanchero town wild man run hed leave theyd dead theyd die blazin gun died blazin gun chorusembed
433,1961,Hank Ballard And The Midnighters,"Let's Go, Let's Go, Let's Go",lets lets lets lyricslets lets lets 2 24 trk 12 hank ballard hank ballard midnighters sonny wood henry booth charles sutton alonzo tucker pop chart 6 year sept 19 1960 king federal records single 5400 album hank ballard midnighters 1953 1962 guitar theres thrill hill lets lets ago lets theres thrill hill lets lets ago lets theres house honey way town people coming miles pretty red dress lets mess thats baby lets git way far hill gonna lotta fun gonna greet risin sun night long gonna ball hear yo mama thats baby lets git way far hill theres thrill hill lets lets ago lets theres thrill hill lets lets ago lets lets sax instrumental eeeyeah everybodys gonna friends oh time gonna come baby lets thats baby lets git way far hill theres thrill hill lets lets ago lets theres thrill hill alets lets ago lets fades embed
434,1961,Maxine Brown,All In My Mind,mind lyricsi think care bare know baby maybe mind mind know ive true honey sweetie baby know baby maybe mind weve going steady long id dream wrong knew thought little thing fine whoa darling id hate know baby maybe mind mind oh hum hum oh yes mind mean think mean evil baby tell tell mindembed
435,1961,Etta James,Seven Day Fool,seven day fool lyricsand monday gonna love ya tuesday gonna hug ya wednesday thursday friday saturday sunday gonna love ya work baby work hand bone care baby till cows come home baby love seek slave baby day week monday scrub dirty floor tuesday lot wednesday wash dirty clothes little lovin fore weekend goes ill seven day fool ill ill seven day fool ill ill seven day fool ill love monday gonna love ya tuesday gonna hug ya wednesday thursday friday saturday sunday gonna love ya work baby work hand bone care baby till cows come home baby love seek slave baby day week thursday ill treat oh kind friday ill dine saturday ill work double time youll youre ill seven day fool ill ill seven day fool ill ill seven day fool ill love monday ya ya gonna love ya tuesday oh gonna hug ya wednesday thursday friday saturday oh love monday scrub dirty floor tuesday lot wednesday wash dirty clothes little lovin fore weekend goes ill seven day fool ill ill seven day fool ill ill seven day fool ill love monday gonna love ya tuesdayembed
436,1961,Nat King Cole,Let True Love Begin,let true love begin lyricswhen youre young youre afraid dark grow unafraid dark darling kiss heart goes spin afraid let true love begin oh youre youre afraid true love wont come wont hapoen let chance happiness sin afraid let true love begin know feeling youre feeling new heart wants hide feeling sends reeling feeling love denied hand ill theres need hide listen heart thats telling deep afraid let true love begin afraid let true love begin afraid let true love beginembed
437,1961,The Marcels,Blue Moon,blue moon lyricsblue moon moon moon moon blue moon moon moon moon blue moon moon moon moon blue moon saw standing dream heart love blue moon knew heard saying prayer care suddenly appeared arms hold heard somebody whisper adore looked moon turned gold oh blue moon longer dream heart love own2embed
