,Year,Artist,song_name,further_clean_text
439,1962,Joe Henderson,Snap Your Fingers,snap fingers lyricssnap fingers ill come runnin youou bended knee snap fingers doodoo ill come runnin doodoo ill true doodoodoo chance doodoodoo let light turn green baby ive gotta know kind clue stay let love lover unhuh know turn key let old door wahwahwahwah lost ive got broken heart mend care cost know got way snap fingers baby ill come runnin ill wahwahwahwah lost ive got broken heart mend care cost ive got way snap fingers doodoodoo ill come runnin doodoodoo ill doodoodoo againembed
440,1962,Aretha Franklin,Rough Lover,rough lover listen girls going tell want right want rough lover want man want rough tough lover ill hes got bite nails fight bears sassy man dares shut kiss know cares want man want mean daddy want boss want mean sweet daddy devil wouldnt cross hes got spit chew iron mad start roaring mountain lion whisper loves know hes want man looking guy whos brave strong weak looking guy wholl ride set free want rough lover want man want rough tough lover sentimental plan kiss nice hug tight hes got sweet gentle day night mean wanna treat right want man oh yeah looking guy whos brave strong weak looking guy wholl ride set free want rough lover want man want rough tough lover sentimental plan kiss nice hug tight hes got sweet gentle day night mean wanna treat right want man want man want cream puff baby want butterfly want man oh yes oh yes doembed
441,1962,Kris Jensen,Torture,torture lyricstorture kris jensen torture torture baby youre torturing lead chase ya catch ya wont let embrace ya baby heart cause youre torturing torturing torture going worth pain love let know let torture torture baby youre torturing know crazy mean hurt youre torturing torturing meembed
443,1962,Sandy Stewart,My Coloring Book,coloring book lyricsfor fancy colouring books lots people heres new unusual colouring book kind youll crayons ready begin colour eyes watched walked away colour grey heart thought true colour blue arms held touched lost colour beads wore came colour green room sleep walk weep hide nobodys seen oh colour lonely man love depended colour goneembed
444,1962,Mike Clifford,Close To Cathy,close cathy lyricsclose cathy mike clifford peak chart position 12 1962 music bob goodman words earl shuman close cathy know shes dreamin calls tell time falls love oh close cathy know tender sigh loves shoulder guy oh true lasting love life close cathy close ill stay close cathy hoping day shell feel close close cathy close ill stay close cathy hoping day shell feel close meembed
446,1962,Bert Kaempfert And His Orchestra,Afrikaan Beat,afrikaan beat lyricsafrikaan beat dancing afrikaan beat burning tropical heat dancing afrikaan beat think hold tight blame music tonight rhythm soon right heart unite play afrikaan beat dancing afrikaan beat youre arms feeling sweet dancing afrikaan beat let whisper ear right atmosphere dare interfere love hold near play afrikaan beat jungle breeze kiss trees let lips caress lips sway let dance stars fade away till break day heres belong music plays sirens song love lets stay love sway forever love long playing love playing afrikaan beat dancing afrikaan beat life complete afrikaan beat hearts heartsembed
447,1962,The Beach Boys,409,409 shes real fine 409 shes real fine 409 409 saved pennies saved dimes giddy giddy 409 knew time giddy giddy 409 buy brand new 409 409 409 giddy giddy giddy 409 giddy giddy 409 giddy 409 409 409 giddy 409 giddy giddy 409 giddy 40 catch touch 409 409 ooooo giddy giddy oooo giddy giddy oooo giddy giddy oooo giddy giddy track shines giddy giddy 409 turns fastest times giddy giddy 409 speed dual quad positraction 409 409 409 409 409 giddy giddy giddy 409 giddy giddy 409 giddy 409 409 409 giddy 409 giddy giddy 409 giddy 40 catch touch 409 409 409 409 409 giddy 409 409 409 409 409 giddy 409 409 409 409 4091embed
448,1962,The Tokens,The Lion Sleeps Tonight,lion sleeps tonight weeheeheehee dee heeheeheehee weeoh aweem away weeheeheehee dee heeheeheehee weeoh aweem away aweemaweh aweemaweh aweemaweh aweemaweh aweemaweh aweemaweh aweemaweh aweemaweh aweemaweh aweemaweh aweemaweh aweemaweh aweemaweh aweemaweh aweemaweh aweemaweh jungle mighty jungle lion sleeps tonight jungle quiet jungle lion sleeps tonight ho ho weeheeheehee dee heeheeheehee weeoh aweem away aweemaweh aweemaweh aweemaweh aweemaweh aweemaweh aweemaweh aweemaweh aweemaweh weeheeheehee dee heeheeheehee weeoh aweem away aweemaweh aweemaweh aweemaweh aweemaweh aweemaweh aweemaweh aweemaweh aweemaweh near village peaceful village lion sleeps tonight near village quiet village lion sleeps tonight ho ho weeheeheehee dee heeheeheehee weeoh aweem away aweemaweh aweemaweh aweemaweh aweemaweh aweemaweh aweemaweh aweemaweh aweemaweh rrrrrr lalalaba weeoh aweem away aweemaweh aweemaweh aweemaweh aweemaweh aweemaweh aweemaweh aweemaweh aweemaweh hush darling fear darling lion sleeps tonight hush darling fear darling lion sleeps tonight ho ho whoa whoa whoa whoa whoa whoa whoa whoa aweem away aweemaweh aweemaweh aweemaweh aweemaweh aweemaweh aweemaweh aweemaweh aweemaweh weeheeheehee dee heeheeheehee weeoh aweem away aweemaweh aweemaweh aweemaweh aweemaweh aweemaweh aweemaweh aweemaweh aweemaweh weeheeheehee dee heeheeheehee weeoh aweem away weeheeheehee dee heeheeheehee weeoh aweem away weeheeheehee dee heeheeheehee weeoh aweem away15embed
452,1962,Ernie K-Doe,Popeye Joe,popeye joe lyricsi said head goes spinnin spinnin wheel music rock n roll beat theres dance going round coast coast know yeah yeah brand new dance popeye joe whoa joe hey joe heres thing popeye joe know hully gully town know theyre mashin potatoes theyre twisting heres dance think know yeah yeah brand new dance popeye joe whoa joe hey joe heres thing popeye joe yeah yeah popeye baby hey joe yeah yeah popeye baby said youre lookin good joe ahh hands hips little bitembed
454,1962,Shelley Fabares,Johnny Loves Me,johnny loves johnny loves johnny loves johnny loves told night johnny loves star belongs theyre shining twice bright johnny loves johnny loves johnnys heart johnny loves love swear worlds great big valentine feel pretty aglow ooh says wonderful makes feel johnny loves yes johnny loves day bright new johnny loves pray day life johnny loves love johnny johnny loves day bright new johnny loves pray day life johnny loves love johnny johnny loves johnny loves johnny loves johnny loves johnny loves johnny loves johnny loves johnny loves johnny loves johnny loves johnny loves johnny loves johnny loves meembed
460,1962,Ray Charles,Born To Lose,born lose born lose ive lived life vain dream brought pain life ive blue born lose losing born lose hard bear wake youre youve grown tired born lose losing born lose ive lived life vain dream brought pain life ive blue born lose losing born lose losing losing youembed
461,1962,Fats Domino,Nothing New (Same Old Thing),new old thing lyricsthe blues knocking door new old thing got singing blues news town got acting town new old thing got singing blues telling lies know believing new old thing got singing blues build let got head going round round new old thing got singing blues againembed
464,1962,The Contours,Shake Sherry,shake sherry shake sherry shake shake sherry woo shake sherry shake shake sherry woo shake sherry shake shake sherry shake mercy mercy love love dance shake shake sherry shake come sherry wont shake shake sherry shake shake sherry shake shake sherry shake dance east hey hey dance east dance west hey hey dance west dance hey hey dance love best love best hey shake sherry shake shake sherry shake shake sherry shake shake sherry shake come sherry shake shake sherry shake shake sherry shake shake sherry shake shake sherry shake sherry shake shake sherry shake sherry shake shake sherry shake listen dance east hey hey dance east dance west hey hey dance west dance hey hey dance love best love best shake sherry shake shake sherry shake sherry shake shake sherry repeat til endembed
467,1962,Eddie Holland,Jamie,jamie shh listen friends tell girl thats divine love joy shes brought shes oh jamie jamie talkin bout jamie jamie talkin bout jamie jamie thats love hair long pretty eyes shine gold kind love grow old oh jamie jamie talkin bout jamie jamie yeah talkin bout jamie jamie thats girl thats girl ooh comforts sad sticks times bad kisses holds tight shes sight oh lips warm tender kisses divine thank lord making jamie glad belong shes oh jamie talkin bout jamie ahh talkin bout jamie thats girl uh comes huh talkin bout jamie yeah talkin bout jamie thats girlembed
468,1962,Del Shannon,The Swiss Maid,swiss maid lyricsone time long time ago mountain switzerland yo lo lo lo lived fair young maiden lovely lonely oh oh oh oh day day shed pine heart away yo lo lo lo lady yay love came way day papa said day village valley youll meet nice young man hell ask hand youll happy day grew unhappier mountain switzerland yo lo lo lo day little bit lonelier way turn way day day shed pine heart away yo lo lo lo lady yay love came way maidens dream came true got valley know oh oh oh oh die unhappy id think love wouldnt think love way yo lo lady yay yo lo lady yayembed
469,1962,James Brown And The Famous Flames,Shout And Shimmy,shout shimmy lyricsyou know feel right know feel right children feel right know want shout shimmy shout shimmy shout shimmy wanna shout walk stop yeah drop little thing said feel right children know feel pretty good children feel standing let world know feel right time time know wanna shout shimmy oh yeah shout shimmy oh yeah come yeah shout shimmy shout shimmy shout shimmy know walk little walk step work wanna shout shimmy feel good feel good feel good feel good holler oh holler oh holler oh ohhh yeah hey hey hey hey shout shimmy oh yeah shout shimmy tired tired tired tired right right right right yeah yeah come children come childrenembed
470,1962,The Sensations,Let Me In,let lyricslet wheeooh wheeooh wheeooh hoopwheeooh wheeooh wheeooh hoooohoopwheeooh wheeooh dancin let silhouettes shade hear music music lovers parade open let want come thought friend pitter patter feeeeeeeeeet movin agroovin beeat jumpin stompin floooooor lemme let open open open door let iuh open hear music let music want come let let awell heard thought friend wheeooh wheeooh hoopwheeooh wheeooh wheeooh hoooohoopwheeooh wheeooh pitter patter feeeeeeeeeet movin agroovin beeat jumpin stompin floooooor lemme let open open open door let iuhiuhi open hear music let music oh heard let let want come thought friend wheeooh wheeooh hoopwheeooh wheeooh wheeooh hoooohoopwheeooh hoooohoopwheeooh hoooohoopwheeooh fade hoooohoopwheeoohembed
471,1962,"Bobby ""Boris"" Pickett And The Crypt-Kickers",Monster Mash,monster mash working lab late night eyes beheld eerie sight monster slab began rise suddenly surprise mash monster mash monster mash graveyard smash mash caught flash mash monster mash laboratory castle east master bedroom vampires feast ghouls came humble abodes jolt electrodes mash monster mash monster mash graveyard smash mash caught flash mash monster mash zombies having fun party begun guests included wolfman dracula son scene rockin digging sounds igor chains backed baying hounds coffinbangers arrive vocal group cryptkicker played mash played monster mash monster mash graveyard smash played mash caught flash played mash played monster mash coffin dracs voice ring troubled thing opened lid shook fist said happened transylvania twist mash monster mash monster mash graveyard smash mash caught flash mash monster mash everythings cool dracs band monster mash hit land living mash meant door tell boris sent mash monster mash monster mash graveyard smash mash youll catch flash mash monster mash igor mash good mad scientist easy igor impetuous young boy igor mash good grrr5embed
472,1962,The Lettermen,Come Back Silly Girl,come silly girl lyricsi round moping blue cause untrue chorus wont come silly girl come come silly girl love mother tells youre home time telephone oh lost chorus come love come love know long way think day hope pray chorus come silly girl love come silly girl love come silly girl love fadeembed
474,1962,Connie Stevens,Mr. Songwriter,mr songwriter lyricsi know poetry means meembed
479,1962,Rick Nelson,Summertime,summertime lyricssummertime livin easy fish jumpin cotton high oh daddys rich ma good lookin hush little baby mornins youre gonna rise singin youll spread wings youll sky till mornin theres nothin harm daddy mammy standin till mornin theres nothin harm daddy mammy standin standing byembed
480,1962,Chris Montez,Some Kinda Fun,kinda fun lyricswell theyre dancing yeah theyre dancing know em tv hear radio gonna twist gonna stomp wobble watusi locomotion come gonna kinda fun theyre moving grooving yeah theyre dancing got shimmy waddle waddle theyre stomping know gonna twist gonna stomp wobble watusi locomotion come gonna kinda fun work oh yeah theyre dancing yeah theyre dancing know em tv hear radio gonna twist gonna stomp wobble watusi locomotion come gonna kinda fun theyre moving grooving yeah theyre dancing got shimmy waddle waddle theyre stomping know gonna twist gonna stomp wobble watusi locomotion come gonna kinda fun kinda fun kinda fun kinda fun kinda fun kinda fun kinda funembed
481,1962,Dickey Lee,Patches,patches lyricsdown river flows coal yards stand wooden houses shutters torn lives girl everybody calls patches patches darling old shanty town planned marry june brought summer wait patches bride happen folks heart breaks inside patches oh swear ill love girl place bring disgrace folks wont let love night think shanty pretty patches watching door dosnt know come patches think love hear neighbour telling father says girl patches floating face dirty old river flows coal yards old shanty town patches oh swear ill love right ill join tonight patches coming youembed
484,1962,Neil Sedaka,Next Door To An Angel,door angel living right door angel today living right door angel lives house away skinny little girl sudden shes world living right door angel gonna angel saw morning cloud number garden eden house door took look oh shock little bit heaven right block living right door angel gonna angel believe girl door funny little face isnt funny sixteen oh dream aint strange changed lovely angel saw walking main street believe eyes plain street paradise feel happy feeling good luckiest devil neighborhood living right door angel gonna angel mineembed
485,1962,Gene Pitney,Town Without Pity,town pity youre young love bewildered world people hurt love know town pity stop gaze star people talk bad easy age tigers cage town pity young problems problems need understanding heart help try help clay granite planet falls apart eager lips hold fast afraid kind joy love alive survive little minds tear town pity love alive survive little minds tear town pity isnt pretty town pity do1embed
487,1962,The Marvelettes,Beechwood 4-5789,beechwood 45789 dance hold hand whisper ear sweet words love hear shy shy takea tiime time id know know id ive waiaiting standing patiently foohohor come dance number beechwood 45789 date old time shy shy takea tiime time id know know id number beechwood 45789 date old timeembed
488,1962,Jimmy Dean,Big Bad John,big bad john big john big john evry mornin arrive stood foot weighed kinda broad shoulder narrow hip everybody knew ya didnt lip big john big john big john big bad john big john know john called home drifted town stayed didnt kinda quiet shy spoke said hi big john somebody said came new orleans got fight cajun queen crashin blow huge right hand sent louisiana fellow promised land big john big john big john big bad john big john came day timber cracked men started cryin miners prayin hearts beat fast everybody thought theyd breathed cept john dust smoke man hell walked giant man miners knew grabbed saggin timber gave groan giant oak tree stood big john big john big john big bad john big john strength gave mighty shove miner yelled theres light men scrambled wouldbe grave theres left save big john jacks timbers started came rumble way ground smoke gas belched everybody knew end line big john big john big john big bad john big john reopened worthless pit placed marble stand words written stand lies big big man big john big john big john big bad john big john big john big bad john big john3embed
490,1962,Richard Chamberlain,Love Me Tender,love tender love tender love sweet let life complete love love tender love true dreams fulfill darling love love tender love long heart belong love tendеr love true drеams fulfill darling love love love dear tell ill years til end time love tender love true dreams fulfill darling love willembed
491,1962,"Dave ""Baby"" Cortez",Fiesta,april 2021 singles release calendar lyrics41 bts film chloe moriondo eat boys danny elfman kick zach hill remix dayglow woah man jacquees trackstar quemix keith ape want peace keith ape kody lavigne okay kuru skytearer ft blackwinterwells lil gotit toosie litany oscar scheller playlist mat kearney mol スウキ ベイビー olivia rodrigo deja vu oscar wolf james ozuna ovi envidioso shotgun willy yung craka respected man st vincent melting sun voidz eternal tao 20 yvngxchris april fools 42 27club therapy 42 dugg roddy ricch 4 da gang amber van day ilira tears bailey bryan temporary benny butcher ransom spineless brockhampton count cal water cami petyn tired chiiild mahalia awake cmten music box desiigner don diablo eyes closed dove cameron lazybaby dro kenji superstar freddie gibbs big boss rabbit fredo bang click futuristic michael minelli bad decisions fxxxxy yeah kool ft lil uzi vert glades limbo haerts iggy azalea brazil iggy azalea tyga sip ina wroldsen matters jehry robinson face ft tech n9ne jutes delete number kenny mason rih kevin gates blood freestyle lil gnar ft lil skies locateemilio crash malia civetz anybody mo3 mob ft foogiano morgxn porcelain muwop king von nervo pickle ft paris hilton tinie tempah dice peter griffin nut dookie ft yung craka olivia holt love pierre bourne 4u rei ami thats rochelle jordan saweetie best friend jamie chanmina remix ft chanmina jamie doja cat shy glizzy savage ridiculous snoop dogg roaches ashtray ft prohoezak sunni colón provide steele 11 rio leyva switch tana rose feel rush tommy cash zuccenberg ft diplo uicideboy tom odell monster vol 2 traqula billy marchiafava mol waste time xan griffin young ma successful yungeen ace opp boyz zolita bedspell remix ft kailee morgue 43 staysolidrocky tragic 44 kodak black easter miami since99 basednas weyes blood titanic risen 46 bebe rexha sacrifice niiko x swae remix billie marten creature chanyeol tomorrow holly humberstone haunted house lil tecca rostam changephobia sinead obrien kid stuff steve aoki kiiara acoustic ft rob thomas sufjan stevens meditation v texas mr haze tierra whack link 47 anderson east madelyn belly iykyk belly money table ft benny butcher franc moody big cheese grae spinning gus dapperton palms remix ft channel tres lydia ainsworth sparkles debris m24 plugged freestyle mae muller gone niziu picture poppin shakin united fiesta oston think leave overcoats hardest ft tennis paul mccartney ed obrien slidin eob remix renforshort exception rick astley unwanted róisín murphy assimilation slenderbodies heartbeat taylor swift mr perfectly fine taylors version tonnes got tkay maidza syrup tommy ice okay ft 637godwin pilots shy away xanman goosebumps yung mal belaire 48 whipski ft lil skies internet money alice merton vertigo ary hurt ft emilie nicolas ashe fine boyband fooly cooly brandon kai dolce casanova outside ft quavo deno lingo ft ji prince ny chunkz dounia lavender el alfa cj chael la mamá la mamá ft el cherry scom gatlin love good times ahead good icewear vezzo sco ft lil durk j balvin khalid otra noche sin ti juanes el amor después del amor kida kudz animalistic kirby boyz ii men lil eazzyy hunnid better ft bizzy banks london grammar america monsters men destroyer pouya leave prince welcome 2 america queen naija ari lennox set sematary crucifixion sl m1llionz versus sofi la torre y duele remix ft pablo alborán sypski remix ft landon cube raspy tate228 jive tyler shaw north star years years starstruck zoey dollaz broad day light 49 2kbaby ohio river achal tappdn ag cook beautiful superstar easyfun remix aj mitchell stop ak games aly aj symptom touch armin van buuren weight world ft rbvln armon trey blame ft lil tjay bebe rexha sacrifice gorgon city remix bigkaybeezy walk ft pooh shiesty bladee mechatok grace salem remix centimillimental 青春の演舞 charlotte cardin sad girl col3trane whatchumacallit conway machine blood roses ft jae skeese cupcakke mickey dmx bootsy collins steve howe x moves ft ian paice doja cat kiss ft sza flight btfu florrie walk away forest blakk love remix ft meghan trainor gabrielle det urolige hjertet global azn overdrive gorillaz gorillaz gorillaz 20 mix gracey billen ted got covered gwen stefani saweetie slow clap remix imanbek sean paul sofía reyes dancing dangerous illenium iann dior time feldt remix isac elliot roommates james vincent mcmorrow waiting joey trap professional jordan knows thekidszn brandon thakidd wrong jutes hummingbird kat cunning good kyleyoumadethat cake ft kaash paige coi leray saturn think ill alright lilbubblegum billie eilish ft ciscaux llusion salem ilese yoga majid jordan waves blue matt ox distorted matthew tuck 916frosty ft global azn midnight kids time ft yueku money mu problem ft pooh shiesty nathan dawe annemarie mostack way long night lovell olivia obrien sociopath peter rosenberg westside gunn stain polo g rapstar ppcocaine level prax tom riddle ethanol tom riddle remix ft 916frosty quinn lewis love r3hab andy grammer closer ragnbone man pnk away ritt momney claud set table scarlxrd dxing shaed osaka shy martin remember slayyyter cowboys sonder jorja smith spotemgottem nle choppa beat box 4 surf jack box surfaces wave tim mcgraw god moves pen trippie redd sos lo honorable flex ft chris king veronica fusaro fool westsidejhitt whateva takez ft quin nfn yrn murk ft offset zillakami lil uzi vert badass 410 bexey montero lil nas x freestyle dave mercury dave titanium united fiesta yung dastard 2much remix ft yvngxchris 411 mace syre shadowed glass ft 916frosty 412 miles wesley mary jane interlude 413 carlos vives ricky martin canción bonita easy life skeletons erika casier polite fickle friends cosmic coming age greentea peng kali v2 guwop reign forgot ider cross lucy dacus hot heavy maple glider swimming mick jagger eazy sleazy ft dave grohl orla gartland zombie qveen herby juice royal blood boilermaker thomas rhett country tommy newport earthgang stargazer 414 baby queen dover beach babyjake fit shoes charli adams cheer captain conway machine scatter brain ft jid ludacris dawn richard mornin streetlights dizzy bird drapes ft luna li emotional oranges becky g miami exit kid munny girl red stupid bitch imelda diamonds inugami korone saikyo tensai wanderful world korone jacquees parties quemix ft erica banks james vickery hourglass kirinji saikai kučka eternity laurel youre liz phair spanish doors marina purge poison missio losing mind stripped moneybagg yo ft big30 oscar lang stuck ralph tommy real lies late arcades rina sawayama elton john chosen family remix sinéad harnett hard 4 2 love tirzah send token dentures unlike pluto fallen parachutes 415 anaiis juno ashley kutcher baker grace feel cautious clay karma friends charlotte oc bad bitch charlotte oc forest coin feels daine boys wanna txt ft ericdoa gaspard augé force majeure jawny best thing julia michaels love weird julian lamadrid 15 minutes keyon christ black skin machine niko walters neighbour remix ft kiana ledé tawobi lord trippy ethereal face black keys crawling kingsnake coral vacancy vérité 416 1nonly ft ciscaux savage gap uicideboy new profile pic alanis morissette miss band monday hailey beebs amy shark amy shark andra day phone dies annika wells love sucks ashley monroe groove aviva unbreakable big krit pick pace beach bunny tegan sara cloud 9 bebe rexha sabotage benjamin francis leftwich oh god biig piig lavender billy marchiafava good feelin ft mc virgins bino rideaux incredible ft drakeo ruler birdy second hand news carolesdaughter trailer trash charlie collins fuck chet faker tomorrow citizen queen y clean bandit higher vize remix ft iann dior conor maynard crowded room crape screaming valley ft 916frosty cupcakke mosh pit daddex freezing damien styles condom song ft sueco dappy wounds depresno tokyo dj chose fredo bang h2o dodie kissed wasnt dua saleh signs eloise intertwined eric church heart est gee lick fcg heem shinin feder upsahl let drums fivio foreign self george cosby lost georgia twinn matty healy godfather harlem war ft swizz beatz dmx french montana godfather harlem prince hakeem ft ade india shawn grace vanderwaal repeat hey violet problems holy holy iann dior wanna believe iann dior trippie redd shots dark idk offset shoot shot iluka mess ft lime cordiale isle fallback josie man little space jutes careful wish k camp life changed ft pnb rock kayzo sullivan king papa roach domination khalil think killy trust kwaye runaway kygo gone days ft james gillespie leah nobel ones saturn neverending road lil kee fake shit ft 42 dugg lil poppa flights ft toosii lil west west lord huron long lost loveleo blackwinterwells buzzcut lucki lifestylebrazy lucki joke lxandra sabotage maia wright break heart matilda nervous matilda mann doomsday matt ox psycho methyl ethel neon cheap die akeos skream lol ok olivia dean boyfriend redman 80 barz regard troye sivan tate mcrae renni rucci talk rhys lewis seasons ruth b situation sabina ddumba swishers san mei sleep shakka goldlink solo shungudzo white parents smallpools neffex answer snoop dogg witcha booty ft prohoezak steele 11 rio leyva red hillz stella donnelly feel steve aoki farruko aire sueco sos ft travis barker sypski awkward public break bank tee grizzley g herbo bend fold darcys swerve struts paris jackson low key love world famous tony williams wale everybody knows thomston magnolia ft zeph toosii cost twin shadow alemania xan griffin let yn jay drunk yun head wasting time yung trench rain zachary knowles dancing kitchen 418 bugzy malone salvador calboy night long 419 azealia banks nirvana chvrches said said egovert step scene freestyle jorja smith gone lil darkie usa ft eddison lil yachty cortex maluma rumba puro oro anthem tuxx contaminate villagers day zoe wees ghost 420 angel olsen alive dying waving smiling cj fly medicine eliza shaddad heaven ghastly og iggy azalea gloria groove brazil remix natti natasha becky g ram pam pam smoke dza regrets ft dom kennedy twice kura kura wolf alice smile 421 ashe older deb sorry gorgon city tell true kota friend outside lil gotit burnt n turnt ft nav lil loaded bag talk little simz introvert mellah easy breezy morcheeba killed love morray trenches pacman da gunman icewear vezzo ryster bad girls club sports team happy gods country tora wont wait weezer need yung mal 15 way way 422 amy allen avelino demons delta goodrem friends dutchavelli circle endz hanne mjøen hell john grant rhetorical figure renni rucci kevin gates russ millions tion wayne body remix lil peppa lil grillz nword shaybo broke boyz ft dreamdoll tobishyboy jagged edge ft m1llionz unknown t yg mozzy bompton oak park yola diamond studded shoes 423 3oh3 lights low 3oh3 waste aly aj need amber mark worth anthony russo avian grays crying bout azizi gibson xu ben platt imagine bj chicago kid pj morton kenyon dixon bring home blake shelton bible verses brandyn burnette addicted brett young cash cash ride die ft phoebe ryan chelsea collins hotel bed ft swae lee chris lane boots ciscaux egovert body burning house inside trying cochise sanji crowder milk honey d savage lockd elliot lee rubies elyotto sugarcrash remix ft curtis waters kim petras fivio foreign unruly flora cash soul mate funkmaster flex cj know godfather harlem forgot streets ft brillo badda td melvoni greyson chance hellboy come ft chris brown hamzaa ft miraa henri purnell way home ft joe cleere iris lose mind jagwar twin jess connelly risk jessia pretty remix ft bebe rexha jessie murph look whos cryin joey trap trappin aint unfair jordan mcgraw jutes california kflay letter words katy perry luísa sonza bruno martini later remix key savage landstrip chip millie lightly wraith lauren aquilina knife lexi jayde running place lil he77 falling luvv saturn view lion babe frida kahlo luh kel f love maj peach crush ft thehxliday matt cooper aint met max jury highway song max leone untitled melvoni money ft ddg tyla yaweh nardo wick shhh nessly mythbusters patrick droney talk push baby talk q care r3hab luis fonsi sean paul pues reba mcentire rebecca black personal rezz deadmau5 hypnocurrency rich kid richard mille patek roman alexander remix ft ashley cooke salem ilese breakup sara kays backseat rider sarah klang love cruel sasha sloan ft sam hunt scarlxrd mxrbid shift k3y tinashe love line skott tired ft shylde sleepwalkrs goodnight ft jp cooper sol jay ditto sosmula criminal spotemgottem beat box 5 ft polo g starboi3 dick ft doja cat teddy swims bed alchemist nobles ft earl sweatshirt navy blue chemical brothers darkness fear hunna bad place thehxliday wit dat ft polo g veronicas life party ft allday weeknd ariana grande save tears remix thouxanbanfauni eva shaw chxpo diamonds tom odell numb remix ft zaia torine problems 123456 transviolet clean laundry ft dreamers unperfect pt 1 abstract gonna lose ft lilbubblegum whethan warning signs ft kevin george winona oak old insecurities wonder mol sno ybn nahmir opp stoppa remix ft lil eazzyy youngboy broke territorial ysn flow ft doe boy yung tory fake love 424 bexey gargoyle smokepurpp mob rockit gaming 426 eddison 4u rmx ft lil darkie united baila shelley fka dram summer walker pride aside snow tha product starset infected young daniel 427 faye webster cheers hunny xbox luvr kali bitch remix ft rico nasty league legends foreign air starts right ft kenny mason lil baby megan thee stallion remix molly burch control mykki blanco love ft jamila woods jay cue phoebe green idk self esteem time vistas stuck head willow t r n s p r e n t s o u l ft travis barker 428 adam melchor light year ft lennon stella allday stolen cars bladee mechatok drama remix ft charli xcx karizma vacuum boy chiiild gone cloves nightmare garbage gods masters half waif swimmer jackboy protecting energy jessie ware lights sally sossa right wrongs remix ft toosii spill tab anybody zhu arctic lake 429 allblack geazy e40 10 toes billie eilish power burna boy kilometre contradash 222pm frvrfriday priceless gavin turek slide ft black party ghostface600 paper planes inna oh god lil skies baby ft zhavia ward machine gun kelly love race ft kellin quinn noel gallaghers high flying birds way stand atlantic deathwish ft nothingnowhere beaches lets tini maría becerra miénteme 430 21 savage spiral boogie wit da hoodie track star remix ft mooski afrojack david guetta hero alan jackson heart alec benjamin way felt alfie templeman day ft april amber liu vegas anitta girl rio ayelle options babii driift baby keem travis scott durag activity bbno diamond pistols help remix ft benee bebe rexha die man ft lil uzi vert bow anderson hate fell love brynn cartelli brynn elliott letter girl bvdlvd whats chord overstreet stone man chris lane summer job money daniyel somebody daya montana depresno nordnes digital farm animals night ft harlee diplo ft andhim elderbrook elley duhé kids night emlyn change empress breath finn askew cherry bomb frvrfriday okay ft vory godfather harlem bark bite ft rick ross cruel youth gucci mane shit crazy ft big30 hayley kiyoko friends hook n sling galantis karen harding best hunnav 916frosty robbery ft jxve illenium iann dior time kayzo remix ina wroldsen fires jamie miller heres perfect jayxander stuck burbs josh anxious ft guccihighwaters joy oladokun sorry isnt good joyner lucas lil baby ramen oj junes diary maniac justine skye rema twisted fantasy jutes fvck boyfriend kara marni twisted fantasy kings convenience rocky trail kriss kross amsterdam shaggy conor maynard early morning kuttemreese statements ft lil durk kyle dion purr ft kari faux kyleyoumadethat happy ft yb redencion joseph black ybn nahmir lauren jauregui temporary lbs keevin thats life ft omb peezy saturn mirror reflection lil boom rocket power lil west date star lily rose overnight sensation little mix confetti remix ft saweetie lord huron lied ft allison ponthier lou elliotte happy louis child r z o n loveleo tung tied ft rico nasty mags mat kearney marc e bassy atmosphere marc e bassy zone maverick way ft 916frosty meek lemon pepper freestyle mereba rider mitch james somebody mob rich fall neffex ok nightly loverloner nle choppa final warning nocap purpose obn jay green beam olivia rodrigo joshua bassett best parson james jojo dirty laundry picture la house party pnb rock need somebody pressa attachments remix ft coi leray projexx bigga league ft bakersteez quadeca soul train quincy yo azz ragnbone man crossfire rhys riley clemmons sarah close trust scarlet pleasure somebody scarlxrd hate shaed dizzy sidepiece acrobatic shotgun willy yung craka mexico snøw spilled coffee ft rxseboy jack cullen sophia messa breakfast bed ft avenue beat sorry x listerine ft 916frosty crape sypski lostboykuri spice deh ft sean paul shaggy steve aoki jungleboi rubble gold ft sam calver woozy kenny surf autopsy taylor bennett come alive ft thehxliday aces freak band camino sorry mom jungle giants treat right kid laroi remix ft miley cyrus marías hush tina arena church pilots choker vedo ft jacquees warpaint lilys wiktoria need know wrabel good yung baby tate eenie meenie yung bae woman moon ft upsahl1embed
492,1962,Brenda Lee,Fool #1,fool 1 lyricsam fool number fool number girls fooled suppose number far small ill bet biggest fool chance guess id id old road knowing end youll leave heart hears new love ill guess biggest fool fool number fool number girls fooled suppose number far small ill guess biggest fool allembed
493,1962,Dinah Washington,I Want To Be Loved,want loved lyricsi wanna loved inspirationi wanna loved starting tonightinstead merely holding conversationhold tighti wanna kissed tinglei wanna kissed starting tonightembrace heartbeats interminglewrong righti feel acting ageim past stage merely turtledovingbe careful careful doim mood resistand insist world owes lovingi wanna thrilled desperationi wanna thrilled starting tonightlove love love mewith kind wonderful sensationi wanna lovedi feel acting ageim past stage merely turtledovingim mood resistand insist world owes lovingi wanna thrilled desperationi wanna thrilled starting tonightwith kind wonderful sensationi wanna lovedembed
494,1962,The Paris Sisters,He Knows I Love Him Too Much,knows love stay away long come nothins wrong fool knows better love knows love knows love knows gonna forgive cause live hes takes shelf hearts toy little boy breaks hes knows love knows love care know die knows love knows love care know die knows love mm mmmm love knows love himembed
495,1962,"Peter, Paul & Mary",Lemon Tree,lemon tree lad father said come lesson lovely lemon tree faith love boy father said fear youll love lovely lemon tree lemon tree pretty lemon flower sweet fruit poor lemon impossible eat lemon tree pretty lemon flower sweet fruit poor lemon impossible eat day beneath lemon tree love lie girl sweet smiled stars rose sky passed summer lost love beneath lemon tree music laughter hid fathers words lemon tree pretty lemon flower sweet fruit poor lemon impossible eat lemon tree pretty lemon flower sweet fruit poor lemon impossible eat day left word took away sun dark left knew shed left common tale true sadder man wiser sing words lemon tree pretty lemon flower sweet fruit poor lemon impossible eat lemon tree pretty lemon flower sweet fruit poor lemon impossible eat lemon tree lemon tree lemon tree lemon tree lemon tree lemon tree lemon treeembed
496,1962,Brenda Lee,Heart In Hand,heart hand lyricshere stand heart hand looking fool left starry eyed didnt didnt love yes know believin deceivin tears flow stand heart hand looking fool left stand ive got heart hand looking fool left youembed
497,1962,Timi Yuro,Let Me Call You Sweetheart,let sweetheart lyricslet sweetheart love mmm oh let hear whisper love oh love love light glowing heart true cmon let sweetheart love yeah let cmon let sweetheart love love let wont let hear wont let hear whisper love love love youve got love light glowing heart yeah heart true hey let wont let wont let little sweetheart love everybody knows love yes love time love knows love love love yeah yeahembed
499,1962,Ray Charles,You Are My Sunshine,sunshine night lay sleeping oh dreamed held held arms woah woke morning mistaken know hung hung head cried woah sunshine sunshine oh sunshine sunshine woah little girl happy happy skies grey skies grey mhm youll know dear youll know dear love love want sunshine sunshine away shine away told dear loved come yeah left love yeah shattered oh yeah dreams woah sunshine sunshine oh sunshine sunshine oh happy happy skies grey skies grey woah youll know dear youll know dear love love woah want sunshine woah love sunshine mhm need sunshine uhhuh want sunshine woah yes sir sunshine want sunshine oh oh yes sir listen sunshine want sunshine woah sunshine away shine away1embed
502,1962,Bobby Vee,Punish Her,punish lyricsif wronged new feel heres punish kill kindness oh buy red roses everyday ah punish affection love threw away shell soon rediscover tears eyes youre lover born idolize punish blind kisses ah til let whisper darling darling darling love punish punish punish punish ah punish blind kisses til let whisper darling darling darling love punish punish punish punish herembed
503,1962,The Castells,So This Is Love,love lyricsso lovereal love paradiseoh yes paradise lovereal love wonderful oh yes wonderful thought long ago didnt know thing called love youre youre near beat heart cries lovereal love heavenlyoh yes plain love musical interlude oh yes love oh yes loveembed
505,1962,Brook Benton,Shadrack,shadrack lyricsshadrack meshach abednego shadrack meshach abednego children land israel shadrack meshach abednego ah took little trip land babylon shadrack meshach abednego ol nebudchanezzer king babylon shadrack meshach abednego took lot gold em idol shadrack meshach abednego told everybody hear music clarinet told everybody hear music flute listen children hear music horn ah gotta bow worship idol shadrack meshach abednego ah children israel bow shadrack meshach abednego aint goin bow golden idol shadrack meshach abednego fool children golden idol shadrack meshach abednego king cast children fiery furnace shadrack meshach abednego heaped coal redhot brimstone good book shadrack meshach abednego seven times hotter oughtta shadrack meshach abednego burned soldiers king shadrack meshach abednego oh shadrack meshach abednego um hmm good lord called angel gave couple wings said middle furnace begin coolin flames children got happy went struttin right lot talkin power gospel shadrack meshach abednego oh shadrack meshach abednegoembed
508,1962,Ketty Lester,Love Letters,love letters lyricslove letters straight heart near apart night love write memorize line kiss sign darling read right start love letters straight heart memorize line kiss sign darlin read right start love letters straight heartembed
512,1962,Barbara George,You Talk About Love,talk love lyricsyou know everybody talk love baby heres loves talk love baby heres loves given love good turned bad talk love baby heres loves know talk love baby heres loves talk love baby heres loves ive got heart tears ill trying mans deceiving lying know talk love baby thats loves got everybody talk love baby heres loves talk love baby heres loves loves got praying night everybody right ive given trying fuss fight talk love baby thats loves got talk love baby thats loves talk love baby thats loves talk love baby thats loves meembed
516,1962,Sue Thompson,Norman,norman lyricsnorman ooh ooh ooh ooh ooh ooh ooh ooh ooh ooh norman hmm hmm hmm hmm hmm hmm hmm hmm hmm norman norman love jimmy called phone gone home cause parked darlin norman invited said theres dress ive got sew wear norman norman holds close norman kisses norman knows heart belongs oh norman ooh ooh ooh ooh ooh ooh ohh ooh ooh ooh norman ooh ooh ooh ooh ooh ooh ohh ooh ooh ooh norman norman love joey asked date wanted skate told joey rangements norman norman love normans thinking norman gives lovin kissin huggin loveydovin norman ooh ooh ooh ooh ooh ooh ooh ooh ooh ooh norman hmm hmm hmm hmm hmm hmm hmm hmm hmm norman norman loveembed
517,1962,Timi Yuro,The Love Of A Boy,love boy lyricsthe love boy change girl woman woman woman know true know true love love woman time girl young afraid came gave love difference love boy love boy change girl change girl woman woman woman caress caress tenderness tenderness woman woman love faithful true love burning deep heart soul true true love woah oh oh oh oh woah oh oh oh oh embed
518,1962,The Majors,A Wonderful Dream,wonderful dream lyricslast night wonderful dream dream night dream hope come true night wonderful dream dreamed held arms thrilled charms wonderful dream night lips oh soft warm wonderful love born told care forget happy night wonderful dream wonderful dream come true night wonderful dream dream night dream hope come true told care forget happy night wonderful dream wonderful dream come true come true wonder wonderful dream come trueembed
523,1962,Jimmy Dean,Little Black Book,little black book lyricswell pretty baby left mornin said didnt wanna told telephone come aknockin door fumed fussed cried little head went aspinnin little bit luck little black book ill anothern sun goes baby didnt know thing happened half dozen times didnt realize telephone id fickle chicken line time leave best play lovesick heartbroke clown little bit luck little black book ill anothern sun goes havent got thing pretty little woman walk talk smile ive likin pretty girls wasnt boys let tell ya buddy thats huggin squeezin kissin teasin let em push cause little bit luck little black book ill anothern sun goes little girls atellin everybody big fool tonight arompin astompin shell watchin dr casey tv girls let tell ya better little thinkin fore tell lovin man leave town cause little bit luck little black book hell anothern sun goes cause little bit luck little black book hell anothern sun goes downembed
529,1962,Wanda Jackson,If I Cried Every Time You Hurt Me,cried time hurt lyricsif cried time hurt id cryin time scene time mean wed quarrellin time mad try good bad cried time hurt id cryin time love try believe turn right hurt love ill stay tears wont flow head wont bow cried time hurt id cryin timeembed
530,1962,Dinah Washington,For All We Know,know lyricsfor know meet moment sweet wont goodnight minute ill hold hand heart know dream come ripple stream love love tonight tomorrow tomorrow come know know love love tonight tomorrow tomorrow come know knowembed
531,1962,The Kingston Trio,Where Have All The Flowers Gone,flowers gone lyricswhere flowers gone long time passing flowers gone long time ago flowers gone young girls picked learn learn young girls gone long time passing young girls gone long time ago young girls gone gone young men learn learn young men gone long time passing young men gone long time ago young men gone gone soldiers learn learn soldiers gone long time passing soldiers gone long long time ago soldiers gone gone graveyards learn learn graveyards gone long time passing graveyards gone long time ago graveyards gone gone flowers learn learnembed
537,1962,Del Shannon,Little Town Flirt,little town flirt lyricshere comes little town flirt youre falling gonna hurt yeah know hard resist temptation tender red lips hurt hurhurhurt yeah hurhurhurhurhurt foolin little town flirt comes look eye plays guy goes yeah know shes gonna treat wrong heart better strong cause hurt hurhurhurt yeah hurhurhurhurhurt foolin little town flirt know feel think love real think time shell youll think youve got paper heart starts tear apart thats shell let whoa whoa whoa comes look style shes looking giving smile know shes gonna treat wrong heart better strong cause hurt hurhurhurt yeah hurhurhurhurhurt foolin little town flirt better run hide boy better pass yeah boy better run away yeahembed
539,1962,Gary U.S. Bonds,Dear Lady Twist,dear lady twist lyricsget chair chair darling pleasure having twist know twist know twist let tell theres new dance thats known twist new youve missed theres new dance thats known twist new youve missed dear lady chair dear dear lady chair doctors agree ive told twist youll grow old night happened gogo dance believing id romance old lady happened said come baby twist dear lady chair oh dear lady chair doctors agree ive told twist youll grow old twist yeah oh yeah said id love dance dawn said thank baby gone said rhythm getting real sweet time slow feet dear lady chair dear dear lady chair doctors agree ive told twist youll grow old gotta twist gotta twistembed
545,1962,Bobby Darin,Irresistible You,irresistible magic hands lovin eyes kissable lips heart realize love love know true cause wouldnt fall irresistible know youve got got baby hooked fish sea angels devil fall love wouldnt fall irresistible oh come lets dance awhile wanna talk wanna talk child youve blessed youre ah theres wonder love touch fret worry bout cause ill forget mean love love life tell wouldnt fall irresistible lets twist awhile fret worry bout ill forget mean love love life tell wouldnt fall irresistible youembed
548,1962,The Impressions,Gypsy Woman,gypsy woman caravan campfire light lovely woman motion hair dark night eyes cat dark hypnotized love gypsy woman gypsy woman danced round guitar melody face aglow enchanted oh id hold near kiss forever whisper ear love gypsy woman love gypsy woman caravan dancing men waiting rising sun having fun hate lady knowing shell know love love gypsy woman gypsy woman gypsy woman gypsy woman gypsy woman gypsy womanembed
