,Year,Artist,song_name,further_clean_text
551,1963,Nat King Cole,Dear Lonely Hearts,dear lonely hearts lyricsdear lonely hearts awriting said help people looking love ive lonely know writing letter brackets indicates choir background use living youre help love know tell dear lonely hearts id grateful grateful money money queen queen long loves long loves thats important thing thats important thing cause gonna love gonna love ill true ill true dear lonely hearts oh guess thats guess thats gonna close gonna close try try somebody somebody know tell dear lonely hearts id grateful grateful youembed
554,1963,Nino Tempo & April Stevens,Whispering,whispering lyricswhispering cuddle near whispering hear little whisper cheer oh know true theres dear whispering youll leave whispering youll grieve whisper believe whispering love whispering cuddle near whispering cuddle near whispering hear whispering hear little whisper cheer little whisper cheer know true theres dear oh know true theres dear whispering youll leave leave whispering youll grieve whisper believe whispering love whispering love youembed
557,1963,The Orlons,Not Me,lyricsyadadadadadat datdatdatdat yadadadadadatdatdatdatdat california orange trees grow oh california theres pretty little girl know oh california called everyday quarter oh california said come daddy lets fun oh california said heard husband gym said come daddy worry bout aint boxer hes alabama oh alabama dance ball oh alabama saw village gathered oh alabama looked called cat clown oh alabama said wait minute buster didnt right said youre tryin boy start little fight aint boxer hes virginia home town oh virginia hes got reputation miles oh virginia yeah roam oh virginia know hes stickin right happy home oh virginia oh fella walked said lets trip said better shutup bust lip aint got uhhuh baby know hurt road yep cominembed
558,1963,Jim Reeves,Guilty,guilty lyricsive accused convicted condemned trials face end way telling guilty loving judge jury guilty terms begun confess ive untrue guilty loving chorus loving losing losing things didnt let heart consider appeal know exactly feel punish things didnt guilty loving yes guilty loving youembed
559,1963,Johnny Mathis,What Will My Mary Say,mary lyricsi going heart showing better hurry away leave ill sorry mary lips thrilling arms willing know shouldnt stay leave ill sorry mary need kissing shes trusted completely poor heart break going heart showing better hurry away leave ill sorry mary leave ill sorry mary goembed
561,1963,Rick Nelson,String Along,string lyricsstring thats string bring need company turn string thats sorta string notice want want oh hope pray youll need day string thats string bring need company turn treat wrong maybe soon youll lose string come bring love thats strong wanna string ill somebody wont treat string thats string bring alongembed
564,1963,Bobby Vinton,Blue Velvet,blue velvet lyricsblue velvet wore blue velvet bluer velvet night softer satin light stars wore blue velvet bluer velvet eyes warmer tender sighs love love held tightly feeling rapture grow flame burning brightly left gone glow blue velvet heart therell precious warm memory years blue velvet tears wore blue velvet heart therell precious warm memory years blue velvet tears blue velvet oohembed
565,1963,Johnny Mathis,Every Step Of The Way,step way lyricswell walk road life day day love step way road wind beneath sky blue gray love step way love love walk loneliness sure april turns love step way love love walk loneliness sure april turns love step way ill love step wayembed
572,1963,The Fleetwoods,Goodnight My Love,goodnight love lyricsgoodnight love goodnight pleasant dreams sleep tight love sleep tight tomorrow sunny bright bring closer theres thing id know let know love warm grown cold awake night fear ill know care love dear love goodnight love goodnight pleasant dreams sleep tight love sleep tight tomorrow sunny bright bring closer bring closer meembed
573,1963,Chubby Checker,Birdland,birdland lyricswho likes birdland oh yeah yeah come baby fly easy abc got rythmn rock roll little cha cha gonna soul yeah come baby gonna swing come sake thing look susie lives door shake shake fly whoo fly whoo fly jove think shes got come baby birdland susie sis easy baby momma momma lets birdland sly fly ar right satisfied momma momma birdland birdland birdland likes birdland likes birdland birdlandembed
575,1963,Little Peggy March,I Will Follow Him,follow love love love goes ill follow ill follow ill follow follow follow isnt ocean deep mountain high away follow touched hand knew near destiny love love love goes ill follow ill follow ill follow hell true love true love true love forever forever forever follow follow isnt ocean deep mountain high away away love love love love goes ill follow ill follow ill follow hell true love true love true love forever forever forever follow follow isnt ocean deep mountain high away away love goes ill follow ill follow ill follow know ill love him1embed
576,1963,Aretha Franklin,Trouble In Mind,trouble mind trouble mind yes blue wont blue sun gonna shine door someday trouble mind yes true lost mind trouble life stop going right river gonna easy chair blues gonna rock away better believe trouble mind oh yes true lost mind trouble young life man trouble mind yes blue refuse blue sun gonna shine door someday said know sun gonna shine door someday said believe sun gonna shine door someday oh trouble mindembed
578,1963,Chris Montez,Some Kinda Fun,kinda fun lyricswell theyre dancing yeah theyre dancing know em tv hear radio gonna twist gonna stomp wobble watusi locomotion come gonna kinda fun theyre moving grooving yeah theyre dancing got shimmy waddle waddle theyre stomping know gonna twist gonna stomp wobble watusi locomotion come gonna kinda fun work oh yeah theyre dancing yeah theyre dancing know em tv hear radio gonna twist gonna stomp wobble watusi locomotion come gonna kinda fun theyre moving grooving yeah theyre dancing got shimmy waddle waddle theyre stomping know gonna twist gonna stomp wobble watusi locomotion come gonna kinda fun kinda fun kinda fun kinda fun kinda fun kinda fun kinda funembed
581,1963,George McCurn,I'm Just A Country Boy,country boy lyricsim country boy george mccurn words music fred hellerman mashall barer peak billboard position 55 1963 arranged conducted herb alpert aint gonna marry fall aint gonna marry spring love pretty little girl wears diamond ring oh uh oh country boy money ive got silver stars gold morning sun gold morning sun gonna kiss ruby red lips prettiest girl town gonna ask shed marry cause know shed turn cauauauuse country boy money money ive got silver stars gold morning sun gold morning sun afford storebought ring sparkling diamond stone afford loving heart cauauauauauause country boy money money ive got silver silver stars gold morning sun gold morning sunembed
583,1963,Solomon Burke,If You Need Me,need lyricsif need wantcha said need ya gotta wait long things wrong ill home aohoh home want send said want want ya gotta send wait long pick phone ill hurry home belong people said darlin didnt mean good need someday way deep heart know ive best thats know days wont long youll come walkin door ill hurry home imagine mind words youll sayin love thinkin love love thinkin wait long pick phone ill hurry home ill hurry home right belongembed
588,1963,The Contours,Shake Sherry,shake sherry shake sherry shake shake sherry woo shake sherry shake shake sherry woo shake sherry shake shake sherry shake mercy mercy love love dance shake shake sherry shake come sherry wont shake shake sherry shake shake sherry shake shake sherry shake dance east hey hey dance east dance west hey hey dance west dance hey hey dance love best love best hey shake sherry shake shake sherry shake shake sherry shake shake sherry shake come sherry shake shake sherry shake shake sherry shake shake sherry shake shake sherry shake sherry shake shake sherry shake sherry shake shake sherry shake listen dance east hey hey dance east dance west hey hey dance west dance hey hey dance love best love best shake sherry shake shake sherry shake sherry shake shake sherry repeat til endembed
589,1963,Jackie Wilson & Linda Hopkins,Shake A Hand,shake hand lyricswith linda hopkins leave ashamed chance ill care troubles ill share lemme know ill honey ill stay close place nad shake hand shake hand shake hand shake hand shake hand shake hand shake hand shake hand shake hand day shake hand truthful ill truthful love know lets day said baby forget pray shake little hand day shake hand shake hand shake hand shake hand shake hand cmon shake hand shake hand shake hand shake hand day life shake hand shake hand shake hand shake hand time shake hand shake hand shake hand yeah yeah yeah shake hand shake hand shake hand cmon shake hand shake hand shake hand canembed
590,1963,Dean Martin,"From The Bottom Of My Heart (Dammi, Dammi, Dammi)",heart dammi dammi dammi lyricsfrom heart dear love broke heart love went away hide pride truly dear oh cried heart dear miss soul kiss come hold tenderly heart love forever dammi dammi dammi tanto amore fammi fammi fammi questo favore dolce come tu e la gioventù primavera sei vieni su fammi saper dammi dammi solo po di speranza bacin da te e bastanza ma se nel tuo cor puoi trovar ancor po piu damor amor love forever heartembed
591,1963,"Peter, Paul & Mary",Stewball,stewball oh stewball racehorse wish drank water drank wine bridle silver mane gold worth saddle told oh fairgrounds crowded stewball betting heavy bay mare away yonder ahead came aprancin adancin noble stewball bet grey mare bet bay id bet ol stewball id free man today oh hoot owl hollered turtle dove moaned poor boy trouble long way home oh stewball racehorse wish drank water drank wineembed
594,1963,Timi Yuro,The Love Of A Boy,love boy lyricsthe love boy change girl woman woman woman know true know true love love woman time girl young afraid came gave love difference love boy love boy change girl change girl woman woman woman caress caress tenderness tenderness woman woman love faithful true love burning deep heart soul true true love woah oh oh oh oh woah oh oh oh oh embed
595,1963,Roy Orbison,Blue Bayou,blue bayou lyricsi feel bad ive got worried mind lonesome time left baby blue bayou saving nickels saving dimes working till sun shine looking forward happier times blue bayou going day come blue bayou sleep day catfish play blue bayou fishing boats sails afloat familiar sunrise sleepy eyes happy id baby friends maybe id happy blue bayou going day gonna stay blue bayou folks fine world blue bayou oh girl silver moon evening tide oh sweet day gonna away hurtin inside ill blue dreams come true blue bayouembed
596,1963,Brooks O'Dell,Watch Your Step,watch step lyricsyou better watch step said youd better better watch step said youd better better look cause watching better watch step stop playing better gonna kiss run away stay oh oh better watch step telling better look cause watching saw arms guy wanted die thought true know depend little girl think youre smart way jump uh heart know think fool thats breaking rule girl know gonna gonna set straight glad late better watch step said youd better come watch step better look cause watching better watch step stop fooling better youre wearing ring mean thing oh oh better watch step better better watch step better look better look baby better watch step said better better watch stepembed
599,1963,The Chiffons,A Love So Fine,love fine lyricsoh yes hes darling glad hell yesterday said wants share love fine love fine smiled kisses divine wont lonely cause sharing love fine love fine girls jealous thats hard try love love belongs girls jealous thats hard try love love belongs love forever forevers long long time know break love fine love fine oh yeah love fine yeah yeah love fine oh yeah love fineembed
600,1963,Mary Wells,You Lost The Sweetest Boy,lost sweetest boy oh yeah oh yeah oh yeah oh yeah sweetest boy world doubt envy girl youre kind thats satisfied want boy pass tables turned tables turned cause words tell youre hurts little scheme backfired true thought fun boys run lost sweetest boy time sweetest boy cause hes hangin door happier youre misery cause lost hurts hurts little scheme backfired true bets boy lost sweetest boy time sweetest boy oh yeah oh yeah oh yeah oh yeah yes loss gain cause straight arms came want boy pass hurts hurts little scheme backfired true tears regret covered face lost sweetest boy time sweetest boy lost sweetest boy time sweetest boy hadembed
602,1963,The Beach Boys,Ten Little Indians,little indians little indian boys little indian gave squaw pretty feather little indian boy second little indian indian dollar fighting squaw little indian gave moccasin leather little indian boy squaw didnt em fourth little indian took riding big canoe little indian boy fifth little indian took waterfall fighting squaw sixth little indian taught squaw woowoo little indian boy squaw didnt little little little indians kemosabe little indians little little little indians kemosabe little indians seven little little little indians kemosabe little indians little indian boys seventh little indian took teepee little indian boy eighth little indian tried love poem fighting squaw ninth little indian said youre kemosabe little indian boy squaw didnt tenth little indian said didnt matter little indian boy acted didnt look fighting squaw squaw didnt care thing little indian boy loved tenth indian boy loved tenth indian boy embed
604,1963,Burt Bacharach,Saturday Sunshine,saturday sunshine lyricsfriday rain brings saturday sunshine love friday rain brings saturday sunshine love saturday sunshine loveembed
605,1963,Baby Washington,Leave Me Alone,leave lyricsleave read sign door leave love lost little guy oh time walked matters needs mixed world ones satisfied let yeah telling leave got place heartbreak avenue leave want somebody new needs mixed world ones satisfied let yeah telling leave read sign door leave love read sign door says leave uh huh read sign door says leave yeah yeahembed
607,1963,Bobby Pickett,Graduation Day,graduation day lyricsgraduation graduation time joy time tears time treasure years remember graduation day graduation graduation graduation graduation senior prom danced till gave heart remember graduation day leave sorrow joys weve known face tomorrow knowing walk ivy walls far matter paths wind remember graduation day graduation graduation graduation graduationembed
613,1963,Major Lance,The Monkey Time,monkey time lyricstheres place right town youre ready people gather round theyre ready music begins play feel groove comin way ready ready causea got monkey time monkey time monkey time dance people know started know beat brings feel hard parted music begins play automatically youre way ready ready causea got monkey time monkey time monkey time monkey yeah monkey time monkey yeah monkey time ahtwist hips twist hips let backbone slip let backbone slip feet feet beat beat ready ready causea got monkey time monkey time monkey time dance people know started know beat brings feel hard parted music begins play automatically youre way ready ready causea got monkey time monkey time ah monkey yeah big strong line youre lookin real fineembed
616,1963,The Excellents,Coney Island Baby,coney island baby lyricsyou know man young man high school believe wanted play football coach older guys said mean cruel know wanted play football coach said little light weight play lineback playing rightend wanted play football coach cause know day man gotta stand straight youre gonna fall youre gonna die straightest dude knew standing right time play football coach wanted play football coach youre lonely midnight hour soul sale getting think things getting hate remember princess lived hill loved knew wrong right come shining glory love glory love glory love come twobit friends gone ripped theyre talking saying man going human start thinking things youve different things different scene ah remember city funny place circus sewer remember different people peculiar tastes glory love glory love glory love yeah glory love glory love glory love glory love ah huh huh glory love glory love glory love glory love glory love glory love glory love glory love glory love oh coney island baby coney island baby id send lou rachel kids ps 192 coney island baby man id swear id thing youembed
618,1963,Chubby Checker,Surf Party,surf party lyricshey theres surfin party shore tonight everybodys taught baby shes outta sight yes disappears surfin twistin lovin kissin got hold tight world little girl group surf party come come group surf party dawn till dawn everybodys groovin mob movin surfin party tonight hey hey started searchin land sea whered baby know certain shes true cause told surfin twistin lovin kissin shes flirtin stagger lee world little girl everybody group surf party moon group surf party dance love everybodys groovin mob movin surfin party tonight chics look cats run started fish looks fun surfin twistin lovin kissin darn havin lots kicks world little girl group surf party come come group surf party dawn till dawn everybodys groovin mob movin surfin party tonight time group surf party come come group surf party cha know everybodys groovin mob movin surfin party tonight surfin party tonightembed
620,1963,Paul Anka,Remember Diana,remember diana lyricseverybody remembers diana loved wrote song wrong oh went lover didnt bother goodbye things changed shes yes things changed shes lover things changed didnt goodbye instead diana ill learn live yes ill forget wait things change ill lover things change ill learn live things change gonna gonna goodbye diana ill learn live yes ill forget wait wait wait seeembed
621,1963,Jimmy Soul,If You Wanna Be Happy,wanna happy lyricsif wanna happy rest life pretty woman wife personal point view ugly girl marry wanna happy rest life pretty woman wife personal point view ugly girl marry pretty woman makes husband look small causes downfall soon marries starts things break heart ugly woman wife youll happy rest life ugly woman cooks meals time shell peace mind wanna happy rest life pretty woman wife personal point view ugly girl marry let friends taste ahead marry face ugly eyes match shes better catch wanna happy rest life pretty woman wife personal point view ugly girl marry man hey baby saw wife day yeah yeah shes ugly yeah shes ugly sure cook baby yeah alright wanna happy rest life pretty woman wife personal point view ugly girl marry wanna happy rest life pretty woman wife personal point view ugly girl marry wanna happy rest life pretty woman wife personal point view ugly girl marry wanna happy rest life pretty woman wife personal point view ugly girl marry youembed
622,1963,The Supremes,A Breath Taking Guy,breath taking guy lyricsone night held tight whispered ear night sweet words sweet words ive heard unheard believed word day came way way word passed eye darlin wont tell youre actin strange strange changed changed breathtakin sight soulshakin night lovemakin day heartbreakin guy oooh oooh oooh oooh oooh oooh oooh oooh oooh oooh oooh oooh night love true true day gone blue blue movin moved left fun fun breathtakin sight soulshakin night lovemakin day heartbreakin guy breathtakin soulshakin lovemakin heartbreakin guy yeah yeah yeah yeah breathtakin soulshakinembed
623,1963,The Cascades,Shy Girl,shy girl lyricsshy girl shy girl shy away little shy girl id girl time try catch eye look away little shy girl wish girl knew shy run away maybe stay youre near youre distant star near far little shy girl girl knew shy maybe stay oh shy away ive got away shy girl away shy girl away shy girl embed
630,1963,Joan Baez,We Shall Overcome,shall overcome lyricswe shall overcome shall overcome shall overcome day oh deep heart believe shall overcome day walk hand hand walk hand hand walk hand hand day oh deep heart shall live peace shall live peace shall live peace day oh deep heart shall free shall free shall free day oh deep heart afraid afraid afraid today oh deep heart shall overcome shall overcome shall overcome day oh deep heart believe shall overcome dayembed
631,1963,Ned Miller,From A Jack To A King,jack king jack king loneliness wedding ring played ace won queen walked away heart jack king regret stacked cards night lady luck played hand right king heart little thought lose game time saw twinkle eye jack king loneliness wedding ring played ace won queen king heart little thought lose game time saw twinkle eye jack king loneliness wedding ring played ace won queen king heartembed
632,1963,Ray Charles,That Lucky Old Sun,lucky old sun morning job work devil pay know lucky old sun roll heaven day roll heaven day fuss woman toil kids sweat til wrinkled gray know lucky old sun roll heaven day dear lord pining got tears eyes send cloud silver lining lift paradise lift paradise river wash troubles away know lucky old sun hes got huh roll heaven day dear lord know pining tears eyes send cloud silver lining lift paradise lift paradise oh river wash troubles away know lucky old sun hes got roll heaven day yes sir hes got roll heaven day roll heaven day roll heaven day yes lordembed
633,1963,Ben E. King,I (Who Have Nothing),lyricsi adore want oh love buys diamonds bright sparkling diamonds believe hear world hell love way love place wants fancy clubs restaurants watch nose pressed window pane watch dancing wrapped arms somebody darling loves youembed
634,1963,The Tymes,Somewhere,lyricssomeday new way living way forgiving theres place place peace quiet open air wait theres time someday therell time time time spare time learn time care someday new way living theres way forgiving theres place time place hold hand half way hold hand ill someday somewhereembed
635,1963,Tommy Roe,The Folk Singer,folk singer lyricshe use sing songs sara jane folk singer songs filled love mountains ring folk singer sara jane bride fame grew pushed aside mountain girl goodbye folk singer let hair grow long dressed style folk singer voice pure fans went wild folk singer said sara jane plain left grew fame sorrow come mountain rain folk singer lavished glory fortune feet folk singer awoke morning speak folk singer doctor said singing days thousands wept sara jane sing friends folk singer sick heart mountains folk singer sara jane didnt look plain folk singer oh power love strange things cause love sing sings sara jane folk singer mountains ring folk singer folk singer folk singerembed
637,1963,The Crystals,Then He Kissed Me,kissed lyricswell walked asked wanted dance looked kind nice said chance danced held tight walked home night stars shining bright kissed time saw wait wanted let know friend didnt know whispered love said loved kissed kissed way ive kissed kissed way want kissed forever knew gave love day took home meet mom dad asked bride right felt happy cried kissed asked bride right felt happy cried kissed kissed kissed me3embed
639,1963,Johnny Crawford,Rumors,rumors lyricsdo dooby dooby sha la la la town wants rumors rumors theyve telling babys untrue rumors rumors aw people love talk let walk okay darling believe leave people jealous boy girl love started rumors rumors believe word silly things heard theyre rumors rumors aw let rumors fly youll deep heart youre adore believe rumors anymore aw let rumors fly youll deep heart youre adore believe rumors anymore dooby dooby sha la la laembed
643,1963,Birdlegs & Pauline And Their Versatility Birds,Spring,spring lyricsyou plan people change living bed laugh sigh promise meant days head glad met living bed listening music days head glad met glad met need need promises plan1embed
648,1963,The Cookies,Girls Grow Up Faster Than Boys,girls grow faster boys lyricsgirls grow faster boys girls grow faster boys girls grow faster boys baby old date big sister baby shes old wont look youll surprised girl thirtysix twentyone thirtyfive ill tell girls grow faster boys baby old wont look youll surprised girl thirtysix twentyone thirtyfive ill tell girls grow faster boys baby old girls grow faster boys girls grow faster boys girls grow faster boys doembed
650,1963,Ace Cannon,Cottonfields,cottonfields lyricsin ol cotton fields home ol cotton fields home ol cotton fields home ol cotton fields home ol cotton fields home ol cotton fields home ol cotton fields home ol cotton fields homeembed
653,1963,Bill Anderson,Still,wire standing yo gee stop rapping hop limit wall spit wire man chance id gladly risk theres stuff heart right man id gladly risk right come lifeordeath situation man chance loving yall yall understand feel right man id way boy kanye chitown whats goin right wire drink boost breakfast ensure dessert somebody ordered pancakes sip sizzurp right drive sane man berserk worry mr htotheizzos wizerk console mom light support telling sons life support imagine girl feel plane scared hell guy look emmett till deal shed trying delta shed throwing dynasty sign use tryin lyin tryin signed tryin millionaire lifelines hospital big 2pac died doctor said blood clots aint jamaican man story mtv aint trying band swear right history making man limit wall apologize right unclear man chance got mouth wired shut dunno id gladly risk doctor said weeks yknow reconstructive surgery jaw come looked mirror chance loving half jaw mouth man believe id way yall right man right wire got right dawg yeah turn yeah somebody chi ill got deal hottest rap label wasnt talking coke birds spoken word hes putting explained story blacks came glory need game good dude bad night right place wrong time blink eye life changed feel face felt know mase felt thank god aint cool safe belt swear god driver 2 wants sue got lawyer case whats safe safe dawgs tell looked tom cruise vanilla sky heard accident geico thought burnt pepsi michael got angel cause look death missed ass unbreakable thought theyd mr glass look life ghost christmas past toys r spend christmas cash wont grow grownass kid swear locked stupid shit champion turned tragedy triumph music thats spit soul wire limit wall yknow saying chance doctor told um gonna plate chin said id gladly risk dawg realize ill plane bad got jewelry come chance loving man id way right wire standing better looking true survivor feeling little kid standing time picking pieces life mind standing yeah yeah yeah standing yeah yeah yeah1embed
658,1963,Connie Francis,In The Summer Of His Years,summer years lyricsa young man rode head held high texas sun guessed man blessed perish gun lord perish gun shot rang sudden shout heaven held breath dreams multitude man rode death lord rode death yes heart world weighs heavy helplessness tears man cut texas town summer years summer years stay mustnt lose victories won man look freedom soul goes riding lord soul goes riding onembed
662,1963,The Shirelles,Foolish Little Girl,foolish little girl broke heart hes blue hes somebody new want foolish little girl fickle little girl didnt want wanted hes love hes dreaming theres single thing love pride thats hurt love got youd right dirt foolish little girl fickle little girl didnt want wanted hes love hes dreaming theres single thing love late change heart love tomorrow wedding day youll quiet youre smart foolish little girl fickle little girl didnt want wanted hes love hes dreaming theres single thing love forget cause belong love late hes somebody new know love theres single thing love forget cause belong youembed
663,1963,Frank Sinatra & Sammy Davis Jr.,Me And My Shadow,shadow wallpaper sticks wall seashore clings sea youll rid shadow frank youll rid let fight fuss happens weve got closer pages stick book shadow closer ripples flow brook youll look strolling avenue closer miser bloodhounds liza closer smog clings la shadow closer booby jfk soul bust team stick glue sleeping time thats rise start swing swing sky clocks chime surprise ringadingding happy new year repeat said start shadow theyll need large crowbar break apart far blue finished town roar wind jillys right toots shore life gonna wowwowwee comes party shadow spoken frank frank sammy sam frank favor sammy want frank mind taking time sammy frank ending sammy wonderful swinging mention drop dannys little club wind jillys life gonna wewowwhee shadow spoken sammy frank frank oh forget sam sammy alrightembed
