,Year,Artist,song_name,further_clean_text
666,1964,Henry Mancini And His Orchestra,Dear Heart,dear heart lyricsdear heart wish warm night dear heart year youve sight single room table lonesome town right soon ill kiss hello door dear heart want know ill leave arms soon ill kiss hello door dear heart want know ill leave arms moreembed
667,1964,Al Martino,Tears And Roses,tears roses lyricstears roses tears roses remind love tears roses tears roses today passed flower shop window dozens red roses ones wear walked saw little baby thought tears fell day said goodbye tears roses tears roses remind love tears roses tears roses think good old days love dreamin id send million roses tears sea tears roses bring tears roses tears roses remind love remind love tears roses tears rosesembed
668,1964,Connie Francis,Blue Winter,blue winter lyricsits gonna blue winter gonna blue winter lovers sit holding hands warm fireplace ill home longin warm embrace gonna blue winter headin blue winter loves young grow old darlin leave cold let blue winter loves young grow old darlin leave cold let blue winter let blue winter meembed
669,1964,Ronny And The Daytonas,G.T.O.,gto lyricslittle gto youre lookin fine deuces fourspeed 389 listen tachin listen whyeeeyeine cmon turn wind blow gto wawa mixed yeah yeah little gto wa wa wa wa wa wa wawa mixed yeah yeah little gto wa wa wa wa wa wa wawa mixed ahhh little gto wa wa wa wa wa wa oughta road course quarter mile little modified ponpon got plenty style beats gassers rail jobs drives em whyeeeyeild cmon turn wind blow gto wawa mixed yeah yeah little gto wa wa wa wa wa wa wawa mixed yeah yeah little gto wa wa wa wa wa wa wawa mixed ahhh little gto wa wa wa wa wa wa gonna save money turnin blowin buy gto turnin blowin helmet roll bar turnin blowin ill ready turnin blowin pomona turnin blowin let em know turnin blowin yeah yeah goodest thing little buddy gonna shut turn wind blow gto wawa mixed yeah yeah little gto wa wa wa wa wa wa wawa mixed yeah yeah little gto wa wa wa wa wa wa wawa mixed ahhh little gto wa wa wa wa wa wa embed
670,1964,Fats Domino,Who Cares,cares lyricsi walk old lonely street wanna speak oh cares yes cares poor poor cares cares world cold gray went away oh cares yes cares cares surely happiness surely life hopeless love oh set free want cares know cares cares love cares oh cares yes cares cares surely happiness surely life hopeless love oh set free want cares know cares cares love cares oh cares yes cares cares gonna leave cares gonna leave town cares going river cares jump overboard drown cares whoa oh caresembed
671,1964,The Contours,Can You Do It,1964 dance gotta times wanna let know went dance ah night night night night dance doin sight outasight outasight outasight knew right away yeah nothin nothin nothin knew right away oh boy step got left second step got step youre doin alright oh oh oh oh oh oh oh oh grab partner start movin fro fro fro thing know hey want knew right away yeah nothin nothin nothin tell right away oh boy yeah yeah step got left second step got step youre doin alright oh oh oh oh oh oh oh oh grab partner start movin fro fro fro floor start doin knew right away yeah nothin nothin nothin tell right away oh boy went dance night night night night dance doin yeah sight outasight outasight outasight knew right away yeah nothin nothin nothin tell right away oh boy went dance went dance went danceembed
674,1964,Pete Seeger,Little Boxes,little boxes little boxes hillside little boxes tickytacky little boxes little boxes little boxes theres green pink blue yellow theyre tickytacky look people houses went university boxes little boxes theres doctors theres lawyers business executives boxes come play golf course drink martini dry pretty children children school children summer camp university boxes come boys business marry raise family boxes little boxes theres green pink blue yellow theyre tickytacky look sameembed
676,1964,The Beatles,I Feel Fine,feel fine babys good know shes happy know said love feel fine baby says shes know tells time know said love feel fine glad shes little girl shes glad shes telling world baby buys things know buys diamond rings know said shes love feel fine mmm baby says shes know tells time know said love feel fine glad shes little girl shes glad shes telling world baby buys things know buys diamond rings know said shes love feel fine shes love feel fine mmm1embed
677,1964,Neil Sedaka,Sunny,sunny lyricssunny stay rain eyes till met sunny cleared cloudy skies pretty little sunny rain disappear magic hold near oh sunny stay wore smile till day smile wonderful world youll sunshine girl sunny stay life sad lonely saw sun moment held tight walked darkness light love sunny believe sunny leave promise wont away love today oh sunny stay meembed
680,1964,Ray Charles,That Lucky Old Sun,lucky old sun morning job work devil pay know lucky old sun roll heaven day roll heaven day fuss woman toil kids sweat til wrinkled gray know lucky old sun roll heaven day dear lord pining got tears eyes send cloud silver lining lift paradise lift paradise river wash troubles away know lucky old sun hes got huh roll heaven day dear lord know pining tears eyes send cloud silver lining lift paradise lift paradise oh river wash troubles away know lucky old sun hes got roll heaven day yes sir hes got roll heaven day roll heaven day roll heaven day yes lordembed
682,1964,Martha & The Vandellas,Live Wire,live wire commercial version lyricslive wire ooh live wire ooh live wire ooh live wire ooh birthday forgot time date hes late tired abuses excuses ive mind gonna tell time yeah plan fade away time face eyes light sparks start flying cause hes live wire real live wire hes bolt lightning sets soul afire sweet kisses ali thats thats weakness lies plan rehearse things want words come way cause plan fade away time face eyes light sparks start flying cause hes live wire real live wire hes bolt lightning sets soul afire cause hes live wire real live wire hes bolt lightning sets soul afire cause hes live wire real live wire hes bolt lightning sets soul afire yeah live wire eyes light yeahembed
685,1964,Johnny Rivers,Maybelline,maybelline lyricsas motivatin hill saw mabellene coup ville cadillac arollin open road nothin outrun v8 ford cadillac doin 95 shes bumper bumper rollin maybellene true oh maybellene true youve started doin things cadillac pulled ahead ford ford got hot wouldnt got cloudy started rain tooted horn passin lane rainwater blowin hood know doin motor good maybellene true oh maybellene true youve started doin things heat went motor cooled thats heard highway sound cadillac asittin ton lead half mile ahead cadillac lookin sittin caught mabellene hill maybellene true oh maybellene true youve started doin things doembed
688,1964,Fats Domino,Lazy Lady,lazy lady lyricslazy lady lazy lady lazy lady bed sleep till youre heaven lazy lady bed oh lazy lady bed oh lazy lady heard said shopping town lazy lady need housework groceries lazy lady gonna push oh lazy lady bed oh lazy lady heard said youre lazy youre driving crazy lazy lady bed honey money lazy lady bed oh lazy lady bed oh lazy lady heard said lazy lady lazy lady lazy lady bed sleep till youre heaven lazy lady bed oh lazy lady bed oh lazy lady heard saidembed
690,1964,Jan & Dean,Dead Man's Curve,october 2020 singles release calendar lyrics101 adrianne lenker dragon eyes dan bull squadrons dounia posh pillowtalk duncan laurence night gorillaz pink phantom ft elton john 6lack headie charlie sloth booth pt 3 jorja smith come ft popcaan julia michaels lie kali uchis la luz ft jhay cortez london grammar californian soil mallrat rockstar mcfly tonight night tobi lou student loans whoheem ppcocaine lets link remix 102 8ubbles run baq aap ferg big aap ft monica arcángel sech amantes amigos ashton irwin u ur looking bankroll blockaye ballin becky hill space bishop briggs higher blackpink lovesick girls brandy clark brothers osborne dead mans curve bri steves stick ft poundside pop cascada feeling air casey veggies moonwalkin cher lloyd drink away chet faker low col3trane pretty ft mahalia cosha kink wire creo awaken dblock europe aitch ufo denzel curry live abyss desiigner molly devin dawson range rover dizzee rascal body loose doe boy southside yessirski don diablo invincible theme afk arena drew sycamore crying wolf drew sycamore wanna dancing dua lipa levitating remix ft dababy dylan brady look ella henderson roger sanchez dream ella mai love song eric bellinger isolation eric church hell view evan giia tiny life fivio foreign polo g bop froogle good juice good times ahead pshet jojo change jordin sparks homebody josh groban impossible dream khao 20 ft lil baby gucci mane ybn nahmir tabius tate kranium window kylie morgan cuss little ft walker hayes landmvrks rainfall lee brice beer leslie odom jr cold remix ft sia lost kings oops sorry ft ty dolla ign gashi lupe fiasco soundtrakk oh yes lupe fiasco soundtrakk apologetic madison beer baby syn cole remix maren morris better mario mars marshmello demi lovato ok ok duke jones remix maty noyes lowkey ft franke megan thee stallion stop ft young thug queen naija lie ft lil durk rae rae crash flow aint trippin ft 42 dugg stunna 4 vegas rah swish 50 bars pt 4 recovery girl bad brain recovery girl upset riff raff yelawolf ronny j million dollar mullet rini blue rockie fresh suicide rozei ooo la la remix ft luh kel ruel ft cautious clay sevyn streeter davido kissez shawn mendes wonder sinéad oconnor trouble world skylar grey fucking crazy slayter mob shit ft capolow fenix flexin souly lonr leap vamps better tiagz mess trey songz ways tyfontaine cuff jeans upsahl absofacto moneyonmymind wallows virtual aerobics winona oak piano sky yfn lucci man yung tory lil bih 103 jhené aiko vote jt music told ft andrea storm kaden 104 cg5 ima walk right lil wayne nfl ft hoodybaby gudda gudda paidway ddg leave tokyos revenge zedsu eyes 105 headie breathing junglepussy main attraction natewantstobattle time rittz jesus blanco ft nawf6od stunna 4 vegas 4risk 106 anderson paak jewelz dah russian leather drippin pretty bad news ft lil tracy future islands born war joesef feel good joyce wrice thats japanese remix ft umi marr grey f corona maurice moore ft jydn quiet child ride da wav ft tinashe 107 7ae texted promises acdc shot dark adrian daniel round town ft asiah cheat codes bryce vine stay chip flowers comethazine derek jeter deathbyromy release ghetts ic3 ft skepta masego shenseea silver tongue devil meghan trainor christmas meghan trainor kind present sainvil sweet sean leon south france freestyle shaq g ihateyousheed roll wale losing focus travis scott franchise remix ft future young thug mia trippie redd sleepy hollow ynw bslime step ft ynw melly 108 boy space notd therapy chase atlantic molly ezhel allahından bul headie princess cuts ft young t bugsey jutes backseat kiss k forest rackin ft flee victoria monét touch remix ft kehlani vowl pain vrsty shameless wstrn armagidion ft sai wstrn xavier omär feel ft mereba 109 aap twelvyy powerpuff girls alexander 23 brainstorm ane brun crumbs ant beale peter pan bea miller wisdom teeth bebe rexha baby jealous ft doja cat benny butcher timeless ft big sean lil wayne carmody lives apart ceraadi favorite channel tres skate depot church ap ohnine coi leray rick owens cupcakke elephant dan bull american dream dounia gods eddie benjamin running away home eric bellinger weak week ferdinand money right ft kareem kateb frvrfriday window shopping ft lil baby gabi demartino pretty little mind ji prince ny letter 2 u jax jones aura miss u jaymes young spaces john k cheap sunglasses juicy j load ft nle choppa kalanfrfr ft stunna 4 vegas karlae jimmy choo ft gunna young thug kingg bucc turn ft nle choppa king von ft fivio foreign kita alexander help kodie shane lets fall love ft jacquees labrinth ordinary saturn beautiful ruins lil boom kuruko basket ft trendy lil ricefield trapanese remix ft daboii cash kidd seiji oda lil tracy designer talk ft lil keed little mix pop song lykke li bron maggie lindemann scissorhands ot genasis ft charlie wilson chris brown omarion involved omb peezy big homie remix ft jackboy king von phora stars sky ft jhené aiko poorstacy love spells powfu stay4ever preme popcaan comfortable ft davido roboy 1017 loaded ft pooh shiesty enchanting k shiday foogiano big scarr gucci mane rockit gaming lies ft dan bull ronsocold elon ft pasto flocco russ paid saint jhn gorgeous sasha sloan hypochondriac skylar grey sideways shirley bassey owe sleepwalkrs words ft mnek sonny fodera ella eyre wired stephen puth arms ft sofía reyes styles p ghostface killah remy ma mecca ft radhamusprime dave east nas ti pardon ft lil baby taylor bennett pt 2 sunset falls tyfontaine delectable xan griffin backwards yungblud cotton candy 1010 jt music training montage ft andrea storm kaden pearl jam 1012 fred jessie miss julia jacklin julia jacklin perth border closes natewantstobattle right wrongs natewantstobattle want ft jt music nf chasing demo ft mikayla sippel portugal man whos gonna stop ft weird al yankovic rod wave shooting star sa vich lucky day young nudy 1013 gwen stefani sleigh ride laurel best lauv conan gray fake omar apollo want u ft ruel sharon van etten let soulja boy stove stevie wonder hands fate ft busta rhymes chika cordae rapsody stevie wonder love song ft gary clark jr rhymes chika cordae rapsody toosii met la 1014 alaina castillo párate ayzha nyree guidance brandy tomorrow pt 2 ft ty dolla ign brickboydior talk shit ft tokyos revenge demi lovato commander chief emotional oranges channel tres know lights jacob banks devil know johnrobert healthy baby boy josie man grow kelly rowland crazy kučka ascension lauren duski broken kind luna shadows battery life madeintyo bet uncut ft smino chance rapper mae muller hfbd middle kids r u 4 pentatonix eyes rejjie snow snoh aalegra cam obi mirrors renforshort afterthoughts rostam unfold rozzi orange skies savannah leftout ft keyon christ tate mcrae ali gatie lie tm88 rich kid breakin u ft ty dolla ign 2 chainz southside tsha change ft gabrielle aplin unlike pluto wait viagra boys aint nice 1015 ameer vann distance austin mahone summer love ava max christmas bhad bhabie eugy pull ft 24kgoldn frisco karma ft skengdo hope tala crazy inhaler breaks jarryd james miracles jawny trigger love kojo funds duppy kyle allen music cure pestilence louis child coin self care m24 nikeys m huncho nafe smallz pmw needtobreathe remix ft elle king not3s time ft aj tracey pop smoke iced audemars remix ft lil wayne ray blk lovesick sophia messa ft pink sweat stefflon don let 1016 flo milli mean 8ubbles endless vibe aesop rock pizza alley ally brooke afrojack waiting ari lennox cognac eyes ashton irwin scar azure ryder stronger beam psycho billie marten orange tree birdy brad cox short lived love cavetown sharpener claire rosinkranz jeremy zucker backyard boy remix d smoke rapture dan bull archillager danileigh monique david shawty dvbbs west coast ft quinn xcii elli ingram heavy fickle friends 92 geazy hate way ft blackbear glass animals tangerine remix ft arlo parks gnar diamond choker ft lil uzi vert grouplove broken angel grouplove trip harry hudson overwhelmed hot milk glass spiders icona pop sofi tukker spa idk king alfred ilira eat brain jazz cartier disclosure jordan davis lose josh groban angels justin bieber benny blanco lonely kanye west nah nah nah king princess time makes human kota friend dragon lana del rey let love woman lbs keevin john doe leon bridges lucky daye lil keed got ft ot genasis little mix happiness local natives lemon ft sharon van etten luh kel real lund downhill maja kristina imma u major lazer queloque ft paloma mami maroon 5 popcaan nobodys love remix mary j blige youve melii way soft thieves phobia orla gartland pretending paloma faith falling paris hilton blame puma blue snowflower q da fool real rich ft peewee longway queen naija love language r l e y everybody leaves ray blk lovesick rich kid youngboy broke bankroll robin schulz got ft kiddo russ sorry russell dickerson old sada baby lotta choppas remix ft nicki minaj shaed way shakka hold sinéad harnett away ft earthgang sofia carson guess liar statik selektah moving ft gary clark jr nas joey bada tayla parx residue marías care weeknd eyes remix ft kenny g theia freak ty dolla ign ft jhené aiko mustard vargas lagola suddenly veronica fusaro beach yella beezy solid ft 42 dugg ynw bortlen moschino bae yung ro stunna 4 vegas bulletproof remix 1017 bonecage dicks ft dan bull jt music little bit insane ft andrea storm kaden nerdout cg5 rap battle killer floor 1018 yfn lucci september 7th 1019 calboy gang gang caroline polachek gate extended mix dodie cool girl josh jake hill run lost girl lazy love ft ivorian doll natewantstobattle haunted unwanted united habibi 1020 arlo parks green eyes blacc zacc tennis cyn new york ela minus dominique erika casier butterflies marika hackman bars michael christmas nissan altima nle choppa cha cha nilüfer yanya crash nocap odette dwell pap chanel future gucci bucket hat ft herion young phoebe green golden girl staves good woman 1021 biig piig liahr biig piig oh bilmuri absolutelycrankingmymfinhog comethazine 556 deante hitchcock déjà vu ft guapdad 4000 deante hitchcock text ft ro james dej loaf ceiling ft gunna dolly parton monica jordin sparks rita wilson sara evans pink dounia grey goose easy life daydreams finneas wait dead galimatias laying low damage joyner lucas snitch julien baker faith healer kyle allen music seal fate lary fredo bang 21 lil gotit tellin ya ft lil pj mormor olivia dean echo rahli dirt remix ft kevin gates shygirl slime slayyyter self destruct ft wuki tobi lou mia gladstone notice ty dolla ign spicy ft post malone unlike pluto rose colored lenses whoheem tyga lil mosey lets link remix youngboy broke story oj version 1022 amy shark cmon ft travis barker bea miller aminé feel different bring horizon teardrops karizma mikes dead feet chief keef lola bunny donna missal nothings gonna hurt baby eliza delusionals sentimental fitz head high flohio ease ft kasien gracey jack harlow tyler herro jamie lynn spears follow zoey 101 ft chantel jeffries rico nasty ft gucci mane don toliver terror jr running sun vanjess high dry 1023 ariana grande positions arlissa little girl ashnikko halloweenie iii seven days aurora thank u awa feelings ft jb scofield awolnation radical remix ft grouplove babygirl easy bay swag tarzana bexey jawbone bfb da packman honey pack blaze team ft tee grizzley boofboiicy tryin boys world girlfriends bright eyes miracle life ft phoebe bridgers brokeasf rich kid flute remix buzzy lee man cam forgetting capulets wait chase b omb bloodbath kentheman chris stapleton arkansas cloves dead daddy yankee anuel aa kendo kaponi don don remix david banner come home ft trombone shorty kandi tpain big krit neyo dizzee rascal ocean wisdom dumb drax project firefly ft aacacia fetty wap eden xo wonderwall emeli sandé stonebwoy nana rogues emily weisband car eric prydz nopus fedde le grand ally brooke gatekeeper flawes holding win flight muggin flipp dinero ft boogie wit da hoodie goody grace winter ft burna boy hannah grace closer hot chip straight morning ft jarvis cocker illenium tom delonge paper imelda 11 past hour jackboy aggy ft tyga jeezy ft yo gotti jermaine dupri change ft kirk franklin jac ross keedron bryant anthony hamilton big rube smokie norful pj morton rotimi wanyá morris common neyo detroit youth choir johntá austin gary clark jr angel eric bellinger josie proto champagne fizzles karol g bichota kat dahlia tu tortura kid ink kiss sky kid trunks idk pt 2 kiesza sensuum defectui kim petras party till die king von gleesh place koe wetzel good die young kream water ft zohara ksi love ft craig david digital farm animals kylie minogue love laxx facetime leann rimes dave audé coyote ugly dave audé megamix lemaitre day 4 leyla blue f saturn dreamy dimensions lil tracy chrome heart lens lil zay osama pimp ft stunna 4 vegas liss leave floor little mix sweet melody loote pushing daisies lou elliotte best youve lougotcash ok lova lonely ones mabes caught marc e bassy free ft cory henry marshmello imanbek ft usher mat kearney grand canyon matoma emma steinbakken wow mb3five ybn nahmir wont lose miley cyrus zombie live niva save stages festival nelly florida georgia line lil bit neyo u 2 luv remix ft lil durk queen naija jeremih neil young homefires noah kahan pride ft mxmtoon paloma faith night earth passenger song drunk broken hearted phora cupids curse ft kehlani raissa crowded rockit gaming namehttpsgeniuscomrockitgamingsaymynamelyrics ruthanne remember samantha jade 2 sarah klang canyon saweetie streets ft jhené aiko sea girls accident waiting happen shirley bassey skylar grey bob devil slayter jay critch outside ssgkobe talkin staysolidrocky demons svea ill better tay money brat ft mulatto kid laroi magic gang marías bop tia gostelow lovers ysn flow want beef 30 zedd griff inside 1025 cub sport days hold jid cludder freestyle 1026 ingrid andress christmas finds jake bugg need noah cyrus got high saw jesus live recording ft miley cyrus saint jhn sucks sg lewis lucky daye feed twice stop 1027 sangria ft denzel curry benee plain ft flo milli lily allen cher happiness thing called joe dan bull deadly silhouettes david duchovny layin tracks empress youve got feel ft amber mark jime stack ft kacy hill nothingnowhere blood ft judge kennyhoopla pia mia flo milli hot remix ft sean paul queen naija bitter ft mulatto rezz orbit since99 carbon copy steps eyes taio cruz wonder stereo 2020 yn jay ass ft rmc mike 1028 current wont save ariel pink burned love black honey way die common peace ft black thought fever 333 end grandson step closer kacy hill umru remix kelly clarkson brett eldredge mistletoe kitten angelina united golden rhye black rain savannah ré solid knocks ft foster people tori kelly let snow ft babyface 1029 ally brooke baby coming home ann marie bakar 1st time balthazar losers becky g ozuna drama birdman plaques ft young greatness burna boy 20 10 20 busta rhymes look shoulder ft kendrick lamar changing cleo south ft guccihighwaters chip ignite cl 5 star cl hwa la soul remove 45 ft styles p talib kweli pharoahe monch mysonne chuck d posdnuos dua lipa angèle fever glaive touché kevin gates weeks king combs cartis lastlings touch paloma faith gold phora traumatized ft toosii petit biscuit burnin avalanches interstellar love ft leon bridges marías lucky ones young nudy vice city zack fox fabo stick 1030 alesso charlotte lawrence end alicia keys brandi carlile beautiful noise anna straker boys boys apre know ill aviva queen freaks bad bunny jhay cortez dákiti bella thorne lonely benny benassi jeremih lovelife betsy stop betta lemme mommy bishop briggs walk home blac youngsta met tay keith ft lil baby moneybagg yo carly rae jepsen christmas till somebody cries client liaison intervention cmten met 100 gecs remix ft glitch gum david shawty 16yrold evil plans deacon love summer ft loren gray deathbyromy raining men dillion francis evie irie somebody dj chose megan thee stallion remix dj politik deathbyromy wolf doe boy southside tweakin ft future e40 stand ft joyner lucas ti eleni foureira light emeli sandé breathe eric church raybans erthlings irrational florida georgia line lit year freddie gibbs 4 thangs ft hitboy big sean french montana double g ft pop smoke gabbie hanna shut groundbreaking parade guapdad 4000 alpha hana hotboii dim iris mothohive jay gwuapo black mask ft pop smoke jid jidtranada freestyle jonas brothers need christmas julia stone dance jvke upside remix ft charlie puth kda ft madison beer gidle league legends seraphine jaira burns lexie liu kayzo ost liar kembe x scared ft denzel curry kyle remix ft chris brown liam payne naughty list saturn hollowed lil durk 6lack young thug stay lil ricefield neji ft seiji oda 247zé lil tjay losses lil tracy jousting ft marvy ayy magic sword invincible remix ft waveshaper mdma lemonhead meduza paradise ft dermot kennedy melvoni chrome notd catello nyck caution live ft joey bada onefour kid laroi city osquinn 1234 ft ericdoa midwxst paris jackson let peking duk wombats love love r3hab astrid s hrvy ramriddlz savittarius rexx life raj state mind rich kid youngboy broke automatic robert grace fake fine remix ft gnash rock mafia wiz khalifa change route 94 sad songs ft l devine russ love rylo rodriguez ft yo gotti sarah lerose mike zombie smino donny outthaway swae lee tyga lil mosey krabby step tainy danileigh kris floyd falta tash sultana willow tree ft jerome farah themxxnlight ash ketchum tiagz zombie ft curtis roach tierra whack dora tion wayne deluded ft mist tristam violence troye sivan 1010 vaishalini watch step vicetone shadow ft allie x ye ali right time remix ft reggie becton tank young scooter zaytoven black migo ft future yungeen ace aint type yung bans freak ft mulatto zella day crazy train 1031 kelly collins lost causes lil toe plug wendigo iced 50 cal ft matt ox lil darkie2embed
695,1964,Louis Armstrong,So Long Dearie,long dearie lyricswave little hand whisper long dearie aint gonna discover life dreary come aknocking door ill dolled singing song says dog told wave little hand whisper long dearie dearie said long long ago hear choochoo calling fancy new address yes hear choochoo calling board happiness express pick chick whos gonna stick glue care going long away honey ha ha ha yes long dearie aint gonna yeah yes long dolly come aknocking door ill dolled singing song says dog told yeah wave little hand whisper long louis louis said long long agoembed
696,1964,Chuck Jackson,Beg Me,beg lyricsbaby walked leaving misery want ive got news friend wanna know want yeah love yeah need yeah real bad yeah real bad yeah beg beg beg beg morning beg evening beg knees let hear want beg loved desperately hold left sad blue tables turned tell want yeah love yeah sure need yeah bad yeah real bad yeah beg beg beg beg morning beg evening beg knees let hear want beg yeah girl pity know cause didnt pity begged leave told grieved left free wanna know want yeah youre sure need yeah love yeah real bad yeah real bad yeah beg beg oh god beg knew cause left knew youre gotta beg louder hear youembed
698,1964,The Rivieras,California Sun,california sun lyricswell goin west belong days short nights long walk ill walk twist ill twist shimmy ill shimmy fly ill fly theyre ahavin fun warm california sun goin west coast california girls walk ill walk twist ill twist shimmy ill shimmy fly ill fly theyre ahavin fun warm california sun girls frisky old frisco pretty little chick theyll walk ill walk theyll twist ill twist theyll shimmy ill shimmy theyll fly ill fly theyre ahavin fun warm california sun yeah theyre ahavin fun warm california sunembed
700,1964,The Trashmen,Bird Dance Beat,bird dance beat lyricsuh ashakea shoulders amove feet gonna stomp bird dance beat uh aflapa arms movea hands gonna rock bird dance band oom mow mow papa oom mow mow papa oom mow mow papa oom mow mow papa oom mow mow papa oom mow mow papa oom mow mow papa oom mow mow uh ashakin amovin uh wella dancin boss chicks town uh wella bird dance till broad day light uh wella thats way spend night oom mow mow papa oom mow mow papa oom mow mow papa oom mow mow papa oom mow mow papa oom mow mow papa oom mow mow papa oom mow mow uh kids awailin lets cause birdmans singin papa oom mow mow youve heard surfin bird wrong cause theyre playin asingin bird dance song oom mow mow papa oom mow mow papa oom mow mow papa oom mow mow papa oom mow mow papa oom mow mow papa oom mow mow papa oom mow mow whats word uh ashakea shoulders amove feet gonna stomp bird dance beat uh aflapa arms movea hands gonna rock bird dance band oom mow mow papa oom mow mow papa oom mow mow papa oom mow mow papa oom mow mow papa oom mow mow papa oom mow mow papa oom mow mow uh ashakin amovin uh wella dancin boss chicks town uh wella bird dance till broad day light uh wella thats way spend night oom mow mow papa oom mow mow papa oom mow mow papa oom mow mow papa oom mow mow papa oom mow mow papa oom mow mow papa oom mow mow uh kids awailin lets cause birdmans singin papa oom mow mow mow youve heard surfin bird wrong cause theyre playin asingin bird dance song oom mow mow papa oom mow mow papa oom mow mow papa oom mow mow papa oom mow mow papa oom mow mow papa oom mow mow papa oom mow mowembed
701,1964,Chuck Berry,You Never Can Tell,tell teenage wedding old folks wished pierre truly love mademoiselle young monsieur madame rung chapel bell cest la vie old folks goes tell furnished apartment room roebuck sale coolerator crammed tv dinners ginger ale pierre work little money comin worked cest la vie old folks goes tell hifi phono boy let blast seven little records rock rhythm jazz sun went rapid tempo music fell cest la vie old folks goes tell bought soupedup jitney cherry red 53 drove orleans celebrate anniversary pierre wedded lovely madamoiselle cest la vie old folks goes tell teenage wedding old folks wished pierre truly love mademoiselle young monsieur madame rung chapel bell cest la vie old folks goes tell7embed
702,1964,The Dixie Cups,People Say,people lyricsdont leave sad blue tell hurt theyre saying true people summer romance people love wont long theyre sure know deep heart wrong care people wrong care people way stars shine isnt love time kiss know summer winter fall care people oh oh oh care people leave sad blue tell hurt youre saying true people summer romance know love stay lets strolling sea cause doesnt bother people care people people yeah yeah yeah care people people care people people care people yeah yeah yeah care people people care people yeah yeah yeahembed
704,1964,Solomon Burke,The Price,price hung heart darling said need stood told wide world good baby yes laughed called personal clown friends ha walked away left standing fool friends relations stand hang head shame cost cost mother love father sister brother oh yes youve caused know ive lost know price paid paid paid loving oh oh hear friends told told told hear mother fool told oh yes look wonder price paid paid loving baby care world gonna love old way let baby deep heart feel want care mother father care world talk darling oh sit lonely room moan come home holler baby baby baby baby baby need youembed
707,1964,B.B. King And His Orchestra,How Blue Can You Get,blue ive hearted baby day met said ive hearted baby day met love blues woman baby blue youre evil baby youre jealous apart said youre evil baby youre jealous apart blue baby answer right heart gave brand new ford said want cadillac bought dollar dinner said thanks snack let live penthouse said shack gave seven children wanna said ive hearted baby day met love blues baby blue get4embed
709,1964,Al Martino,I Love You More And More Every Day,love day lyricsi love day said love emotion time slowly fade away times deepened devotion love day day tender vows joy words darling grows grows inside love day day tender vows joy words darling grows grows inside love day love dayembed
710,1964,Lucille Starr,The French Song,french song lyricsquand le soleil dit bonjour aux montagnes et que la nuit rencontre le jour je sui seule avec mes reves sur la montagne une voix rapelle toujours ecoute ma porte les chansons du vent mrapelle les souvenirs toi quand le soleil dit bonjour aux montagnes je suis seule je ne veux penser qua toi sun says good day mountains night says hello dawn dreams hilltop hear voice hes gone hear door love songs wind brings sweet memories quand le soleil dit bonjour aux montagnes je suis seule je ne veux penser qua toiembed
711,1964,The Larks,The Jerk,jerk girls hey whats youre girl girl whats youre got steps gonna learn jerk hey jerk girl come work hey jerk girl hips fine girl come work right time everybodys got beat heyay look jerk yeah watch work girl jerk hey jerk soul soul soul soul soul everybody soul soul soul know come gonna teach ya jerk yeah watch mе work girl jerk come thе jerk let work jerk everybody jerk come jerk little bit soul jerk girl jerk work work work jerk come girl jerk listen everybody jerk ya work jerk soul girl jerk hey heyembed
712,1964,Shirley Ellis,The Nitty Gritty,nitty gritty lyricssome folks know learn shout wont wont sooner later baby heres ditty youre gonna right real nitty gritty lets right real nitty gritty nitty gritty yeah boom nitty gritty ooooowee nitty gritty right real nitty gritty boop bap bara boop boop nitty gritty ooooohooh ooooha double beatin double beatin right nitty gritty yeah double beatin repeatin right nitty gritty ya heey oooooh ooooha double beatin double beatin double beatin double beatin right right nitty gritty ya heey double beatin double beatin repeatin repeatin right nitty gritty ya heey oooooh ooooha double beatin double beatin double beatin right right nitty gritty ya heey double beatin double beatin repeatin repeatin right nitty gritty ya heey nitty gritty lets lets right right real real nitty gritty nitty gritty nitty gritty yeaah boom boom boom nitty gritty ahooee right real nitty gritty real nitty gritty real nitty gritty right real nitty gritty real nitty gritty downembed
713,1964,Barbra Streisand,People,people lyricspeople people need people luckiest people world children needing children letting grownup pride hide need inside acting children children lovers special people theyre luckiest people world person special person feeling deep soul says half youre hunger thirst person needs people people need people luckiest people world feeling deep soul says half youre hunger thirst person needs people people need people luckiest people worldembed
715,1964,The Kingsmen,Money,money lyricsyou know best things life free em birds bees want money yeah lots money child yeah stomp shout work day yeah know theres things cure ills thing gonna pay bills thats money yeah money child yeah stomp shout work day yeah know theres lots things id yeah child wanna em takes money yeah lots money child yeah stomp shout work day yeahembed
718,1964,The Paris Sisters,Dream Lover,dream lover lyricsevery night hope pray dream lover come way boy hold arms know magic charms want boy want dream lover dream dream lover love oh true hand hold feel near grow old want boy want dream lover dream someday know hope hell hear plea way know hell bring love dream lover ill sleep dream thats thing lovers dreams come true want boy want dream lover dream want dream lover dream aloneembed
719,1964,The Devotions,Rip Van Winkle,rip van winkle lyricsrolling ball pins falling wowwee ha ha ha haaaaa strike boomboomboom boomaboomboom boomboomboom boomaboomboom boom rip van winkle rip van winkle sleep sleep sleep ha ha ha haaaaa rip van winkle rip van winkle sleep sleep sleep boomboomboom boomaboomboom boomboomboom boomaboomboom boom fell asleep woods day spent years life way boomboomboom boomaboomboom boomboomboom boomaboomboom boom rip van winkle rip van winkle sleep sleep sleep nagging wife kept coin friends join little elfs bowled green dream dream dream oh left nagging wife slept 20 years didnt bother wake grew long white beard story goes listen children hear fell asleep woods day spent years life way nagging wife kept coin friends join rip van winkle rip van winkle doo doo doo doo dadoo boomboomboom boomaboomboom boomboomboom boomaboomboom boom rip van winkle rip van winkle sleep sleep sleep rip van winkle rip van winkle sleep sleep sleep rip van winkle rip van winkle slept life away rip van winkle rip van winkle slept life away boomboomboom boomaboomboom boomboomboom boomaboomboom boom little elf bowled green zzzzzzzzzzzzzzzzzzzzzzzzzzzzzzzzzzz rolling ball pins falling wowweeembed
722,1964,The Impressions,You Must Believe Me,believe lyricsyou belieieieve matter people belieieieve darling didnt happen way didnt happen way youve come home somethin mind darlin tell cryin time fun tryin tell somethin ive things youve heard denied opinion listen belieieieve matter people belieieieve darling didnt happen way didnt happen way woah alright woah alright girl youre wrong believe said bad talk town darling know id true party guests theres love best belieieieve matter people belieieieve darling didnt happen way didnt happen way woah alright woah alright woah alright woah alrightembed
727,1964,Johnny Tillotson,She Understands Me,understands lyricsyou ask love wohwoh dumdeedahdee dumdeedahdee doh ill tell love wohwoh dumdeedahdee dumdeedahdee doh understands way loves loves way takes time notice builds lets want know ill come wohwoh dumdeedahdee dumdeedahdee doh knowing love wohwoh dumdeedahdee dumdeedahdee doh understands way loves loves way takes time notice builds lets thats love understands meembed
732,1964,Brook Benton,Too Late To Turn Back Now,late turn lyricstoo late turn artist brook benton sung satin sound brook benton suffolk marketingsmi 2 peak billboard position 43 1964 words music written late turn clyde otis know hurt broke precious vows stop loving know late turn said goo happy bless child thought guess secret heart sayin man late turn fool start building castles skies dream saw heaven shining eyes knew love yes oh darling heart bow mmm yes youd know youd know said late turn late turn yes love late turn necessarily correspond recordings sheet music songbooks printed album jacketsembed
734,1964,Rick Nelson,For You,lyricsi gather stars blue yes baby ill sting pearls dew yes baby highway street carpets clover ill lay feet oh theres world wouldnt yes baby highway street carpets clover ill lay feet oh theres world wouldnt yes baby oh wouldnt yes baby oh wouldnt yes baby youembed
736,1964,Lesley Gore,Maybe I Know,maybe know maybe know hes acheatin maybe know hes untrue hear whisperin walk hes gonna break heart know theyre talking bet think ill oh maybe know hes acheatin maybe know hes untrue friends tellin hes good isnt treating way loves thats tears fall walk away oh maybe know hes acheatin maybe know hes untrue woahoh deep inside loves run deep inside loves someday hell settle maybe know hes acheatin maybe know hes untrue loves thats tears fall walk away oh maybe know hes acheatin maybe know hes untrue ohohohoh maybe know hes acheatin maybe know hes untrue doembed
739,1964,Sammy Davis Jr.,The Shelter Of Your Arms,shelter arms lyricsin cold world matter clouds pebble sand face gives hang shelter arms peace comfort care wanted cold world struggle survive fall youll think lend helping hand theyd sooner crawl life bare shelter arms strength safety rise start good reason living trying ask love times look bad shelter arms away fear cold world long thats pray god youll goodbye know shelter arms love life day dieembed
740,1964,Major Lance,Girls,girls lyricsgirl girl hear calling girl girl need acting know guy hurt hey girl girl ignore girl girl sad truth bad change act strange know morning got man arms want want realized know youve hurt know know know realized know youve hurt know know know know knowembed
742,1964,Anna King,If Somebody Told You,somebody told somebody told didnt love later told think world love know love know love know whoa know know know somebody told believe chance deceive somebody told need bad youre gone aint sad love know love know love know whoa know know know forget forget forget forget somebody told didnt love later told think world love know love know love know whoa know know know remember remember remember ill rememberembed
743,1964,Gene Pitney,That Girl Belongs To Yesterday,girl belongs yesterday lyricslast night needed bad feeling sad recall left girl ive didnt try promised youd true said loved girl told lie maybe therell come day smile girl theres left wanted play learned lesson fast know girl belongs yesterday girl girl learned lesson fast know girl belongs yesterday girl belongs yesterdayembed
749,1964,Eddie Holland,Candy To Me,candy lyricsone lump sugar compare sweetness babys love care shes candy ooh ooh sweet candy shes sugar shes spice thats nice ooh ooh sweet candy ooh shes got lotta lovin honeydrippin kisses sting bee oh candy babys sweet candy sweeter know believe ill let cause shes sweet candy sugar plum come sugar plum come ooh baby candy shes sugar shes spice thats nice ooh sweet candy use sugar coffee cup kisses woo sweet oh candy sweet sweet candy sweeter sugar cane heart shell remain ooh ooh shes candy babys sweet candy ooh ooh wee sugar plum mmm mmm mmm sugar plum mmm mmm mmm sugar plumembed
750,1964,Cathy & Joe,I See You,march 2022 singles release calendar lyricsattention edit page new song page31 alesso dark alex cameron k hole charli xcx baby christ dillinger bruhmanegod better coach party weird ezra furman point real haim lost track kahdami guap ft tyfontaine bankrol hayden basednas paopao la gabi villano antillano roce ft aria vega cami da baby robi antónimos sharon van etten soulja boy autotune 32 5 seconds summer complete mess asan luck ra te fuiste barrie concrete belle sebastian unnecessary drama boyband meet spot carlos vives camilo baloncito viejo duckwrth power power ft shaun ross emeli sandé oxygen iamclay alessia cara wtsgd jae skeese tha grain ft conway machine flee lord lennon stella thank mallrat teeth meg mac worth sad missio odesza better ft maro oordaya jamil pacman da gunman hitboy told ft peezy pixies human crime priya ragu illuminous rolling blackouts coastal fever tidal river rozzi fflow shaed come weather station talk tourist love vancouver sleep clinic love yung bae love ft earthgang jon batiste sherwyn 33 a1 x j1 tion wayne night away dance alex astronaut octopus 江𤒹生 王智德 anson kong alton wong rebound apel8 russian friends arrdee come ashe mans jeans bizarrap residente residente bzrp music sessions vol 49 blxst zacari confidence man woman dave starlight david guetta afrojack trampoline ft missy elliott bia doechii digga d g lock ft moneybagg yo ecko big soto dj tao esto se va descontrolar fabro fmk madrid feid nieve greeicy tóxico hayden james cassian ft elderbrook jack white hideho ft qtip joey bada head high kevin roldán byak khalid khea lit killah rusherking pa klp busy dancing kota banks mutual xo lenny tavárez anitta que vamo hacer lucius heartbursts lyan 100 problemas mario bautista piso 21 la tarea mia rodriguez shut nicole millar feeling good feeling great pamungkas trust mama pip millett ride prince royce maría becerra te espero rels b 100 tracks reykon beéle 1111 robyn buffalo stance ft mapei sebastián yatra érase una vez pero ya shenseea deserve slimesito certified steppers slimesito ftp suki waterhouse devil know 34 30 deep grimeyy free bay bay boogie wit da hoodie blovee hit different adán cruz mover el cuello alan walker torine hello world ali gatie crying rain alice merton team alkaline weekend amador pensándote amelia moore moves ana mena cuando la noche arriba baby tate slut ft kali basednas ice ft kahdami bktherula coupe bktherula da k blackroy el jordan 23 vicho el incorregible las chipetia brent morgan dreams camila cabello bam bam ft ed sheeran cannons hurricane carmen deleon bésame bonito cheat codes payback ft icona pop christ dillinger spider gang sea shanty cochise cold hart eyes cole swindell bar crecer germán miedo la ghetto loco por perrearte ella henderson didnt farina flow calle gavin james jealous gigolo y la exce eladio carrión nuevo gino2x kicc bacc ft nle choppa greta isaac freaking griff sigrid head remix ft mø king princess hotboii lately hot chelle rae stupid song hylan starr lil baby beg isabela merced agonía ft kayfex ji prince ny aint gon lie jade lemac place jason aldean weakness jax jones jax jones midnight snacks remix ft mnek jgreen millions jose yellow déjate ver jossef totoy el frío algoritmo kane brown leave keshi kira brown sabor mezcal ft amex lalo ebratt haraca kiko tos lasso dios leah kate dear denny lil pj long days luke sitalsingh california lyanno gp3 machine gun kelly lil wayne ay mar mejía money marc anthony nada nada matilda want mitch james history morgan evans country outta girl remix ft rivers cuomo morray ft cordae nawi la popi nia gente zona jc el diamante tulum nigo pusha t hear clearly omah lay justin bieber attention party favor ft marc e bassy pedro capó farruko gracias remix pitizion perro es perro placebo happy birthday sky popcaan skeleton cartier powfu sleeping floor princesa alba diario vida rapeton approved catalyna catalyna la o red hot chili peppers poster child revol dalex arcángel whattsup ft bryant myers rezz subtronics puzzle box río roma carin león tú gustas rosie life sigala melody extended sofía valdés hate beatles sofi tukker mahmut orhan forgive smooky margielaa bronx baby squash ready stine bramsen mother earth sy ari da kid press 0 ft benny butcher tee grizzley beat streets regrettes thats makes love thomas rhett death row ft tyler hubbard russell dickerson tiana major9 try peace tom mail man wallows end day wild youth seventeen wolfacejoeyy peace mind ynw melly trippie redd ynw bslime mob ft ynw bortlen yungeen ace life sin 35 jay critch click since99 trendsetter soulja boy swag walk 36 spider gang rich die cryin 37 breland praise lord ft thomas rhett chloe moriondo sammy florence machine heaven jenny hval freedom kae tempest prizes ft lianne la havas lil darkie bvdlvd gas marcelo mellino tú dejaste moderatto danna paola sólo quédate en silencio omy oro la nueva pandemia rowdy rebel ah haa freestyle sunflower bean roll dice superorganism teenager ft chai pi ja ma vaundy 恋風邪にのせてkoikaze ni nosete white osa rip ft nle choppa 38 aldous harding fever wurtz fly christ dillinger man ft acid souljah dekko cocoloco fanny lu valió la pena jimmie allen home kali standards leslie grace buen día luke steele armageddon slice maddy jane lot mandy moore real life phoebe green easy rachel chinouriri asked son lux life ft david byrne mitski soulja boy euphoria wendigo wendigo 39 aya nakamura dégaine ft damso cxrpse therapy eli derby 6lack lately emmit fenn human enchanting teletype father john misty goodbye mr blue jay critch mally bandz drank cup kita alexander run marian hill spinnin ft kemba steve davit milky chance synchronize rex orange county open window ft tyler creator sigrid gets dark snow tha product haraca kiko nieve tomberlin tap wara newteztament 310 aitch ashanti baby 許廷鏗 alfred hui 沒有人可以為你的幸福負責 alison wonderland new day amanda tenfjord die chanel loren playlist darren hayes remember edén muñoz chalino florence machine love fmk duki tu nombre jd pantoja ya volví jhay cortez sensual bebé jon z juhn ansioso joonti cobarde justin quiles eladio carrión gucci fendi kaleb di masi ecko cazzu matatan remix ft alan gomez brray dj tao key glock pain killers kiko el crazy arcángel te doblaste lexi jayde hate marshmello u merci mercy sick stomach michael bublé higher miranda lambert strange monsieur periné nada oblvyn riell oh wonder magnificent oliver sim romance memory ozuna g wagon 陳蕾 panther chan 世界與你無關 embrace acoustic version sean paul ft pia mia spider gang walk racks black keys wild child ventino stop 311 nxw bxnk ynw bslime fair alanis morissette olive branch albyy bipolar alexandra stan bad hating amaia bienvenidos al blovee boom boom ft boogie wit da hoodie banda ms sergio lizárraga amigos quién brenji feel brs kash rbs rich bish shit bryce vine american dream calibre 50 míranos ahora claire rosinkranz aidan bissett stuck cody simpson let coin brad pitt coldplay selena gomez let somebody kygo remix cupcakke tay money ptpom shemix ft shantiip desiigner draft day far ft lil yachty ekali remk remember eli young band break bar fenix flexin dead homies fireboy dml rexx life raj wale beauty madness fredo bang federal raid futuristic berner dizzy wright guess ill smoke ft durand rapper boboy watson gaby moreno nobodys wrong imagine dragons bones j alvarez haré haré jay worthy larry june leave jw 王灝兒 納斯卡線 nazca line karol sevilla dime dime killkody lil tracy bighead backend kx5 escape ft hayla kyle carefree kyslingo feeling lael garbage bag latto wheelie ft 21 savage lil eazzyy forever steppin luis fonsi dolce maren morris nervous megan thee stallion sweetest pie ft dua lipa mocedades gloria trevi amor hombre mothica sensitive ms banks tion wayne typa way ft eight9fly nle choppa gender reveal song omar apollo killing playnskillz guaynaa el doggy perreo ft ovi randy quin nfn walk line rapeton approved villano antillano veo veo rema fyn ft aj tracey rhodes words ron suno second ft rah swish ruel let grass grow st pedro te compartía static ben el snoop dogg ziki ziki ft lil baby stunna 4 vegas suigeneris yvngxchris skinny jeans rick owens takeoff rich kid crypto chainsmokers ipad script superheroes acoustic tory lanez cap tove styrke hardcore whethan mental ft slump6s glaive wicca phase springs eternal tracer yella beezy yungblud funeral 312 yvngxchris rip paul walker ft babysantana 313 corina smith antisocial 314 bvdlvd scorn charli xcx rule cold hart iim sprung lil gotit freestyle lil zay osama fuck cousin yozuel yan block malas vibras 315 bleachdiego rip scott hall samples christ dillinger fly ft lil darkie grupo firme beto sierra mc davo así es la vida icewear vezzo 48 lil darkie eddison scammin muna ñejo esta vida es presta robi desconocidos soulja boy duty soulja boy soulja boy kizzy soulja boy rich wendigo mad science lab zheit mis errores 316 ca7riel paco amoroso paga dios el alfa el mayor clásico galapin 李幸倪 gin lee 剛好 right jaycoma imagínate joyce wrice iced tea ft kaytranada machine gun kelly bring horizon maybe 马思唯 masiwei snts natanael cano grupo codiciado veras nova twins cleopatra pacman da gunman hitboy average plumblossom 石山街 rock hill street 先知 destiny rosalía hentai sauceda sm lefty sm prendidos 317 44 kid mesita pary fumeteo akim follower alejo feid robi pantysito amenazzy eladio carrión ausente arni rom bajo cero brick thursday ft guapdad 4000 kyle cami el peor cazzu dj tao cazzu dj tao turreo sessions 9 charli xcx know dee watkins times digga d life real g freestyle dvicio arte dylan fuentes ingratax sin ropa fmk gatas freshie midnightclub ft trippie redd haash lo que hombre debería saber jovaan mito ft amarion kaleb di masi cro omar varela cheto mal kennyhoopla dirty white vans kevvo influencer key glock play keeps la ross maria leon leiden mereces menos luana será mi culpa m huncho lean ft giggs miky woodz jay wheeler nio garcía nadie mili skindeep comedy residente america ft ibeyi tiago pzk hablando love tones eyes lie tony k better yíán una noche 318 88glam ziploc alkilados cómo voy olvidarte arrdee early hours baby hot scatpacc ft nle choppa bad gyal flow 2000 remix ft beny jr bailey bryan mf ft 24kgoldn bigwalkdog real gets bleachdiego clientele blessd myke towers ovy drums tendencia global bones grayera theone bryn clouds bülow playing capella grey nija confujawn carlitos rossy crecía chris king ft trippie redd chucky73 hmm coi leray nicki minaj blick blick cold hart snowwhite whispers coldplay selena gomez let somebody piano version collar nevernever land cosculluela inocente dj nelson wisin yandel baby rasta gringo te veo bailar ft brray alejandro armes doechii persuasive dozi pa los míos elaine shine fivio foreign magic city ft quavo gale inmadura gavn lift grip dirty work inna kaluma remix jgrand si tú supieras jada kingdom dickmatized jeeiph noreh 20 joel corry david guetta bryson tiller josé madero nadie más vendrá juice wrld julieta venegas mismo amor kayzo siiickbrain moonlight king princess friends laya kalima provocándome lil pj speeding fast ft ceo trayle lil poppa wire ft jdot breezy lul bob trapped mabel jax jones galantis good luck mahalia simon says maia reficco rápido y furioso mandisa dark petey martin remix sleeps stay ft manse dubvision afrojack nghtmre slander fall ft dylan matthew nigo lil uzi vert heavy normani fair pollari complicated princess nokia effort rapeton approved jeremy g desnuda robinson jason derulo ayo girl fayahh beat ft rema rosalía candy sada baby bop stick 陳珊妮 sandee chan 捆缚 bondage sasha alex sloan wtf slump6s chrome hearts jacket sosmula yakuza 2000 ssgkobe escape love remix ft trippie redd steele 11 chainsaw man steve aoki marnik leony stop world syd lucky daye cybah tom grennan remind trav toxic ft rowdy rebel tshyne 5 unlike pluto cold weather villano antillano vocales wolfacejoeyy run 2067 yvngxchris hoes vs girls yandar yostin si acaso zerimar recuerdo 319 christ dillinger mercedes benz s class 320 bfb da packman blame ye desiigner hills alive onlybino rip virgil ft dc don 321 arlene mc lakia banks love denzel curry troubles ft tpain digga d radar freestyle fontaines dc skinty fia lil darkie song yvngxchris sentimental ft onlybino 322 42 dugg est gee free shiners asian doll baby ft sheemy bankroll freddie broke asf bhavi santa fe klan dios y la muerte ca7riel paco amoroso en el disclosure raye waterfall flvco know girlpool gives pleasure hatchie lights kahdami posed2be kilo kish miguel death fantasy koffee shine koi toast kolor 海底隧道 harbour crossing mykki blanco family ties ft michael stipe sigcarlito rains soulja boy catch body unfoonk dea wendigo interfere high 323 beabadoobee talk deante hitchcock evaluna montaner refugio flor big shot flor skate flor vigna una en millón kenia os se fue la luz luke steele pool love lykke li hotel mario la moña peine banana ft ecko missio demons missio odesza love letter ft knocks omar apollo tamagotchi oston hard love paulo londra plan quando rondo 1027 raffaella blonde röyksopp breathe ft astrid s sebastián yatra john legend tacones rojos sheff g break sigcarlito zelly ocho double dare lolz soccer mommy shotgun soulja boy exotic soulja boy freeze time ft desiigner soulja boy melody sycco superstar vaccines disaster girl tyson yoshi smoke drink linley wrong time wolfe 有啲嘢唔講得 things said zola jesus lost 324 ally brooke tequila blossoms sulking poet bic fizzle turnt shit bree runway somebody callejero fino lgante ecko pa tra rkt remix ft kaleb di masi fili wey homer el mero mero john c papichamp cauty muchisito y chao chance rapper child god christina perri evergone claudia valentina extra agenda duwap kaine shopping spree emilia cuatro veinte flo cardboard box j balvin ed sheeran forever love j balvin ed sheeran sigue james bay reason 鄭欣宜 joyce cheng 豐乳肥臀 big boobs bubble butt kendy suen 日月無常 impermanence lets eat grandma levitation luis figueroa todavía te espero maluma mojando asientos ft feid meg myers htis ft luna shadows carmen vandenberg mrcheezl cheezl sampler mar 2022 mxmtoon sad disco oni war ender ft city morgue piso 21 ñejo salvavidas red hot chili peppers sabrina claudio better version seven kayne eso que tenés amazons bloodrush unknown t xylø sweetheart 325 24kgoldn travis barker head 27club jez dior 2 late 350heem 2 block albino nmnm alex lahey kiss anonimus vla music entertainment tarde arizona zervas time bigkaybeezy area 51 packmix ft bfb da packman brevin kim come god bruello princy waterfall ft alexino lil scottish bruhmanegod plywood catie turner celeste love man cheat codes stondon massey afraid love coco jones caliber doodie lo melrose ft icewear vezzo finneas naked fredo bang love ft sleepy hallow g perico league gabbie hanna sold soul gabi si nos besamos gabi demartino broken morning hd4president celebration immasoul florecer jack savoretti love life jamie miller javiielo días grises jazmin bean puppy pound jessia time jnr choi gunna moon remix jowell randy 20 aniversario juanfran moncho chavea antonio hernandez lo niegues kid cudi stars sky lael bully lauri garcia contigo lefty sm carin león ahora estoy mejor leroy sanchez bla bla bla lil skies play funeral ft landon cube lil tracy heavenly louis child aluna lous yakuza kisé 盧冠廷 麥浚龍 lowell lo juno mak 旋律故事 tune tale lyan la culpa maría león quebradita ft pliego villareal martin garrix zedd follow die angelware nicki minaj ft fivio foreign nina ingratax k pasará live session noel rat race pollari company ft lil dusty g ricky montogmery settle rob49 vulture island v2 ft lil baby role model neverletyougo ry x love saga whiteblack nacho brray quédate samantha sánchez bad kiss sharlene veces besos sheryl crow forever st lucia lifetime stunna 4 vegas pay speak summer walker sza cardi b love extended surf ptsd surf mesa nitti gritti marching band tai verdes 3 outfits tate mcrae chaotic tory lanez taken care turnabout bolos unlike pluto silly feel warren hue yvngxchris w willy william william lali solo yubeili otra noche ft maikel delacalle falke 912 yungeen ace kodak black bam yung lean trip zaramay el high polakan pla pla 327 kirblagoop debating suicide ima fall 328 acid souljah pill pronky ft secretwebcamgirl cxrpse charlie sheen ft james gorczyca 黃明德 dark wong 留班同學 repeater enrique iglesias espacio en tu corazón want love 馮允謙 jay fung 報復式浪漫 sweeetly ft moon tang latto mariah carey big energy remix ft dj khaled lil darkie bvdlvd 10 foot tall onlybino fortune cookie remix torch beenup broken words vince staples rose street 329 wurtz 9 8 7 catalyna astucia john c rompediscoteka onlybino urgent robi nohemy avísame 330 9 42 dugg est gee everybody shooters ak420 pailita cris mj arrepentí alejandro santamaria sael 100 cro dani ribba normal conkarah pedro capó millonario faouzia rip love flume sirens ft caroline polachek hozwal juliito rolex ibeyi jorja smith lavender red roses ihateyousheed miles chancellor sunsets kehlani night ft justin bieber lauren sanderson tongue tied lil gotit care ft millie lightly toosii 張進翹 manson cheung questons mónica naranjo ey ft bunbury 藍奕邦 pong nan 醫生我無病 doctor aint sick ft matt force pouya fat nick seven figure habits redveil sam truth better summrs rich taichu gabbana blssm today tom odell best day life zaucy la canción 331 10percent dior funeral 20 aitana en el coche alba reche cambies tu andar anuel aa yailin la mas viral si tu busca brytiago bryant myers el congreso chocquibtown bitcoin dean lewis hurtless duki la ghetto quevedo si quieren frontear ella mai leave jeleel rain keityn anoche kevvo farruko wisin smp sol mar y playa lucki new drank lyanno guay madonna sickick frozen 070 shake remix ft 070 shake mak sauce speedracer ft mkgoinup nina terminamos polimá westcoast young cister cris mj sextime roa bellakeame scarr running away shawn mendes youre gone víctor manuelle vamo ver si el gas pela ft miky woodz marvin santiago winona oak baby blue yomiel amarion bella1embed
755,1964,Pete Drake And His Talking Steel Guitar,Forever,forever hold hold kiss kiss whisper whisper sweetly sweetly youll youll love love forever forever x21embed
756,1964,Dion Di Muci,Drip Drop,drip drop lyricshey roof leakin rains fallin head wont stop roof leakin rains fallin head need mop cried hard teardrops bed drippitydrop yes packed bags moved midnight train drip drip shes got brain drippitydrop packed bag moved midnight train drip drip girls insane drippitydrop took heart tears rollin drain drip drip rain drippitydrop buddy come tip tip tip said listen friend tell ya hip hip hip ya mind business shut lip lip lip know girls gimme slip slip slip said roof leakin rains fallin head drip drip oh yeah drippitydrop cried hard teardrops bed floor drippitydrop thats said buddy come tip tip tip said listen friend tell ya hip hip hip ya mind business close lip lip lip know girls gimme slip slip slip said roof leakin rains fallin head dripdrip drippity drop dripdrip cried hard tears flowin bed dripdrip floor drippity drop rug wall yeahembed
759,1964,Solomon Burke,Goodbye Baby (Baby Goodbye),goodbye baby baby goodbye goodbye baby baby goodbye goodbye baby long girl know aint gonna stepping world coming party wont able stay gonna kiss kiss time going away come sing goodbye baby baby goodbye lonely yes hurt fool gave candy fed dirt yes coming party break day gonna touch touch time going away sing goodbye baby baby goodbye listen preachin little bit mmm train coming long lonesome track girl know ive got home deep heart know coming gonna look party cause time know ill listen gonna dance dance dance time oh yeah sing goodbye baby makes wanna sing baby goodbye itll wanna moan think going home goodbye goodbye baby baby makes wanna children cryembed
760,1964,Pat Boone,Beach Girl,beach girl lyricslittle beach girl little beach girl little beach girl little beach girl little girl hes hurt says wont anymore little beach girl hell kiss tears away stand little girl hes coming home stay tell youre scared ill hell right hell smile feel crying tell youre scared ill hell right hell smile feel crying little beach girl run thing ill true stand break heart hes love love youembed
762,1964,Barbara Lewis,Puppy Love,puppy love puppy puppy puppy puppy love puppy love puppy love puppy love puppy love puppy love puppy love thought fallen love puppy love puppy love puppy love puppy love puppy love puppy love thought love true puppy love puppy love puppy love puppy love remember held tight arms aaoop told good luck charm answered youre number man aaoop loves said oop wheres love aaaoop instead hearing bells hear drums thought love thought love cause heart went rocking reeling felt tingle feet puppy love puppy love puppy love puppy love puppy love puppy love oh feel silly puppy love puppy love puppy love puppy love doo remember held tight arms aaoop told good luck charm doo answered youre number man aaoop loves said doo wheres love aaoop instead hearing bells hear drums thought love thought love cause heart went rocking reeling felt tingle feet puppy love puppy love yes puppy love puppy love oh puppy love puppy love oh feel silly puppy love puppy love puppy love puppy loveembed
763,1964,Al Martino,Always Together,lyricsalways forever leaving dreams share true hearts forever showing world care wont lonely ill love ill live life forever love true true hearts forever showing world care wont lonely ill love ill live life forever love trueembed
769,1964,Sam Cooke,Good News,good news lyricsoh babys coming home tomorrow aint good news man aint news babys coming home tomorrow aint news man aint news got letter day telling way wants meet station aint good news man aint news letter told loved aint good news man aint news letter told loved aint news man aint news said shes sorry left want said wants aint good news man aint news aint news aint good news man know thats good news babys coming home tomorrow aint good news man aint news gonna party station aint good news man aint news party station aint news man aint news wait home finally disconnect telephone aint good news man aint news aint news aint good news man man aint news babys coming home tomorrow aint good news man aint news good news good newsembed
770,1964,Little Richard,Bama Lama Bama Loo,bama lama bama loo lyricsbama lama bama loo got girl named lucinder great pretender got girl named lucinder great pretender talks says bama lama loo bama lama bama loo bama lama bama loo bama lama bama loo bama lama bama loo dig style shes drive wild bama lama bama loo asked baby kiss shook head asked little girl kiss shook head said woooooh yeah bama lama bama loo dig style drivin wild bama lama bama loo asked baby kiss bama lama bama loo dig style drivin wild bama lama bama looembed
771,1964,The Exciters,Do-Wah-Diddy,dowahdiddy lyricsthere awalkin street singin wah diddy diddy dum diddy snappin fingers shufflin feet singin wah diddy diddy dum diddy looked good looked good looked fine looked fine looked good looked fine nearly lost mind knew walkin singin wah diddy diddy dum diddy holdin hand natural singin wah diddy diddy dum diddy walked walked door door walked door kissed little whoaoh knew falling love yes told things id dreamin nearly single day singin wah diddy diddy dum diddy awere happy thats gonna stay singin wah diddy diddy dum diddy shes shes shes wedding bells gonna chime whoaoh knew falling love yes told things id dreamin nearly single day singin wah diddy diddy dum diddy awere happy thats gonna stay singin wah diddy diddy dum diddy shes shes shes wedding bells gonna chime whoaohohoh oh yeah wah diddy diddy dum diddy sing wah diddy diddy dum diddy oh yeah oh oh yeah wah diddy diddy dum diddy doembed
773,1964,James Brown And The Famous Flames,Have Mercy Baby,mercy baby lyricshave mercy mercy baby know ive wrong mercy mercy baby know ive wrong heart sorrow belong ive good ive lied cheated ive good ive lied cheated reaping sorrow know mercy mercy baby tell wrong mercy mercy baby tell wrong reaping sorrow belong oh yeah yeah hey oh yeah mercy mercy baby know ive wrong oh mercy baby know ive wrong heart sorrow belong ive good ive lied cheated ive good ive lied cheated reaping sorrow tell supposed doembed
774,1964,Marvin Gaye,Try It Baby,try baby youre moving pretty baby youre leaving everybody love oh youre fine fine fine away good looks fancy clothes try baby try baby try baby try baby try baby try baby try baby try baby youll loves loves tell youre busy pretty baby aint got time oh remember time cross track baby came try baby try baby try baby try baby try baby try baby try baby try baby youll loves loves want hold pretty baby arms close loving friends friends friends bright lights baby lights tell tell em come try try honey try oh try baby try try sweetheart try try baby youll loves want try try baby try try baby try try sweetheart try try honey youll loves want try think lying try believe try think jivin try mmhmmembed
775,1964,Frank Sinatra,"Softly, As I Leave You",softly leave lyricswriters hal shaper antonio devita giorgio calabrese softly leave softly heart break wake leave softly long miss long arms beg stay hour day years bear tears fall softly leave softly long kiss long arms beg stay hour day years bear tears fall softly leave leave leave thereembed
776,1964,Garnet Mimms,Tell Me Baby,tell baby lyricstell tell baby crying tell tell baby youre lying cause got know got know tell said wasnt girl saw night dancing carrying best friend til early bright tell home bed tell flu tell baby let untrue tell tell baby crying tell tell baby youre lying cause got know got know tell let dry tears eyes peace heart tell girl thought mistake tell love love baby know know wanna believe cause got know got know tell tell wasnt saw night dancing carrying best friend til early bright tell home bed tell flu tell baby let untrue tell tell baby crying tell baby youre lying cause got know got know tell tell tell baby crying tell tell baby youre lyingembed
777,1964,The Pixies Three,Gee,gee lyricsdo dododo dododo dodododo dododo dododo dodododado dododo dododo dodododado love boy ooooh gee ogee ogee love boy love boy ooooh gee listen hear plea love boy love boy hold baby squeeze let taking chances love love ooooh gee yes love yes need love boy love boy dododo dododo dodododo dododo dododo dodododado dododo dododo dodododado love boy hold baby squeeze let taking chances love love ooooh gee said gee ogee love boy love boy ooooh gee listen hear plea love boy love boy thats love boy dododo dododo dodododo ooooh gee dododo dododo dodododo oooohoh oooohoh ooooh geeembed
778,1964,Connie Francis,Be Anything (But Be Mine),lyricsbe beggar thief sunshine grief darling wise man fool treat tender cruel darling climb ladder master survey fail doesnt matter love okay angel prayers devil cares darling angel prayers devil cares darling mineembed
