,Year,Artist,song_name,further_clean_text
1026,1967,Roy Orbison,Cry Softly Lonely One,softly lonely lyricscry softly lonely said let heart break hes youre blue lonely fall apart teardrops start girl girl ill standing dry eyes softly lonely softly lonely heartaches begun linger carry strong youre babys gone left ill stand long nights girl cmon girl moment run come tonight forever lonely oneembed
1027,1967,The Buckinghams,Susan,susan lyricssusan looks losing losing mind wasting time susan confusing ask youre saying goodbye girl place youre hurting know ill thinking girl love girl place youre hurting know ill thinking girl love love love love love love yes love yes susan love oh susan love susan love susan love youembed
1029,1967,Al Martino,Mary In The Morning,mary morning lyricsnothings pretty mary morning sleepy haze lying soft rain falls summer flowers warm sunlight shining golden hair awake close want arms ache deep inside nothings pretty mary morning chasing rainbow dreams far away turns touch kiss face softly mary wakes love day marys sunny days stormy weather doesnt care cause right wrong love share share nothings pretty mary evening kissed shades night starlight hair walk hold close tomorrows lifetime shareembed
1030,1967,Mitch Ryder And The Detroit Wheels,Sock It To Me-Baby!,sock mebaby lyricssock ooh ready sock kiss sock come baby sock honey bee hive honey bunch heh time kiss hits punch ready ready ready ready ready ready hey want yes youve got sock baby sock baby baby gotta sock baby sock baby sock baby sock bug loo baby rock boat heh evry time shake girl moreembed
1031,1967,The Doors,Light My Fire,light know untrue know liar girl higher come baby light come baby light try set night time hesitate time wallow mire try lose love funeral pyre come baby light come baby light try set night yeah time hesitate time wallow mire try lose love funeral pyre come baby light come baby light try set night yeah know untrue know liar girl higher come baby light come baby light try set night try set night try set night try set night 33embed
1032,1967,Eddie Floyd,Raise Your Hand,raise hand lyricsif theres need sit feeling bad better ill understand raise hand oh yeah baby know standing line wanna love let try wanna good understand raise hand raise hand raise hand raise hand ill understand holy holy holy baby know standing line wanna love let try better ill understand raise hand raise hand raise hand raise hand raise hand raise hand raise hand1embed
1033,1967,The Beatles,Penny Lane,penny lane penny lane barber showing photographs head hes pleasure know people come stop hello corner banker motorcar little children laugh banker wears mac pouring rain strange penny lane ears eyes beneath blue suburban skies sit penny lane fireman hourglass pocket portrait queen likes engine clean clean machine penny lane ears eyes fish finger pies summer shelter middle roundabout pretty nurse selling poppies tray feels shes play penny lane barber shaves customer banker sitting waiting trim fireman rushes pouring rain strange penny lane ears eyes beneath blue suburban skies sit penny lane ears eyes beneath blue suburban skies penny lane25embed
1036,1967,Roy Orbison,Communication Breakdown,communication breakdown lyricswe walk talk time close goes communication breakdown communication breakdown concern money burn things need need communication breakdown communication breakdown fail leaves lover cling ground communication breakdown communication breakdown soon temptation hurry sad situation worry tell communication breakdown communication breakdown goes communication breakdown communication breakdown right right wrong wrong gone gone late communication breakdown communication breakdown tell communication breakdown communication breakdownembed
1038,1967,Petula Clark,This Is My Song,song lyricswhy heart light stars bright sky blue hour met flowers smiling bright smiling delight smiling tenderly world know world smiling smiling tenderly old story eternity love song song serenade world wrong world theres care world love day love song song serenade youembed
1040,1967,The Spencer Davis Group,Somebody Help Me,somebody help lyricssomebody help yeah somebody help wont somebody tell ive wrong little boy seventeen girl queen didnt love loved know lonesome somebody help yeah somebody help wont somebody tell ive wrong need life need girl hold tight feel feel right somebody help yeah somebody help wont somebody tell ive wrong somebody help yeah somebody help somebody help yeah right wont ya somebody help somebody help somebody help yeah somebody help somebody help nowembed
1041,1967,The Esquires,And Get Away,away lyricswait got away pick feeet little higher legs clap hands little louder shinga ling sock sock sock hear sat away girl let help pearl got pushin got girl happy long away sock sock sock da da ow away clap hands little louder stomp feet little louder come body feel beat come body youre real neat come away girl awayembed
1042,1967,The Box Tops,Neon Rainbow,neon rainbow lyricsthe city lights pretty lights warm coldest nights people going places smiling electric faces glow erases lose glow replaces life love neon rainbow neon rainbow moving lines flashing signs blinking faster minds leading people suggestions leaving unanswered questions live direction perfection life love neon rainbow neon rainbow daytime changes remains smiles anymore open door night time comes city lights pretty lights warm coldest nights people going places smiling electric faces glow erases lose glow replaces life love neon rainbow neon rainbow neon rainbowembed
1046,1967,Syl Johnson,Come On Sock It To Me,come sock baby youre movin youre movin slow yeah yeah yeah yeah youve gotta youve gotta gogogogo mama youve got dance come dance woman come dance come dance dance dance sock rock knock sock baby crowd tend shy people know people know guy home tear boston monkey feelitdown boogaloo baby know know dododo sock pop rock sock baby girls think know doin ruined stand ghost chance decide wanna dance dance come dance come dance come baby alright sock sock mama come baby lookin good woo come baby lookin good mama come babyembed
1047,1967,Robert Knight,Everlasting Love,everlasting love hearts astray leaving hurt went away needed filled regret come begging forgive forget wheres love knew open eyes youll realize stand everlasting love need girl bride youll denied everlasting love start open heart lasting everlasting love need love forever need love forever lifes river flows knows till someones way lasting love sun shines endlessly shines eternal love lovelights gone strong everlasting love real love forever real love forever open eyes youll realize stand everlasting love need girl bride youll denied everlasting love start open heart lasting everlasting loveembed
1048,1967,Johnny Rivers,Summer Rain,summer rain summer rain taps window west wind soft sweet dream love warm sunshine sittin shes stepped rainbow golden hair shinin moon glow warm lips soft soul sittin yeah shes summer long spent dancin sand jukebox kept playin sgt peppers lonely hearts club band sailed sunset drifted home caught gulf stream gave thought tomorrow let tomorrow let tomorrow wants live rockies says thats peace settle raise family yeah home summer long spent groovin sand everybody kept playin sgt peppers lonely hearts club band snow drifts window north wind blowin thunder loves burnin shes yeah shes let tomorrow beembed
1049,1967,Barbra Streisand,Stout-Hearted Men,stouthearted men lyricsyou dreams act come true turn dreams fact s soul spirit fear youll hearts inspire hearts strong obey strong man shows way men stouthearted men fight right adore start stouthearted men ill soon thousand shoulder shoulder bolder bolder grow fore theres world stall halt plan stouthearted men stick man man stouthearted men stick man manembed
1050,1967,The Blades Of Grass,Happy,happy happy day happy world sad long happiness happy way love happy thinkin lifetime pleasure hidden treasure happiness youre girl want marry youre girl makes youre girl makes happy makes happy happy happy lives happy love forever life happy livin life youre girl want marry youre girl makes youre girl makes happy makes happy happy happy lives happy love forever life happy livin life ahembed
1051,1967,The Hardtimes,Fortune Teller,fortune teller lyricswent fortune teller fortune read didnt know tell dizzy feeling head took look palm said son feel kind warm looked crystal ball said youre love said passionate girls know said arrives youll looking eyes left hurry looking forward big surprise day discovered fortune teller told lies hurried woman mad told didnt whyd fool struck came looking fortune teller fell love happy fella married fortune teller happy fortune told free happy fella married fortune teller happy fortune told freeembed
1054,1967,Jerry Butler,Mr. Dream Merchant,mr dream merchant lyricsheyay mr dream merchant depends oh hey mr dream merchant bring dream come true said goodbye love didnt mean didnt realize good need hey mr dream merchant depends oh hey mr dream merchant bring dream come true told spoon stop blind man ive got pride pocket oh wont bring hey mr dream merchant oh depends oh hey mr dr merchant need good love bring dream come true oh yeahembed
1055,1967,Eddy Arnold,Misty Blue,misty blue lyricsoh long long time looks mind oh thought turns world misty blue mention turns flicker flame think things world turns misty blue forget heaven knows ive tried said glad heart knows ive lied oh long long time looks mind oh thought turns world misty blue oh thought turns world misty blueembed
1056,1967,The Mamas & The Papas,Twelve Thirty (Young Girls Are Coming To The Canyon),thirty young girls coming canyon lyricsi live new york city dark dirty outside window steeple clock said 1230 young girls coming canyon mornings walking longer blinds drawn talking strange feel friendly good morning mean feel changes happening notice till feel young girls coming canyon morning walking longer blinds drawn talking cloudy waters cast reflection images beauty lie stagnant vibrations bounce direction lie shattered fragments young girls coming canyon morning walking longer blinds drawn talking3embed
1057,1967,The Lovin' Spoonful,Nashville Cats,nashville cats lyricsnashville cats play clean country water nashville cats play wild mountain dew nashville cats playin theys babies nashville cats work theyre theres thirteen guitar pickers nashville pick notes number ants tennessee anthill yeah theres thirteen guitar cases nashville unpacks guitar play twice better yeah thirteen musical proverbial kneehigh heard couple newsounding tunes tubes blasted skyhigh record man said yellow sun record nashville north aint buys said nashville cats play clean country water nashville cats play wild mountain dew nashville cats playin theys babies nashville cats work theyre theres sixteen thousand n mothers nashville friends play music aint uptight kids custom mothers son guitar picker nashville sure glad got chance word music mothers nashville nashville cats play clean country water nashville cats play wild mountain dew nashville cats playin theys babies nashville cats work theyre pick itembed
1058,1967,King Curtis,Memphis Soul Stew,memphis soul stew todays special memphis soul stew sell people wonder gon tell right gimme half teacup bass need pound fatback drums tablespoons boiling memphis guitars goin taste right little pinch organ half pint horns place burner bring boil thats thats thats right beat embed
1060,1967,Donovan,Wear Your Love Like Heaven,wear love heaven lyricscolor sky prussian blue scarlet fleece changes hue crimson ball sinks view wear love heaven wear love wear love heaven wear love wear love heaven wear love lord kiss song allah kiss wear love heaven wear love wear love heaven wear love lala lalala lalala lalala color sky havana lake color sky rose carmethene alizarin crimson wear love heaven wear love wear love heaven wear love wear love heaven wear love lord kiss song allah kiss wear love heaven wear love wear love heaven wear love lala lalala lalala lalala believe wished race proud free wear love heaven wear love wear love heaven wear love wear love heaven wear love lord kiss song allah kiss wear love heaven wear love wear love heaven wear love carmine carmineembed
1062,1967,Ray Charles,Here We Go Again,hes town ill time phone ring ill fool time ive try fool fool knows theres way win shell break heart ill play time alright mr preston ive know try fool fool knows theres way win shellhell break heart ill play time ill herhim time willembed
1063,1967,The Byrds,Lady Friend,lady friend lyricshere comes going happen comes learned duck shes going shes going away live survive comes looks wave drowned comes far shore shes going trinkets live survive comes night going fall comes shes going goodbye shes going leave live surviveembed
1068,1967,The Merry-Go-Round,Live,live lyricsoh youre kind girl whos got theirself wound ball oh think live ya locked walls gotta better live life pass away waste day lifes spent locked room chance roam away home youre gonna today waste time life day worth million soon gotta better live life pass away waste day lifes spent locked room chance roam away home live live live live live live live live want want life rule want gotta better live life pass away waste day lifes spent locked room chance roam away home know lifes live know hard let live gotta better live life pass away waste day lifes spent locked room chance roam away home live live live liveembed
1069,1967,Cannonball Adderley,"Mercy, Mercy, Mercy",mercy mercy mercy lyricshave mercy mercy baby mercy mercy went gypsy fortune read said man baby gonna leave bags packed bed thats right mercy mercy baby mercy mercy leave baby girl gonna nearest river child jump overboard drown thats right mercy mercy baby mercy mercy said hey hey baby hey hey trying hey hey baby hey hey mercy mercy baby mercy mercy stay baby tell gonna gonna work jobs seven days week bring money home thats right mercy mercy baby mercy mercy yeah mercy mercy baby mercy mercy meembed
1073,1967,Ronnie Dove,My Babe,babe lyricsmy babe got babe wont lie babe love million guys hard time world time girls spend time life aint fair care long babe got babe wont lie babe love million guys look youll hear sounds young hearts breakin games galled runnin free aint cause hearts taken babe got babe wont lie babe love million guys babe got babe wont lie babe love million guysembed
1074,1967,The Monkees,Daydream Believer,daydream believer chip 7a davy number chip 3 monkees 7a davy ok know mean excited man cos short know oh hide neath wings bluebird sings oclock alarm ring rings rise wipe sleep eyes shavin razors cold stings cheer sleepy jean oh mean daydream believer homecoming queen thought white knight steed know happy oh good times starts end dollar spend baby need cheer sleepy jean oh mean daydream believer homecoming queen cheer sleepy jean oh mean daydream believer homecoming queen cheer sleepy jean oh mean daydream believer homecoming queen cheer sleepy jean oh mean daydream believer homecoming queen 11embed
1076,1967,Dr. West's Medicine Show and Junk Band,The Eggplant That Ate Chicago,eggplant ate chicago lyricsyoud better watch eggplant ate chicago eat city soon youd better watch eggplant ate chicago gets hungry damn countrys doomed came outer space lookin somethin eat landed chicago thought chicago treat sweet sugar youd better watch eggplant ate chicago eat city soon wackado wackado wackado youd better watch eggplant ate chicago gets hungry damn countrys doomed came outer space lookin somethin eat landed chicago thought chicago treat sweet sugar youd better watch eggplant ate chicago eat city soon wackado wackado wackado youd better watch eggplant ate chicago gets hungry damn countrys doomed trouble gets hungry damn countrys doomedembed
1077,1967,Crispian St. Peters,You Were On My Mind,mind lyricswell woke mornin mind said mind oh got troubles whoa whoa got worries whoa whoa got wounds bind went corner ease pain said ease pain oh got troubles whoa whoa got worries whoa whoa came home woke mornin mind mind oh got troubles whoa whoa got worries whoa whoa got wounds bind ive got feelin yeah shoes said way shoes gotta ramble whoa whoa gotta whoa whoa gotta walk away blues woke mornin mind said mind got troubles whoa whoa got worries whoa whoa got wounds bind yeahembed
1080,1967,Gladys Knight And The Pips,Everybody Needs Love,everybody needs love lyricssay wanna loved wont let love want trust baby thats tryin know youve hurt youre afraid try love love youre half alive cause everybody needs love oh yeah everybody needs love wanna kissed wont let kiss wanna missed arms missing shes got hurting inside love try hide matter try love survive cause everybody needs love oh yeah everybody needs love oh loves alright need love need love everybody needs love baby know need love need love everybody needs love wake morning yes feeling ooh inside bet know trouble baby need know youve hurt afraid try love cause love youll youll peace mind cause everybody needs love oh yeah everybody needs love need love need love everybody needs love love love need love sure need love everybody needs loveembed
1081,1967,Otis Redding,Shake,shake lyricsshake shake shake shake shake shake shake feeling shake feeling listen talkin tell gonna theres new thing going ill tell body shake thats way shake shake shake baby shake bowl soup let body loop loop hands hip come let backbone slip body hip shake shake early morning shake early evening ringalingaling honey shakin greatest thing roll gotta thing soul shake shake right hands hipyeah come let backbone slip body hip shake early morning early evening night long yall want roll gotta thing soul shake shake right let body loop lite shake everybody shake time shake everybody louder shake time shake everybody bit louder shakeembed
1082,1967,Ronnie Dove,One More Mountain To Climb,mountain climb lyricsyou open arms walk away tell need theres word wont ive got mountain climb river cross love time ive got mountain climb know somebody hurt broke promise id die desert love afraid ive got mountain climb river cross love time ive got mountain climb need know little things getting closer love mountain climb river cross love time ive got mountain climbembed
1083,1967,The Five Americans,Western Union,western union lyricsthings went wrong today bad news came way woke blew mind western union man bad news hand knocking door selling score cents word read telegram didnt need says doesnt care think ill throw floor got cable today killed groove ive got western union dit da dit da dit 8x youve gone away sad youve gone remember said going head telegram youve learned lesson wayay break telegram youve learned lesson wayay western union dit da dit da dit 8x ill way cause theres girl ill sure things western union oh western union western union western union fadeembed
1087,1967,Nancy Sinatra & Lee Hazlewood,Lady Bird,lady bird ive eagle flies rode wings cross autumn skies kissed sun touched moon left soon lady bird left lady bird lady bird come waiting ground lady bird ill treat good ah lady bird wish lady bird pretty lady bird lightning flashed sky night taught fly sun came soon let lady lady bird lady bird lady bird come waiting ground lady bird ill treat good ah lady bird wish lady bird pretty lady bird winter lives heart times apart summer sings song says love true lady bird yeah lady bird lady bird come waiting ground lady bird ill treat good ah lady bird wish lady bird pretty lady bird lady bird youre lady bird yes lady bird youre little bird hahaha1embed
1089,1967,The Buckinghams,"Mercy, Mercy, Mercy",mercy mercy mercy lyricsmy baby alook bunnies playboy club got somethin greater gold crazy bout girl cause got soul said got kind lovin kissin ahuggin sure mellow glad fella know knocks feet mercy cause knocks feet girl world love yeah baby walks fellows ooh know simply cause girl looks fine leave lose mind got kind lovin kissin ahuggin sure mellow glad fella know knocks feet mercy cause knocks feet hey girl world love yeah everybody neighborhood testify girl looks good yeah shes fine shed eyesight blind leave lose mind got kind lovin kissin ahuggin sure mellow glad fella know knocks feet mercy cause knocks feet girl world love baby yeah got got soulful feel yeah right mercy mercyembed
1090,1967,The Sunshine Company,Happy,happy happiness near share smile love happys day happys world ill long happiness happys way love happys thinkin ive lifetime pleasure hidden treasure happiness youre girl wanna marry youre girl makes makes happy happys life happys love forever life happy day life happiness near share smile love happys day happys world happys way love happys thinkin happys life togetherembed
1092,1967,The Supremes,The Happening,happening hey life look reality cause shook took world woke suddenly woke happening left future cause got tender love care better beware happening day youre turn world tumbling happened happen sure felt secure love took detour yeah riding high world happened suddenly happened saw dreams fall apart love walked away heart lose precious love need guide happens inside happening life dreams ooh bliss happened happen ooh happened ooh happened ooh happened ooh happened real fake game life mistake cause lost love thought certain suddenly started hurting saw light late fickle finger fate yeah came broke pretty balloon woke suddenly woke happening sure felt secure love took detour cause got tender love care better beware of1embed
1094,1967,Bobby Vee And The Strangers,Come Back When You Grow Up,come grow lyricscome grow girl youre livin paperdoll world livin aint easy lovins twice tough come baby grow look real good woman mind gotten message n goin gets rough come baby grow want girl wideeyed innocence messed mind yeaheaheah id heartbreak line come grow girl youre livin paperdoll world day woman ready love come baby grow come grow girl youve got lotta time left world youll day woman ready love come baby grow upembed
1095,1967,Big Maybelle,96 Tears,96 tears lyricstoo teardrops heart crying teardrops heart carry youre way baby left yeah youre laughing yeah watch baby gonna yes little start gathering tears way ha ha youll start crying ninetysix tears hey hey ha ha ha yeah hey ill youll looking yeah way yes waving gonna yes ha ha teardrops heart crying yeah teardrops little heart carry yeah ninetysix tears yeah yeah night long midnight hourembed
1096,1967,The Choir,It's Cold Outside,cold outside lyricswell world sunny jokes funny youre gone everythings turned world warm storm youre gone everythings turned upside cold outside rain pouring leaves turning brown cold outside cause theres love world sunny jokes funny youre gone everythings turned world warm storm youre gone everythings turned upside cold outside rain pouring leaves turning brown cold outside cause theres love cold outside rain pouring leaves turning brown cold outside cause theres love love love love meembed
1097,1967,Arthur Conley,"Shake, Rattle & Roll",shake rattle roll lyricsget bed wash face hands hear bed wash face hands oh yeah better kitchen noise pots pans lookie believe soul youre wearing nylon hose lord mercy believe soul youre wearing nylon hose oh yeah wont right save natural soul wanna shake rattle roll morning shake rattle roll evening shake rattle roll night long shake rattle roll ha ha wont right save natural soul let tell uh oneeyed cat peeping seafood store oh yeah look tell aint child wanna shake rattle roll night long shake rattle roll morning shake rattle roll night long shake rattle roll wont right save natural soul oh yeah shake rattle roll baby shake rattle roll oh yeah shake rattle roll gonna shake rattle roll gonna shake rattle roll everybody sing shake rattle roll oh time shake rattle roll got got shake rattle roll gonna shake rattle roll come shake rattle roll night long shake rattle roll everybody sing shake rattle roll oh time shake rattle rollembed
1099,1967,The Hollies,Dear Eloise,dear eloise dear eloise writing number funny things heard today heard hes left run sea best thing thats happened writing letter feel better sorry hear left way told older older rushed blindly treated kindly departed got started youve burned said read letter closely beneficial read inbetween lines message use mind youll want ba ba ba ba ba ba ba ba ba ba ba ba ba ba ba ba ba ba ba ba ba ba ba ba ba ba ba ba ba ba ba ba ba ba ba ba ba ba ba ba writing letter feel better sorry hear left way told older older older older dear eloise writing number funny things heard today heard hes left run sea best thing thats happened meembed
1100,1967,Jay And The Techniques,"Apples, Peaches, Pumpkin Pie",apples peaches pumpkin pie lyricsready come gee fun apples peaches pumpkin pie whos afraid holler thats game play hide seek oh ready hear come gee fun hiding place times changed step apple peaches pumpkin pie young weve grown ignoring ill ill follow high low escape love anytime ill sneak careful apple peaches pumpkin pie soon love gonna home marry wont roam marry wont roam right ill gonna look high low escape love anytime ill sneak careful ready come gee fun repeat fadeembed
1101,1967,Damita Jo,If You Go Away,away lyricsif away summer day sun away birds flew summer sky love new hearts high day young night long moon stood night bird song away away away stay ill day day sail sun ride rain talk trees worship wind ill understand leave love hold hand away away away away know tell world stop turning til return good love loving tell turn ill dying slowly til hello away away away away stay ill night night ill ride smile ill sail touch ill talk eyes love ill understand leave love hold hand away away away away know therell left world trust room space look face oh id shadow shadow thought kept away away away awayembed
1103,1967,Percy Sledge,Just Out Of Reach (Of My Two Empty Arms),reach arms lyricsout reach arms love runs away dreams wont let blues keeps bothering chains wont set free far away charms reach arms night dreams face memories time erase awake gone blue far away sweet warm reach arms lonesome feeling time knowing dreams hurt sleep vows far away charms reach armsembed
1104,1967,Peaches & Herb,Close Your Eyes,close eyes lyricsclose eyes close eyes deep breathe ahhh open heart open heart whisper love love tell love tell love love love hold tight hold tight goodnight goodnight weve got time everythings gonna alright hold darling let tell love love love oh oh way want pretend thats alright close eyes close eyes deep breathe ahhh open heart open heart whisper love love tell love tell love love love meembed
1105,1967,James Brown And The Famous Flames,Get It Together (Part 1),1 lyricsooh wee guess youre guess youre loving life ruined got hip uh running round got hip looka running round know thing gonna oh ha looka oh said wanted brand new bag said wanted looka brand new bag jiving wanted drag dropped school got hear dropped school got aint hip youre biggest fool town oh oh maceo ha underdog log underdog log shotgun sock em haha hey hey hey hey hey good god time time time looka maceo let tell em little bit let tell em little bit dance good fast feet dance good fast feet aint slick business street looka maceo bring want blow lemme hear uh right come ow oh good god hey uh play play itembed
1106,1967,The Righteous Brothers,Melancholy Music Man,melancholy music man lyricshear music playing makes sound way look whos appearing sharing feelings roadside cafe wont fortune fame hes kind hes melancholy music man mind hardly hear laughter fills air didnt come theyll cheer know care hes playing hell play favorite melody hes melancholy music man mind time playing way wont wont wont wont play play melancholy music man melancholy music manembed
1107,1967,The Mamas & The Papas,Creeque Alley,creeque alley lyricscreeque alley john mitchy gettin kind itchy leave folk music zal denny workin penny tryin fish line coffee house sebastian sat number theyd pass hat mcguinn mcguire agettin higher la know thats ones gettin fat mama cass zal said denny know arent sing song way lets south denny said zally golly think wish play guitar zal denny sebastian sat night owl number theyd pass hat mcguinn mcguire agettin higher la know thats ones gettin fat mama cass cass sophomore planned swarthmore changed mind day standin turnpike thumb hitchhike new york right away denny met cass gave love bumps called john zal mugwumps mcguinn mcguire higher thats aimin ones gettin fat mama cass mugwumps high jumps low slumps big bumps work hard play break shake guess way sebastian zal formed spoonful michelle john denny gettin tuneful mcguinn mcguire acatchin la know thats everybodys gettin fat mama cass broke busted disgusted agents trusted mitchy wants sea cass says fake knew shed come eventually greasin american express cards tents low rent keeping heats hard duffys good vibrations imaginations indefinitely california dreamin becomin reality3embed
1109,1967,James Darren,All,lyricsall words recall capture loveliness phrases sigh tell want hold enfold love bring come darling cling promise life ill task small love love bring come darling cling promise life ill task small love allembed
1111,1967,Jon & Robin,Drums,june 2019 singles release calendar lyrics61 jai paul love jai paul molly brazy lil booties matter 62 ion lil gut arriba ion lil gut dopeboy kesha rich white straight men 63 bon iver hey ma bon iver u man booka600 ok ok ok ft king von lil durk city colour astronaut joey trap uberr kap g carlos slim key glock spazzing black eyed peas nice ft snoop dogg wale daylight 64 aj tracey ladbroke grove remix ft da general novelist bastille nights camelphat ft jake bugg casey veggies stop playin ft dom kennedy gnar death note ft craig xen lil skies ozuna amor genuino 65 bas fried rice ft jid chantel jeffries chase summer ft jeremih chris stapleton ballad lonesome cowboy gashi roses kembe x raised fool ft zacari absoul jay rock kim petras clarity madeintyo look kid róisín murphy incapable tyga haute ft j balvin chris brown 66 b young uk gucci demon cute girls cute things friends french montana slide remix ft wiz khalifa blueface lil tjay goldlink u ft tyler creator jay prince gta fk jumex alive coffin lost frequencies truth lies ft aloe blacc ocean alley infinity oliver tree miracle man ozuna te soñé nuevo russ paranoid sob x rbe rich 67 afrojack goes andy grammer hero big krit krit bts charli xcx dream glow karizma rebels christian rich shibuya ghost ii ft jaden vic mensa belly christina grimmie hold head city morgue 66slavs devvon terrell replay djds dijon magic loop dominic fike açaí bowl dominic fike rollerblades ed sheeran justin bieber care jonas blue remix fetty wap birthday ft monty gia woods feel guapdad 4000 flossin jean deaux anytime ft romderful kehlani jon bellion blu acoustic jon bellion conversations wife acoustic jon bellion stupid deep acoustic justin jesso nina nesbitt let kflay sister kash doll kitten ft lil wayne kiiara open mouth labrinth miracle left boy corner store ft ferdinand lil baby mud lil mosey chris brown g walk lost kings far gone ft anna clendening liam gallagher shockwave luke christopher champagne rain mabel mad love machine gun kelly yungblud travis barker think okay madonna dark ballet muna number fan peg parnevik 27 sorries pharrell williams letter godfather black godfather prince royce manuel turizo cúrame rockit gaming glitchtrap roddy ricch tha mud sabrina carpenter bed shy martin old underachievers wasteman tydi matt fax twin tides risk wifisfuneral trust wildheart seein 68 chris brown guidance ft drake joey trap trex freestyle lil yachty krazy stupid freestyle 69 yung nugget shotgun willy yung craka took kids 610 chasethemoney tha way files j burn frames kelsea ballerini better luck time wale gemini 2 sides 611 baby keem invented banks look youre ft francis lights finneas angel joey trap gotta lil jon aint tellin ft mac dre marc e bassy save 612 craig xen xxxtentacion run don toliver situation dreamville bad ft earthgang j cole bas jid young nudy dreamville got ft ari lennox ty dolla ign omen dreezy files j blood moon shines flume let know ft london grammar free nationals kali uchis mac miller time jay critch adlibs pt 2 montaigne ready shura religion u lay hands tobi lou waterboy unlike pluto night light 613 alec benjamin wind anthony russo pink slip know big heath pablo bob ol dirty bastard dermot kennedy outnumbered dope lemon salt pepper files j palmtree joey trap nets kim petras personal hell krept konan ban drill mo aj tracey choose sides maleek berry flashy nafe smallz good love ft tory lanez simple creature special sscarlxrd gxing distance yo trane moonlight 614 alesso sad song ft tini alex aiono unloving arc north limbo ft veronica bravo benny butcher 18 wheeler ft pusha t bazzi focus ft 21 savage blueface daddy ft rich kid burna boy anybody cade home ft desiigner common love ft daniel caesar danny jones bad habits dj snake j balvin loco contigo ft tyga drax project time francis lights u need love freddie gibbs madlib giannis ft anderson paak galantis yellow claw high gucci mane backwards ft meek icy narco hypocrites joji sanctuary kamaiyah windows ft tyga quavo kaskade meghan trainor key fall hard lil keyu buhsit lil pete toast little big ok little mix bounce lykke li sex money feelings die remix ft lil baby snowsa marshmello rescue ft day remember matoma bruised broken ft kiana ledé mnek nle choppa free youngboy ozuna anuel aa cambio soleima stfu stephen puth look away taylor swift need calm hails tokyos revenge goodmorningtokyo trouble winner ft city girls vic mensa 93punx camp america wax rare specimen yung pinch perfect zack fox jesus got depression 615 fredo bang joey trap mcm joey trap time joey trap timex 617 mark ronson pieces ft king princess wale 09 folarin ybn cordae bad idea ft chance rapper 618 r z o n nostalgic big gigantic youre ft nevve e40 chase money ft quavo roddy ricch aap ferg schoolboy q iann dior real jonas brothers greenlight songland michael kiwanuka money ft tom misch miraa angles ft jme sabrina claudio wale love sleeping sirens leave sum 41 yungeen ace society 619 atliens eddie closer austin mahone dancing chloe x halle thinkin bout chloe x halle knew cuco feelings dj luian mambo kingz tú amas ft anuel aa arcángel karol g gucci mane proud kim petras major lazer anitta hot poppy choke stefflon don lil baby phone unlike pluto trina baps ft nicki minaj 620 88keys thats life ft sia mac miller digga d mr sheeen ft russ msplash imagine dragons birds remix ft elisa lil nas x panini lupe fiasco run game maj tesla migos stripper bowl nle choppa shotta flow remix ft blueface yellow days 621 alex sensation anitta luis fonsi pa lante alma lonely night astrid s acoustic bea miller feel blackbear tiny meat gang short kings anthem blink182 generational divide bts juice wrld night cassie moments chris brown heat ft gunna city colour strangers clara mae loved demo cole swindell drinkin hours daya left florian picasso duwap kaine voice foster people imagination georgia ku goo goo dolls miracle pill grace carter wicked game hanne mjøen strangers hoodie allen christian french come ilkay sencan dynoro rockstar j alvarez da lo mismo ft el alfa jordyn jones cut em kat dahlia doin good khao unified ft nipsey hussle snoop dogg game e40 icet mozzy problem g perico labrinth mount everest lauren cimorelli pressure lil baby mud ft future marshmello kane brown thing right murda beatz shopping spree ft sheck wes lil pump die epiphany rush nicki minaj megatron parson james minute pia mia crybaby ft theron theron quinn xcii stacy rebecca black redfield worry axwell cut rence expensive ft noah cyrus rick ross act fool ft wale rob gz lhna ft anuel aa rudimental martinez brothers sitigawana ft faith mussa game west kooks good looking knocks awa ni ft kahlo thouxanbanfauni reunion ft lil yachty tm88 slayerr ft lil uzi vert pilots chlorine 194326 n 991332 w sebastián yatra daddy yankee natti natasha runaway ft jonas brothers shawn mendes camilla cabello señorita stormzy crown thouxanbanfauni reunion ft lil yachty troyboi warlordz ft skrillex walk moon eat heart wax push wifisfuneral eggs yk osiris freaky dancer ft dababy zara larsson time 622 dagames want feat jt music dan bull bslick inutrash supreme patty telenovela 624 aap ferg wigs ft antha city girls big krit addiction ft saweetie lil wayne danity kane neøn lights natasha bedingfield unwritten 2019 remix 625 aidan alexander guts chris brown check ft ink justin bieber racks ft ybn cordae jessie reyez 6lack imported spanglish version joell ortiz learn ft big krit maliibu miitch celine meghan trainor hurt rich brian yellow ft bēkon twista summer 96 intro ye ali way zenaware cutie ft emanixo 626 adam lambert comin hot alexander cardinale simple things ft christina perri bhad bhabie ft nle choppa conan gray checkmate ed sheeran justin bieber care chronixx koffee remix ellie goulding juice wrld hate njomza spared serpentwithfeet receipts ft ty dolla ign drums try unlike pluto million voices wifisfuneral wya pt 2 627 r z o n nostalgic filous remix clairo closer fat joe dre lil wayne pullin jaebanzz u mad liam gallagher river marshmello flux pavilion room fall ft elohim neck deep shes god nf grow skizzy mars calabasas plug today ft tory lanez dappy unknown t leave dat trap ft aj tracey 628 alexandra stan think love andy grammer girl benny benassi lonely nights ft lil yachty bonnie mckee august 08 lovely boy pablo cared ft jimi carly rae jepsen drug mansionair remix carnage geazy wiz khalifa wait céline dion flying charli xcx blame love ft lizzo conor maynard hate love daddy yankee wisin yandel si supieras digital farm animals aj mitchell dj snake sheck wes enzo malaa remix ft offset 21 savage gucci mane ed sheeran beautiful people ft khalid felix jaehn love ft calum scott fitz tantrums feels george maple magic woman grace vanderwaal ur beautiful hodgy brainer iggy azalea wanna jaira burns goddess johntá austin love angel joyner lucas broke stupid juicy j point stance ft megan thee stallion city girls jxn going ft aap twelvyy kflay california kevin gates push kygo whitney houston higher love lais spaceships ft a4 martin garrix summer days botnek remix ft macklemore patrick stump fall boy pnk pretend sigala remix ft cash cash parson james wrabel vincint oh love pouya city morgue bulletproof shower cap rich forever music party bus ft famous dex jay critch rich kid ruth lorenzo underworld sasha sloan dancing ghost steve void aint got ft louisa tatarka au tom francis tori kelly sorry long way unperfect dreamer valerie broussard actually violet days know wax good feeling wax got ft jarv come brazil young ma big yuna little simz pink youth yves v got cool ft afrojack icona pop 629 lilmar juicy coochie 630 labrinth usembed
1112,1967,Sergio Mendes & Brasil '66,Night And Day,night day lyricsnight day beneath moon sun near far matter darling think night day day night longing follows roarin traffics boom silence lonely room think day night night day hide theres oh hungry yearnin burnin inside torment wont til let spend life making love day night night day night day neath moon sun near far matter baby think day night night day longing follows roarin traffics boom silence lonely room think day night night day height theres oh hungry yearnin burnin inside torment wont til let spend life making love day night night dayembed
1116,1967,"Oscar Toney, Jr.",Turn On Your Love Light,mr whites cannon literature legos lyricsmr whites cannon literature legosevery book childrens book kid read mitch hedbergnovelsalan moore voice bram stoker dracula cs lewis chronicles narnia don delillo cosmopolis mao ii douglas adams hitchhikers guide galaxy haruki murakami hardboiled wonderland strange library jrr tolkien roverandom john steinbeck cannery row east eden moon red pony sweet thursday tortilla flat joseph conrad heart darkness joyce carol oates love falls lewis carroll alice wonderland l frank baum ozma oz marvelous land oz wonderful wizard oz miguel cervantes don quixote mishima yukio sound waves patriotism natsume soseki kokoro norton juster phantom tollbooth orson scott card enders game speaker dead philip k dick androids dream electric sheep man high castle radio free albemuth stigmata palmer eldritch valis robert anton wilson illumatus trilogy schrodingers cat trilogy robert heinlein starship troopers robert louis stevenson dr jekyll mr hyde treasure island sheridan lefanu glass darkly shirley jackson haunting hill houseshort storiesfranz kafka metamorphosis george elliot lifted veil grimms fairy tales haruki murakami blind willow sleeping woman hp lovecraft dunwhich horror colour space music erich zann cthulhu hg wells red room jack kerouac road james joyce araby jk huysmans la bas jorge luis borges labyrinths book imaginary beings joyce carol oates going journey ken kesey little tricker squirrel meets big double bear oscar wilde picture dorian gray tanith lee secret books paradys iipoetryallen ginsberg howl kaddhis andrew marvell complete poems arthur rimbaud complete works basho narrow road interiot beowulf don marquis archy mehitabel ee cummings collected poems emily dickinson complete works ezra pound cantos federico garcia lorca collected poems geoffrey chaucer canterbury tales gerard nerval el desdichado homer iliad odyssey john donne complete english poems juvenal sixteen satires lenore kandel collected poems ovid metamorphoses paul verlaine selected poems robert louis stevenson childs garden verses ryokan dewdrops lotus leaf saint john cross dark night soul sappho new translation mary barnard sei shonagon pillow books ts eliot waste land love song alfred j prufrock penguin book romantic poetry virgil aenid wb yeats complete worksplaysalfred jarry ubu roi david edgar continental divide mothers continental divide daughters revolution federico garcia lorca yerma blood wedding house bernarda alba joseph heller catch22 bombed new haven lionel bart oliver meredith wilson music man unsinkable molly brown plautus rope plays robert e sherwood idiots delight samuel beckett waiting godot krapps tape sophocles oedipus cycle tony kushner angels america tristan tzara gas heart ts eliot murder cathedral william shakespeare complete worksnonfictionbart d erhman lost scriptures bell hooks teaching transgress teaching critical thinking bible caitlin moran woman charlotte chandler hello going dick gregory autobiography lies mouse mermaid ha rey stars haruki murakami underground hg wells little wars hp lovecraft supernatural horror literature sir james frazier golden bough jacques lacan ecrits jean baudrillard fatal strategies simulacra simulation screened john donne devotions emergent occasions joseph campbell myths live power myth hero thousand faces lao tzu tao teh king lewis carroll symbolic logic mouse roared paul fussell class guide american status great war modern memory pete townshend saint teresa avila interior castles slavoj zizek zizeks jokes year dreaming dangerously terry deary horrible histories series tony fletcher moon zhuang zhou zhuangzicomicsalejandro jodorowsky incal final incal incal pietrolino allan moore promethea watchmen berke breathed bloom county opus outland watterson calvin hobbes carl barks donald duck charles m shulz peanuts ec comics mad magazine incredible science fiction 33 judgement day tales crypts weird fantasy george herriman krazy kat walt kelly pogomusicalbumsbabyshambles albion sequel prequel shotters nation beatles abbey road sgt peppers lonely hearts club band white album carl barat carl barat coup pick bigger weapon sorry bother curtis mayfield superfly david bromberg latell ya play til vol ii emerson lake palmer brain salad surgery pictures exhibition welcome friends ends ladies gentlemen franz ferdinand tonight franz ferdinand better hawkwind hall mountain grill quark strangeness charm jimi hendrix band gypies electric ladyland joy division closer unknown pleasures kinks village green preservation society libertines libertines bracket love arthur lee forever changes sail mc5 kick jams melvins bride screamed murder freak puke melvins lite lysol miles davis kind blue liveevil tribute jack johnson tutu sketches spain nirvana bleach steely dan decade steely dan t rex dandy underworld electric warrior slider unicorn tubes backwards completion principle remote control quadrophenia tommysongsal wilson snake bb king blue riding king thrill gone bobby blue bland turn love light bob dylan tangled blue rolling stone ballad man desolation row dobie gray drift away crowd edwin starr war happy radio frank wilson love happy mondays 24 hour party people ian drury blockheads hit rhythm stick spasticus autisticus john cage 433 nu shooz wait rolling stones want sympathy devil 19th nervous breakdown cloud sly family stone everyday people thank falletinme mice elf aginmiscellaneous mainly opera symphoniesedvard grieg peer gynt op 23 leo strauss die fliedermaus ludwig van beethoven 5th symphony 9th symphony modest mussorgsky night bare mountain pictures exhibition richard wagner der fliegende hollander der ring des nibelungen das rheingold die walkure siegfried gotterdammerung tristan und isoldemoviesacross universe alejandro jodorowsky el topo fando y lis holy mountain santa sangre alfred hitchcock north northwest rear window rebecca rope spellbound vertigo billy wilder apartment casino royale seven year itch hot sunset boulevard blues brothers boots riley sorry bother maya deren land meshed afternoon east eden giant house wax ingmar berman silence glass darkly winter light luis bunuel el bruto simon desert obscure object desire discreet charm bourgeoisie exterminating angel phantom liberty chien andalou viridiana marx brothers day races night opera night casablanca circus animal crackers coconuts duck soup horse feathers love happy monkey business mel brooks blazing saddles history world producers robin hood men tights spaceballs monty python life brian meaning life monty python holy grail muppet movie waterfront orson welles citizen cane touch evil f fake preston sturges hail conquering hero lady eve palm beach story sullivans travels quadrophenia sam raimi evil dead evil dead ii army darkness stigmata sun ra space place versions dziga vertov man movie cameratelevisionbig train community dr green acres home movies monty pythons flying circus nathan barley requiem heavyweight simpsons spaced red skelton x files twilight zone twin peakslego sets010 basic building set 011 basic building set 070 universal building set 245 santas 305 crater plates 306 lunar landing plates 312 cargo ship 347 station 355 town center set roadways 375 castle 442 space shuttle 602 firetruck 814 baseplates green red yellow 855 mobile crane 918 man space ship 1194 birthday table set 1463 treasure cart 1701 mini box 3 1704 unanamed 1713 shipwrecked pirate 2541 adventurers car 2879 desert expedition 2995 adventurers car 2996 adventurers tomb 4226 freestyle bucket 6125 sea sprint 9 6199 hydro crystallisation station 6243 brickbeards bounty 6253 shipwreck hideout 6706 frontier patrol 6712 sheriffs showdown 6716 covered wagon 6762 fort legorado 6765 gold city junction 6833 beacon tracer 7770 deep sea treasure hunter 10700 32x32 green baseplate 67076 dark draons denembed
1119,1967,Jerry Jaye,My Girl Josephine,girl josephine lyricshello josephine remember baby remember laugh holler hoo hoo hoo walk home hold hand use umbrella time rained mucyh cryin shame live yonder railroad track rained walk tote youre tryin believe tears hello josephine remember baby remember laugh holler hoo hoo hooembed
1120,1967,The Dave Clark Five,Everybody Knows,everybody knows wish hadnt seen walk away heard beg stay stay choose crowded place know cause face evrybody knows said goodbye evrybody knows tears running face said good true itll fool day laughed said love strong left know wrong evrybody knows youre tired evrybody knows free baby live evrybody knows said goodbye evrybody knows tears running face evrybody knows youre tired evybody knows cantembed
1121,1967,Bobby Vinton,Please Love Me Forever,love forever lyricsplease love forever forget listen plea stop loving youre dreams nightly love lightly begging bended knee stop loving oh lay sleep pray lord love ill die wake ill come thats mistake oh ill love forever forget love meant stop loving ill love forever forget love meant stop loving meembed
1126,1967,Vicki Anderson & James Brown,Think,arsonal vs danny myers use disrespect cause cantpunch way paintsucks bitch yo mama dead aintfuck finna homicide fucked hope mama died getting work resume hes qualified let drama slide ho threats bitch yo grandma throat checked ill lock yo daughter sauna hours walk away sweat took disrespect heights traveled world connecting flights smack lux hollow told set price started league gave opportunities newcomers vets alike view record set twice away youexcept ya life gon death tonight bitch stay extension gotta hold gun phone open facial recognition pistol grip drove school buses miss frizzle shit young niggas field trip think signed permission slip scarface didnt wanna kill women children different shit got bomb yo baby mama car ignites ignition switch picture rehearsing bars flowin ya stanzas check daughter answer yo baby mama facetime eye swoll camera squashed yo beef joe budden ima hold em ransom speaking ran g mayne frost chased club bout stomped death trick trick shook detroit calicoe jump bay area niggas sneaking venue going trunk tecs nigga arsonal ran times got questioning ya gun connect battle set hood niggas born claim dre vishiss aktive ya phone rang stopped fuckin em check left ya boys hang fake niggas kept joinin gangs stayed 103rd 80s woulda killed nigga battle hollywood set check real yall feel monster spit terror days lions dens fight clubnow error era clips air ya double rugers humble rulers whats man presents problem trouble shooter fuckin loser perpetratin real boss exposed ttop baby mama showing skills supposed automatic body bag lost outside disrespect leave impression creativity bunch filler beneath aggression need progression spit shit novice yell wheres metaphors similes entendre help care got secret room bunch guns stocked shelf doesnt matter arsenal ya self glock belt pistol handle navel leaving niggas heads split open staples coming fables connected vegas levels minute lv unlv youll running rebel gunll settle beef shells finna air watch bleed bullets swell ya melanin human flesh loses color hours death killed rappers bodies pale comparison killed embarrassed spray loud pistol k crowd hit round drumll spit minute round shit real shit raw shit authentic spell bars putting bar god bitch danny myers born january 19thof 1980 means 20 days away 70s baby information irrelevant maybe away fact damn near 70s baby jokes aside lets real old nigga mean sir ima respect elders supposed nigga aint shit write age goto nigga new danny improved old nigga wife vicki hey vicki smoke reefer bong coke dope methamphetamine cheeching chong thinkin bout niggas fingers thong vicki got secrets ass g shes stringing battled nigga weeks ago actin ars aint makin scared crackhead ass wife drugs drugz facin fears cause nigga surprised bitch learned love nigga maaan nigga surprised bitch learned love nigga time hear speak hear autobiography sucka nigga came arsonal battle hold speaker nigga hungry wouldnt order box pizza mother nigga 100 shooters got lasers gun fake theyll red dot freckle fuckin face ill tell whats line love hate let close yo eyes bow yo head yo fuckin grace lay sleep pray soul golden gates breath come wake cause death lifes best kept secret overrate conscious kill know deal think gon come day fans wont relate niggas wont post song alive cause niggas known hate sure post funeral flier soon know date cause actions premeditated makin mistakes oh retaliation life theres escape legal reasons niggas known wait aint gotta obese die weight overweight butwait wanna know said bar god lied double barrels frog eye knife rip ribbet twist soon arf dog died wife set habits got yall robbed pushed line play started shit knocks sides universe aint parallel intersect durrell island truth told think right angles use nigga rounded dance devil ill hells challenge man ruger german whisper accent cause usually shells silence threat definitely battle critics talkin bout edging 2000 jay remix myers mya best scratches carolina new kicks hottest nigga block love nice pistols high school thats crossed thats banged crip battles shit cause gave away clips myers lyrical berretta gon point body hit actin arsonal finish actin ya fan dan wife knew battlin suckin months affair act adult hand skirt god daniel hurt stupid shit finna wont work respect bitches respect mama rebel grandma haddie auntie lesie major way born sinners following god tutorial day day told pray today matter sun shining snow august rainy day know hard ask invisible nigga met pain away careful praying cause brought whip chain white man able lynch believe miracles yes officially cause uncle tony died twice came life baby 60 nigga big jersey url half past hour shit got 30s return mack gon think knocked heavens door bernie actin young hyena fed clip 30 wife nina cause bitch dirty sesame street thats big birdy suited straps shoulder oh bit nerdy ruger cougar bit girly thought fell love 32 bit early wife mature squirt finger drip daily youve seen shes cold bitch thats big shirley daughter hateful shit gon think tryin step aimin pop way raise bitch maaaanpssst shit oh god gon think aimin pop way raise bitch life ahead nigga got tough exterior finna burn layers gang bang macho shit concerned player mustve saw yo daddy beat yo mom watched return favor bout yall disrespect learned behavior words catered hatred rappin vengeance understand got lets beginning day school got smacked head nigga said bust nigga said darrell lil bitch aint know bus driver broke said listen fuckin fools yo grades school day drive buses uncomfortable kept getting bullied fact stop met fat kid named suge socked tapped pockets disrespect seeped conscience hated band harmonica ditched class ran hall monitor kid liked gave hall pass peace offering said l wisdom day police officer went beach surf waves ocean kid rajon yoked mean famous chokin ugly boy dreads said aint gone hands ya ill friend gave transformer translates transformation hes disrespectful throwing crip signs hands shakin million view nigga braggin bout bands makin lets rap fans vacant bitch nigga influences led infiltration better watch view yo friends bitch thats doin yo dreads push yo head fluent lead let 9 blow id suffer bend til spine broke cut eye lids alcohol blind fold ancient techniques genghis khan knows thats mind goes mongols talkin congo gorilla shit separating body parts ligaments symbol disassemble know figure meant disfigurement brick city sold bricks niggas indebted cliques positions seen nigga run brick dead opened doors getting flesh ripped skeleton ki key nigga jealous fan base limitless half credit penmanship bout end bitch yall want killer dan rapper dan mac hand ill address ya hood dapper dan dap dan master plan man single cell organism learned adapt land rappin past life assassin clan tryna m ars mars nasa nigga mr grape street bitch nigga lets understood aint disrespected shit til pj watts fuck yo hood inside ring push niggas tap pockets knock hats outside ring protected police niggas soft bitch la knew spot actin niggas difference affiliated gang members active aktive niggas aint rappin ya practice photography cat lit cause ill quick rebel cannon canon snap picture faggot nigga ground shit got kids baby mothers met oldest kid 21 good dad whats goin world send yo kids school guns bookbag look fag fat mexican bitch left pink store went home stand mirror knowin finna vicki look bad responsibilities nigga kids heard built way real dad got 10 kids payin 30 meals day child neglect losin wild respect okay wife types toxins round toddlers startin feel way visually impaired youll dap try diss damn face blind fact felt vibe read handshake architected culture laid blueprints landscape got money account youve got people collectively yo fanbase longer beef nigga eat red meat power hair let left dread speak aint prioritize youngest son teach walk told mama legs weak caffeine battle rapping lyin tryin convince people matter let lead speak case wanna rob everybody work caffeine week thinkin ghost debo ridin craig street wanna picture yo kids yo gram names yo tweet hashtag saga afterlife watchin pornhub definition dead beat yo fault nigga phone buzzin bitch barginin sent titty pic text ass arlington deacon noddin jesus bout talk imagine cryin yo struggle yo pastor ask offering lord youll probably want talk man cheer wheel chair stand niggas know prolly walk thats problem hood nigga 40 kinda big aimin address conscious live thats headshot oh red dots nostrils bold current address mama pure disrespect disrespect mixed intellect retire battle rap forever owe pension check universe parallel wanna clash fore intersect answers incorrect 10 children living debt faggot ill daughters fish tank watch gasp air big brother aint bastard care hes suicidal idol wavin ratchet yeah ready life hed raise pop hisself aint dad clear truth man supposed battle wheres mook fair goof calculated easy squares roots nigga got options jump plane pairll shoot parachute bein crackhead bitch got bit weight cute dick ate melt mouth thats vicki favorite gangbang soon jumped got initiated danny home soon sit ate situated dot dot danny pixilated danny myers vicki myers dm vm hmmm nyquil pm dm bm late night broad daylight pm marshall mathers fan stan wouldnt want oh famous cuzzin niggas gotta issue gang injunctions type talk pretty foreign nigga aint bangin nothin era verb niggas guardian angels duckin angle huntin wife clean spiritual scope meanin angel dustin oh bro drac drake tote rep ovo man wouldve thought kidnapped hitmans brother vs jerry way stole aint fuckin toe toe blow blow india egypt ciara dominique answers ask know hoe daughters know know nigga shit real shit raw shit authentic fuck bar god spell bars puttin ars battle rap mt rushmore carve comfortably cause yo big block head ass wouldnt leave room fuckin weak dimension versus mention retired came cause battle rap got fuckin pension half yo career little battles big battles thing yo bank account end battle bitch slap id let carbon blow stocks drop thats market arsonal got explosives near handy ill drop atomic bomb yo house support nuclear family crew fear danny shotgun think hood baby bitch color purple suge avery ray swag come yo battles crew love heard nigga snitchin wouldnt shocked believe parallel universe probably told thugs nigga helped build yo battle league nigga dubbed udubb snubs nigga crib bout chrome wife bed yo right hand man gone cover blown better leave fuck forrest guys wanna die right wood ill cook need place store weapons ill shoot hitman agent 47 jason voorhees steppin reincarnated modern cause want nigga stakes nigga tom hawk time talk ill clap speak ratchet gone release strap streets ordered gun overseas oh yall ars ol arsenio semi city bitch tryna punish rell punkll tell ill stick come tell ya stomach swell gut shot ya shit bloated yall seen drugznow tryna loaded lux aint settin battle bring stardom setting tell yo face king harlem beloved said harlem hospital giving beds nigga got bars grey hoodies thread count ran jc daylyt aint finna chase bitch rapper wanna bump aint aces clique mean said guns raising raisin dry prunes nah tryna snipe somethin saw heat grape life bar god viewing different lucrative business pen transcending human existence look sentence view distance past left clues inscriptions myers killing spree thats dr loomis predicted spewin resentment fueling cruel relentless usin resistance ima shootin nigga ill beat shit fuck usin assistance watch witness beautiful isnt shit real shit raw shit authentic spell bars puttin bar god type nigga bitch moon stars tells needs space bat hit pitch free base sleep forever tryin dream chase aint nigga team ate got 40 year younger lil freak wait finger bust minute speed date ive seen fate wont die people kings fate freckles youd lyin said clean face come knot havin went glock grabbin nigga robbin football game outside playin john madden killers contracted talk rappin respond easy eazy nigga block captain believe disrespectful universe ima nigga charge yo bitch head feature rap verse life insurance policy hit bitch change yo shoes shirt gotta look nothin hop uber brutal work meanin ill 30 ruger dick yo spouse tip mouth hit hookah true lame hit em condition fatal hussain split personalities fight fight mood swang bitch ran net worth titties boy titi boi chains 2 chainz long nose assisted actin pippen flu game kd 2018 cause rang xt underneath tec 9 tied shoe string need guns arsenal cause bruce wayne press right buttons ill finish liu kang baby spilled juice shirt need new change lunchtime knife hold juice stains fuck boy officially gave new playin cards dealt gotta inspect inspectah deck wutang subpar fit year salary bud jar introduce satan bar god gun bar big phase stick yo ribcage engarde lift blade kid fade wont run far close friend close close close friend ratted nigga closer saw paperwork stopped fuckin wit nigga thats pose tried lot exposin soon nigga mention yo crackhead wife mad thats jokin focus lettin disrespect close lux carl thomas said niggas gettin emotional aint got drive ride aint gonna chauffeur honest nigga times interview mentioned said danny fan second interview mentioned stand fam interview tried pay respect family man forth time nigga pulled jumped family van duel truck thinkin tooled handy man wife addict sweet tooth took trip candy land proceeds starts askin gettin ars vs danny fam fifth time pop nigga candy man aint old days 6am early mornin dope plays internet kids outside snow days wanna talkin high school vicki hoe phase addiction sinus infection caused flonase nigga believing parallel universe thats gonna leave dead dead rookie type nigga play ceelo headcrack home eat crackhead pussy danny offer gainin battle nigga way abuse drugs drugz rubbin arsonal shouldve ya supposed believe got mud rain southern california maan makin niggas look bad wanted tell somethin daughter somethin oh real quick presumably arsonals daughter phone talking danny myers youre good daddy shit real shit raw shit authentic spell bars puttin ars itembed
1127,1967,The Turtles,You Know What I Mean,know mean lyricsshouldnt know mean dream know mean want ill bring sunshine better stop look know mean dreams mean youd know reason love goodbye let forever wouldnt want forever wouldnt know mean read lines talking doesnt clear know know love know mean love know mean know mean know mean know mean know mean know mean know mean know mean know mean know mean know mean know mean know mean know mean know mean know meanembed
1128,1967,Linda Jones,Hypnotized,hypnotized lyricshypnotized la la la la laha ha hypnotized youve got hypnotized took little look eyes ill command ill obey love la la laha ha youve got walking talking trance magic spell romance hold kiss heart command woahoh hypnotized gee gee hypnotized touch fingertips kiss sweet sweet lips ill want ive got ive got darlin yes love la la laha ha got spell cast whoaoh hypnotized heyhypnotizedembed
1129,1967,Tom Jones,Funny Familiar Forgotten Feelings,funny familiar forgotten feelings lyricslast night quietly walked mind lay searching sleep soft hand reached whispered brushed tear cheek funny familiar forgotten feelings started walkin mind sad sad watch love bad true love gone wrong thankful good times weve funny familiar forgotten feelings walkin mind strong tho million teardrops fall funny familiar forgotten feelings stop walk mindembed
1132,1967,Gary Lewis And The Playboys,Where Will The Words Come From,words come lyricswhere words come tell love anymore command lips away words fail theyve words come tell want love anymore happened love went away change cloud rainy day words come tell want love anymore words come tell love anymore search inside soul words tell love grown cold words fail theyve words come tell want love anymoreembed
1133,1967,Joe Tex,Papa Was Too,papa lyricstramp right baby papa cause dug working morning till night money didnt come right papa tramp lover papa alike apapa yeah alike apapa cause son daddy low nasty right want ahead guess papa cause nobodys mess mad minute jump chest lowdown alright papa lover apapa alright alike apapa alike papa cause son wanna daddy daddy ho alright cause papa yes cause got holes shoes cover holes daily news papa po lover papa alright alike apapa papa cause son understand wanna daddy daddy oh son adont miss mme wanna hang newspaper shoes cover holes yeahembed
1137,1967,The Happenings,I Got Rhythm,got rhythm lyricsin vast troubled world lose way lost feel way ditditditditditditditditditdit ditditrhythm ditditrhythm ditditrhythm ditditrhythm ive got rhythm ive got music got girl ask ive got good times bad times ive got girl ask old man trouble old man trouble mind mind wont round door ive got starlight ive got starlight ive got sweet dreams ive got sweet dreams ive got girl ask ask ditditditditditditditdit ditditditditditditditdit old man trouble old man trouble mind mind wont youre gonna round door ive got rhythm hey ive got rhythm ive got music hey ive got music ive got girl ask vast troubled world ditditditditditditditdit rhythm rhythm ditditditditditditditdit rhythm rhythm ditditditditditditditdit ive got rhythm ditditditditditditditdit ive got rhythm ditditditditditditditdit ive got rhythm ditditditditditditditdit ive got rhythmembed
1138,1967,The Mamas & The Papas,Dancing Bear,dancing bear lyricsi wouldnt want chimney sweep black head foot climbing chimneys cleaning soot broom ladder nail darkened walls scale farand high patch sky id gypsy whos camped edge town dancing bear follows lifts big foot puts big foot bowsthen twirls dances round round cabin boy night dream bound aboard magic ship land id seen moon filled sails stars steered course onour bow golden horse queen eats fruit candy bishop nuts cheese grown man ill taste honey bee shellfish sea earth wind girl share things wouldnt want chimney sweep black head foot climbing chimneys cleaning soot id gypsy whos camped edge town dancing bear follows around1embed
1140,1967,Jackie Wilson,Just Be Sincere,lyricsjust love believe true theres going town talk arounds oh want hear things untrue tell darling people true talk loud town driving hopes ground ask explain hurt pain excuses oh want hear things untrue tell darling people true ive stand think youve filled cup try turn facts laid add oh think right treat way knees night hoping youll hear pray embed
1144,1967,Gary Lewis And The Playboys,The Loser (With A Broken Heart),loser broken heart lyricshave got right man livin chance love let pass lost wont cause loser broken heart loser tearin apart loser loser use heart stepping stone torn apart feel feelin sorry things turn want em cause loser broken heart loser tearin apart loser loser asking love expecting love win fall love end know choose direction choose stay let treat fool got right man cause loser broken heart loser tearin apart loser cause loser broken heart loser tearin apart loser cause loser broken heart loser tearin apart loser embed
