,Year,Artist,song_name,further_clean_text
1148,1968,Lemon Pipers,Jelly Jungle (Of Orange Marmalade),jelly jungle orange marmalade lyricsif youre looking sunshine boy come climb rainbow ladder sky fly yellow ball butter clouds fluffy parachute sail jelly jungle orange marmaladeladeladeladeladeladeladeladeladelade tangerine dreams waiting orange marmaladeladeladeladeladeladeladeladeladelade trip pogo stick bounce trick ill play beat pumpkin drum fun sun lick hand forever come shade jelly jungle orange marmaladeladeladeladeladeladeladeladeladelade tangerine dreams waiting orange marmaladeladeladeladeladeladeladeladeladelade carrot trumpets play violins grow peaches sun day jelly jungle orange marmaladeladeladeladeladeladeladeladeladelade tangerine dreams waiting orange marmaladeladeladeladeladeladeladeladeladeladeembed
1149,1968,Aretha Franklin,Soulville,soulville soulville soulville come way soulville baby way home way home way soulville baby oh thats belong yeah yeah yeah yeah way soulville baby way home way home way soulville baby oh thats belong gonna soul folks know tricks oh yeah oh yeah oh yeah oh yeah gonna eat soul food itll limber itll quick itll twist candlestick yeah yeah yeah yeah going soulville honey way home way home way soulville honey oh thats belong come lead right soulville right soulville wanna soulville right yeah soul folks know tricks oh yeah oh yeah oh yeah oh yeah gonna eat soul food itll limber yes itll quick itll monkey candlestick yeah yeah yeah yeah ooh soulville baby way home way home lead soulville baby oh thats belong come lead right soulville right soulville honey right soulville gotta phone right soulville oh lead right lead right talking bout candied sweets soulville talking bout black eyed peas soulville oh yeah yes sir soulvilleembed
1151,1968,Tammy Wynette,Stand By Your Man,stand man lyricssometimes hard woman giving love man youll bad times hell good times doin things understand love youll forgive hes hard understand love oh proud cause hes man stand man arms cling warm come nights cold lonely stand man world love giving love stand man stand man world love giving love stand man2embed
1153,1968,Aretha Franklin,You Send Me,send darling send darling send darling send honest honest honest woahohoh thrill darling thrill baby thrill honest honest honest thought infatuation lasted long long wanting want marry home yeah yeah yeah yeah yeah yeah send darling send darling send honest honest know ya ya know ya ya know ya know youoohhoo send got takes wed youoohhoo send things know send dooohhoo send honestly send send baby send groove whoooo send ah yes ah yes ah yes thank send guess sinner longer stand thrill kill oooh send send baby pretty baby oooh yeah2embed
1155,1968,Barbara Acklin,Love Makes A Woman,love makes woman lyricsin burning sweetheart know learning pockets money yes yes honey 1 2 yes 3 ooh 4 love ooh sweet love makes woman 3 yes ooh makes woman yes love ooh sweet love makes woman ooh makes woman told wouldnt heartache past swallow pride admit deep inside diamonds pearls know ive feel better yes dressed love yeah isembed
1156,1968,The Rolling Stones,Street Fighting Man,street fighting man hear sound marching charging feet boy cause summers time right fighting street boy poor boy sing rock roll band cause sleepy london town theres place street fighting man hey think time right palace revolution cause live game play compromise solution poor boy sing rock roll band cause sleepy london town theres place street fighting man hey said called disturbance ill shout scream ill kill king ill rail servants poor boy sing rock roll band sleepy london town theres place street fighting man down5embed
1157,1968,The 5th Dimension,Sweet Blindness,sweet blindness lyricslets grapevine drink daddys wine happy grapevine drink daddys wine happy happy oh sweet blindness little magic little kindness oh sweet blindness leaves clover bit shade hungover come baby slow float youre good looking riverboat aint sweet eyed blindness good lets grapevine drink daddys wine good morning grapevine drink daddys wine good morning morning oh sweet blindness little magic little kindness oh sweet blindness tell mother saloon moonshine lover come baby slow float youre good lookin riverboat aint sweet eyed blindness good ask cause aint gonna tell ive drinking aint gonna tell ive drinking aint gonna tell ive drinking wine wonder wonder way oh sweet blindness little magic little kindness oh sweet blindness let daddy hear believe gin spirit let daddy hear believe gin spirit come baby slow float youre good looking riverboat aint sweet eyed blindness good blindness sweet eyed blindness aint sweet eyed blindness good meembed
1159,1968,Small Faces,Itchycoo Park,itchycoo park bridge sighs rest eyes shades green dreamin spires itchycoo park thats ive got high feel cried tears ill tell beautiful beautiful beautiful beautiful feel inclined blow mind hung feed ducks bun come groove nice fun sun tell ill id miss school wont cool learn words fools high touch touch sky tears ill tell beautiful beautiful beautiful beautiful feel inclined blow mind hung feed ducks bun come groove nice fun sun beautiful beautiful beautiful ha beautiful beautiful beautiful beautiful beautifulembed
1161,1968,William Bell,A Tribute To A King,tribute king lyricslisten people listen gonna sing song man lived good didnt live long born macon georgia poor boy dime way memphis singing arms otis otis redding soulful singing old world wont traveled frisco new york abroad sang people applaud day left georgia wisconsin bound didnt sing night plane went soul music singer king memphis sound makes feel sad cause aint died guitar close hands soul lives today heart million fans taking otis otis redding picture oughta hung music hall fame otis known big o otis gonna miss otis ooh yeah gonna miss soembed
1162,1968,Jackie Wilson & Count Basie,Chain Gang,chain gang lyricswith count basie know thats sound men theyre working chain gang woah lord sound men theyre working chain gang day long theyre singing know sound men theyre working chain gang hear theyre working theyre working chain gang day long work hard til sun going working highway byways wearing wearing frown youll hear moaning lives away hear somebody thats sound men theyre working chain gang woah lord sound men working chain gang day long theyre going thats sound men working chain gang day thats sound men theyre working chain gang theyre saying going home days going home yes woman love dear people know gotta work right sound men theyre working chainembed
1163,1968,B.B. King,You Put It On Me,lyricsthey aint woman man trust use joojoo goofy dust argue baby wont fuss cause glad glad glad glad baby oh pretty women town played hard sun went oh stopped partying stopped partying came baby mmmmand glad glad glad glad baby hollered help doctor come asked medicine know hed wouldnt cure baby oh know wouldnt fun mama oh puttin yes baby puttin babyembed
1166,1968,Neil Diamond,Two-Bit Manchild,twobit manchild lyricsim walkin going bout head place world place talkin hey heh heh baby understand na na na na na na na na na bad times em good times got em got em got taste em hey mama bit manchild born nothin good time women nothin aint hold change na na na na na want deny m man eyes tight pair shoes bare feetll need hey heh heh wind got roots na na na na na na na na na bad times em good times got em got em got taste em hey mama bit manchild born nothin good times women nothin aint hold change na na na na na mama mama bit manchild born nothin baby good time women good time lovin hear m saying baby bit manchild good nothin1embed
1168,1968,Nancy Sinatra & Lee Hazlewood,Some Velvet Morning,velvet morning velvet morning straight gonna open gate maybe tell bout phaedra gave life end velvet morning straight flowers growing hill dragonflies daffodils learn look touch phaedra velvet morning straight gonna open gate maybe tell bout phaedra gave life end velvet morning straight flowers things know secrets things grow learn look touch phaedra velvet morning straight flowers growing hill gonna open gate dragonflies daffodils maybe tell bout phaedra learn gave life look touch fade3embed
1171,1968,Frankie Valli,To Give (The Reason I Live),reason live reason live return life earn born plan heart man survive believe earth having meaning worth concrete air share feel justify exist list place sun stand reaching sky till day die ill hand leaving dust land soul leaves groundembed
1174,1968,Autry Inman,Ballad Of Two Brothers,ballad brothers lyricssomewhere vietnam september dear mom dad mustve marched miles today rain mud believe opportunity ive sit write weeks thisll short wanted send love let know fine know seeing close people losing freedom makes determined help win war cause battlefield closer home vietnam close love son bud ps hows tommy state university tell big brother said hello state university september hi dad marched blocks today baby beat mean sign carrying got real heavy dad sight recorders photographers cameraman major news service network nation look baby boys picture page todays paper course little trouble recognizing groovy beard dad know right defend brother murdering people overseas communists south vietnam today economics professor assured people communism form government sorry dad god country bit isnt bag gotta dad big rally tonight son tommy ps dad better send extra bucks week dig dear mr mrs smith know awfully proud fine son wish recieve buds medal honor comfort know thoughts sergeant truthfully bravest men known dear mom dad time received word bud didnt nerve come home ive lot thinking turned friends said communism wrong know worship bud ive thought know fight believed heart spite past mistakes hope someday big eyes brother son private tommy smithembed
1175,1968,Joe Simon,No Sad Songs,sad songs lyricsive searchin long thought love come hear sad songs came theyre gone sad songs know love lovin great honey love eternally knew someday id love joy peace mind god bless day baby took sad songs away feel good inside feel man man pride ive searching long thought love come delivered sad songs came theyre gone glad glad got love baby glad glad gladembed
1176,1968,Frank Sinatra,My Way Of Life,way life lyricsgotta near time dreams wrapped gotta soul heart time world means thing half alive struggle survive way life way know way life ill let let sight day night belong thats way wrong right need crowds door applause floor need love knew way life way know way lifeembed
1178,1968,The Lemon Pipers,Green Tambourine,green tambourine drop silver tambourine help poor man build pretty dream pennies ill listen play green tambourine watch jingle jangle start shine reflections music toss coin youll hear sing listen play green tambourine drop dime walk away song want ill gladly play money feeds music machine listen play green tambourine listen ill play2embed
1186,1968,Wilson Pickett,Jealous Love,jealous love lyricsjealous love jealous love jealous love trust time look ahere sweet kind youre killin love jealous mind jealous love jealous love wanna time jealous love oughta trust time trust time baby good intentions time pretty girl walks catch watchin baby corner eye sweet kind youre killin love jealous mind jealous love jealous love wanna time jealous love wo wo oughta trust time trust time little faith baby yeah yeah home work day time got hand pocket number thought youd jealous love jealous love wanna time jealous love oughta trust time trust time repeat fade jealous love jealous loveembed
1190,1968,The Avant-Garde,Naturally Stoned,naturally stoned lyricsit days spend quickly fade away lonely mind filled thoughts yesterday grow mind know baby feel good vibration mind real sensation feel naturally stoned naturally stoned time face troubled world know standing theres thing understand heads need helping hand feel good vibration mind real sensation feel naturally stoned naturally stoned good vibration mind real sensation feel naturally stoned naturally stoned naturally stonedembed
1191,1968,Joe Tex,Keep The One You Got,got lyricshey fellas look woman long pretty hair look good yeah look good yeah woman drove right hair blowing wind didnt look good yeah didnt look good yeah woman going church dressed mini skirt woo looks good yeah look good yeah woman eating lunch shes got skin youd love touch look good yeah look good yeah listen better woman got know looks good ya good looks aint truth brother yeah truth girls listen let man dressed nehru hes got pockets money look good yeah look good yeah man street alligator shoes feet oh mans looking good yeah looks good yeah man right throws big parties night man good yeah look good yeah check man left huh women hes kinda stuck hisself oh man knows hes lookin good yeah hes lookin good yeah better man got know looks good ya good looks aint truth girl yeah truthembed
1193,1968,The Beatles,Hey Jude,hey jude hey jude bad sad song better remember let heart start better hey jude afraid minute let skin begin better anytime feel pain hey jude refrain carry world shoulders know fool plays cool making world little colder na na na na na na na na na na hey jude let let let remember hey jude let heart start better let let hey jude begin youre waiting perform know hey jude youll movement need shoulder na na na na na na na na na yeah hey jude bad sad song better remember let skin youll begin woah fucking hell better better better better better better oh yeah yeah yeah yeah yeah yeah yeah naa na na na na na na na na na na hey jude naa na na na na na na na na na na hey jude naa na na na na na na na na na na hey jude naa na na na na na na na na na na hey jude jude judy judy judy judy judy ow wow naa na na na na na na na na na na na na na hey jude jude jude jude jude jude naa na na na na na na yeah yeah yeah na na na na hey jude know jude jude youre gonna break naa na bad jude na na na na na sad song better na na na na hey jude hey jude hey jude wow naa na na na na na na na na na na hey jude naa na na na na na na na na na na hey jude jude jude jude jude jude jude naa na na na na na na na na na na hey jude naa na na na na na na na na na na hey jude na na na na na na na na na na na na naa na na na na na na na na na na hey jude naa na na na na na na na na na na hey jude naa na na na na na na jude na na na na hey jude yeah yeah yeah yeah yeah yeah yeah naa na na na na na na na na na na hey jude listen ya ma ma ma ma ma ma ma ma naa na na na na na na na na na na hey jude naa na na na na na na na na na na hey jude97embed
1194,1968,1910 Fruitgum Co.,Goody Goody Gumdrops,goody goody gumdrops lyricsim gettin weaker weaker evry time hear ah shes gettin sweeter sweeter girl driving insane refrain goody goody gumdrops heart doin flipflops gee love gonna shout rooftops goody goody gumdrops girl evrything good live cause kiss words come way repeat refrain look baby blue eyes right dainty shoe size way theres left goody goody gumdrops heart dooin flipflops gee love gonna shout rooftops goody goody gumdrops girl youembed
1195,1968,Simon & Garfunkel,Mrs. Robinson,mrs robinson dee dee dee dee dee dee dee dee dee dee dee dee dee doo doo doo doo doo doo doo doo doo dee dee dee dee dee dee dee dee dee dee dee dee dee heres mrs robinson jesus loves know wo wo wo god bless mrs robinson heaven holds place pray hey hey hey hey hey hey wed know little bit files wed help learn help look sympathetic eyes stroll grounds feel home heres mrs robinson jesus loves know wo wo wo god bless mrs robinson heaven holds place pray hey hey hey hey hey hey hide hiding place goes pantry cupcakes little secret robinsons affair youve got hide kids coo coo cachoo mrs robinson jesus loves know wo wo wo god bless mrs robinson heaven holds place pray hey hey hey hey hey hey sitting sofa sunday afternoon going candidates debate laugh shout youve got choose way look lose gone joe dimaggio nation turns lonely eyes woo woo woo whats mrs robinson joltin joe left gone away hey hey hey hey hey hey20embed
1196,1968,Stone Poneys Featuring Linda Ronstadt,Different Drum,different drum lyricsyou travel beat different drum oh tell way run time eyes whoa moan work honey child ive got doubts forest trees wrong knock market boy wants love yes aint sayin aint pretty saying ready person place thing try pull reins goodbye ill leavin sense cryin grievin live lot longer live wrong knock market boy wants love yes aint sayin aint pretty sayin ready person place thing try pull reins goodbye ill leavin sense cryin grievin live lot longer live me1embed
1198,1968,The Box Tops,"Sweet Cream Ladies, Forward March",sweet cream ladies forward march sweet cream ladies forward march world owes living sweet cream ladies think youre giving lost lonely people night need seek direction life love darkness advantage starkness refuse recognize light sweet cream ladies forward march think youre providing sweet cream ladies starch whats use hiding tell socialites look way instinctive stimulation convey necessary function meant compunction tired vanilla day sweet cream ladies forward march puritans ignore sweet cream ladies sweet cream men adore let satisfy ego male let fabricate success fail penalties pursue theres credit simple fellow jail sweet cream ladies forward march sweet cream ladies forward march sweet cream ladies forward march sweet cream ladies forward marchembed
1202,1968,Percy Sledge,Sudden Stop,sudden stop lyricswalkin didnt talk shes gone mark love live played wrong blame girl gone cheating stayin man loved takes granted fallin thinks hes oh fall hurts sudden stop suddenly stopped loving running round set free misery company missing touch constantly walkin oh shes walking didnt talk shes gone wanna talk shes gone mark love live walkin oh shes walkin walkin shes gone mark outembed
1204,1968,Gene And Debbe,Playboy,aventador baby du bist weg sag hast du davon ich steig den aventador ein und fahre davon sie gucci louis und yves saint laurent und ich sing ihr einn song unter ihrem balkon nochmal von vorn baby du bist weg sag hast du davon ich steig den aventador ein und fahre davon sie gucci louis und yves saint laurent und ich sing ihr einn song unter ihrem balkon fahr ich heute lambo oder ferrari viel bitches die mir schreiben ja ja treff ich mich mit anna oder melanie ja ja ja oder treff ich mich mit beiden playboy mit style cash und sympathiе ich brauch keim beweisеn mode aus paris oder italy babe ich kann nicht lange bleiben ich komm vor ihre tür sie hört den sound sie kommt raus und die flügeltüren gehen auf babe steig ein und machs dir bequem wir fahrn dreißig damit alle uns sehn baby du bist weg sag hast du davon ich steig den aventador ein und fahre davon ich fahre davon sie gucci louis und yves saint laurent und ich sing ihr einn song unter ihrem balkon ja ja ja ich hol dich ab für uber fahrn uber egal ob aventador oder huracán wrrm ja sie zieht ihre loubous ah sie liebt meine stimme denn die toplines sind wie bruno mars egal ob bogotá oder cancún bei mir macht niemals die bank zu lass uns sachen nem strand tun mach mit dir sachen die mit dir kein andrer mann tut du bist nicht irgendne person heh ich hab noch platz auf meinem schoß ja ja ja ich wart nicht umsonst unter deim balkon denn ja es muss sich lohnn baby lass uns losfahrn baby du bist weg sag hast du davon sag hast du davon ja ich steig den aventador ein und fahre davon ja ich fahre davon ja sie gucci louis und yves saint laurent sie yves saint laurent ja und ich sing ihr einn song unter ihrem balkon nochmal von vorn baby du bist weg sag hast du davon sag hast du davon ja ich steig den aventador ein und fahre davon ja ich fahre davon ja sie gucci louis und yves saint laurent sie yves saint laurent ja und ich sing ihr einn song unter ihrem balkon nochmal von vorn1embed
1206,1968,Jackie Wilson & Count Basie,For Your Precious Love,precious love lyricswith count basie precious love means love wanted baby lonely blue baby thats love love darling surprised know failed realize fooling poor darling love grow look tell huh know long youre love love grow wider deeper sea things jackie want wide world tell tell youll girl ooh wanting lonely baby precious love baby lonesome know need somebody mama love meembed
1207,1968,The Esquires,And Get Away,away lyricswait got away pick feeet little higher legs clap hands little louder shinga ling sock sock sock hear sat away girl let help pearl got pushin got girl happy long away sock sock sock da da ow away clap hands little louder stomp feet little louder come body feel beat come body youre real neat come away girl awayembed
1208,1968,Ray Charles,Come Rain Or Come Shine,come rain come shine gonna love ones loved come rain come shine high mountain deep river come rain come shine guess met things bet cause gonna true let youre gonna love nobodys loved come rain come shine happy unhappy wouldnt fine days cloudy sunny money yeah rain shine youre gonna love nobodys loved come rain come shine happy unhappy wouldnt fine days cloudy sunny money yeah rain shine1embed
1209,1968,The Box Tops,Choo Choo Train,choo choo train lyricsi got present brother choo choo train dyin dear ol mother choo choo train slow til home town choo choo train choo choo train know youre jet aeroplane babys waitin station little mo acceleration choo choo train yeah got oneway ticket home choo choo train wild oats choo choo sown choo choo train slow til home town choo choo train choo choo train know youre jet aeroplane babys waitin station little mo acceleration choo choo train yeah yeah uh choo choo train choo choo train poor boys goin insane choo choo train choo choo train gotta baby againembed
1211,1968,Classics IV,Spooky,spooky lyricsintro cool evening getting kinda groovy ask movie youve got plans tonight stop alright love kinda crazy spooky little girl guessing know thinking fellow looks youd sure little eye awinking confused cause know stand smile hold hand love kinda crazy spooky little girl spooky decide someday stop little game playing gonna tell things hearts adying saying ghost youve ahaunting dreams propose halloween love kinda crazy spooky little girl spooky spooky said spooky2embed
1212,1968,The Doors,Love Me Two Times,love times love times baby love twice today love times girl goin away love times girl tomorrow today love times goin away love time speak love time yeah knees got weak love times girl week love times goin away love times goin away right yeah love time speak love time baby yeah knees got weak love time girl week love times goin away love time babe love twice today love time babe goin away love time girl tomorrow today love time goin away love time goin away love times goin away11embed
1214,1968,The Marvelettes,Destination: Anywhere,destination lyricssaid man railroad station want ticket said insist wanna miss destination east west care baby love old world aint got door looked funny face said sure wanna anyplace said loved way loved man surely mr ticket agent understand destination east west care baby want old world aint got door cause swing ways wed happy yesterdays l loved tenderly needed looked window train thought heard baby conductor saying stop prefer oh destination east west care baby love old world aint got door destination east west care destination east west care destination east west care destination east west careembed
1215,1968,Classics IV Featuring Dennis Yost,Stormy,stormy sunshine baby smiled stormy today sudden ole rains fallin world cloudy gray youve gone away oh stormy oh stormy bring sunny day yesterdays love warm summer breeze weather ya changed things dreary baby windy cold stand rain callin oh stormy oh stormy bring sunny day oh stormy oh stormy bring sunny day bring sunny day oh stormy oh stormy oh stormyembed
1216,1968,Ohio Express,Chewy Chewy,chewy chewy lyricschewy chewy chewy got mouthful sweet things chewys sugar love way everytime love real sugar treat love little chewy cause sweet baby living box candy wrapped fine chewy chew mind ooh love kiss love hold love miss love scold love love oh little chewy know youre youre want toembed
1217,1968,Tommy James And The Shondells,Get Out Now,lyricsheartbreak baby heartbreak baby heartbreak puts ive seen know hes love understand feelings girl baby ive ahead baby chorus doesnt love baby love maybe future girl lookin dim cause need love youre givin cryin tears deeper girl tell tell youre baby repeat chorus girl gettin late time wait hesitate know youll sorry time repeat chorus fade outembed
1222,1968,Cliff Richard,Congratulations,congratulations lyricscongratulations celebrations tell youre love congratulations jubilations want world know happy believe happy contented think happiness hadnt invented bad old days met let walk heart congratulations celebrations tell youre love congratulations jubilations want world know happy afraid maybe thought fooling think loved tonight said live round wanted stay congratulations celebrations tell youre love congratulations jubilations want world know happy congratulations jubilations want world know happy want world know happy beembed
1223,1968,Five By Five,Fire,lyricsall right baby care care got new fool ha burning desire let stand let stand whoa let stand let stand whoa let stand let stand yeah let stand let stand look baby stop acting crazy mama aint home aint concern stay wont burned itching desire let stand let stand whoa let stand let stand whoa let stand let stand whoa let stand let stand yeah rover let billy know talking bout yeah yeah right right yeah baby yeah right try money better save babe save rainy day burning desire let stand let stand oh let stand let stand oh let stand let stand oh babe let stand let stand oh oh feel oh mercy baby yeah yeah youre babe oh burn oh yeah yeahembed
1225,1968,Tom Jones,Help Yourself,help lyricslove candy shelf want taste help sweetest things help thats want told repeatedly best life free want prove true baby telling help lips arms word help love heart smile opened door greatest wealth exists world buy help lips arms lets start live allllllllll right yeah heart love rich love millionaire ive unfair share help lips arms word help love heart smile opened door greatest wealth exists world buy help lips arms lets start live help lips arms word help love heart smileembed
1226,1968,The Cowsills,Indian Lake,indian lake bus marked lakewood drive ridin til youre city air fine sweet smellin pine countrysides pretty youll daffodils peepin hills honeylovin mama bear left bridge quakertown ridge minute youre lets indian lake scene little mind youre lookin place summer sun swim cove snack grove rent canoe indian lake youll able way indians lets oh indian lake scene little mind youre lookin place summer sun swim cove snack grove rent canoe indian lake youll able way indians everybody hey indian lake scene little mind youre lookin place summer sun swim cove snack grove rent canoeembed
1228,1968,Fever Tree,San Francisco Girls (Return of the Native),san francisco girls return native lyricsout summertime milk honey days oh san francisco girls san francisco ways try stop girl way try stop girl nothin live wanna live stay wanna stay gotta bay love girl youre way try stop girl movin today wanna play wanna play gotta bayembed
1229,1968,Steppenwolf,Magic Carpet Ride,magic carpet ride lyricsinstrumental dream yes yes right sound machine cloud sound drift night place goes right goes far flies near stars away know come little girl magic carpet ride know tell dreams fantasy set free close eyes girl look inside girl let sound away instrumental night held aladdins lamp wished stay thing answer came took lamp away looked lousy candles know come little girl magic carpet ride know tell dreams fantasy set free close eyes girl look inside girl let sound away instrumental know come little girl magic carpet ride know tell dreams fantasy set free9embed
1233,1968,Judy Collins,Both Sides Now,sides bows flows angel hair ice cream castles air feathered canyons ive looked clouds way block sun rain snow things clouds got way ive looked clouds sides clouds illusions recall know clouds moons junes ferris wheels dizzy dancing way feel fairy tale comes real ive looked love way leave em laughin care let know away ive looked love sides win lose loves illusions recall know love tears fears feeling proud love right loud dreams schemes circus crowds ive looked life way old friends acting strange shake heads ive changed somethings lost somethings gained living day ive looked life sides win lose lifes illusions recall know life all4embed
1234,1968,The Beach Boys,Do It Again,automatic talk old friends conversation turns girls knew hair soft long beach place suntanned bodies waves sunshine california girls beautiful coastline warmedup weather lets dododo dododo dodododo dododo dododo dodododo dododo dododo dumdeedooron dododo dododo dodododo girl lonely sea looks good moonlight makes night times warm sight long dododo long dododo long long long hey hey hey hey hey hey hey hey hey hey hey hey ive thinking bout places weve surfed danced faces weve missed lets come dododo dododo dodododo dododo dododo dodododo dododo dododo dumdeedooron dododo dododo dodododo dododo dododo dodododoembed
1237,1968,The Mamas & The Papas,Dancing Bear,dancing bear lyricsi wouldnt want chimney sweep black head foot climbing chimneys cleaning soot broom ladder nail darkened walls scale farand high patch sky id gypsy whos camped edge town dancing bear follows lifts big foot puts big foot bowsthen twirls dances round round cabin boy night dream bound aboard magic ship land id seen moon filled sails stars steered course onour bow golden horse queen eats fruit candy bishop nuts cheese grown man ill taste honey bee shellfish sea earth wind girl share things wouldnt want chimney sweep black head foot climbing chimneys cleaning soot id gypsy whos camped edge town dancing bear follows around1embed
1239,1968,Neil Diamond,Sunday Sun,sunday sun lyricshey sunday sun lets walkin talk things kick shoes dream dreams got away world gets kids park long laughing makes think times come gets feelin good sad time sunday sun youre round feelin wanna smile weekday strings tie day baby fly fly time mind sunday sun liable forget monday comes gonna sit watchin bees chasin honey sunday sun youre round feelin wanna smile weekday strings tie day baby fly said fly hey sunday sun lets walkin talk things kick shoes dream dreams come sunday sun got plans walkingembed
1241,1968,Ollie & The Nightingales,I Got A Sure Thing,got sure thing man womanll let wont mistakes knows shell regret womanll stick ya woman know got win know know got sure thing honey know know got sure thing know know got sure thing got sure thing sure thing baby listen baby kind weather care happens talking fellow street conversation comin straight home yeah know got sure thing oh yeah know got sure thing know know got sure thing got sure thing sure thing baby listen work morning satisfied mind worry woman left come home evening aching shell rub dinners table womans tub oh know got sure thing ha ha ha know know got sure thing know know got sure thing know sure thing baby mmmm sure thing baby got sure thing sure thing baby oh know got sure thing know know got sure thing shes know got sure thing shes woman dreams know got sure thingembed
1242,1968,The Temptations,I Wish It Would Rain,wish rain sunshine blue skies away girl gone away went future life filled gloom day day stay locked room know sound strange wish rain oh wish rain oh yeah yeah yeah yeah cause badly wanna outside lovely day knows man aint supposed listen gotta cause crying eases pain oh yeah people hurt feel inside words explain wish rain oh wish rain oh let rain rain rain rain oh wish rain ooh baby let rain let rain oh yeah let rain day day tearstained face pressed windowpane eyes search skies desperately rain cause raindrops hide teardrops know crying crying crying crying crying outside world outside tears refuse explain oh wish rain oh wish rain ooh baby let rain let rain let rain let rain need rain disguise tears eyes rain rain rain let rain oh let rain doo doo doo doo oh yeah yeah listen let rain let rain man got pride rain rain rain rain let rain til rains gonna stay inside doo doo doo doo let rain let rain let rain1embed
1244,1968,Barbara Mason,(I Can Feel Your Love) Slipping Away,feel love slipping away lyricsyou longer look love eye sweet kisses goodbye day speak week sorry feel love slipping away losing feeling day makes sad sad hurts hurts hurts hurts bad faithful true lover suppose guess baby happy sure love forever forever fight fuss come feel love slipping away losing feeling day feel loveembed
1245,1968,The Mills Brothers,Cab Driver,cab driver lyricscab driver drive marys place wanna chance face stop meter let race cab driver drive marys place cab driver round block mind ticking clock wish talk cab driver round block cab driver street theres little place meet thats laid future feet cab driver street cab driver wait door ill hold arms things cab driver wait door cab driver better home guess meant hope god sends love cab driver better home cab driver better homeembed
1248,1968,Brenton Wood,Baby You Got It,baby got lyricsi run fool mama didnt raise fools know baby got heh thats got soul soul foxy clothes cutest nose groovy set theres fake baby got people cruel ive lost cool hard cool cause baby got thats got soul soul foxy clothes cutest nose movie set theres fake baby got gonna cling ill love money matter matter gonna love girl cause baby got huh thats got soul soul foxy clothes cutest nose movie set theres fake baby got friends youre girl lot things baby got heh thats got soul soul baby got foxy clothes cutest nose baby got greatest shape theres nothin fake baby got groovy lip flip baby got it1embed
1250,1968,Henson Cargill,Skip A Rope,skip rope lyricsskip rope skip rope oh listen children play aint kind funny children skip rope daddy hates mommy mommy hates dad night shoulda heard fight gave little sister bad dream woke terrible scream skip rope skip rope oh listen children play aint kind funny children skip rope cheat taxes fool said golden rule mind rule play win hate neighbor shade skin skip rope skip rope oh listen children play aint kind funny children skip rope stab em thats game mommy daddy whos blame skip rope skip rope listen children play funny children skip rope skip rope skip rope skip rope1embed
1253,1968,1910 Fruitgum Co.,"1, 2, 3, Red Light",1 2 3 red light lyricsevery time try prove love 1 2 3 red light stop baby aint right stop 1 2 3 red light stop time love 1 2 3 red light stop baby night stop 1 2 3 red light stop game youve got lose stop thats end refuse time love 1 2 3 red light stop baby aint right stop 1 2 3 red light wont stop time try prove love 1 2 3 red light wont stop know right stop 1 2 3 red light time love 1 2 3 red light stop baby aint right stop 1 2 3 red light wont stop time try prove love 1 2 3 red light wont stop know imembed
1255,1968,David Houston,Have A Little Faith,little faith lyricsyour best friend best girl big messy world cause arm arm left feelin blue set trap got caught shouldve took grain salt little faith love come shes leavin somebody new shes got believin theres nothin brush teardrop face smile place little faith love come clouds sky blue little faith love come lonely blue waiting lovin arms hug neck right corner expect shell love pull little faith love come youembed
1259,1968,Nancy Sinatra,Good Time Girl,good time girl lyricswhen love glitter rubs ill waiting smile away need cheering volunteering gotta pick phone tell youre baby ill come running ill good time girl ill sunshine girl ill turn nighttime day ill good time girl ill sunshine girl ill wash troubles away need laugh share things half half nighttime fly away love let know youre thinking gotta pick phone tell youre baby ill come running ill good time girl ill sunshine girl ill turn nighttime day ill good time girl ill sunshine girl ill wash troubles awayembed
1262,1968,Glen Campbell,Hey Little One,hey little lyricshey little far home hey little lonely road life long long road walk love love ive known love ive known hey hey hey hey little away tell youll stay hey hey hey hey little lonely tooembed
1263,1968,Sammy Davis Jr.,Lonely Is The Name,lonely lyricslonely answer crying game losing ill love believe sorry role play tormented soul today lost control love missing kiss absent sigh gone look love wore dream lie love anymore tell lonely crying game til youre ill loveembed
1264,1968,Herbie Mann,Unchain My Heart,unchain heart lyricsunchain heart baby let cause care help set free unchain heart baby let unchain heart cause love everytime phone fellow tells youre home unchain heart set free unchain heart baby let unchain heart cause care got sewed narrow case let love waste unchain heart set free spell man trance oh yeah oh know damn stand chance unchain heart let way unchain heart mean day lead life misery care bag beans unchain heart oh let spell man trance baby know damn stand chance heart let way unchain heart mean day lead life misery care bag beans unchain heart oh set freeembed
1265,1968,Jerry Butler,"Hey, Western Union Man",hey western union man lyricsoh western union man send telegram baby send telegram send telegram whoa send telegram baby want want tell tried phone tell misery think shes avoiding telegram send box candy maybe flowers tell missed hours hours send telegram send telegram send telegram man baby hear oh western union man send telegram oh send telegram baby western union man hey send telegram oh send telegram send telegram whoa send telegram man baby want listen tell got boy send want bike right away message maybe tomorrow mail right away want girl know miss yesterday send telegram send telegram man whoa send telegram man baby hear oh western union man send telegram oh send telegram baby western union man send telegram oh send send telegram send send send sent right baby hear hey western union man send telegram oh send telegram babyembed
1266,1968,Ed Ames,Who Will Answer?,answer lyricshallelujah hallelujah hallelujah canyons mind wander stumble blindly oftentangled maze starless nights sunless days asking kind clue road lead truth answer people stand vowing handinhand loves imbedded hearts soon feeling starts overwhelm hollow lives seek hows whys answer strange distant hill young mans lying arms hold child bullet running wild struck dear god oh oh answer high lonely ledge figure teeters near edge jeering crowds collect egg man ask led private day doom answer chorus soul darkened fear mind baffled rules fit game answer answer answer hallelujah hallelujah hallelujah rooms dark shades scent sandalwood pervades colored thoughts muddled heads reclining rumpled beds unmade dreams come true ask answer neath spreading mushroom tree world revolves apathy overhead row specks roars drowned discotheques secret buttons pressed man outguessed answer hope walnut shells worn round neck temple bells deep cloistered walls hooded figures pray halls crumbled books dusty shelves stars answer repeat chorus soul darkened fear mind baffled rules fit game answer answer answer hallelujah hallelujah hallelujahembed
1267,1968,Jeannie C. Riley,The Girl Most Likely,girl likely lyricspapa worked cheque small mama sewed help old house sure needed paint rained roof leak teachers pet susie grout born silver spoon mouth miss goody shoes sovereignty little miss nothin thought girl likely yeah yeah girl likely wind uhhu jam judged way looked way guess true looked developin fast fault didnt know sex appeal showed clothes run shoes doctors son hidin town knows evidence plain ha aint susie jane girl likely yeah yeah girl likely susies daddy run sure looks funny hot shot gun weddin bells wait till june itd better real soon susie jane jam hey listen gun wam wam wam talk dyin theres lot likelys town house needs coat paint doesnt mean girl somethin aintembed
1268,1968,The Monkees,Porpoise Song,porpoise song theme head clock sky pounding away theres face voice overdub choice image rejoice wanting hear crying sky porpoise laughing goodbye goodbye goodbye goodbye goodbye clicks clacks riding backs giraffes laughs alright ego sings castles kings things life style wanting feel know real living lie porpoise waiting goodbye goodbye goodbye goodbye goodbye goodbye goodbye goodbye goodbye goodbye goodbye1embed
