,Year,Artist,song_name,further_clean_text
1650,1972,Brownsville Station,The Red Back Spider,red spider lyricsthere redback toilet seat night didnt dark boy felt bite jumped high air hit ground crafty redback spider rushed missus told id bit grabbed cutthroat razorblade nearly fit said forget whats mind doctor cause got feeling cure worse disease thеre redback toilеt seat night didnt dark boy felt bite hospital sad sorry plight curse redback spider toilet seat night redback spider lay sit know nurses think funny thats point view tell embarrassing thats sick eat bite spider feast good spider home ill tell ill ill redback suffer pain going ive needles looking sieve promise spider long live redback spider redback toilet seat night didnt dark boy felt bite hospital sad sorry plight cursed redback spider toilet seat night redback spider good spider redback spider redback spider good spider away need redback spider good lord good spider redback spider good spider old redback spider away need oh yeahembed
1651,1972,Yes,America,america lyricslet lovers marry fortunes ive got real estate bag bought pack cigarettes mrs wagners pies walked walked walked offto look america kathy said boarded greyhound pittsburgh michigan dream took days hitchhike saginaw theyve gone look america gone look america laughing bus playing games faces said man gabardine suit spy said careful bow tie camera kathy lost said knew sleeping aching know counting cars new jersey turnpike theyve gone look america gone look america gone look americaembed
1652,1972,The Raiders,Country Wine,country wine time drinkin country wine wed sit porch good ole harp wont bring bring wont bring heart bring bring wont bring country wine neighbors passin bringing friendly gonna night drinkin sweet old apple wine wont bring bring wont bring heart bring bring wont bring country wine yeah doodoo n doo doo doodoo n doo doo doo n doodoo doodoo n doo doo doodoo n doo doo doo n doodoo doodoo n doo doo doodoo n doo doo doo n doodoo doodoo n doo doo skies stars doesnt matter gonna real good good time ifn bring wine wont bring bring wont bring heart bring bring wont bring bring bring bring country wine ahhh bring bring wont bring heart bring bring wont bring bring bring bring country wineembed
1653,1972,David Cassidy,How Can I Be Sure,sure lyricshow sure world thats constantly changin sure stand away wanna die cause know wanna stay know maybe youre trying use flying high confuse touch away alibi tellin people care maybe hanging head upside pity whos pretty n lovely sure wanna knooow wanna knooow oh oh oh hows weather better love love forever know sure world thats constantly changing sure world thats constantly changing sure wanna know embed
1654,1972,Elvis Presley,Separate Ways,separate ways change come lives way late realize mistake right love slipped away left friends strangers thats left memories share times thought cared theres left separate ways pick pieces left maybe someday way love day shes older maybe understand mom dad tears goodbye tear heart forever theres left separate ways pick pieces left maybe someday way love wow wow woa wow wow wow woa wow wow wow woa wow wow wow woa wowembed
1655,1972,The Spinners,How Could I Let You Get Away,let away lyricslike howdy doo tin soldiers clowns theyre laughing laughing basketball fouls games knew yeah beat middle room got time count sheep today let away knew id need somebody soon let away knew id need somebody soon mother goose winds turns loose block 10 beatin tell green blue cat mouse games chase instead house id mad parents middle room got time count sheep today baby let away knew id need somebody soon let away baby knew need somebody soon oooh baby let away baby knew need somebody soon yeah hey baby didnt count sheep let woman weep baby knew inside needed mother goose let lose need baby yeah ooh wee need somebody soon help feet groundembed
1656,1972,T. Rex,Telegram Sam,telegram sam oh yeah telegram sam telegram sam main man golden nose slim golden nose slim knows youve purple pie pete purple pie pete lips lightning girls melt heat telegram sam youre main man telegram sam youre main man bobbys alright bobbys alright hes natural born poet hes outta sight jungle faced jake jungle faced jake said mistake jungle faced jake jake telegram sam youre main man telegram sam youre main man bobbys alright bobbys alright hes natural born poet hes outta sight automatic shoes automatic shoes 3d vision california blues funk care aint square corkscrew hair telegram sam youre main man telegram sam youre main man telegram sam youre main man telegram sam telegram sam howling wolf telegram sam howling wolf telegram sam howling wolfembed
1658,1972,Dr. Hook And The Medicine Show,"Carry Me, Carrie",carry carrie second street broadway sittin door way head held hands looked world prayin oh nah foot wrapped old rag bottle brown bag saw try stand heard words sayin oh yeah said come carrie carry little farther yeah yeah come carrie carry mile oh nonono know leadin know lean come carrie carry little yes carried carry little come carrie carry little yeah oh oh carry struggled feet staggered street window fiveanddime oh stood laughed reflection yeah yeah nah yeah heard shoutin mountain surely climb point right direction aint aint said come carrie carry little farther ah yeah oh oh come carrie carry mile carry wheres goin wheres goin yeah yeah know leadin know lean come carrie carry little yeah carried carry little come carrie carry little yeah carry carrie got carry carry yes oh hey yeah carry carrie got carry carry carry got carry cccccarrie got carry carried carry carrie carry carry carrie yeah yeah got carry got carry got carry got carry meembed
1660,1972,Chilliwack,Lonesome Mary,lonesome mary lyricsi went lonesome mary sitting crying contrariness desert home weeping awailing know day said mary mary mary mary live way said know soul guess contrary hard person world ooh lonesome mary ooh lonesome mary yeah yeah yeah went lonesome mary sitting crying contrariness desert home weeping awailing know day said mary mary mary mary live way said know soul guess contrary hard person world ooh lonesome mary ooh lonesome mary yeah yeah yeah oh yeahembed
1661,1972,Van Morrison,Redwood Tree,redwood tree lyricsboy dog went looking rainbow know learn day walking river running blue streak fields streams meadows laughing way oh redwood tree let young redwood tree smells rain maybe thunder wont harm wonderful redwood tree boy father went went looking lost dog know oh havent learned bring departed look learned day oh redwood tree let young redwood tree smells rain maybe thunder wont harm wonderful redwood tree ta da da daembed
1664,1972,Rick Nelson And The Stone Canyon Band,Garden Party,garden party went garden party reminisce old friends chance share old memories play songs got garden party knew recognized didnt look right learned lesson ya ya got people came miles yoko brought walrus magic air corner surprise mr hughes hid dylans shoes wearing disguise played old songs thought thats came heard music didnt look said hello mary lou belongs sang song honkytonk time leave opened closet door stepped johnny b goode playing guitar aringin bell lookin gotta play garden parties wish lotta luck memories sang drive truck 4embed
1666,1972,The Move,Do Ya,ya ah life ive seen woman ive seen lovers flying air handinhand ive seen babies dancing midnight sun ive seen dreams came heavenly skies ive seen old men crying gravesides ive seen pigs sitting watching picture slides seen ya ya want life woman ya ya want love saying ya ya want face need ya ya want mind heard crowd singing tune sat sang auld lang syne light moon heard preachers banging drums heard country sky touches field lay rest morning sun come arunning look feel touch long black hair damn ah ya ya want life woman ya ya want love saying ya ya want face need ya ya want mind think understand trying woman id save rainy day yeah ive seen world know baby ive got grow ya ya want life woman ya ya want love saying ya ya want face need ya ya want mind ah got ya ya want life ya ya want love ya ya want face ya ya want mind look baby theres plane acomingembed
1667,1972,Stevie Wonder,Superstition,superstition superstitious writings wall superstitious ladders fall thirteen month old baby broke looking glass seven years bad luck good things past believe things understand suffer superstition aint way superstitious wash face hands rid problem daydream going strong want save sad song believe things understand suffer superstition aint way superstitious superstitious devils way thirteen month old baby broke looking glass seven years bad luck good things past believe things understand suffer superstition aint way no25embed
1669,1972,Brighter Side Of Darkness,Love Jones,love jones lyricswhats happening baby miss weekend sorry want bore irrelevant conversation darling time real rip account actions knowing way feel knowing time want baby need need strong junkie words baby got listen darling listen love jones got love jones got love jones love jones got love jones got love jones baby love jones shucks darling love friday class mr russell giving test sitting staring daydreaming know failed test paper guess anybody love jones love true love way feel thats love jones love jones got love jones got love jones love jones got love jones got love jones youembed
1670,1972,Elton John,Levon,levon levon bears war wound crown calls child jesus cause likes sends finest school town levon levon likes money makes lot spends days countin garage motorway born pauper pawn christmas day new york times said god dead wars begun alvin tostig son today shall levon shall good man shall levon tradition family plan shall levon shall good man shall levon levon sells cartoon balloons town family business thrives jesus blows balloons day sits porch swing watchin fly jesus wants venus leave levon far balloon sailin levon levon slowly dies born pauper pawn christmas day new york times said god dead wars begun alvin tostig son today shall levon shall good man shall levon tradition family plan whoo shall levon shall good man shall levon shall levon shall good man shall levon tradition family plan whoo shall levon shall good man shall levon 5embed
1671,1972,Harry Chapin,Taxi,taxi lyricsit raining hard frisco needed fare night lady ahead waved flag got light oh going lady blue shame ruined gown rain looked window said sixteen parkside lane familiar swear id seen face said sure youre mistaken didnt took looked mirror glanced license smile come slowly sad smile said harry said sue miles little smiles remember fairy tale home car learned love dodge lesson hadnt gone far gonna actress gonna learn fly took footlights took sky oh ive got inside drive princess blind theres wild man wizard hes hiding illuminating mind oh ive got inside lifes cause ive letting outside tide till time runs babys high shes skying yes shes flying afraid fall ill tell babys crying cause shes dying arent talk gone turned cab driveway past gate fine trimmed lawns said knew itd arranged handed dollars fare said harry change man angry man hurt man let stashed shirt walked away silence strange know wed gotten wed asked long long time ago gonna actress gonna learn fly took footlights took sky shes acting happy inside handsome home flying taxi taking tips getting stoned flying high stoned3embed
1672,1972,Aretha Franklin,Day Dreaming,day dreaming daydreaming thinking daydreaming thinking daydreaming thinking daydreaming thinking look mind floating away hes kind guy hey baby lets away lets place huh care hes kind guy trust heart share love til death want wants wants needs hes lonesome feeling love starved ill feed loving little bit day turns right hear hey baby lets away lets far baby care hey baby lets away lets far baby care want wants wants needs hes lonesome feeling love starved ill feed loving little bit day turns right hear hey baby lets away lets far baby care hey baby lets away lets far baby care daydreaming thinking daydreaming thinking daydreaming thinking daydreaming thinking look love floating away daydreaming thinking daydreaming thinking daydreaming daydreaming dayembed
1674,1972,Stevie Wonder,Keep On Running,running gon gon grab gon jump bushes grab lotta folks better run faster gon grab gon jump bushes grab gon grab oh need thing grab yeah yeah running running love running yeah running love folks youre fine want friend know man youre withs gona break heart youll sad real soon yeah running running love running yeah running love folks youre fine want friend know gonna catch real soon running running love yeah running running running love running running love running running love running running love running yeah running love folks love good want friend know gonna end cause need running running running love yeah running running running love running running love running running love running running love oh yeah running running love running running love gonna yeah running running love running running love oh oh yeah sing running running love running running love running running love sing little song running running love running running love running running love running running love running running love running running love running running love running running love oh yeah yeah yeah yeah yeah yeah yeah yeah running running love running running love hey hey hey hey hey hey hey hey hey hey hey hey running running running love running running love getting tired running running running love running running love running running love hey hey running running love baby baby baby baby baby baby mama mama mama running running loveembed
1676,1972,The Supremes,Floy Joy,floy joy floy floy floy floy joy floy floy floy floy joy floy floy floy floy joy youre man know ill floy ooh ooh know million girls world floy joy floy floy floy floy joy thats real smith jones claim fame oh joy boy girl knew floy joy floy floy floy floy joy leave girl choice floy floy floy floy ah yeah floy joy thrill hear voice floy floy floy floy floy joy joy pleasure impossible measure floy floy floy floy joy youre man hope someway form fashion fit plan ooh wanna live life floy joy floy floy floy floy joy wanna floy floy floy floy floy joy oh floy floy floy floy floy joy alet hear time floy floy floy floy joy alet hear time floy floy floy floy joy floy floy floy floy joyembed
1680,1972,Three Dog Night,An Old Fashioned Love Song,old fashioned love song oldfashioned love song playin radio wrapped music sound promising theyll swear youve heard slowly rambles need bringin em cause theyre gone oldfashioned love song sure wrote oldfashioned love song comin threepart harmony weave dreams listen evening lights low underscore love affair tenderness feelings weve come know swear youve heard slowly rambles need bringin em cause theyre gone oldfashioned love song comin threepart harmony oldfashioned love song sure wrote oldfashioned love song comin threepart harmony oldfashioned love song sure wrote weave dreams listen song old song comin old song sure wrote old song comin old song oldfashioned love song sure wrote oldfashioned love song old song comin comin threepart harmony oldfashioned love song old song sure wrote oldfashioned love song old song comin comin threepart harmony oldfashioned love song old song sure wrote meembed
1683,1972,Joe Simon,Power Of Love,power love lyricswhoayeah baby sugar honey sweet darlin oh yes day met life joy happiness oh kiss burns soul seven days later body control got got power twist got power power power ohoh oh love ya tell help oh hear talk walk know want got life wanted love understand listen honey loneliness gone away swear think think able carry yeah got honey kiss glad got honey twist glad baby wanna scream love baby awanna oh glad glad glad glad got power kiss got power twist got power walk got power talk power best got got got baby wanna squeeze youembed
1689,1972,Rod Stewart,Angel,angel angel came heaven yesterday stayed long rescue told story yesterday sweet love moon deep blue sea spread wings high said shes goin come tomorrow said fly sweet angel fly sky fly sweet angel tomorrow gonna fly away high away fly away sure morning came unto silver wings silhouetted childs sunrise angel said unto todays day rise hand youre gonna man youre gonna rise took high yonder said fly sweet angel fly sky fly sweet angel forever said fly sweet angel fly sky fly sweet angel forever fly away come dayembed
1690,1972,Isaac Hayes,Do Your Thing,thing lyricsif music cause dig groove groove groove feel wanna love stars love love theres wanna talkin way rap oh rap cause oh youve got thing feel wanna scream cause thats way lettin steam scream scream feel wanna sing cause singing thing sing sing wanna love night feel right right right cause oh youve got thing thing1embed
1692,1972,Graham Nash & David Crosby,Immigration Man,immigration man lyricsthere immigration scene shining feeling clean sin got stopped immigration man said doesnt know let let immigration man cross line pray stay day wont let immigration man wont toe line today immigration face giving paper chase sun coming cos looked space stamped number face sent running come let immigration man cross line pray stay day wont let immigration man wont toe line today immigration form big warm cold winds coming long think youd better watch watch man youre going come let immigration man cross line pray stay day wont let immigration man wont toe line today anywayembed
1693,1972,Billy Preston,Slaughter,slaughter lyricsslaughters going blow mind slaughter waste time advice shoot better miss slaughters big bad black bold brother lot soul mean cross cause hell whos boss slaughter slaughter come blow mind slaughter waste time advice shoot brother better miss slaughter big bad black bold brother lot soul mean cross cause whos boss slaughter yeah slaughter yeah slaughterembed
1694,1972,N.F. Porter,Keep On Keeping On,keeping lyricspick beret babys work got hurting people dying ground gotta keeping matter hard gotta keeping matter rough gets gotta keeping matter hard gotta keeping matter rough gets hey hey people oh oh oh new day strong going gets kinda rough yeah oh good stuff let smile gotta keeping gotta keeping gotta keeping baby whoa whoa whoa whoa whoa new day hold head high gotta keeping gotta keeping matter hard gotta keeping matter rough gotta gotta onembed
1696,1972,Badfinger,Baby Blue,baby blue guess got deserved kept waitin long love time word didnt know youd think id forget id regret special love baby blue days long think id wrong dixie let thought youd realise know special love baby blue want way know times ive tried guess thats feelin grows stronger everyday thing good care baby let know let grow special love dixie dear12embed
1699,1972,Betty Wright,Clean Up Woman,clean woman clean woman woman gets love girls leave reason know picked man jumpin slick ruin cause doin making easy clean woman mans love oh yeah making easy clean woman babys love uhhuh mhm took mans love shelf fool thought needed love having fun easy clean woman mans love uhhuh yeah thats easy clean woman steal babys love oh yeah clean woman wipe blues away shell plenty lovin 24 hours day clean woman shell sweep feet shes wholl dump street tip better hip clean woman cause shes tough mean cleans up1embed
1701,1972,Gladys Knight And The Pips,Make Me The Woman That You Go Home To,woman home lyricsyou promised things meant lot said forgot said said strength air breathe help honey youre need life complete oh yes baby woman home woman home leave woman home left woman home smile fix evening meals iron clothes aint big deal loving loving yes stick laying awake ask cause youd tell wanted wanted oh yeah baby woman home woman home leave woman home thats left woman home woman home woman woman home home youll joy wouldnt need town fooling knowing regret finding oh good god almighty boy woman home leave woman home thats left woman home know want woman home woman oh baby woman home oh know herembed
1703,1972,The Temprees,Dedicated To The One I Love,dedicated love lyricswhile away ooh baby know hard ooh baby hard darkest hour dawn night bed ooh baby whisper little prayer ooh baby lets tell stars dedicated love life exactly want satisfied girl knowing love theres thing want especially hey thats everybody needs away ooh baby whisper little prayer ooh baby lets tell stars dedicated loveembed
1704,1972,Cher,"Gypsys, Tramps & Thieves",gypsys tramps thieves born wagon travellin mama dance money theyd throw papa preach little gospel sell couple bottles doctor good gypsys tramps thieves wed hear people town theyd gypsies tramps thieves night men come lay money picked boy south mobile gave ride filled hot meal sixteen twentyone rode memphis papa woulda shot knew hed gypsys tramps thieves wed hear people town theyd gypsies tramps thieves night men come lay money schoolin taught smooth southern style months later gal trouble havent seen oh havent seen oh born wagon travelin mama dance money theyd throw grandpad preach little gospel sell couple bottles doctor good gypsys tramps thieves wed hear people town theyd gypsies tramps thieves night men come lay money gypsys tramps thieves wed hear people town theyd gypsies tramps thieves night men come lay money down10embed
1705,1972,Eagles,Take It Easy,easy running road tryin loosen load ive got seven women mind wanna wanna stone says shes friend easy easy let sound wheels drive crazy lighten try understand place stand easy standing corner winslow arizona fine sight girl lord flatbed ford slowin look come baby maybe gotta know sweet love gonna save lose win open climbin easy running road trying loosen load got world trouble mind lookin lover wont blow cover shes hard easy easy let sound wheels crazy come baby maybe gotta know sweet love gonna save ohohoh ohohoh ohohoh ohohoh ohohoh ohohoh ohohoh ohohoh ohohoh ohohoh oh got easy oughta easy15embed
1707,1972,Jo Jo Gunne,Run Run Run,run run run lyricsoohoohooh oohoohoohooh run run run oohoohooh oohoohoohooh run run run better ride home babe born outside law runrun oohoohooh oohoohoohooh run run run oohoohooh oohoohoohooh run run run oh load momma right line runrun runrun oohoohooh oohoohoohooh run run run oohoohooh oohoohoohooh run run run aw welcome party papers wind runrunembed
1708,1972,Donny Osmond,Too Young,young lyricsthey try tell young young love loves word word weve heard begin know meaning young know love years someday recall young oh oh young know love years someday recall young youngembed
1709,1972,Bobby Bland,Do What You Set Out To Do,set lyricsits world baby belongs hurt thats wanna know soon gonna start set way woman got mind said tired playing games want wasting time got heart breaking lord lonely arms aching set lord hurt thats wanna leave desert lets know soon gonna lord start set said world baby belongs hurt thats wanna know soon gonna lord start set leave leave lie cheat deceive meembed
1710,1972,Eddie Kendricks,If You Let Me,let baby know blew mind oh kept hangin round thought needed near oh yes thought someday wed settle oh yeah try run game baby tryin know let know sail ship dry land hey let know man wanna know told start felt oh mind yes gonna care oh yeah love instead things little rough oh yeah try run game baby tryin know let know build house quicksand quicksand baby let know man wanna try run game baby tryin mind went left hearts givin yeah baby miss oh let know sail ship dry land hey let know build house quicksand hey let know ill want baby gotta let meembed
1711,1972,Roberta Flack,The First Time Ever I Saw Your Face,time saw face time saw face thought sun rose eyes moon stars gifts gave dark endless skies love time kissed mouth felt earth hands trembling heart captive bird command love time lay felt heart close knew joy earth til end time love til end time love time saw face face faace face2embed
1712,1972,Stevie Wonder,Superwoman (Where Were You When I Needed You),superwoman needed mary wants superwoman head want live day love mary wants movie star mind things wants needs leave believe know wish knew think deal going head think wish knew think cope going head mary wants superwoman try boss bull think dream woman wants superwoman goodbye spend hours starting believe know wish knew think deal going head think know wish knew know think deal going head filthy head dum dum da dum dum da wish knew wish think going head dum dum da dum da dum da dum dum da dum da think deal going head summer came summers gone love needed winter love winter came went south parting loves nest leaving doubt need right love end changed tomorrow reflect loves past winter came bitter winds love needed winter love oh need baby need baby love end changed tomorrow reflect loves past oh spring air come summer love let needed winter love la la la la la la la la la la la la la la la la la la la la need right right right right needed winter dear need baby need baby need baby need baby need baby need baby oh needed winter winter yeah need baby need need baby oh want need baby oh needed dear yeah6embed
1713,1972,The Stylistics,People Make The World Go Round,people world round trash men didnt trash today oh want pay buses strike want raise fare help pollute air thats makes world round ups downs carousel changing peoples heads underground young man people world round wall street losin dough share theyre blaming longer hair big men smokin easy chairs fat cigar care thats makes world round ups downs carousel changing peoples heads underground young man people world round thats makes world round ups downs carousel changing peoples heads underground young man people world round people world round people world round people world round people world round1embed
1714,1972,R. Dean Taylor,Taos New Mexico,taos new mexico mama wrote letter said son beter hurry home quick marias tired waitin know started datin shes got kick jail pull bail wanna home ill leave maria serving time taos new mexico wanna home serving time taos new mexico felt buy things pretty clothes diamond rings thing wanted raggin poor jail pull bail wanna home ill leave maria serving time taos new mexico wanna home serving time taos new mexico felt awful nights long cold needs hold away eatin cheese getting higher don josé jail pull bail wanna home ill leave maria serving time taos new mexico wanna home serving time taos new mexico felt aloneembed
1722,1972,ZZ Top,Francene,francene lyricsgot girl names francine finest thing seen love shes want need shes need francine oh francis love love shes want need shes need caught stevie p id throw penitentiary caught mothers son ill daddy gun francine turned thirteen shes angelic teenage queen love shes want need shes need love shes want need shes need love shes want need shes needembed
1724,1972,Black Sabbath,Iron Man,iron man iron man lost mind blind walk moves fall alive dead thoughts head pass care turned steel great magnetic field traveled time future mankind wants stares world planning vengeance soon unfurl time iron man spread fear vengeance grave kills people saved wants turn heads helps revenge heavy boots lead fills victims dread running fast iron man lives 59embed
1728,1972,The Undisputed Truth,What It Is,lyricswhat somebody tell sure funky somebody tell sure funky hear somebody shut mouth ill toy away children shouldnt play bombs aint words song dance hum somebody tell sure funky somebody tell sure funky hear somebody shut mouth aint words song dance hum somebody tell sure funky somebody tell sure funky try figure song aint words song dance hum somebody tell sure funky somebody tell sure funky hear somebody sing song soul sisterembed
1730,1972,Harry Chapin,Sunday Morning Sunshine,sunday morning sunshine lyricsi came town knapsack shoulder pocket stories tell know ive knocked bit ive share small town glories time hit city crazy carousel feeling sorry know lonely everybody brought sunday morning sunshine monday morning rain taught happiness time keeps coming streets highways known sky days days known love funny city different face holds care different place felt far baby brought halfway home yes baby brought halfway homeembed
1731,1972,Joe Tex,You Said A Bad Word,said bad word lyricsahh said bad word gonna tell mama huh gonna whip huh yeah thats whats shes gonna bad self talking bad talk saying bad words said bad word youd better cause good little girls talk told mama said shed come house bed wait minute deal tell wont tell mama let whisper ear want everybody listening business come gonna huh huh huh gonna huh huh huh gonna huh huh huh gonna huh huh huh said bad word forget youre clear cause old day old time wanna change mind right wait minute baby gotta deal cause deal gone byebye let whisper ear want everybody listening business come gonna huh huh huh gonna huh huh huh gonna huh huh huh gonna huh huh huh come round house said bad word talking bad talk come bad words coming pretty little mouth yoursembed
1732,1972,Dawn Featuring Tony Orlando,Vaya Con Dios,vaya dios lyricsnow haciendas dark town sleeping time come time weeping vaya dios darlin vaya dios love village mission bells softly ringing softly ringing whoa listen heart girl youll hear singing vaya dios darlin darlin darlin vaya dios love night ill prayer simple prayer guide guide hasten evry lonely hour evry lonely day dawn breaking gray tomorrow oh memories share borrow oh vaya dios darlin vaya dios love ohoh vaya dios darlin darlin darlin god love god love vaya dios god love vaya dios ill prayer ill prayer guide loveembed
1733,1972,The Chi-lites,We Need Order,need order lyricsthe world today pieces people searching ways releasing disappointments fears come pills tears need order need order yeah hey need order need order hey hey oh flowers trees left beautiful oh birds bees forgotten man tempted children help rely prayer little religion hung knowledge war seen sweet wake morning dream need order need order hey hey need order need order hey hey need order hey oh flowers trees left beautiful oh birds bees forgotten beembed
1737,1972,Merle Haggard And The Strangers,Carolyn,carolyn carolyn let tell heard man today didnt come home work went away till came city bright nighttime day met women dressed yellow scarlet warm lips honeycomb dripped honey smell strange perfume feel warm yes carolyn man hes lonely believe man spite carolyn man hes treated bad home yes carolyn man hes lonely believe man spite carolyn man hes treated bad homeembed
1738,1972,Laura Lee,Rip Off,rip lyricsim setting rip girls setting rip girls man gives credit ways plays cheap woman thinking man fast sleep know hes cheating sweet thinks hes making fool outta setting rip girls thats setting rip girls early mornin uh huh key door yeah shoes hands meet tippin floor know hes tippin smilin slippers feet coffee pot somethin good eat cause setting rip girls know setting rip girls ah days hes gonna walk door girls good thing gone movin starting sofa chairs tvs feel owe gonna leave box sit bed freezer food gone taking carpet floor wall paper walls taking telephone calls fool shock life tired neglected gonna slap face unexpected cause setting rip girls know setting rip girls hes dreamin scheming ha ha ha ha hes trippin rippin ha aint nothin rip setting rip girls rip hey thats isembed
1739,1972,Donna Fargo,Funny Face,funny face funny face love funny face need worlds wrapped road walk hill colors rainbow turn blue kiss tears away smile funny face funny face love funny face love funny face need sweetest words ive heard funny face leave funny face believe worlds wrapped hurt feelings mean things know true forgive childish ways hold close funny face funny face love funny face love funny face need sweetest words ive heard funny face leave funny face believe worlds wrapped funny face love funny face need sweetest words ive heard funny face leave funny face believe worlds wrapped youembed
1741,1972,The Allman Brothers Band,One Way Out,way aint way baby lord door aint way baby lord door cause theres man man know lord got trapped woman second floor time wont trapped raise window baby ease soft slow lord neighbors wont talking stuff know lord foolish place know man gonna walk place aint way world going door cause theres man man know cause theres man man know cause theres man lord happen man oh justa man mmmmmmmmmm lord justa man oh baby knowembed
1742,1972,Elvis Presley,Burning Love,burning love lord almighty feel temperature rising higher higher burning soul girl girl girl girl youre gonna set brain flaming know way kisses lift higher sweet song choir light morning sky burning love ooh ooh ooh feel temperature rising help flaming burning burning burning cool turn smoke feel fine cause kisses lift higher sweet song choir light morning sky burning love coming closer flames licking body wont help feel slipping away hard breathe chest aheaving lord mercy burning hole lay kisses lift higher sweet song choir light morning sky burning love burning love ah ah burning love hunk hunk burning love hunk hunk burning love hunk hunk burning love hunk hunk burning love hunk hunk burning love hunk hunk burning love hunk hunk burning love hunk hunk burning love hunk hunk burning love hunk hunk burning love hunk hunk burning love7embed
1744,1972,Engelbert Humperdinck,I Never Said Goodbye,said goodbye lyricsshe cried walked away yesterday fool let silly fight night said love wept day got come wife happened grave save ladys life said goodbye told meant said goodbye late shes memory girl gone know die said goodbye perfume lingers pair shoes lie floor bed unmade night laid closed door shopping list things shell buy apron lyin chair laugh hear hall turn shes said goodbye told meant said goodbye late shes memory girl gone know die said goodbyeembed
1746,1972,David Cassidy,Could It Be Forever,forever lyricscould forever mind rambling touched kissed feel youre feel youre face wrong feelings feel youre ive known time thats meanings forever wasting time think let know feel youre feel youre remember feelings stronger know let wanna wanna little longer feelings come know felt better cause know wont disappear forever mind rambling maybe ill moving feel youre face wrong feelings feel youre ive known time thats meaningsembed
1747,1972,Commander Cody & His Lost Planet Airmen,Hot Rod Lincoln,hot rod lincoln lyricsmy pappy said son youre gonna drive drinkin stop drivin hot rod lincoln heard story hot rod race fords lincolns settin pace story true drivin model got lincoln motor souped model body makes look pup got cylinders uses got overdrive wont stall 4barrel carb dual exhaust 411 gears lost got safety tubes aint scared brakes good tires fair pulled san pedro late night moon stars shinin bright drivin grapevine hill passing cars standing sudden wink eye cadillac sedan passed said boys thats mark taillight fellas ribbin bein thought id lincoln unwind took foot gas man alive shoved overdrive wound hundredandten speedometer said hit end foot glued lead floor thats aint boys thought id lost sense telephone poles looked picket fence said slow spots lines road look dots took corner sideswiped truck crossed fingers luck fenders clickin guardrail posts guy white ghost smoke comin started gain cadillac knew catch thought pass know wed low gas flames comin feel tension man ride said look boys ive got license fly caddy pulled let sudden started knockin dips started rockin looked mirror red light blinkin cops hot rod lincoln arrested jail called pappy throw bail said son youre gonna drive drinkin stop drivin hot rod lincoln1embed
1751,1972,David Cassidy,Rock Me Baby,rock baby lyricsyou rollin stone free born man stand come alookin little satisfaction drive cadillac ive gots hangin believe physical attraction warm coldest night ill evrythin right hooo rock baby let feel beat said ahooo rock baby right feet said ahooo rock baby hold oh tight said ahooo rock baby rock night better hold gonna lose midnight man come rock rock left home ive come alookin little education guess ill settle town ive loved coast coast nation promise ill true ill come hooo rock baby let feel beat said ahooo rock baby right feet said ahooo rock baby hold oh tight said ahooo rock baby rock night better hold gonna lose midnight man come rock rock mmm come rock come shock rock rollin mmm come squeeze ooh sure uhuh hooo rock baby let feel beat said ahooo rock baby right feet said ahooo rock baby hold oh tight said ahooo rock baby rock night better hold gonna lose midnight man come rock rock said ahooo rock baby let feel beat said ahooo rock baby right feet said ahooo come rock baby hold oh tight said ahooo rock baby rock night better hold gonna lose midnight man come rock rock meembed
1754,1972,America,Ventura Highway,ventura highway chewing piece grass walking road tell long gonna stay joe people town look good snow care know ventura highway sunshine days longer nights stronger moonshine youre gonna knowuhohuhohuhohuhohuhohuhoh cause free wind blowing hair days surround daylight seasons crying despair alligator lizards air air di di di dit di di di dit di di di dit di di di dit di di di dit di di di dit di di di dit di di di dit di di di dit di di di dit di di di dit di di di dit wishing falling star waiting early train sorry boy ive hit purple rain aw come joe change thanks lot son ventura highway sunshine days longer nights stronger moonshine youre gonna knowuhohuhohuhohuhohuhohuhoh cause free wind blowing hair days surround daylight seasons crying despair alligator lizards air air di di di dit di di di dit du du du du di di di dit di di di dit du du du du di di di dit di di di dit du du du du di di di dit di di di dit du du du du di di di dit di di di dit du du du du di di di dit di di di dit du du du du9embed
1756,1972,Bang,Questions,june 2020 singles release calendar lyrics61 conway machine lines dan bull gamers borders eric bellinger famous dex u know natewantstobattle rere raury power rob markman parkside freestyle ft dviousmindz terrace martin denzel curry pig feet ft daylyt g perico kamasi washington aces kelly xanman tryna yeah xxxtentacion riot 62 teejayx6 black lives matter yg ftp 63 help aquilo forever poppy things said scandal living city zolas energy czar young culture ill ysn flow head racin 64 benben lifetime cosmos midnight yesteryear dave east menace eves karydas complicated jim jones people jungkook bts kane brown worldwide beautiful machine gun kelly killing ft travis barker r3hab tini reik bésame need stonefox white caps 65 alborosie unprecedented time alex astronaut banksia apollo brown ché noir 94 astrid s dance dance dance ball park music day age brad cox drinking season brantley gilbert hard days cg5 created equal dheusta expectations donell lewis missing dounia soulmate dvbbs tinted eyes ft 24kgoldn blackbear elvis costello flag harrison storm breathe iamddb quarantine jess kent joey nato involved ft imdontai king rod wave heart lauren cimorelli automatic love saturn leftovers luke bond ft sarah warren walk away mason watts sanctuary maxine u love meek otherside america nadia rose bad nasty c ft ti natewantstobattle stay course ft cg5 navvy pieces nick la hoyde lay low ninajirachi alight raleigh ritchie party fear riff raff hop lamb rockit gaming bad rabbit ft lucky rockit gaming empress rufus wainwright aint big scarlxrd label deff gxn delete xne hahaha tee grizzley mr officer villa turning point trey songz 2020 riots times hyde easy u wing defence relocate yoste alright yuto au apple peach ft boy soda 66 645ar andrés kurt travis donovan melero multiverse pt 2 cg5 music heart ft kk slider leon bridges sweeter 67 juicy j hella fuckin trauma 68 ben platt songland caleb hyles dead thing deko ninja gaiden 忍者龍剣伝 ft itsoktocry gorillaz machine bitez 8 masego masegos 27th 69 azealia banks black madonna dame dolla blacklist emiway bantai firse machayenge remix ft macklemore gorillaz friday 13th ft octavian hopsin kumbaya jorja smith rose rouge quin nfn detroit flow 610 alexander biggs hate ballout files j strange raves night kyle allen hello world ruston kelly rubber unlike pluto nicotine ft joanna jones 611 alma la money acoustic aluna alunageorge warrior dblock europe free 22 dirty projectors inner world dounia best bad influence handsome walker ft essie holt jack harlow way freestyle jason derulo jwash 685 savage love kodak black vultures 2 ft wizdawizard mike smiff ozuna caramelo paul kelly island home savage gap drunk miss ft ilytommy spillage village earthgang jid end daze ft hollywood jb mereba jordxnbryant living tombstone drunk tom walker wait ynw bslime freestyle lol 612 6ix9ine nicki minaj trollz afrojack chico rose cloud 9 ft jeremih aj mitchell burn aya nakamura maluma djadja remix buddy black 2 buju banton blessed ceelo green people watching dababy rockstar blm remix ft roddy ricch dame dolla goat spirit ft raphael saadiq dennis lloyd alien ddg cheated dzeko keith urban young dua lipa break heart moon boots remix dua lipa break heart solardo remix eden prince let ella henderson care fortafy virgil drip ft kennyon brown donell lewis geazy love gone remix ft jahmed drew love gabby barrett footprints moon garrett kato easier youre standing harry hudson intimidating honne song jafaris glue johnny hunter hallow man kaash paige jaded kelly clarkson dare arkadi remix kiana ledé dear mr president kierra luv worth kojey radical boat ft mereba kranium gal policy remix ft tiwa savage saturn dojo club lil baby bigger picture lil keed fox 5 ft gunna lil playah lied 2 lori mckenna good fight luke bryan build daddy maren morris maren morris takes margo price letting marshmello halsey kind surf mesa remix nasty c eazy neil young vacancy nle choppa shotta flow 5 oh wonder world pistol pete enzo pop smoke rain ft rowdy rebel rexx life raj war sam feldt vize far away home ft leony sara bareilles little voice seeb zak abel sad scandinavia shadient ft fknsyd miles mind shea couleé gess collide ft mykki blanco surf scared surfaces elton john learn fly switchfoot lucky man tpain teyana taylor wake love ft iman shumpert black eyed peas el alfa mañana kid laroi ft juice wrld main squeeze gallant world thomston april thouxanbanfauni american muscle umi pretty girl hi vaishalini girl vera blue heroes woodkid pale yellow tyla yaweh tommy lee ft post malone xavier dunn mid sentence ft gretta ray yk osiris leave read young t bugsey rush dababy remix ft dababy yungeen ace heartbroken zac brown band man loves zinga fake shots 613 jt music uncaged cast rupauls drag race stars season 5 love 615 gnash inside gnash outside jake hill father time rob markman niagara falls ft noc rockit gaming corrupt uce lee tf westside stupid usher california ft tyga 616 6ix9ine nicki minaj trollz alternative edition boogie wit da hoodie bleed idles grounds j cole snow tha bluff lil darkie mountain machine gun kelly bloody valentine acoustic nocap count million ft lil uzi vert rmr rascal remix ft young thug 617 ashe moral story remix ft niall horan ashnikko ft grimes geazy everybodys gotta learn greer bye bye baby lolo zouaï beautiful lies remo drive flower weed saweetie tap smokepurpp big dawg ft rick ross killers souls warning count 618 alma stay night acoustic e40 6 noname song 33 swae lee reality check trippie redd dreamer tyedie heart youngboy broke shot ft lil baby 619 alesso midnight jack wins remix ft liam payne alicia keys perfect way die allblack rexx life raj guapdad 4000 cleat check need somebody amber mark people anderson paak lockdown amy shark everybody rise ben platt corner sky beyoncé black parade beyoncé black parade extended blueface mission bts stay gold calboy brand new ft king von cameron dallas dangerous caro emerald wake romeo casanova red light ft smoovel cg5 fathers day christian crosby insecure cuban doll 1st dan bull minecraft vs lego ft stupendium erb dijon sweet thing don diablo andy grammer thousand faces dounia hard questions freestyle est wanna ebenezer melanin eden prince lift energy fivio foreign boss ft young ma flo milli bitch fredo bang receipts groundbreaking meltdown ft tryhardninja guap tarantino begin ft future lil wookie gucci mane remember ft pooh shiesty breathe ndyah wys saying jasiah rebel john gabbana thot curse josh x luv jozzy pleasantville keedron bryant wanna live kyle bouncin saturn hope lil loaded 6locc 6a6y remix ft nle choppa loser teeth luh kel love mario judah crush nicky romero jordan grace burning nle choppa tko anthem ft goon big4 tevooo3 paige cold blooded pink sweat alright poorstacy choose life rilès goa robin schulz wes alane shantel ft westside gunn shy glizzy right wrong ft lil uzi vert silva hound inkmachinegun smiley lb spiffy 6ixbuzz brand sofia carson r3hab miss u u know sofía reyes piso 21 cuando estás tú tate mcrae vicious ft lil mosey score champion tom speight natalie portman tyga vacation victoria monét khalid sg lewis experience young chris wale yellow flag 620 left richard millie josh mood swings jt music infection ft andrea storm kaden rockit gaming splashdown 621 august alsina nola maj going maj whip whip soulja boy tell em slide youngboy broke death enclaimed 622 88glam dance arca klk ft rosalía august alsina rounds bright eyes mariana trench dan bull king castle geazy nostalgia cycle katy perry daisies oliver heldens remix lil darkie cocknballtorture ft bruhmanegod jasiah cxrpse nocap suge night sam fischer city remix ft kane brown ysn flow church sundays 623 august alsina work cg5 hes cartoon cat justin rarri 2 seater lgp qua straight bag ft french montana ray lamontagne roll mama roll 624 6lack float 645ar way ft reddo august alsina sincerely autumn remix ft lil tecca deradoorian corsican shores dermot kennedy giants dj snake trust doja cat unisex freestyle flight sum jack harlow whats poppin remix ft tory lanez lil wayne dababy jpegmafia bends kenzie exhale ft sia lecrae deep end lil rxspy caroline missio wolves paul woolford diplo looking ft kareen lomax quincy stress raleigh ritchie squares ryan hemsworth eden cold feet unlike pluto broken string zaehd ceo special delivery 625 august alsina deliver ft darrel walls bring horizon parasite eve burna boy wonderful charlie puth girlfriend david cook red turns blue dixie chicks march march eric church stick country song geazy guy sebastian standing jake hill gt350 jay gwuapo blue face ft asian da brat jessie ware soul control jp saxe hey stupid love lennon stella summer feelings jengi remix ft charlie puth mario judah die rough living tombstone dolls house ft hayley nelson 626 24hrs number4 alexander 23 idk live piano alexandra stan home karim naas remix alesso midnight rompasso remix aloe blacc way babyy chris 2k kevin gates harm becky hill sigala heaven mind big boi sleepy brown sleep blackpink blake rose ordinary people brett eldredge sunday drive calboy rounds ft fivio foreign karizma float camelphat yannis foals hypercolour casey veggies rockie fresh cassadee pope let cassadee pope built house cheat codes heaven chelsea cutler noah kahan crazier things chris tomlin thank lord ft florida georgia line thomas rhett chris tomlin ft lady chrissy metz actress cupcakke discounts deadman 死人 deadmanx6 demi lovato mirror dominic fike chicken tenders donna missal feel dounia skin deep dubvision sign dwn2earth vacation elhae eric bellinger perks gabifuego astrid s contigo tengo feeling germ walked grandson identity guapdad 4000 lil scammer ft denzel curry jayla darden demonstration jonas blue max naked k camp pineapple juice kacy hill everybodys mother kyle bouncin alternate version landon cube eighties ft 24kgoldn lauren alaina getting good remix ft trisha yearwood saturn sandy future lil gotit ft future lil loaded gang unit remix ft yg lil mosey ft lil baby marshmello halsey kind jacques lu cont remix matt ox beam maverick sabre signs mc virgins yung craka pill cosby megan thee stallion girls hood melanie martinez drill memphis everybody loves quinn xcii second time rockit gaming lefty russell dickerson home sweet savannah cristina fd ft flo milli shay lia sheppard symphony shoreline mafia gangstas sippas remix ft q da fool yg stephen stray nights sueco child smackdown ft tokyos revenge teejayx6 punchin ft nle choppa terrace martin robert glasper 9th wonder kamasi washington freeze tag tinashe hopscotch remix tobi lou toni braxton missy elliott trevor daniel selena gomez past life turbo racing twst filming tyga ibiza usher young dolph blue diamonds yung pinch nascar shawty 627 dheusta misunderstood jt music time operate ft neebs gaming 629 645ar itchy fingers glass animals heat waves queen naija wale butterflies pt 2 wale remix 630 bronson dawn ft totally enormous extinct dinosaurs disclosure slowthai high ellie goulding slow grenade ft lauv evanescence game j nanks everyday kanye west wash blood ft travis scott katy perry daisies acoustic kyle allen encryption lennon stella summer feelings acoustic ft charlie puth mike shinoda open door mike shinoda osiris mike shinoda super galaxtica moneybagg yo said sum obn jay dead presidents ft jackboy quando rondo depression2embed
1757,1972,Neil Young,Old Man,old man old man look life lot old man look life lot old man look life twentyfour theres live paradise makes think love lost cost things lost coin wont tossed rolling home old man look life lot need love day ah look eyes tell thats true lullabies look eyes run old town doesnt mean mean ive look time goes past rolling home old man look life lot need love day ah look eyes tell thats true old man look life lot old man look life lot were23embed
1759,1972,Nilsson,Without You,new music friday 080219 lyricsariana grande boyfriend social house lauv fuck lonely annemarie 13 reasons season 3 clairo softly gryffin omg carly rae jepsen yungblud hope underrated youth haim summer girl brockhampton born oliver tree feel drake club paradise sabrina claudio holding gun raye love foals black bull flume quits illenium blood foy vance quality control longtime ava max freaking tyga bop lil durk die slow feat 21 savage mabel ok anxiety anthem quality control intro noah cyrus july tyler childers country squire julian lamadrid neon lumineers leader landslide alexander 23 summer night tove lo bad boys nicky jam atrévete teyana taylor want rich kid flex red hearse everybody wants angel olsen mirrors luke combs lets friends angry birds movie 2 death cab cutie kids 99 courtship amy run hills yk osiris shakira aya nakamura pookie feat lil pump remix miquela money denzel curry recorded spotify studios nyc dave east everyday feat gunna kash doll kiana playing tori kelly 2 places volbeat die live halfalive ok ok midland cheatin songs chiiild count rapsody ibtihaj r3hab alive notd lil west want love daydream masi lately 99 neighbors fake pods yoshi flower rolling thunder channel tres black moses feat jpegmafia luh kel pull raphael saadiq ready blue nude 20 carnage slot machine feat prinze george franklin drowning josh outbreak ghostface killah party korn cold vic mensa let u know conor maynard misterwives whywhywhy highwomen chain motion picture soundtrack kitchen sheryl crow tell ra ra riot belladonna snoh aalegra situationship cassie teach hermitude onefourthree snoop dogg countdown feat swizz beatz ricky retro freak feat icona pop lindsey stirling upside feat elle king abraham mateo vuelvo loco pitbull 3 tango cousin stizz stp ngeeyl lullaby feat young nudy growlers natural affair single edit morgxn omm william bolton serendipity grandma doors daniela andrade polly pocket tisakorean watermelon booty tom tripp glow navvy lou human suspicious slow hollows penny sparrow gumshoe mosa wild honey bre kennedy jealous birds sharna bass 430am tobi lou cheap vacations feat facer pardison fontaine shea butter keke palmer twerk n flirt yungeen ace mountains skillet victorious tool soberembed
1761,1972,The Raiders,Song Seller,song seller lyricsthis little memo remind demo mail week ago havent heard radio good mornin song seller suppose weve got youre charmin fellow record played record played record played got sways stole beatles em sewed witha magic needles play george ringo havent heard radio good mornin song seller suppose weve got youre charmin fellow record played record played record played waitin devil gonna record deal gonna need real big wheel tell deal makin time thats push shovin want ill sing lovin sing fast sing slow wanna hear radio good mornin song seller suppose weve got youre charmin fellow record played record played record played oohembed
1763,1972,The Chi-lites,Have You Seen Her,seen lyricsone month ago today happy lark walks movies maybe park seat old bench watch children play huh know tomorrow future day gather know laugh tell jokes doesnt ease pain know hide memory day day ive tried sayin shell today lied oh face street picture seen tell seen oh hear voice cold winds blow sweet music radio seen tell seen oh leave away oh yeah oh ive havin lean lost baby lost oh doodoodoodoodoodoo seen tell seen oh doodoodoodoodoodoo seen tell seen oh left kiss lips left break heart seen tell seen oh hand reaching set free seen tell seen oh leave away oh yeah ooh oh ive having lean lost baby lost oh doodoodoodoodoodoo seen tell seen day comes end lookin letter somethin send people know lonely man know funny thought palm hand seen tell seen tell seen oh doodoodoodoodoodoo seen tell seen seen tell seen seen tell seen her3embed
1765,1972,Carlos Santana & Buddy Miles,Evil Ways,evil ways lyricsyouve got change evil ways baby stop lovin youve got change baby word true youve got runnin hidin town youve got sneakin peepin runnin lord knows youve got change baby baby come home baby house dark thoughts cold hang baby jean joan knows getting tired waiting fooling ill somebody wont feel clown lord knows youve got change come home baby house dark thoughts cold hang baby jean joan knows getting tired waiting fooling ill somebody wont feel clown yeah yeah yeahembed
1767,1972,Joe Tex,I Gotcha,gotcha lyricsi gotcha uhhuh huh thought didnt didnt ya uhhuh huh tried sneak didnt ya uhhuh huh gimme promised come hey good god hey hey promised day quit boyfriend id ease promised yeah id man kissin kiss hold long time hold turn aloose hold little bit longer hold come hold hold hold hold ease good god hey good god hey girls alright yall good god promise youre gonna stick shouldnt promised werent gonna saw ran direction ill teach play affections shoulda promise hold nothin come good god hey gotcha shouldnt promise gotcha shouldve promised gotcha gotcha thought got away didnt ya gotcha oh gotcha gotcha gotcha tried sneak didnt ya gotcha oh gotchaembed
