,Year,Artist,song_name,further_clean_text
1769,1973,Charlie Rich,The Most Beautiful Girl,beautiful girl lyricshey happen beautiful girl world crying crying hey happen beautiful girl walked tell sorry tell need baby oh wont tell love woke morning realized stood cold gray dawn knew id lost morning sun lost head said things comes heartaches morning brings know wrong let world slip away hey happen beautiful girl world crying crying hey happen beautiful girl walked tell sorry tell need baby oh wont tell love happen beautiful girl walked tell sorry tell need baby oh wont tell love her1embed
1772,1973,Bill Withers,Kissing My Love,kissing love whoa kissing love yeah thump thumping head whoa kissing love close eyes pretty city million flowers babe hear angels sing songs angels sing shes pretty thing feel heart thumping skipping kissing love whoa kissing love feel blood apumping veins whoa kissing love shes tender sender sweet young friends shes good wants kiss hug shes got love feel heart thumping skipping kissing love foot rock pat foot stop foot rock foot rock pat foot stop foot rock foot rock pat foot stop foot rock foot rock pat foot stop foot rock foot rock pat foot stop foot rock foot rock pat foot stop foot rock foot rock pat foot stop foot rock foot rock know stop foot rock whoa kissing love feel blood pumping veins whoa kissing love shes tender sender sweet young friends whoa shes good wants kiss hug shes got love feel heart thumping skipping kissing loveembed
1773,1973,Donna Fargo,Superman,superman lyricssuperman superman superman pickin pushin end tellin mountain cause walk water aint sign know mama named superman superman superman superman lets time thing ill honey baby got draw line cause hangup messin best change way stand aint good superman aint good superman superman superman rub cause right wrong right wrong wrong aint gonna learn rain wouldnt wool spain right ahead superman superman superman superman lets time thing ill honey baby got draw line cause hangup messin best change way stand aint good superman aint good meembed
1774,1973,Tower Of Power,So Very Hard To Go,hard lyricsaint nothin nothin feel bad yeah feel blue got right concerned means wants getting cause unhappy girl wish didnt love makes hard hard cause love hard love knew time come id pay mistake blame youre doin girl heart aches dreams come true way planned ill step aside going step aside lend helping hand cause unhappy girl wish didnt love makes hard hard cause love hard love unhappy girl wish didnt love makes hard hard cause love hard love hard aint easy walk away man loves somebody hard hey hey4embed
1776,1973,The Raiders,Love Music,love music lyricslook today aint got nothin nice weve got hands air expecting miracles words pay attention good mention need love music sure use turn people need love music heart approves beat gone droppin street happy faces meet promises soon forgotten mislaid spirit people dying time pretty prices trying need love music sure use turn people need love music heart approves beat gone little music hurt gotta song mothers son believe heart hum let tell comin need love music sure use turn people need love music need love music need love music sure use turn people need love music heart approves beat gone need need love need love yeah need love music need love music need love music embed
1777,1973,Shirley Bassey,"Never, Never, Never (Grande, Grande, Grande)",grande grande grande lyricsid run away die id break chains know stay away wonder hell wait common sense prevail lovers know impossible live know live want love treat whats good loving laugh love good impossible live know live want love laugh live die sing sad glad mad love hate love hate ill want till world stops turning want love love hate love hate ill want till world stops turning want love love hate love hate ill want till world stops turning want love youembed
1778,1973,Manu Dibango,Soul Makossa,soul makossa lyricsmakossa akeela mama ko mama sa maka makossa mama ko mama sa maka makossa mama ko mama sa maka makossa mama ko mama sa maka makossa hey soul makossa su maiyea hey soul makossa atteele hey soul makossa mosoma mosoma hey soul makossa komakomakomakomakomakomakomakomakoma tunga debo ombo e tunga nailso makossa anaamoona sisi aooo yasal makossa amona yeayea amona yeayea coma saou makossa tunga tunga umbo te tunga nesa makossa nikaso mama ko mama sa maka makossa mama ko mama sa maka makossa mama ko mama sa maka makossa mama ko mama sa maka makossa vido hehheh nadea hey soul makossa makine hey soul makossa mangola wakina hey soul makossa mosoma hey soul makossa ynot domo moodok mmmmhmmmm tunga tunga umbo te tunga nesa makosa makossa makossa makossa makossa makossa bathaso mosoon yonse yonse batha yonse makossa hey soul makossa hey soul makossa hey soul makossa hey soul makossa hey soul makossa hey soul makossa hey soul makossa hey soul makossa hey soul makossa ahfray way bali salinglay makossa hey soul makossa mondiday oak amoon oohenga akyeah hey soul makossa nadamo ahne money money hey soul makossa musik ohano amoo5embed
1779,1973,The Whispers,Somebody Loves You,somebody loves lyricssomebody loves somebody needs somebody loves tears standing know cares somebody loves somebody needs somebody loves tears standing know cares eyes filled tears know heart fears oh theres talk understands youre going turn run away know wont pain somebody loves oh somebody loves somebody needs oh somebody needs somebody loves tears standing know cares youre feeling helpless lost youve mountain faults matter bad things honey youve got future lookin dim ill light way remember somebody loves somebody needs somebody needs loves needs oh needs somebody loves youembed
1780,1973,Tyrone Davis,There It Is,ii tears eyes help sight caught eyes got surprise life stumbled wife ridin mean smilin guy believe eyes seen honey followed little old place sit right order taste believe true girl sittin holdin kissin squeezin guy told honey oh baby baby wanna treat baby hurt bad pain hide tears started fallin eyes stand heart hand didnt know turned ran cryin lonely hurtin inside told honey hurtin bad honey pain hide oohwee baby hurtin inside oh baby treat honeyembed
1781,1973,Luther Ingram,Always,songs south tennessee p3 lyricscumberland plateau tennessee valley unaka mountains region bluegrass string band music bluegrass string band music fiercely loyal audiences american music followers look entertainment way life youll frequently makeup bands family members lifes work kind devotion says lot values music history tradition hear hear true expression americana performers audiences passionate youll great presentation thesis leslie blake price entitled bluegrass nation historical cultural analysis americas truest music discussion country bluegrass music acknowledge contributions carter family influential groups country music history moved emphasis hillbilly instrumentals folk stories song original group consisted ap wife sara sister maybelle influenced followed country folk music woody guthrie pete seeger doc watson way bob dylan emmylou harris ketch secor unlikely bluegrass music exist today carter familys contributions ap collected hundreds appalachian folk songs rearranged classics today recorded hundreds songs circle unbroken wildwood flower sunny good sense music build folk tradition country music foundation work builtup followed bluegrass better examples today today earl skruggs foggy mountain breakdown foggy mountain boys rollin sweet babys arms osborne brothers rocky short list recent great examples bluegrass string musicold crow medicine shows sweet amarillothe steeldrivers wearin holethe grascals old friend minedailey vincents leave therealy bain jerry douglas russ barenbergs st annes reelwilson banjo companys 95 yearsyonder mountain string bands alisontop music shrines tennessee youre music history great places visit youre tennesseein coastal plains regiongraceland memphis elvis promised parents hed build finest house town end years struggle graceland fulfillment dreamsun studios memphis johhny cash carl perkins elvis presley jerry lee lewis recorded timestax american soul music museum memphis stax hit soul music 50s 60s museums dedicated soulin nashville basin regioncountry music hall fame nashville museums core exhibition sing home journey country music fullimmersion experienceryman auditorium nashville grand ole opry started 1925 cathedraljohnny cash museum nashville captivating real raw cash himselfjack daniels distillery lynchburg ask jack daniels old 7 tennessee musicin cumberlandtn valleyunaka mtns regioncumberland caverns mcminnville bluegrass concerts presented month volcano room cumberland caverns theyve featured nbc pbsdollywood pigeon forge think disneyland bluegrass soundtrackbirthplace country music museum bristol tells story 1927 bristol sessions recordings included carter family jimmie rodgerstennessee artistsheres list famous musicians born tennessee state home artist listed songs sampler music list long comprehensive think primer apologies texas readers inclusion townes van zandt sons republic states home tennessee roy acuff country singer fiddler wabash cannonball tennessee waltz trace adkins country singer honky tonk badonkadonk arlington youre gonna miss jessi alexander country singer honeysuckle sweet fool deborah allen country songwriter singer baby lied duane allman rock guitarist songwriter goin slow ramblin man whipping post gregg allman rock singersongwriter midnight rider tuesdays gone jessica andrews country singer theres know eddy arnold country singer walk know clarence ashley country singer musician amazing grace coo coo bird house carpenter rodney atkins country singer youre going hell watching farmers daughter b barefoot jerry countryrock band smokies god trust proud redneck bobby bare jr countryrock singer musician sky ground difference william bell rb singer composer poison things remember luke benward country pop singer hello let love big rich band country lovin lately save horse ride cowboy bobby bland soul singer loving wrong want right wouldnt treat dog way treated son bonds blues singer old time religion pat boone pop singer love letters sand jenn bostic country singer jealous angels c deana carter country singer girl strawberry wine june carter cash country singer miss gone wildwood flower country girl johnny cash country gospel singer folsom prison blues walk line ring rosanne cash country singer girls seven year ache kenny chesney country singer american kids come pirate flag eric church country singersongwriter talladega mistress named music jack daniels guy clark country singersongwriter la freeway desperados waiting train homegrown tomatoes kelly clarkson country singer piece piece stronger doesnt kill patsy cline country singer crazy walking midnight babys arms mark collie country singer time secret citizen cope rock soul singer penitentiary let drummer kick rita coolidge pop country singer time high want talk hank crawford rb soul jazz saxophonist wildflower corazón miley cyrus country pop singer wrecking ball 23 stop d trent dabbs alternative rock pop singersongwriter believe stars russell dickerson country singer whitney duncan country singer skinny dippin donald duck dunn booker t mgs blues rb bassist green onions sunny monday e bobby emmons country keyboardist songwriter luckenbach texas dad sleepy john estes blues singer lawyer clark blues milk cow blues sara evans country singer little bit stronger case man earth f lester flatt flatt scruggs smokey mountain boys bluegrass guitarist singer cripple creek roll sweet babys arms béla fleck bluegrassjazzrap fusion message tennessee ernie ford country gospel singer sixteen tons old time religion bonnie blue flag framing hanley band alternative rock stupid girl hear aretha franklin soul rb singer feel natural woman step ahead chain fools g tompall glaser country singer log t texas al green soul rb singer lets stay mend broken heart h lucy hale pop singer actress believe bobby hebb pop rb singer sunny love love love john hiatt country country blues rb singersongwriter terms surrender walk john lee hooker blues singer boom boom big legs tight skirt bourbon scotch beer luther ingram soul rb singer loving wrong want right sonya isaacs country singer ive forgotten feel jason isbell country singersongwriter 24 frames god working man alabama pines j alan jackson country singer jim jack hank mexico tequila 5 oclock shooter jennings country singersongwriter gunslinger outlaw george jones country singer king gone stopped loving today crawdad song wynonna judd country singer strongest weakness things lean k charles kelley lady antebellum country singer southern accents gets bartender bb king blues singer guitarist blue thrill gone love comes town kings leon alternative rock wait waste moment use somebody kris kristofferson country singersongwriter sunday morning coming bobby mcgee good times l lady antebellum country trio need kiss golden doyle lawson quicksilver inspirational string band happened dixie road jackie lee country singer headphones kimberly locke pop rb singer 8th world wonder coulda dustin lynch country singer hell night seein red m uncle dave macon bluegrass banjoist singer rock saro jane way old plank road barbara mandrell country singer ill leave good woman woman country country wasnt cool jimmy martin country banjoist guitarist singer tennessee free born man martina mcbride country singersongwriter concrete angel independence day mindy mccready country singer guys time thousand angels paul mcdonald nikki reed duo alternative rock singers watch ive needed ronnie mcdowell country singer dream woman youre gonna ruin bad reputation sam mcgee country blues guitarist singer railroad blues tim mcgraw country singersongwriter humble kind live dying girl ken mellons country singer workin weekend keepin country memphis minnie blues singer guitarist songwriter chauffeur blues girlish days rambling memphis slim blues singer pianist composer steppin mother earth leslie mills pop singer songwriter record producer actress wings making way tonya mitchell pop singer broken promises represent don moen gospel singersongwriter producer god god way emmanuel come ashley monroe country singersongwriter satisfied want good kip moore country singer wild ones running craig morgan country singer thats love sunday redneck yacht club international harvester lorrie morgan country singer minutes didnt know strength charlie musselwhite blues harmonicist crazy baby help meg myers alternative rock singersongwriter lemon eyes desire o old crow medicine folk bluegrass band sweet amarillo grow tobacco wagon wheel roy orbison rockabilly singersongwriter got oh pretty woman crying chord overstreet pop country singer homeland p paramore band alternative rock aint fun misery business dolly parton country singersongwriter jolene love coat colors johnny paycheck country singersongwriter job shove colorado koolaid old violin minnie pearl country singer comedian catch man ann peebles blues rb soul singer stand rain 99 pounds trouble heartaches sadness carl perkins rockabilly singersongwriter blue suede shoes matchbox rockabilly music band perry country pop band die young better dig let lonely elvis presley rockabilly country gospel pop rb rock singer viva las vegas great thou art burning love margo price country singersongwriter hands time hurtin bottle desperate depressed r red band aka r3d red alternative rock metal christian rock metal hard rock band breathe start darkest jerry reed country country rock singersongwriter actor amos moses youre hot youre hot koko joe tex ritter country western singer actor twotimed time deck cards high noon forsake marty robbins country western rockabilly singersongwriter el paso woman woman wife big iron jimmie f rodgers folk pop rock singer honeycomb kisses sweeter wine english country garden s hillary scott lady antebellum country christian singer thy need downtown earl scruggs bluegrass banjoist foggy mountain breakdown wreck old 97 ballad jed clampett randy scruggs guitarist secret life city new orleans blake shelton country singer shes got way words bet think danny shirley confederate railroad country southern rock singer queen memphis daddy cadillac kind skillet christian rock monster dead carl smith country singer stand times wastin chris stapleton country singersongwriter traveller tennessee whiskey parachute steeldrivers countryrock bluegrass band hadnt love ghosts mississippi drinkin dark whiskey edwin starr soul rb psychedelic funk singer war 25 miles frank stokes blues guitarist downtown blues marty stuart country singer burn tempted taylor swift country pop singersongwriter blank space wildest dreams bad blood t justin timberlake pop rb singer sexy stop feeling rock body ernest tubb country singer pass booze pick way ike turner rb rock guitarist proud mary blood run cold tina turner rb pop singer private dancer better good nutbush city limits u usher rb pop hip hop singer limit u got bad omg v townes van zandt country singersongwriter pancho lefty white freight liner blues waiting round die w kitty wells country singer wasnt god honky tonk angels dottie west country singer hold country sunshine drake white country singer livin dream feels good maurice white earth wind soul singer stand sunday morning survival hank williams iii country singersongwriter rebel troopers hollar mark wills country singer laugh 19 somethin sonny boy williamson ii blues singer love vain darryl worley country singer forgotten miss friend tammy wynette country singer stand man womanthis end 3 page article music tennessee use navigation links continue page 1 page 2 page embed
1783,1973,Eagles,Outlaw Man,outlaw man outlaw born outlaws son highway legacy highway run hand ive bible ive got gun don know man won woman try love try understand life road life outlaw man left woman santa fe headed oklahoma riding night day friends strangers quickly come loves danger steal hearts souls woman try love try understand life road life outlaw man men abel men cain men sinner lord men saint theres jesus men aint got life lose theres left gain outlaw man outlaw manembed
1784,1973,Smokey Robinson,Sweet Harmony,sweet harmony song dedicated people pleasure spending half years ive lived til weve come fork road feet travel different path want know feel wish sweet harmony blow stay perfect tune unfamiliar song world aware youre goin strong spread joy world spread joy world sweet harmony yeah yeah blow believe miracles dream task spread joy world spread joy world ooh sweet harmony ooh spread joy world ooh sweet harmony spread joy world oh sweet harmony oh sweet harmony blow prelude song village minstrels play come gone youre today spread joy world harmony huh spread joy world sweet harmony ooh yeah blow sweet harmony ooh heart soul know joy bring thing sweet harmony yeah roam heart cause know stop sweet harmony harmony spread joy world ooh yeah sweet harmony itembed
1786,1973,Marie Osmond,Paper Roses,paper roses lyricsi realize way eyes deceived tender looks mistook love away flowers gave send kind remind paper roses paper roses oh real roses theyre imitation imitation love thought perfect lover sweetness start big red rose thats paper isnt sweetness heart paper roses paper roses oh real roses theyre imitation imitation love me1embed
1787,1973,The Rolling Stones,Angie,angie angie angie clouds disappear angie angie lead loving souls money coats satisfied angie angie tried angie youre beautiful yeah aint time said goodbye angie love remember nights cried dreams held close smoke let whisper ear angie angie lead oh angie weep kisses taste sweet hate sadness eyes angie angie aint time said goodbye yeah loving souls money coats satisfied angie love baby look eyes aint woman comes close come baby dry eyes angie angie aint good alive angie angie tried14embed
1791,1973,Paul Simon,American Tune,american tune manys time ive mistaken times confused yes ive felt forsaken certainly misused oh right right weary bones expect bright bon vivant far away home far away home know soul whos battered friend feels ease know dream thats shattered driven knees oh right right weve lived long think road traveling wonder whats gone wrong help wonder whats gone wrong dreamed dying dreamed soul rose unexpectedly looking smiled reassuringly dreamed flying high eyes clearly statue liberty sailing away sea dreamed flying come ship mayflower come ship sailed moon come ages uncertain hour sing american tune right right right forever blessed tomorrows going working day trying rest thats trying restembed
1794,1973,Looking Glass,Jimmy Loves Mary-Anne,jimmy loves maryanne lyricsjust seventeen youve seen eyes years poor mamas tears daddys sweet lies theres home maryannes fully grown worrying whys jimmys hes knows love good thought isnt mistakes makes takes jimmy gets breaks cause knows jimmy loves maryanne jimmy wants man jimmy loves maryanne thinks right shes picks phone hears jimmy mother beat sick street feel running away theres life city small theres sweeter music calling away let play jimmy loves maryanne jimmy wants man jimmy loves maryanne thinks right big dollar town drag right strong survive long theyre jimmy knows true maryanne knows hold jimmy loves maryanne jimmy wants man jimmy loves maryanne thinks right jimmy loves maryanne jimmy wants man jimmy loves maryanne thinks rightembed
1796,1973,The Intruders,I Wanna Know Your Name,wanna know lyricsi wanna know ooh look good wanna know whats baby id love ya âcause youre kind girl adore youre kind girl ive looking hey live live baby id home phone âcause youre kind girl adore youre kind girl ive looking girl tell wanna know tell tell wanna know aint seen nothin sweet wanna know sitting gray dress pretty little thing wanna know âcause believed love sight know alright girl tell wanna know tell whats wanna know look good look good wanna know girl aint seen life wanna know look settle let introduce little sonny drive little red volkswagen horse riding kind sweets cupcakes currants things help noticing jazzy jazzy ol babe come dance groovy got dance lord mercy holding tight oh sorry sorry excuse aint gonna close going tell tell going grab hold little closer âcause got lord mercy wanna know girl tell wanna know hold squeeze wanna know girl tell sweet little thing wanna know love love love night long night long night long listen giving phone number saturday afternoon town little bite eat maybe movie ill drop doorstep little kiss oh theres things tell married married girl gotta tell tell tell wait minute leave door leave leave tell tell girl wait minuteembed
1803,1973,Barbara Fairchild,Teddy Bear Song,teddy bear song wish button eyes red fat nose shaggy cotton skin set clothes sittin shelf local department store dreams dream sorry wish teddy bear livin lovin goin wish teddy bear wishin hadnt fallen love wish wooden heart sawdust mind memory wouldnt come hurtin time id sewed smile painted twinkle eye wouldve learn wish teddy bear livin lovin goin wish teddy bear wishin hadnt fallen love wish string youd pull hi teddy aint lovely day id know time spoke words right know mess life wish teddy bear livin lovin goin wish teddy bear wishin hadnt fallen love wishin hadnt fallen love youembed
1804,1973,Foster Sylvers,Misdemeanor,misdemeanor love tracks setbacks come pick fact stride love devotion confide tracks lost emotion let glide gonna subside stole heart misdemeanor got loved start whatcha gonna think love catch girl doin wrong bad setback life ticket illegal parking know big deal slow shes real let appeal stole heart misdemeanor got loved start love tracks setbacks come pick fact stride love devotion confide tracks lost emotion let glide gonna subside oh stole heart misdemeanor got loved start whatcha gonna goal friends tell playing fool bad makes feel place run red light pulling know big deal slow shes real let appeal stole heart misdemeanor got loved start youre need love tracks setbacks come yeah yeah yeah yeah yeah yeah yeah yeah stole heart misdemeanor got loved start youre need love tracks setbacks come yeah yeah yeah yeah oh stole heart misdemeanor yeah got loved start youre need love tracks setbacks come oh stole heart misdemeanor yeah got loved start got love tracks setbacks come oh stole heart misdemeanorembed
1807,1973,Edwin Starr,There You Go,weapon know stand know ill girl love ask time try oh baby oh baby oh baby weapon know ill leave ill stop loving smile possess ways tenderness know cursed blessed oh baby baby baby oh baby ooh baby know love care act girl ooh ooh ah ah girl weapon know try fight giving love weather changing time love hate hate love girl mind weapon know true weakness aint girl weapon know youre wrong ive got hold youve loving strong baby baby weapon goembed
1808,1973,Betty Wright,Let Me Be Your Lovemaker,let lovemaker lyricslet lovemaker let soul shaker let lovemaker let soul shaker time summer met thought cool living rules trying play hard goodtime chick love needed didnt know thing thrills love bring young selfish conceited know think ready open eyes sure betty love away misery let lovemaker let soul shaker ya let lovemaker let soul shaker time year blind good things said sweet words spoke took joke strong raise dead thought wasted time ready want cause woman aint lyin know think ready ooo ooo open eyes sure betty love away misery hee let umh lovemaker need let soul shaker umh ya let lovemaker let soul shaker let baby ya let wooh oh wanna got ta got ta ooooooooo wont nice baby ya let love maker let good ya honey honey yahhhhhembed
1812,1973,Barbra Streisand,The Way We Were,way hmmmmm hmmmmm hmm hmm hmmmmmm hmmm hmmm hmm hmm hmm hmm hmmmm hmmmm hmmmmm hmm hmm hmm hmm hmm hmmmmmm hmm hmm memories light corners mind misty watercolored memories way scattered pictures smiles left smiles gave way simple time rewritten line chance tell memories beautiful whats painful remember simply choose forget laughter remember remember way way hmmmmm hmmmmm hmm hmm hmmmmmm hmmm hmmm hmm hmm hmmm hmmm hmmmmm hmmmmm hmmmmmmmmmmm1embed
1813,1973,"Bobby ""Boris"" Pickett And The Crypt-Kickers",Monster Mash,monster mash working lab late night eyes beheld eerie sight monster slab began rise suddenly surprise mash monster mash monster mash graveyard smash mash caught flash mash monster mash laboratory castle east master bedroom vampires feast ghouls came humble abodes jolt electrodes mash monster mash monster mash graveyard smash mash caught flash mash monster mash zombies having fun party begun guests included wolfman dracula son scene rockin digging sounds igor chains backed baying hounds coffinbangers arrive vocal group cryptkicker played mash played monster mash monster mash graveyard smash played mash caught flash played mash played monster mash coffin dracs voice ring troubled thing opened lid shook fist said happened transylvania twist mash monster mash monster mash graveyard smash mash caught flash mash monster mash everythings cool dracs band monster mash hit land living mash meant door tell boris sent mash monster mash monster mash graveyard smash mash youll catch flash mash monster mash igor mash good mad scientist easy igor impetuous young boy igor mash good grrr5embed
1814,1973,Ike & Tina Turner,Nutbush City Limits,nutbush city limits church house gin house school house outhouse highway number nineteen people city clean nutbush oh nutbush nutbush city limits twentyfive speed limit motorcycle allowed store fridays church sundays nutbush little old town oh nutbush nutbush city limit fields weekdays picnic labor day town saturdays church sunday nutbush oh nutbush nutbush city limits whiskey sale caught bail salt pork molasses jail nutbush oh nutbush nutbush city nutbush city limits little old town tennessee thats called quiet little old community onehorse town watch youre puttin old nutbush nutbushembed
1817,1973,The Dramatics,Fell For You,fell lyricslike star slipping place sliding sky tumbling space touch hand swear feel falling falling falling falling falling falling falling falling wheel whirling round round rolling hill rolling hill spinning ground kisses dizzy head falling falling falling falling falling falling falling falling uh oh girl think fell uh oh girl think fell bird soaring air flying fancy free care clipped wings look oh falling falling falling falling yeah falling falling falling falling oh help girl thrill yeah blew mind know falling falling falling falling yes falling falling falling falling uh oh girl think fell uh oh girl think fell oh falling oh falling oh falling yeah yeah yeah uh oh girl think fell uh oh girl think fell uh oh girl think fell youembed
1819,1973,Johnnie Taylor,Cheaper To Keep Her,cheaper lyricsif youre tied youd better stay tied cause cheaper t says cheaper cheaper little girl mad attitude pack bags little children youre leaving son youre gonna pay alimony time thats cheaper help yall cheaper cheaper staring judge face youre gonna wanna cuss human race thats cheaper cheaper cheaper cheaper cheaper cheaper cheaper cheaper didnt pay dollars bring little girl home youre pay thousand leave woman wanna change aint gonna want cause wont damn thing thats cheaper everybody sing cheaper cheaper time looking judge face youre gonna wanna cuss human race thats cheaper cheaper cheaper cheaper cheaper cheaper cheaper cheaper cheaper know think grass greener way judge dirty look money mamas pocketbook thats cheaper cheaper cost leave ha yeah cheaper know cheaper yeah cheaper cause gonna pay alimony leave home cheaper tell yall cheaper fellas know talking bout know cheaper stay home gotta tell ill bring message tonight cheaper cheaper cheaper cheaper shes gonna cause let man cheaper little arguments fussing fighting gonna tell tonight ill tell cheaper aint man aint cheaper ha yeah time looking judge face youll lucky placeembed
1821,1973,Shawn Phillips,Lost Horizon,lost horizon lyricshave dreamed place far away air breathe soft clean children play fields green sound guns doesnt pound ears dreamed place far away winter winds blow living things room grow sound guns doesnt pound ears anymore miles yesterday reach tomorrow time today theres lost horizon waiting theres lost horizon sound guns doesnt pound ears anymoreembed
1827,1973,Nolan Porter,If I Could Only Be Sure,sure lyricsif sure love baby sure love darling id climb highest mountains id swim deepest sea id misery happy id turn world upside id turn smile frowns id youd let love baby let love baby read mind love darling read heart leave isnt wouldnt id life baby yes id turn world upside id turn smile frowns id youd let love baby let let love baby id turn world upside id turn smile frowns id youd let love baby let let love baby let love baby let let love baby love baby love babyembed
1829,1973,The Doobie Brothers,China Grove,china grove lyricswhen sun comes sleepy little town san antone folks risin day roundabout homes people town strange theyre proud came youre talkin bout china grove china ohohoh china grove ohohoh preacher teacher lord theyre caution talk town gossip gets flyin aint lyin sun goes fallin fathers insane dear mrs perkins game talkin bout china grove china ohohoh china grove ohohoh day theres new thing comin ways oriental view sheriff buddies samurai swords hear music night lone star state people care lookin east talkin bout china grove china ohohoh china grove ohohoh1embed
1831,1973,Rick Nelson And The Stone Canyon Band,Palace Guard,palace guard lyricswith handmade silver sparkles welldressed sequined whore ladylike deceptions reaching ask nothings fisherman puts claim bluff jealous hands tied round stumble cross floor knowing speak reaching door know know cause palace guard remember love today kings bazaar look eyes feel start die inside theres know ive worked friend john geek sidewalk travelin know childhood tailored dreams disguised fake anymore memorized speak wordless freedoms seen realize dream speak feelings real sealing wax nearness dawns moth gone leaving trailless tracks village people sing songs morning sunlit sky think time moved said raven flyembed
1835,1973,James Taylor,One Man Parade,man parade lyricsdo believe going clap hands think tap feet oneman band walkin street oneman parade needs know right good holding secrets believe want little dog walking right hand taking breeze free maybe checking occasional garbage cans talking bout man dog nobodys friend hey hes looking kind funky believe suits fine road wondering ah honalei pouring rain baby low blues hey looking walking cane tying highway shoes thinking bout man parade hey right good holding holding holding honalei raining honalei sure raining honalei raining better hear raining honalei hear rain buckets raining honalei road covered muddy water raining honalei talking man parade hey right good holding holding holding la la la laembed
1836,1973,Seals & Crofts,We May Never Pass This Way (Again),pass way lyricslife game let slip away love autumn sun dyin begun twilight road ahead goin secrets universe whisper ears years come pass way pass way pass way dreams fools let em drift away peace silent dove flyin begun columbus olden days gather courage sail ships open sea cast away fears years come pass way pass way pass way wanna laugh laughin easy wanna makes worthwhile pass way thats want cause feel friend journey youre journeys end pass way thats want baby pass way pass way pass way pass way againembed
1838,1973,Harold Melvin And The Blue Notes,The Love I Lost (Part 1),love lost 1 lyricsi remember planning building world remember hoping went wrong loved good look misery love lost love love lost sweet love sweet love love lost love love lost complete love complete love love lost love lost love ooh remember good times share sad lonely life dead sorry way ill way hurts deep inside day said goodbye love lost love love lost sweet love sweet love love lost love love lost complete love complete love love lost ooh ooh love ill love love ooh ooh ooh ooh love love love lost ooh love love lost love lost love love lost sweet love sweet love love lost love love lost complete love complete love love lost ooh ooh love ill love love ooh ooh ooh ooh love againembed
1839,1973,Joe Walsh,Rocky Mountain Way,rocky mountain way spent year rocky mountain way higher pasture think safe time open need ladies crying cause storys sad cause rocky mountain way better way yeah yeah yeah yeah yeah rocky mountain way ooh hes telling hes telling changing everyday says doesnt matter bases loaded caseys bat playing play play time change batter need ladies crying cause storys sad uh huh cause rocky mountain way better way yeah yeah yeah yeah yeah rocky mountain way ooh need ladies crying cause storys sad oh yeah cause rocky mountain way better way better way better better better better yeah yeah yeah yeah yeah rocky mountain way ooooh5embed
1840,1973,Donna Fargo,Funny Face,funny face funny face love funny face need worlds wrapped road walk hill colors rainbow turn blue kiss tears away smile funny face funny face love funny face love funny face need sweetest words ive heard funny face leave funny face believe worlds wrapped hurt feelings mean things know true forgive childish ways hold close funny face funny face love funny face love funny face need sweetest words ive heard funny face leave funny face believe worlds wrapped funny face love funny face need sweetest words ive heard funny face leave funny face believe worlds wrapped youembed
1842,1973,Eagles,Peaceful Easy Feeling,peaceful easy feeling way sparkling earrings lay skin brown want sleep desert tonight billion stars cause got peaceful easy feelin know wont let cause standin ground long time ago woman soul aw know got peaceful easy feelin know wont let cause standin ground feelin know lover friend voice keeps whisperin ear tells cause peaceful easy feelin know wont let cause standin standin yes standin ground whoo oh ooh9embed
1843,1973,Bobby Womack & Peace,Harry Hippie,harry hippie lyricseverybody claims want best things outta life ha wanna toils strifes particular fella walks day long singin shanana dadada ladada da harry hippie lies asleep shade life bug cause thinks hes got worry bout nothin particular ooh sell free press sunset id help man hes help hes sleepin ground hes bottle water harry float life walks day long singin song woah woah woah yeah mary hippie shes harrys lady panhandles pennies feed harrys baby lie story incredible man wanna help food home table id help man hes help ya harry wanna sleep ground sorry harry oh youre weight carry walks day long singin song shadadada shananananana shanananana shalala dada street child street child tell goin old man winter gets horn starts blowin hang la hitch ride freeway meet old familiar face new place id help man hes help hes outta town sorry harry think gonna shadadada shadadada shalalalala dadada everybody help sing song oh yeahembed
1845,1973,Dobie Gray,Loving Arms,loving arms said hed roam said hed hold moment turn hands time hold ive long wind long rain takin comfort lookin longin freedom chains lyin lovin arms hear singing lonely night dreaming arms held tight hear oh ive long wind oh long rain takin comfort yes lookin longin freedom chains lyin lovin arms feel lovin arms againembed
1846,1973,Gallery,Big City Miss Ruth Ann,big city miss ruth ann lyricsyou came country left pa ma remember told wouldnt come harm yeah kept kidding didnt big city miss ruth ann didnt anybody exactly want man big city miss ruth ann home girl people seeing fine clothes went away yeah city lights fitting didnt big city miss ruth ann didnt anybody exactly want man big city miss ruth ann bet youre getting lonely cause youre big city girl kiss country goodbye yeah city lights fitting showed hey didnt big city miss ruth ann didnt anybody exactly want man big city miss ruth annembed
1847,1973,Drupi,Vado Via,vado lyricsvado questa volta ho deciso che vado ma perché non lhai detto tu di non poterne più dentro quel mezzo sorriso po spento ho scoperto difetti che hai ma come avrò potuto amarti mai giuro che vado casa tua più non cè è meglio se io ti lascio adesso che posso ti lascio non son più quel ragazzo che sai ma come avrò potuto amarti mai giuro che vado casa tua più non cè è meglio se tremo sul confine di mondo sereno il mio viaggio finisce te ma come avrò potuto amare te giuro che vado casa tua più non cè è meglio se io ti lascio adesso che posso ti lascio adesso che posso ti lascioembed
1850,1973,Elton John,Daniel,daniel daniel travelin tonight plane red taillights headin spain oh daniel wavin goodbye god looks daniel clouds eyes spain pretty ive daniel says best place hes seen oh know hes lord miss daniel oh miss oh daniel brother older feel pain scars wont heal eyes died daniel youre star face sky oh daniel brother older feel pain scars wont heal eyes died daniel youre star face sky daniel travelin tonight plane red taillights headin spain oh daniel wavin goodbye god looks daniel clouds eyes oh god looks daniel clouds eyes9embed
1851,1973,Stories,Brother Louie,brother louie lyricsshe black night louie whiter white danger danger taste brown sugar louie fell love overnight bad good louie best girl took home meet mama papa louie knew stood louie louie louie louie louie louie louie lou louie louie louie louie louie louie youre gonna stood night knowing whats wrong whats right took home meet mama papa man terrible fight louie nearly caused scene wishin dream aint diffrence youre black white brothers know mean come louie louie louie louie louie louie louie louie louie louie lou louie louie louie louie louie louie youre gonna instrumental louie louie louie louie louie louie louie lou louie louie louie louie louie louie youre gonna cry1embed
1852,1973,Steely Dan,My Old School,old school remember thirtyfive sweet goodbyes wolverine annandale september daddy surprised working girls county jail smoking boys upstairs heard affair said oh william mary wont think girl cruel going old school oleanders growing outside door soon theyre gonna bloom annandale stand leaving gypsy queen fairy tale hear whistle gonna mexico said whoa guadalajara wont think girl cruel going old school california tumbles sea thatll day annandale tried warn chino daddy gee mail hear whistle gonna mexico said oh guadalajara wont think girl cruel going old school 2embed
1855,1973,Bulldog,No,shirley chap 15 lyricsmr donnes exodus day shirley expressed caroline delighted felt little party gone entertain circle gentlemen said amusing observe enjoy judiciously concocted repast choice wines scientific dishes importance gentlemen retain naïveté children food likes themthat decent selfgovernment admirable rectors watch moore try discover pleased childs simplicity accessible point caroline seen rate uncle dr boultby returned caroline smiling felt sort shy pleasure following miss keeldars lead respecting discussion cousins character left touched subject invited temptation talking thinking irresistible added know watched robert life scrutiny presently baffled finding watching exclaimed shirley fix eyes presently flash guard wont advantage look thoughts busy thoughts tracing words actions source contemplating motives ease oh know sort character style piques singularly affect question specimen shirleys sharp sudden turns caroline fluttered got way parrying homethrusts little quakeress pique way pique said comes suddenly exclaimed shirley breaking starting running window comes diversion told superb conquest latelymade parties persuade accompany thing effort intention partthat aver belland thats delicious hunt couples lina choice hope generous listen tartar blackmuzzled tawny dog glimpse seen chapter introduced mistress reader gave tongue hall amidst hollow space deep bark resounded formidably growl terrible bark menacing muttered thunder succeeded listen cried shirley laughing think prelude bloody onslaught frightened know old tartar aware uproars sound fury signifying bustle heard sir exclaimed hightoned imperious voice came crack cane whip immediately yella scuttera runa positive tumult o malone malone cried high voice worrying exclaimed shirley struck blow ran gentleman fleeing oak staircase making refuge gallery chambers hot haste backing fast stairfoot wildly flourishing knotty stick time reiterating tawny dog bayed bellowed howled group servants came bundling kitchen dog spring second gentleman turned tail rushed comrade safe bedroom held door fellownothing merciless terror fugitive struggled hard door yield strength gentlemen uttered miss keeldars silvery vibrating tones spare locks calm come look tartar wont harm cat caressing said tartar lay crouched feet fore paws stretched tail threatening agitation nostrils snorting bulldog eyes conscious dull honest phlegmatic stupid stubborn canine character loved mistress johnthe man fed himbut indifferent rest world quiet struck threatened stick demon mr malone continued shirley lifting mirthlit face gallery way oak parlour mrs pryors apartment request friend mr donne evacuate shall greatest pleasure receiving lower room ha ha cried malone hollow laughter quitting door leaning massive balustrade animal alarmed donne little timid proceeded stiffening walking trimly stairhead thought better follow order reassure appears come pleasejohn turning manservant upstairs liberate mr donnetake care mr malone stairs slippery truth polished oak caution came little late malone slipped stately descent saved falling clutch banisters structure creak tartar think visitors descent effected unwarranted éclat accordingly growled malone coward spring dog taken surprise passed suppressed fury fear look strangled tartar breathed forgetting politeness sullen rage malone pushed parlour miss keeldar glanced miss helstone scarcely bring bend glared ladies looked wife glorious husband moment hand liked clutch gripe death shirley took pity ceased laugh caroline true lady smile mortification tartar dismissed peter augustus soothedfor shirley looks tones soothe bull sense feel challenge owner dog better civil civil tried attempts received grew presently civil come express purpose making charming fascinating rough portents met admission fieldhead passage got charming fascinating resolved march having come lion purposed lamb sake air appeared ready exit case new emergency arising took seatnot sofa miss keeldar offered enthronization near fireside caroline friendly sign gently invited chair close door longer sullen furious grew fashion constrained embarrassed talked ladies fits starts choosing topics intensely commonplace sighed deeply significantly close sentence sighed pause sighed ere opened mouth finding desirable add ease charms drew forth aid ample silk pockethandkerchief graceful toy unoccupied hands trifle went work certain energy folded redandyellow square cornerwise whipped open waft folded narrower compass handsome band purpose proceed apply ligature wrap throathis head comforter turban peter augustus inventive original genius ladies graces action possessing charm novelty sat chair athletic irish legs crossed legs attitude circled bandana bound firmly evident felt device worth encore repeated second performance sent shirley window laugh silent irrepressible laugh unseen turned carolines head aside long curls screen smile mantling features miss helstone amused point peters demeanour edified complete abrupt diversion homage heiress 5000 supposed likely day inherit weighed balance miss keeldars estate hall took pains conceal calculations tactics pretended gradual change views wheeled pursuit lesser fortune openly relinquished greater grounds expected succeed chase best knew certainly skilful management length time elapsed appeared john difficulty persuading mr donne descend length gentleman appeared presented oakparlour door slightest degree ashamed confusednot whit donne coldly phlegmatic immovably complacent densely selfsatisfied nature insensible shame blushed life humiliation abash nerves capable sensation stir life colour mount cheek blood modesty soul frontless arrogant decorous slip commonplaceconceited inane insipid gentleman notion wooing miss keeldar knew set business image carved wood idea taste pleased heart reached courtship notion formally visited times write letter proposing marriage calculated accept love office married master fieldhead live comfortably servants command eat drink best great man suspected intentions addressed intended bride impertinent injured tonea dangerous dog miss keeldar wonder animal mr donne wonder tell fond assertion fancy lady fond brutetis uglya mere carters dog pray hang hang fond purchase stead sweetly pooty pug poodlesomething appropriate fair sex ladies generally lapdogs exception oh know ladies alike matters universally allowed tartar frightened terribly mr donne hope wont harm shall doubt gave turn shall soon forget sor mr donnes pronunciation spring thought fainted faint bedroom long time bore hold door fast determined let enter thought barrier enemy friend mr malone worried malone care man persuaded come saying dog chained kennel assured remained day chamber declare man told falsehood dog tartar walked past glass door opening garden stiff tawny blackmuzzled bad humour growling whistling halfstrangled whistle inheritance bulldog ancestry visitors coming observed shirley provoking coolness owners formidablelooking dogs apt animals bristle bay tartar sprang pavement gate bellowing avec explosion mistress quietly opened glass door stepped chirruping bellow silenced lifting huge blunt stupid head new callers patted tartar tartar said cheery boyish voice know goodmorning old boy little mr sweeting conscious good nature comparatively fearless man woman child brute came gate caressing guardian vicar mr hall followed fear tartar tartar illwill snuffed gentlemen round concluding harmless allowed pass withdrew sunny hall leaving archway free mr sweeting followed played tartar took notice caresses mistresss hand touch gave pleasure showed obstinately insensible shirley advanced meet messrs hall sweeting shaking hands cordially come tell certain successes achieved morning applications subscriptions fund mr halls eyes beamed benignantly spectacles plain face looked positively handsome goodness caroline seeing come ran meet hands gazed gentle serene affectionate expression gave aspect smiling melanchthon instead reentering house strayed garden ladies walking mr hall breezy sunny day air freshened girls cheeks gracefully dishevelled ringlets looked prettyone gay mr hall spoke oftenest brilliant companion looked frequently quiet miss keeldar gathered handfuls profusely blooming flowers perfume filled enclosure gave caroline telling choose nosegay mr hall lap filled delicate splendid blossoms caroline sat steps summerhouse vicar stood near leaning cane shirley inhospitable called neglected pair oak parlour convoyed donne past dread enemy tartar nose fore paws lay snoring meridian sun donne gratefulhe grateful kindness attentionbut glad safeguard miss keeldar desirous impartial offered curates flowers accepted native awkwardness malone specially loss bouquet filled hand shillelah occupied donnes thank rich hear fatuous arrogant sounds implying considered offering homage merits attempt heiress ingratiate priceless affections sweeting received posy smart sensible little man putting gallantly nattily buttonhole reward good manners miss keeldar beckoning apart gave commission eyes sparkle glee away flew round courtyard kitchen need directions home ere long reappeared carrying round table placed cedar collected gardenchairs nooks bowers grounds placed circle parlourmaidmiss keeldar kept footmancame bearing napkincovered tray sweetings nimble fingers aided disposing glasses plates knives forks assisted setting forth neat luncheon consisting cold chicken ham tarts sort impromptu regale shirleys delight offer chance guests pleased better alert obliging little friend sweeting run hand cheerily receive briskly execute hospitable hints david best terms world devotion heiress disinterested prejudiced faithful allegiance magnificent dora sykes repast turned merry donne malone contributed little vivacity chief played concerned knife fork wineglass natures mr hall david sweeting shirley caroline assembled health amity green lawn sunny sky amidst wilderness flowers ungenial dullness course conversation mr hall reminded ladies whitsuntide approaching grand united sundayschool teadrinking procession parishes briarfield whinbury nunnely place caroline knew post teacher said hoped miss keeldar wanting hoped public appearance time shirley person miss occasion sort liked festive excitement gathering happiness concentration combination pleasant details throng glad faces muster elated hearts told mr hall count security know dispose pleased said caroline promise come table sit near mr hall shall fail deo volente said hei occupied place right hand monster teadrinkings years proceeded turning miss keeldar sundayschool teacher little girl particularly selfconfident nature observed time tray phrase tea public piteous trembling flushing observed speechless panic cups shaking little hand overflowing teapot filled urn came aid took seat near managed urn slopbasin fact tea old woman grateful interposed caroline told earnest sincerity repaid inasmuch majority little ladies help caress evincing quicker sense kindness meant wax wood instead flesh nervesshe kept close miss keeldar rest evening walking grounds children playing followed vestry summoned church believe mounted pulpit taken previous precaution conducting rectory pew friend said caroline sat table near tray handed cupsthat extent services thing marry day curate millownerbut mind caroline shall inquire bridegrooms character gentleman likely render happy little girl walked hand hand nunnely common officiate care caution useless going married shall live single sister margaret mr hall worse margaret unhappy books pleasure brother care content want home day come briarfield rectory longer come nunnely vicarage old maid bachelor living tenderly welcome flowers said caroline kept nosegay selected till moment care bouquet margaret onlyto sentimental oncekeep little forgetmenot wild flower gathered grass andto sentimentallet blue blossoms souvenir took small book enamelled cover silver clasp having opened inserted flowers writing round pencil kept sake rev cyril hall friend 18 rev cyril hall placed sprig safety leaves pocket testament wrote margin caroline said smiling trust romantic miss keeldar continued curates bythebye conversation occupied jokes notice passed end table hope laughing trait exaltation old grayheaded vicar fact comply requests young friend know refuse tells way traffic flowers forgetmenots requested sentimental obedient naturally sentimental remarked caroline margaret told know pleases good happy yes greatest pleasures god long preserve blessings peace innocence phrase mean comparative innocence sight aware pure human perceptions looks spotless fancy angels frailty needing blood son cleanse strength spirit sustain let cherish humilityi young friends look hearts temptations inconsistencies propensities blush recognize youth good looks grace gentle outside charm makes beauty goodness gods eyesyoung ladies mirror mens tongues flatter remember sight maker mary ann ainleya woman glass lips panegyrizedis fairer better added pauseshe young things wrapt earthly hopes scarcely live christ lived existence sweet earth smiling expect meek heart reverence treads close redeemers steps harsh voice donne broke mild tones mr hall ahem began clearing throat evidently speech importanceahem miss keeldar attention instant said shirley nonchalantly listen ear eye hope hand returned donne vulgarly presumptuous familiar style purse hand purse propose appeal came morning view beg gone mrs gill almoner beg subscription school dr boultby intend erect hamlet ecclefigg vicarage whinbury baptists got possession chapel want dispute ground ecclefigg possess property signify youre churchwoman aint admirable creature muttered shirley breath exquisite address fine style raptures excites aloud churchwoman certainly refuse contribute case population ecclefigg parcel brutes want civilize missionary probably wont fail lack sympathy flock hope noti expect success money paper pray handsome sum asked money shirley rarely held 5 300 lately given smaller sums giving constantly present afford donne looked declared subscription shabby clamorously demanded miss keeldar flushed indignation astonishment present shall said expected head list cool property signature silent south went donne lady thousand year ashamed pounds public object shirley rarely haughty looked slight frame nerved distinguished face quickened scorn strange remarks said shemost inconsiderate reproach return bounty misplaced bounty pounds bounty bounty given dr boultbys intended school erection approve sort curate illadvised manner applying extorting subscriptionsbounty repeat consideration instantly reclaim donne thickskinned feel half tone air glance speaker expressed knew ground stood wretched place yorkshire went formed idear country seen peoplerich poorwhat set corse uncultivated scouted south shirley leaned forwards table nostrils dilating little taper fingers interlaced compressing hard rich pursued infatuated unconscious donne parcel misers living persons incomes ought live scarsleyyou excuse mr donnes pronunciation reader choice considered genteel prided southern accent northern ears received singular sensations utterance certain wordsyou scarsley famly propa carriage regla butla kep poorjust look come crowding church doors occasion marriage funeral clattering clogs men shirtsleeves woolcombers aprons women mobcaps bedgowns positively deserve turn mad cow rout rabbleranks hehe fun reached climax said shirley quietly reached climax repeated turning glowing glance added emphasis shall house rosenobody control exasperatedstraight walked garden gates wide flung open walk said austerely pretty quickly set foot pavement donne astounded thought time showing high advantage loftysouled person ton imagined producing crushing impression expressed disdain yorkshire conclusive proof given better turned dog yorkshire garden circumstances concatenation accordingly rid instantlyinstantly reiterated shirley lingered madama clergyman turn clergyman archbishop proved gentleman quick resolved trifling tartar rising perceived symptoms commotion manifested disposition join evidently donne exodus heiress sweeping deep curtsy closed gates dare pompous priest abuse flock dare lisping cockney revile yorkshire sole observation circumstance returned table ere long little party broke miss keeldars ruffled darkened brow curled lip incensed eye gave invitation social enjoymentembed
1856,1973,The Chi-lites,We Need Order,need order lyricsthe world today pieces people searching ways releasing disappointments fears come pills tears need order need order yeah hey need order need order hey hey oh flowers trees left beautiful oh birds bees forgotten man tempted children help rely prayer little religion hung knowledge war seen sweet wake morning dream need order need order hey hey need order need order hey hey need order hey oh flowers trees left beautiful oh birds bees forgotten beembed
1857,1973,Bettye Swann,Today I Started Loving You Again,today started loving lyricstoday started loving right ive got long let heartache mend today started loving fool think million tears ive cried shouldve known worst come crying time begun cause today started loving right ive got long let heartache mend today started loving againembed
1858,1973,The Temptations,Let Your Hair Down,let hair nah nah hi yah hi hi hi ahh yah ha hey let hair oh doctor lawyer let reputation sit hey hey let hair hey mister businessman let work play makes jack dull boy hey mister businessman youre youve fortune youre working harder pills youre taking daily cause prescribed whats ailing let doctor long got life turned great big knot hey yay hey let hair let let let awww let reputation sit hey let hair ashamed youre doin let work play makes jack dull boy hey hey hey miss saditty uptight look pity ive got advice record room lock door groove let let let hair let ayy hey let let let way got let music mind partners better better song horns throne blow dih hey let let hey let let hey let let hey let let hair hey doctors lawyers let reputation sit hey hey let hair hey mister businessman let know work play makes jack dull boy hey hey hey let hair let let let let let reputation sit heyembed
1859,1973,Carpenters,Sing,sing sing sing song sing loud sing strong sing good things bad sing happy sad sing sing song simple life long worry good hear sing sing song la la la la la la la la la la la la la la la la la la sing sing song sing sing let world sing sing love ooo sing sing sing song la la la la la la la la la la la la la la la la la la simple life long la la la la la la la la la la la worry good hear sing sing song sing sing song ooo sing sing song ooo la la la la la la la la la la la la la la la la la la la la la la la la la la la la la la la la la la la la la la la la la la la la la la la la la la la la la la la la la la la la la la la la la la la la la la la la la la la la la la la la la la la la la la la la la laembed
1861,1973,The Partridge Family Starring Shirley Jones Featuring David Cassidy,Looking Through The Eyes Of Love,looking eyes love lyricsin eyes world loser wastin time dime eyes world born big mistake break eyes woman stand hero giant man whos tall fool shes lookin eyes love lookin eyes love lookin eyes love lookin eyes love lookin eyes love looks meee eyes crowd donothin kind guy wholl live die eyes crowd poor joe street feet eyes woman theyre wrong king lover strong brave fool shes lookin eyes love lookin eyes love lookin eyes love lookin eyes love lookin eyes love looks meee shes making believe someday someday gonna way man looks lookin eyes love lookin eyes love lookin eyes love lookin eyes love lookin eyes love lookin eyes love lookin eyes love lookin eyes loveembed
1863,1973,Don McLean,Dreidel,dreidel lyricsi feel spinning dreidel spinning stop leave cradle slow round world spinning lives people know slow gonna turnin day day gonna turnin life away days borrow time buy trust tomorrow lie feel spinning dreidel spinning stop leave cradle slow round world spinning lives people know slow gonna turnin day day gonna turnin life away feel dippin divin sky shoes spiked lead heels lost star car drivin air sole keeps pushin big wheels world constant confusion mind prepared attack past persuasive illusion watchin future black know know perceive believe grow thread life leave spin deeds dictate needs sell soul sow seeds wound loved bleeds habits grow conscience feeds thought thought happen feel spinning dreidel spinnin stop leave cradle slow round world spinnin lives people know slow gonna turning day day gonna turning life away feel spinning dreidel spinning stop leave cradle slow downembed
1865,1973,The Osmonds,Crazy Horses,crazy horses lyricstheres message floating air crazy horses riding warning tongue gotta stop crazy horses run smoking sky yeah crazy horses got riders theyre crazy horses crazy horses stop die puffin multiply crazy horses halt moving fault smoking sky yeah crazy horses got riders theyre good look theyve theyve theyve theyve theyve theyve theyve theyve crazy horses crazy horses crazy horses crazy horsesembed
1866,1973,The Isley Brothers,What It Comes Down To,comes lovin youre dream come true long ive waited time girl mean reality youre hoped right day ill love comes comes comes want comes ooh ooh yeah want love understanding stake little better demanding stay talkin got reasons got oh sure drag need somebody needs somebody bein sad comes comes comes want comes ooh ooh want love understanding stake little better demanding hey ah comes comes comes want comes ooh ooh want love understanding stake little better demanding comes thats want baby comes thats want oh oh comes thats want baby hey hey hey comes thats want baby oh oh comes thats want comes thats want baby comes thats want comes thats want youembed
1867,1973,Edgar Winter Group,Free Ride,free ride mountain high valley low youre confused way ive come hand lead promised land come free ride free ride come sit come free ride country seeing nobodys winning kind game gotta better time begin know answers come come free ride free ride come sit come free ride yeah yeah yeah yeah ooh ooh ooh ooh ooh ooh ooh ooh free ride come free ride yeah yeah yeah yeah come free ride yeah yeah yeah yeah come free ride yeah yeah yeah yeah come free ride yeah yeah yeah yeah come free ride yeah yeah yeah yeah come free ride yeah yeah yeah yeah2embed
1872,1973,Brownsville Station,Let Your Yeah Be Yeah,let yeah yeah lyricsyou telling yes mean telling try lean youre giving buts maybe know drive crazy tell let yeah yeah let yeah yeah becuse guard watching head toe better let yeah yeah wear plastic smile know eyes speak indefinite style youre telling lies youve got face reality wrong free honesty let yeah yeah let yeah yeah becuse guard watching head toe better let yeah yeah noembed
1873,1973,Diana Ross,Good Morning Heartache,good morning heartache lyricsgood morning heartache old gloomy sight good morning heartache thought said goodbye night tossed turned gone dawn wish id forget youre stay met love went away day start saying good morning heartache whats new stop haunting shake leave ive got monday blues straight sunday blues good morning heartache good morning heartache youre knew hangin good morning heartache sit down1embed
1875,1973,Joe Simon,River,january 2019 album release calendar lyrics11 8ball mjg classic pimpin live 1212 99 neighbors television 1212 bslime underrated 215 chrome sparks ep 55 dc young fly trap soul 1212 gino marley 4th floor 1010 jala brat buba corelli alfa omega 1515 jésed él es jesús 115 lenny cooper country 23 nedarb amity 1616 shaun 숀 annyeong 33 ysl fargo slime narco 314 12 justin stone homecoming 1313 mc max circular 1414 mike southside self luv mix 22 pop world pop 26 ryeowook drunk love 77 13 paxquiao dodgin raindrops 2020 14 balsam range aeonic 1111 bear hands blue lips ignoring truth seat driver spirit guide 2am ep 44 brian tyler john carey escape room original motion picture soundtrack 1919 cesk freixas festa major 1313 dermot kennedy dermot kennedy 1212 ge da piolet work progress 016 yayo living legend 315 john garcia john garcia band gold 1111 kuervos del sur kuervos del sur 10 años en vivo teatro teletón 012 legion damned slaves shadow realm 1111 lilmar lonely 66 lost kings paper crowns ep 44 luna fx 33 mont korea going 99 manalion ii lose 211 old sea brigade ode friend 1111 sosamann sauce eskobar 2 1414 tomás del real tomando forma 99 zac flewids kresnt burgundy cycle 33 17 apink percent 66 ikon new kids repackage 2323 knk lonely night 33 mattiel customer copy 66 revil alma maestra 1616 trent reznor atticus ross bird box abridged 1010 18 wjsn wj stay 77 19 ann marie tripolar 2 99 broly500 moon 66 oneus light 77 roco aúna ep 44 verivery verius 55 110 alley boy alleygod 1212 eptos uno hacer historia 1212 god thennow 1010 111 aaron pritchett town ep 66 afterlife breaking point 1010 asiahn love train 2 1212 gates pantheons blind ep 66 baal time old 1212 big krit tdt 88 born osiris simulation 88 caleb kelsey god gave country love songs 1010 comethazine bawskee 2 1010 ciro y los persas ciro y los persas en el estadio river en vivo 113 crettino estamos unidos ep 04 delines imperial 1010 ed drewett 1010 farveblind boxes 55 gnash 1313 hidoraah dolly white slimestas 66 imdontai mood swings 55 juan mango ochocientos envolventes al sol 77 juanito makandé el habitante la tarde roja 112 jinjer micro 55 kaitlyn aurelia smith tides music meditation yoga 99 ky 924 inevitable vol 2 010 lil narnia melancholy 88 matthew bay santa babara 1010 maurice moore destination unknown 77 mo030 mozone 1212 nora zahera mi corazoncito vol ii ep 06 randy houser magnolia 1212 retch richer opps 1313 riff 3x trap melodies 1212 soilwork verkligheten 1515 strick land 1212 taking sunday 2121 tallies tallies 1111 silver field rooms 09 trapboy freddy rockboy freddy 2020 flow 1717 trez3 canasta familiar 013 watsky complaint 99 wifisfuneral robb bank conn3ct3d 1111 xanman tony 5 88 tell tell 511 112 darko drugs 77 josh fearless 1515 nakel smith twothousand nakteen 68 pingüinos del páramo cómoorbitarlalunasinperderamigosenelintento 08 reptilelegit little timmys playlist 1313 tokyos revenge mdnght ep 44 114 cbo animal 013 cute girls cute things slice life 2 1212 gfriend time 1212 115 ateez treasure ep2 zero 66 favorite loca 44 huta hutazone 1111 nova mejías buidu 88 raz simone love 1515 therealpit blaq vol 2 99 xfruge plus ultra 77 116 astro light 1010 117 christina perri songs carmella lullabies singalongs 2020 doxamillion colombia 38 wayv 威神v vision 33 118 aesop rock tobacco malibu ken malibu ken 1010 alexander oscar highs lows 1313 alice merton mint 1111 arch enemy covered blood compilation album 2424 burger man easy mustard 36 cane hill kill sun ep 66 charli xcx troye sivan 1999 remixes 99 cheb rubën mis peores inéditos 2121 chief keef leek vol 7 1212 cody johnson ain nothin 1515 coi leray ec2 99 cub sport cub sport 1515 deerhunter disappeared 1010 divididos 221218 flores en vivo 08 dodie human ep 77 ea kaya fragile strong hell 66 fijimacintosh teenage disillusionment ep 77 flatland cavalry homeland insecurity 1111 flotsam jetsam end chaos 1212 frances cone late riser 1010 future future hendrxx presents wizrd 2020 g flip drink 44 greensky bluegrass money 1212 guster look alive 1010 hikaru utada face fears ep 44 iv spades clapclapclap 1515 james blake assume form 1212 joe jackson fool 88 joey walker supersoft 99 juan zelada mil ventanas 1111 juliana hatfield weird 1111 lost heaven love hates 1010 maggie rogers heard past life 1212 mike posner real good kid 1212 mio ep 55 night beats myth man 1010 papa roach trust 1212 pouya superman dead 22 rayden sinónimo 1414 ronnie milsap duets 1313 ryan leslie fleurier flows ep 44 sharon van etten remind tomorrow 1010 slim jesus odds 19 steve gunn unseen 99 switchfoot native tongue 1414 tender fear falling asleep 1010 people body 99 fever 333 strength numb333rs 1010 twilight sad wont time 1111 toro y moi outer peace 1010 artists vive tu manera banda sonora original ep 04 whitehorse northern south vol 2 66 ygtut iou 77 ynw melly shine 1616 119 bkeyz concern 1820 nephew texas boy rose gold nephy 1313 121 gun gun party 77 hwang chi yeul seasons 1111 lil darkie super dark vr 88 seventeen dawn 66 122 yungmanny hey manny 2 88 123 benjamin earl turner fuck 34 members members vol 4 2424 prod3am 1071 1089 22 124 better oblivion community center better oblivion community center 1010 imfact u 44 jake hill solace ii 66 julia michaels inner monologue pt 1 ep 66 k forest fall gang love worth having ep 44 keyon christ want 77 weezer weezer teal album 1010 125 ana guerra reflexión 99 backstreet boys dna 1515 balthazar fever 1111 bbno recess 1111 blood red shoes tragic 1111 boogie everythings sale 1313 boston george diego boston george diego 29 bring horizon amo 1313 chase atlantic try 66 choker mono moto 33 dawn richard new breed 1010 dbuk songs sixteen 88 dj kay slay hip hop frontline 1616 deadmau5 polar music netflix film 1313 dee white southern gentleman 1010 dreezy big dreez 1010 dude york happy meantime 44 ella vos watch wait 55 fedez paranoia airlines 1616 fidlar free 1313 gum takes tooth arrow 011 heatmakerz joell ortiz fred godson gorilla glue 29 hockeysmith tears age 24 ivy levan fucc 55 king 810 suicide king 1010 kingjet travel 66 kytes frisbee 55 jack jack good friend nice 1212 jay prince wonder 77 jonatan leandoer127 nectar 99 josin blank space 89 junho 1212 júníus meyvant borders 1111 lee harvey osmond mohawk 910 lil aaron dark matter 66 lip talk d y s 112 lula wiles 1212 mäbu décimo directo en estudio uno reedición 012 michael mcarthur green rain 012 mike krol power chords 1111 mistah godeh heavy roots chronic pain 77 misty coast melodaze 1010 mozes firstborn dadcore 1818 nils frahm encores 2 44 omeretta great welcome jungle 216 ollie lost 33 pavo pavo mystery hour 711 puppy goat 1212 rat boy internationally unknown 1212 rival sons feral roots 1111 royal canoe waver 1010 rudimental toast differences 1616 ryan amador american 1111 sada baby bartier bounty 2020 santana search mona lisa 45 oliver appropriate 1414 scrivener levitate 55 sneaks highway hypnosis 013 st humain emotional sauna 77 steven malcolm second city 1515 summer walker clear 44 sundays wiaca 1010 swallow sun shadow forced light 88 swervedriver future ruins 1010 swindle normal 311 tdot illdude vibe heavy 3 416 terror jr unfortunately terror jr 1515 dandy warhols crazy 1212 wrabel nite live 1111 xamvolo sweetness surface 814 yaeger gul 55 yungen project purple 59 127 don patricio la dura vida del joven rapero 1515 pollari lil jesus 99 mooktoven mooktoven season 4 519 128 luh soldier soldier mentality 1414 129 dickpunks special 12 dorian gray lobo el piel rapero 1019 lilcockpump cocked loaded 55 rafael lechowski quarcissus el arte desamar 44 tsu surf seven25 1313 130 645ar datz crack 16 clc 1 55 exo exo planet 4 eℓyxion 3535 got7 wont let 77 neonpunch watch 45 payroll giovanni january 30th 88 131 lil boom hentai haven 13135embed
1876,1973,King Harvest,A Little Bit Like Magic,little bit magic looked town mornin took walk neighborhood came warnin mmmm started feelin good went walkin bright sunshine bringin brand new day breeze blowin sweet fine blowin troubles away little bit magic youre free want little bit magic look think youll walks day shadows leave shade grey happened yesterday matter trying way way living magic today little bit magic look think youll yeah little bit magic youre free want yeah little bit magic look think youll yeah yeah little bit magic youre free want little bit magic little bit magic mmmm little bit magic little bit magicembed
1878,1973,Donna Fargo,Little Girl Gone,little girl gone lyricsit took little head growing ups hardest thing ive stranger house grew learned right wrong sun shined daddies growing older mothers died remember feeling guilty cause wait leave loved em way knew packed yesterdays headed tomorrow tomorrow daddys little girl home wheres little girl gone bundled dirty jeans teenie bopper magazine search life little rag doll named charlie brown ol suitcase hand downs loneliness knew dreams trusted playthings rusted woman growing pains yesterdays gonna tomorrow cause tomorrow daddys little girl home wheres little girl gone bundled dirty jeans oh remember gaze window wondering took little head growing ups hardest thing ive oh rememberembed
1881,1973,Faces,Cindy Incidentally,cindy incidentally oh cindy aint noticed friends moved street outside little quiet local papers run news persuading disengaging cindy gotta refuse time lose hit high road early morning late hesitate dream pass fast lighting oh cindy incidentally baby aint putting refuse lose hit high road early morning late hesitate dream pass fast lighting oh cindy worry cause aint world cindy coat leave rent gent penthouse turn music loud lets attract big crowd drink round town bid goodbye farewellembed
1883,1973,Donald Byrd,Black Byrd,black byrd lyricswalking playing song walk starting walking playing song walk starting check black bird shouting listen horn carry listen horn carry listen horn carry listen horn carry check black bird shouting groove lose groove lose groove lose check black bird shouting black bird lose black bird lose black bird groove black bird groove groove groove groove moveembed
1886,1973,Aerosmith,Dream On,dream time look mirror lines face getting clearer past gone went dusk dawn isnt way everybodys got dues life pay yeah know knows comes goes know everybodys sin got lose know win half lifes books written pages lived learned fools sages know true things come sing sing year sing laughter sing tear sing today maybe tomorrow good lord away sing sing year sing laughter sing tear sing today maybe tomorrow good lord away dream dream dream dream dreams come true dream dream dream dream dreams come true dream dream dream dream dream dream dream aaaaaah sing sing year sing laughter sing tear sing today maybe tomorrow good lord away sing sing year sing laughter sing tear sing today maybe tomorrow good lord away99embed
1887,1973,Cymande,The Message,message lyricstogether fore forever remember youve told brother watch river love flow way help watch way help watch fore forever remember youve told goembed
1889,1973,Tim Moore,Fool Like You,fool lyricsif fool listen fool leaves trees stop shaking wind fool listen fool maybe baby stop long begin cryin millionaire laughin old street bum send coliseum promise kingdom come baby cries middle prayer hes sayin hurry daddy hurry tell fool listen fool leaves trees stop shaking wind fool listen fool maybe baby stop long begin tempers hot oh fingers shake aint sunshine man wide awake artist gets mad brush crippled man loses faith whos gonna crutch tell fool listen fool leaves trees stop shaking wind fool listen fool maybe baby stop long begin old overcoat man seen lot rain junkyard scrap desoto ive learnin pain old heath radio taught sing guitar man ill forget tell fool listen fool leaves trees stop shaking wind fool listen fool tell maybe baby stop long begin maybe baby stop long begin maybe baby stop long beginembed
1894,1973,Grateful Dead,Sugar Magnolia,sugar magnolia lyricssugar magnolia blossoms blooming heads care saw baby river knew shed come soon air sweet blossom come willow high times youll abide discover wonders nature rolling rushes riverside shes got delightful shes got need takes wheel seeing double pays ticket speed comes skimmin rays violet wade drop dew come follow waits backstage sing dance cajun rhythm jump willys wheel drive shes summer love spring fall winter happy man alive sugar magnolia ringing bluebell caught sunlight come singing ill walk sunshine come honey come shes got delightful shes got need breeze pines sun bright moonlight crazy sunlight yes cuckoos crying moon halfway night dying wander wander round sunshine daydream walking tall trees going wind goes blooming red rose breathing freely ride singin ill walk morning sunshine sunshine daydream sunshine daydream walking sunshine4embed
1898,1973,Ray Charles,Come Live With Me,come live come live wont love share bread wine wife life come live wont love let dreams combine great fate oh hands ill build roof shield head oh hands ill carve wood babys bed yes come live wont love love time girl heart ooh ill try best swear promise girl girl didnt tell gonna lie oh know girl ill life oh oh come live wont love hey hey share bread wine said oh heart baby mineembed
1899,1973,Tom T. Hall,I Love,love love little baby ducks old pickup trucks slow movin trains rain love little country streams sleep dreams sunday school hay love love leaves wind pictures friends birds world squirrels love coffee cup little fuzzy pups bourbon glass grass love love honest open smiles kisses child tomatoes vine onions love winners losers try music good life love tooembed
1901,1973,Elton John,Crocodile Rock,crocodile rock remember rock young susie fun holding hands skimming stones old gold chevy place biggest kick got thing called crocodile rock kids rocking round clock hopping bopping crocodile rock crocodile rocking shocking feet knew better time guess oh lawdy mama friday nights susie wore dresses tight crocodile rocking sight laa lalalalalaa lalalalalaa lalalalalaa years went rock died susie went left foreign guy long nights crying record machine dreaming chevy old blue jeans theyll kill thrills weve got burning crocodile rock learning fast weeks went past thought crocodile rock crocodile rocking shocking feet knew better time guess oh lawdy mama friday nights susie wore dresses tight crocodile rocking sight laa lalalalalaa lalalalalaa lalalalalaa related songshigh flying birdelton johntexan love songelton johnyour songelton john remember rock young susie fun holding hands skimming stones old gold chevy place biggest kick got thing called crocodile rock kids rocking round clock hopping bopping crocodile rock crocodile rocking shocking feet knew better time guess oh lawdy mama friday nights susie wore dresses tight crocodile rocking sight laa lalalalalaa lalalalalaa lalalalalaa laa lalalalalaa lalalalalaa lalalalalaa laa lalalalalaa lalalalalaa lalalalalaa15embed
1902,1973,Steely Dan,Show Biz Kids,biz kids las wages las wages las wages poor people sleepin shade light poor people sleepin stars come night poor people sleepin shade light poor people sleepin stars come night closing time guernsey fair detect el supremo room stairs ive world ive washington zoo travels facts unravel ive true poor people sleepin shade light poor people sleepin stars come night poor people sleepin shade light poor people sleepin stars come night got house corner rug inside got booze need money buy got shapely bodies got steely dan tshirt coup grâce theyre outrageous oh honey let tell poor people sleepin shade light poor people sleepin stars come night poor people sleepin shade light poor people sleepin stars come night business kids making movies know fuck anybody know gonna poor people sleepin shade light poor people sleepin shade light poor people sleepin stars come night poor people sleepin shade light poor people sleepin stars come night embed
1903,1973,The Spinners,Ghetto Child,ghetto child lyricswhen seventeen ran away home known sick tired living town filled narrow minds hate laugh children called names ran hide feelin ashamed born boy punished crime life aint easy youre ghetto child oh baby life aint easy youre ghetto child tried understand papa best man child reality paid folks fancy fairy tales born sold afford time believe childhood dreams come true uh huh huh huh ive wandering traveling guess aint style live town ill know child blamed ridiculed shamed life aint easy youre ghetto child witness life aint easy youre ghetto child yeah ooh ooh yeah life aint easy youre ghetto child child oh baby life aint easy yeah hey hey youre ghetto child life rough life aint easy going gets tough youre ghetto child yeah remember oh baby life aint easy things gotta change youre ghetto child things gotta change gotta change yeah yeah life aint easy youre ghetto child whoa oh oh whoa ghetto boyembed
