,Year,Artist,song_name,further_clean_text
1906,1974,Steely Dan,Pretzel Logic,pretzel logic love tour southland travelling minstrel yes id love tour southland traveling minstrel yes dying star laugh sound record phonograph days gone forever long time ago oh yeah hey hey met napoleon plan time met napoleon plan time yes cause looks fine hill tell lonely hes lonely days gone forever long time ago oh yeah stepped platform man gave news said joking son shoes shoes ive seen em tv movie times changing know things gone forever long time ago oh yeah oh yeah hey hey 2embed
1907,1974,Isaac Hayes,Wonderful,wonderful lyricsits wonderful love nice know love heaven smiling time saw face hunger started growing lips taste birth love affair grown thousand times youre sweetest thing love bring glad youre wonderful love oh yes nice know love world perfect youre closest perfection inspiration youre half makes compliments people know brighten world bright day night girl wonderful love oh yes yes nice know love baby ooh baby wouldnt leave mama ooh mama love doggone good good everyday gonna way long man wonderful love yes said nice know love tooembed
1908,1974,Gregg Allman,Midnight Rider,midnight rider ive got run hiding bound riding ive got silver dollar gonna let em catch gonna let em catch midnight rider clothes wearing road goes forever ive got silver dollar gonna let em catch gonna let em catch midnight rider ive gone point caring old bed hope sharing ive dropped silver dollar gonna let catch gonna let em catch midnight rider gonna let em catch gonna let catch midnight rider no1embed
1909,1974,David Bowie,Rebel Rebel,rebel rebel doo doo doodoo doo doodoo doo doo doo doodoo doo doodoo doo doo doo doodoo doo doodoo doo youve got mother whirl shes sure youre boy girl hey babe hairs alright hey babe lets tonight dancing look divine love bands theyre playing hard want want fast wrong tacky thing rebel rebel youve torn dress rebel rebel face mess rebel rebel know hot tramp love bridge ya doo doo doodoo doo doodoo doo youve got mother whirl cause shes sure youre boy girl hey babe hairs alright hey babe lets stay tonight dancing look divine love bands theyre playing hard want want fast wrong tacky thing rebel rebel youve torn dress rebel rebel face mess rebel rebel know hot tramp love ya ooh doo doo doodoo doo doodoo doo doo doo doodoo doo doodoo doo rebel rebel youve torn dress rebel rebel face mess rebel rebel know hot tramp love ya youve torn dress face mess aint test youve got transmission live wire got cue line handful ludes wanna count dudes love dress youre juvenile success face mess know said know wanna know calamitys child chichi chichi whered wanna looks ive cause youve torn dress face mess ooh face mess ooh ooh know ah ah know ah ah15embed
1910,1974,Bobby Bare,Daddy What If,daddy lyricsdaddy sun stop shinin happen sun stopped shinin youd surprised youd stare heavens wide open eyes wind carry lightembed
1913,1974,Johnny Mathis,Life Is A Song Worth Singing,life song worth singing lyricslife song worth singing sing repeat hold key palm hand use blame life master plan change generate power decide life fool think helpless control life music life song worth singing sing repeat way living bad change life hand sad sit pants holler cause world aint treating right know contain power control destiny mind musicembed
1915,1974,Smokey Robinson,I Am I Am,lyricsi lord day way come story gonna hang right said oh baby bet life yeah lord wholl standin prepared heartache sake dig baby kind fool rising cup going gets rough dig mama said oh baby bet life yeah world damn love flower age stage youth age dig baby life realize dream little extreme dig mama said oh baby bet life yeah world damn oh baby oh bet life world damnembed
1919,1974,"Earth, Wind & Fire",Devotion,devotion lyricsthrough devotion blessed children praise teacher brings true love devotion opens lifes treasures yeah deliverance fruits evil mission bring melody ringin voices woo hoo hoo sing sweet harmony heres song day brighter long troubled days giving heart ooh light brighten oh oh oh dark falls way need devotion bless children whoa deliverance fruits evil everyones life theres need happy yeah let sun shine smile way open heart feel touch devotion maybe song help uplift day better way need devotion need devotion bless children deliverance fruits evil fruits evil need devotion need devotion bless children bless children lord deliverance fruits evil fruits evil need devotion need devotion bless children bless children deliveranceembed
1921,1974,Bee Gees,Mr. Natural,mr natural burning embers remember little things feel cause touch heart wont sing rusty rainbows thats pain goes turning inside come home night sight yes dying aint doubt dying theres way try try try try try mr natural come baby walk rain wont know crying smile face trying trying understand love lost dance look happy man think getting old friend said knew baby tell know knew went home laughing inside crying special thing know loved girl touch heart wont sing know heart wont sing try try try try try try mr natural come baby try try try try try mr natural come baby try try try try try try mr natural come baby try try try try try mr natural come baby try try try try try mr natural come babyembed
1924,1974,The Dramatics,Door To Your Heart,door heart lyricswhy open door heart let corridor wall underneath staircase hall hook door closet floor cupboard shelf basement dark oh theres place heart cause ive wanting needing having waiting door heart swing open swing open swing open come let open door heart let corridor wall underneath staircase hall hook door closet floor hey hey hey hey yeah cupboard shelf basement dark wont little place heart cause ive wanting needing loving waiting door heart swing open swing open swing open come let let open door heart let heart open door heart let open door heart let inembed
1925,1974,Natural Four,Love That Really Counts,love counts think best things life things money buy hustled stay took time play new wouldnt try hey day new love feeling kind inside love living aint fun thats realized love counts run run love thats true love thats truе better try bеtter try best people confused days tryin hard satisfaction spendin kinds cash talkin kinds trash main attraction girl stop ask lifes know money cool fool theres thing know love counts love counts run run love thats true love thats true better try better try best hey know youll soon word true love livin aint fun girl love know love counts love counts run run love thats true love thats true better try better try best love counts know know love counts run run love thats true love love thats true better try better try best love counts love counts run run love thats true love thats true yeah better try better try best youembed
1926,1974,The Staple Singers,City In The Sky,city sky lyricstheres people tellin lies gonna build city sky fly away yeah city high wont way sure aint gonna miss city leave drag drag blowin mind away theres children tears eyes gonna build city sky fly away city high wont way sure aint gonna miss city leave drag drag blowin minds away fine morning fine day feelin knowin wont way california hmm tomorrow morning oh believe la gonna miss city leave drag drag blowin mind away yall good idea gotta away wonder somethin wanna fly away fly fly away fly away fly fly away ill fly away fly fly away ill fly away ill fly away fly fly away ill fly away ill fly away stand stand wanna fly away wanna fly away city skyembed
1927,1974,The Dells,Bring Back The Love Of Yesterday,bring love yesterday lyricsoh baby lets pick pieces lets work thing bring love yesterday stole love away look love left eyes replaced anger despise feel chill air makes cold filled despair raw silence leaves dangling space ill sacrifice tomorrow smiling face seeds jealousy destroying love theres woman near lover love yesterday turn way world wrapped deep heart know true come bring bring bring bring girl bring bring bring bring yesterday love warm tender today stir love wont tell whats troubling mind maybe solution ill love twice strong till seed doubt gone theres woman near lover bring love yesterday oh bring bring girl know know good thing going good times aint sense blowing ohh bring bring bring bring good good bring home bring bring love bring girlembed
1930,1974,Bachman-Turner Overdrive,Blue Collar,blue collar lyricswalk street ill walk meet spare time cuz world meet kind judge minds blue collar sleep sleep awake alive late hours youre know need quiet hours create world blue collar id know morning things comin mind ive hope id remind morning world air fresh diamond skies makes glad alive beat time restless face longer rest feet worlds heat wish blue collarembed
1931,1974,The Chi-lites,Homely Girl,homely girl broke poor little heart boys looked better dark oh theyd learned school dark oh yes know teacher ask question raise hand oh got turn eyes water inside id burn oh yes homely girl lonely youre beautiful woman oh yeah homely girl homely girl lonely youre beautiful woman oh yeah boy sit whod hold place life oh beautiful heart oh yes offered carry books took stares laughter dirty looks saw wanna ask date know know homely girl lonely youre beautiful woman oh yeah homely girl homely girl lonely youre beautiful woman oh yeah homely girl homely girl oh want chance hold lonely want chance try control youre beautiful woman homely girl oh know gotta homely girl lonely youre beautiful woman homely girl know gotta itembed
1933,1974,The Guess Who,Star Baby,star baby admitting things thats hard head heels love kind insanity highness sunny day picture park silk satin star baby flashy little shiny little twotimin mama star baby shiny little flashy little lovin machine good keepin secret easy head heels shook way fool highness sunny day ridin babe ill tell thinkin bout saw night hollywood easy head heels shook way sang highness sunny day drivin baby kissin cadillac embed
1939,1974,B.B. King,I Like To Live The Love,live love lyricsmy song matter reflects feel love mean cause song line real man woman enjoys going home peaceful situation love receive love complications tune short long weak strong live love sing song live love sing song music love love music perfect harmony sing sung love got angry guitar cause strike chord gives wanna hear finding song dear outside answers forbidden problems solved hidden live love sing song live love sing song live love sing song live love sing song live love sing songembed
1942,1974,Gino Vannelli,People Gotta Move,people gotta lyricspeople come right shake behinds dynamite chuck alll worries toss thighs tame pain realize gotta people gotta shake brains pump heart world come right come wrong come zeal cause tones bones makes feel gotta groove people gotta moveembed
1943,1974,Carpenters,Please Mr. Postman,mr postman lyricsstop oh yes wait minute mister postman wait wait mister postman mister postman look oh yeaheaheah theres letter bag mister postman whys takin long time oh yeah hear boy word today boyfriend far away mister postman look theres letter letter ive standin waitin mister postman patiently card letter sayin hes returning home mister postman mister postman look oh yeaheah theres letter bag mister postman whys takin long time oh yeah hear boy days passed tears standin eyes didnt stop feel better leavin card letter mister postman mister postman look oh yeaheah theres letter bag mister postman whys takin long time check time gotta wait minute wait minute wait minute wait minute ooohooohooo mister postman mister postman look come deliver letter sooner better mister postman aha aha aha2embed
1946,1974,Raspberries,Overnight Sensation (Hit Record),overnight sensation hit record lyricsraspberries miscellaneous overnight sensation hit record know sounds funny money need reputation want hit record yeah wanna hear radio want big hit record yeah everybodys got know program director pull time bullet bring group station youre gonna overnight sensation ive tryin write nonoffensive satiric aslot got mint fit words good melody amazing success ignoring long use bread making demos day writing night head hear record play hear play hit record yeah wanna hit record yeah wanna hit record yeah number oneembed
1947,1974,Paper Lace,The Black-Eyed Boys,blackeyed boys lyricsoh blackeyed boys motorcycled town people cried blackeyed gang white super bang oh blackeyed boys laid rockin rhythm feel time starts come alive evrytime blackeyed boys arrive leader band drummer rhythm big tattoo heart soul lead guitar hes set astride roared bass boy pretty soon hole town rock rollin evrybody oh blackeyed boys em dancin street rocked mornin light night oh blackeyed boys kept people feet cryin oh let end wanna hear black eyedboys oh blackeyed boys layin rockin noise oh heart right blackeyed boys oh blackeyed boys em dancin street rocked mornin light night oh blackeyed boys kept people feet cryin oh let end wanna hear blackeyed boys oh blackeyed boys oh blackeyed boys rock rollin rock rollin rock rollin yeah yeah yeah yeahembed
1948,1974,Bo Donaldson And The Heywoods,Who Do You Think You Are,think guy wants try whats right youre good think try push bit far day sees scar tell think want gotta care think taking advantage way think hurting things fair care think crossroads road lights changin baby think try push bit far day sees scar tell think want gotta care think taking advantage way think hurting things fair care think guy wants try whats right youre good think try push bit far day sees scar tell think oh baby think try push bit far day sees scar tell think oh baby think try push bit farembed
1949,1974,Kool & The Gang,Higher Plane,higher plane lyricskorean original 밟히는 인생 신발을 벗고 퉁퉁 부은 내 발을 펴 담보로 몸 잡고 빡시게 깡으로 버티는 하루 속 달뜨는 밤 잠 못 드는 자들의 악몽 속은 늘 파도 쳐 다 다그쳐 몹쓸 싸움구경만 노리는 악플러 이 rap game에 새내기 쫌 뜨려고 하면 패대기 보석처럼 난 캐내지 poker face youd better 인터넷 gone savage 엿 바꿔먹은 베댓 나의 hater들의 물 세례 꼴 보기 싫은 츤데레 내가 가려는 곳 지금보다 더 높이 올라가 땅이 안보일 때까지 밤하늘에 비추는 달빛을 잡고 dreaming 이곳은 higher plane higher plane higher plane higher plane walk higher higher hand ill higher desire walk hand ill higher aint page game hater hang 전부 다 내려놔 이제는 bang bang thang thang 손목을 걸고 도전 작두 meditation focus eye expose bogus 고주파로 쏘는 45th bang 뱅 귀에 돋은 소름 더 짜내는 노란 고름 ugh 너가 걷고 있는 살얼음 위 라도 빠른 걸음 skate 차고 당겨 chase 추격하는 pace gone trace space pearly gates 네버엔딩 race levitate higher plane 내가 가려는 곳 지금보다 더 높이 올라가 땅이 안보일 때까지 밤하늘에 비추는 달빛을 잡고 dreaming 이곳은 higher plane higher plane higher plane higher plane walk higher higher hand ill higher desire walk hand ill higher 집에 가는 길 이젠 찾을 수 없어 love 겁이 나도 나는 떠 looking mirror forgot way home know going higher higher higher know going higher higher higher know going higher higher higher know going higher higher higher 이곳은 higher plane walk higher higher hand ill higher desire walk hand ill higher romanization balbhineun insaeng sinbareul beotgo tungtung bueun nae bareul pyeo damboro mom jabgo ppagsige kkangeuro beotineun haru sok daltteuneun bam jam mot deuneun jadeurui agmong sogeun neul pado chyeo da dageuchyeo mobsseul ssaumgugyeongman norineun agpeulleo rap gamee saenaegi jjom tteulyeogo hamyeon paedaegi boseokcheoreom nan kaenaeji poker face youd better inteones gone savage yeot bakkwomeogeun bedaet naui haterdeurui mul selye kkol bogi silheun cheundere naega galyeoneun got jigeumboda deo nopi ollaga ttangi anboil ttaekkaji bamhaneure bichuneun dalbicheul jabgo dreaming igoseun higher plane higher plane higher plane higher plane walk higher higher hand ill higher desire walk hand ill higher aint page game hater hang jeonbu da naeryeonwa ijeneun bang bang thang thang sonmogeul geolgo dojeon jagdu meditation focus eye expose bogus gojuparo ssoneun 45th bang baeng gwie dodeun soreum deo jjanaeneun noran goreum ugh neoga geodgo issneun sareoreum wi lado ppareun georeum skate chago danggyeo chase chugyeokhaneun pace gone trace space pearly gates nebeoending race levitate higher plane naega galyeoneun got jigeumboda deo nopi ollaga ttangi anboil ttaekkaji bamhaneure bichuneun dalbicheul jabgo dreaming igoseun higher plane higher plane higher plane higher plane walk higher higher hand ill higher desire walk hand ill higher jibe ganeun gil ijen chajeul su eopseo love geobi nado naneun tteo looking mirror forgot way home know going higher higher higher know going higher higher higher know going higher higher higher know going higher higher higher igoseun higher plane walk higher higher hand ill higher desire walk hand ill higherembed
1950,1974,Paper Lace,The Night Chicago Died,night chicago died daddy cop east chicago usa bad old days heat summer night land dollar town chicago died talk man named al capone tried town called gang war forces law heard mama heard pray night chicago died brother night brother fight glory heard mama heard pray night chicago died brother night people saw brother fight people saw yes sound battle rang streets old east til hoodlum gang surrendered died shouting street sound running feet asked said bout cops dead heard mama heard pray night chicago died brother night brother fight glory heard mama heard pray night chicago died brother night people saw brother fight people saw yes sound clock wall door burst open wide daddy stepped inside kissed mamas face brushed tears away night chicago died nana na nanana nanana night chicago died brother night people saw brother fight people saw yes night chicago died nana na nanana nanana night chicago died brother night brother fight glory night chicago died3embed
1951,1974,The Rubettes,Sugar Baby Love,sugar baby love lyricssugar baby love sugar baby love didnt mean blue sugar baby love sugar baby love didnt mean hurt lovers mistakes yes yes lovers mistakes sugar baby love sugar baby love didnt mean blue sugar baby love sugar baby love didnt mean hurt people advice love think twice love baby love sugar baby love love love everydayembed
1953,1974,Clarence Reid,Funky Party,funky party lyricsparty funky party party funky party uh ahh uh ahh uh ahh uh ahh theres place know way town yeah yeah yeah specialize getting party funky party party funky party theres smile everyones face walk door know know got right place hear sound uh ahh uh ahh uh ahh uh ahh party funky party yeah party funky party party funky party party funky party party funky party party funky partyembed
1957,1974,Curtis Mayfield,Kung Fu,kung fu lyricsour days comfort days night solitude trust life people tend rude mama borned ghetto mattress head jesus wasnt white said named yall kung fu explain kung fu know youll kung fu trying love kung fu ive got babies sisters brother worked uncle sam shame aint mister brothers damned loving brings difference lovei believe shall join hands tomorrow carry nothin sleeve head high kung fu til die yeah kung fu intense kung fu common sense yeah kung fu mistaken secret secret bet life think wicked think wicked child thinking wicked head high kung fu til die yeah kung fu intense kung fu common sense yeah kung fu days comfort days night solitude trust life people tend rude mama borned ghetto mattress head jesus wasnt white said named yall kung fu explain kung fu know youll kung fu trying love kung fu yall kung fu yeah kung fu1embed
1962,1974,The Miracles,Do It Baby,baby nice easy ooh youve got love thats real sweet spicy come entice know way feel groove girl gettin baby baby baby come baby yeah tantalizing appetizing youve got hungry love got hungry love ooh sweet sweet honey yeah ooh love baby coming ooh groove ooh girl gettin oh baby baby baby ooh yeah know groove groove yeah girl gettin baby baby baby baby baby yeah come baby ooh baby baby hold tight baby yeah baby yeah baby pretty lady baby yeah drive crazy baby baby feels good babyembed
1963,1974,Helen Reddy,You And Me Against The World,world lyricstell mommy world feels world turn backs walk away count stay remember circus came town frightened clown wasnt nice knew big strong looking world feels world times weve cried felt god gone left carry remembering memories think days world gone left carry remembering memories think days world love mommy love babyembed
1964,1974,Anne Murray,Day Tripper,day tripper lyricsgot good reason taking easy way got good reason taking easy way day tripper way ticket yeah took long hes big teaser took half way hes big teaser took half way day tripper way ticket yeah took long tried played night stands tried played night stands day tripper sunday driver yeah took long day tripper way ticket ride day tripper way ticket ride outembed
1965,1974,Tom T. Hall,That Song Is Driving Me Crazy,song driving crazy song driving crazy gotta hear time heard friends simple little song sing old time melody play crazy little song song driving crazy love break heart baby come home love line hurtin mind beer aint got foam youll sing high ill sing low everybody sing everybody quit kick singin bring boogie home mhm song driving crazy okay gang song driving crazy embed
1967,1974,Four Tops,Midnight Flower,midnight flower lyricsmidnight flower got power let buy things darlin hour fall love matter long darling care people cause eyes girl superstar way sweet music flowin inside need thats growin price high midnight flower got power let buy things darlin hour fall love matter long darling fool romance id gladly pay price half chance wishful thinkin oh tonight let pretend baby hearts delight oh baby hey midnight flower got power let buy things darlin hour gotta ya need company soothe yearnin girl gotta ya devils gotten set free yeah baby love girl pour baby sweet love oh sweet midnight flower got power let buy things darlin hour fall love matter long darling togetherembed
1968,1974,Paul Simon,American Tune,american tune manys time ive mistaken times confused yes ive felt forsaken certainly misused oh right right weary bones expect bright bon vivant far away home far away home know soul whos battered friend feels ease know dream thats shattered driven knees oh right right weve lived long think road traveling wonder whats gone wrong help wonder whats gone wrong dreamed dying dreamed soul rose unexpectedly looking smiled reassuringly dreamed flying high eyes clearly statue liberty sailing away sea dreamed flying come ship mayflower come ship sailed moon come ages uncertain hour sing american tune right right right forever blessed tomorrows going working day trying rest thats trying restembed
1969,1974,Rick Derringer,Teenage Love Affair,teenage love affair lyricsi thought noticed saw check right away asked played old game reception ok cute little thing liked schoolboys stare instant cosmic need teenage love affair getting hotter minute minute second brought closer finally touched touched touched hands felt way love daytime mama left went upstairs total cosmic deed teenage love affair teenage love affair teenage love affair teenage love affair teenage love affair teenage love affair teenage love affair teenage love affair teenage love affair heard strange rumor didnt know brought know turned cause girl way didnt long til theres lotta sexy girls ive got builtin cosmic need teenage love affairs teenage love affair teenage love affair teenage love affair teenage love affair teenage love affair teenage love affair teenage love affair teenage love affairembed
1970,1974,Three Dog Night,Play Something Sweet (Brickyard Blues),play sweet brickyard blues lyricswell tried run game said man thats old thing ive heard tired started explain said man aint sayin youre playin anymore play somethin sweet play somethin mellow play somethin sink teeth jello play understand play brickyard blues play somethin sweet funky let lay grin monkey play understand play brickyard blues started sweat said upset cause break string wont thing said said self sailin soul gotta ya know play somethin sweet play somethin mellow play somethin sink teeth jello play understand play brickyard blues play somethin sweet funky let lay grin monkey play understand play brickyard blues light dark bite bark body rabbit hug dog play somethin sweet tried run game said man thats old thing ive heard tired started explain said man aint sayin youre playin anymore play somethin sweet play somethin mellow play somethin sink teeth jello play understand play brickyard blues play somethin sweet funky let lay grin monkey play understand play brickyard blues play somethin sweet play somethin mellow play somethin sink teeth jello play understand play brickyard blues play somethin sweet funky let lay grin monkey play understand play brickyard bluesembed
1972,1974,Bachman-Turner Overdrive,Let It Ride,let ride lyricsintro goodbye hard life let ride goodbye hard life let ride hook mornin light try try try let ride youve runnin ive waitin half night try try try let ride told lied goodbye let ride told lied goodbye let ride life complete smile try try try let ride baby want forgivin kind thats style try try try let ride told lied goodbye let ride told lied goodbye let ride bridge ive doin things worthwhile youve bookin time try try try let ride told lied goodbye let ride told lied goodbye let ride let ride let ride let ride let ride try try try let ride try try try let ride try try try let ride try try try let ride try try try let ride try try try let ride try try try let ride try try try let ride try try try let ride let ride let ride let ride let ride outro4embed
1983,1974,Al Wilson,La La Peace Song,la la peace song lyricsmmm hmm la la oh yeah whats sound profound heads children lord pass sounds thunder theres rain kind thunder blows doors walls things ah somebodys crying dying knows long gonna steel birds falling ground knowing whats end comes tell gonna oh people thats la la la la peace song la la la la tell oh people thats la la la la peace song la la la la tell oh ill tell safe fly hijacked unknown land desperate people seeking refuge corruption oh means subterfuge oh sabotage men large innocent people suffering anothers hand racial injustice dividing men allowing hate grow tell whens gonna end whoa oh people thats la la la la la la la peace song la la la la tell oh people thats la la la la la la la peace song la la la la tell oh sing oh hear thats la la la la la peace song la la la la tell oh hear sound profound voice people lord hear pray feel strength words lead temptation lest astray oh people thats la la la la peace song la la la la tell oh thats la la la la la peace song la la la la tell alongembed
1985,1974,Neil Young,Walk On,walk hear people talking bring pass round mention happy times thing ooh baby thats hard change tell feel stoned strange sooner later gets real walk walk walk walk remember good old days stayed night getting crazed money good best ooh baby thats hard change tell feel stoned strange sooner later gets real walk walk walk walk walk walk onembed
1986,1974,John Lennon,#9 Dream,9 dream long ago dream dream know yes know real real took walk street heat whispered trees thought hear hear hear hear somebody john started rain john spirits dancing strange ah böwakawa poussé poussé ah böwakawa poussé poussé ah böwakawa poussé poussé dream dream away magic air magic air believe yes believe river sound mirror thought feel feel feel feel music touching soul nhoj warm sudden cold nhoj spirit dance unfolding ah böwakawa poussé poussé ah böwakawa poussé poussé ah böwakawa poussé poussé ah böwakawa poussé poussé ah böwakawa poussé poussé ah böwakawa poussé poussé ah böwakawa poussé poussé ah böwakawa poussé poussé ah böwakawa poussé poussé ah böwakawa poussé poussé ah böwakawa poussé poussé ah böwakawa poussé poussé ah böwakawa poussé poussé ah böwakawa poussé poussé3embed
1988,1974,Edgar Winter Group,Easy Street,easy street lyricssaturday night corner café drinks feelin way moons rise looks night romance shufflin past local hotel doin rounds spell place yes knew asked dance easy easy street easy easy street seein regular guy watchin girls evening got chance takin makin easy easy street easy easy street youre feelin youre lonely man need gentle hand theres easy street know got planned remember boy night stand thats think ill thats easy street usaembed
1989,1974,ABBA,"Honey, Honey",honey honey honey honey thrill aha honey honey honey honey nearly kill aha honey honey id heard wanted know know mean youre love machine oh dizzy honey honey let feel aha honey honey honey honey conceal aha honey honey way kiss goodnight way kiss goodnight way hold tight way youre holding tight feel wanna sing thing wanna hurt baby wanna stay ground girl better high gonna stick boy youll rid theres place world honey honey touch baby aha honey honey honey honey hold baby aha honey honey look movie star look movie star know know honey youre doggone beast stay ground girl better high theres place world honey honey thrill aha honey honey honey honey nearly kill aha honey honey heard heard wanted know wanted know know mean youre love machine oh dizzy5embed
1990,1974,Charlie Rich,She Called Me Baby,called baby lyricsshe called baby baby night long hold kiss til dawn day woke gone theres baby baby night long called baby baby night long kissed tears away things went wrong oh id shed come home baby baby night long called baby baby night long held high strong night dreams song hear baby baby baby baby baby baby night longembed
1993,1974,Elvis Presley,If You Talk In Your Sleep,talk sleep know youre lonely woman love waiting owns wake sure story straight love talk sleep mention walk sleep forget came walking night shadows afraid follow theres chance hell need remind talk sleep mention walk sleep forget came love sweeter borrowed ill feel little easier tomorrow secret away careful talk sleep mention walk sleep forget came forget came forget came mention mention forget cameembed
1995,1974,The Stylistics,You Make Me Feel Brand New,feel brand new love ill words love tell feel love mere words explain precious love held life hands created taught live cared needed friend believed song filled gratitude love god bless feel brand new god blessed feel brand new sing song cause feel brand new love insecure built sure gave pride precious friend ill friend youre depend walk path bends life meaning rhyme notes song time repay having faith god bless feel brand new god blessed feel brand new sing song youembed
1996,1974,Ringo Starr,Oh My My,oh phoned doctor whats matter said come said knees started shakin wrist started achin doctor said oh oh boogie slide oh oh boogie try oh oh guaranteed alive head nurse blew tornado started dancing jumped table felt healing leavin said oh oh boogie slide oh oh boogie try oh try guaranteed alive slow youre feelin low doctor grab partner youve missin ive got prescription boogiewoogie remedy oh oh boogie slide oh oh boogie till die oh oh guaranteed alive oh oh watch boogie watch slide oh ow oh born boogie born slide boogie oh oh oowee boogie oowee aye boogie oh oh play boogie play slide boogie oh oh love boogie love slide boogie oh oh oh boogie oh slide boogie oh oh come baby come boogie oh oh come baby willin die boogie oh oh come baby come tryembed
1999,1974,Charlie Rich,I Love My Friend,love friend lyricsshe crying lonely band playing old love song hurt left needed hold knows tomorrow end tonight love friend love friend maybe maybe going share night arms ill treat lady ill baby cause love friend maybe maybe tomorrow start day know way ill treat lady baby cause love friend maybeembed
2001,1974,Ike & Tina Turner,Sexy Ida (Part 1),sexy ida 1 lyricsdont love sexy ida cause shes sister black widow spider try love sexy ida try spider shes got long black hair hangin long black pretty legs walks cat hypnotic eyes stacked love sacks wants love wants life love sexy ida cause shes sister black widow spider better try try love sexy ida try spider shes got kingsized bed satin sheets love youll wanna leave web love weaves ill tell love sexy ida gotta beware sexy ida cause tries look sweef kind looks deceivin cause love strychnine love sexy ida cause shes sister black widow spider love ida try love sexy ida try spider love sexy idaembed
2009,1974,Seals & Crofts,Unborn Child,unborn child oh little baby youll hear sweet lullabye oh unborn child knew momma plannin youre aclingin tree life soon youll cut ripe oh unborn child beginning grow inside momma youll know oh tiny bud grows womb crushed bloom mama stop turn think stop turn think stop turn think oh momma let youll regret wait think great ones gave life bear pain mama stop turn think stop turn think stop turn think over1embed
2011,1974,The Doobie Brothers,Black Water,black water lyricswell built raft shes ready floating old mississippi shes calling catfish jumping paddle wheel thumping black water keeps rolling past old black water rolling mississippi moon wont shining old black water rolling mississippi moon wont shining old black water rolling mississippi moon wont shining yeah shining light gonna pretty mama gonna alright aint got worries cause aint hurry rains care difference street car thats going town yeah id hear funky dixieland dance honky tonk ill buying everybody drinks round old black water rolling mississippi moon wont shining old black water rolling mississippi moon wont shining old black water rolling mississippi moon wont shining shining light gonna pretty mama gonna alright aint got worries cause aint hurry id hear funky dixieland pretty mama come hand hand pretty mama come dance daddy night long id hear funky dixieland pretty mama come hand hand pretty mama come dance daddy night long id hear funky dixieland pretty mama come hand hand pretty mama come dance daddy night long id hear funky dixieland pretty mama come hand hand pretty mama come dance daddy night long id hear funky dixieland pretty mama come hand hand pretty mama come dance daddy night long id hear funky dixieland pretty mama come hand4embed
2012,1974,The Staple Singers,My Main Man,main man lyricslook shoulder think main man round corner love main man wide world walks talks threw troubles deep blue sea main man wide world main man gotta pocket love ive mighty long time discovered hes personal friend know feels real thats main man thats way feel took dark light world light bright main man wide world main man gotta pocket love main man wide world main man gotta pocket love main man wide world main man gotta pocket love main man wide world main man gotta pocket love main man wide world main man gotta pocket loveembed
2013,1974,Charlie Rich,The Most Beautiful Girl,beautiful girl lyricshey happen beautiful girl world crying crying hey happen beautiful girl walked tell sorry tell need baby oh wont tell love woke morning realized stood cold gray dawn knew id lost morning sun lost head said things comes heartaches morning brings know wrong let world slip away hey happen beautiful girl world crying crying hey happen beautiful girl walked tell sorry tell need baby oh wont tell love happen beautiful girl walked tell sorry tell need baby oh wont tell love her1embed
2017,1974,O.C. Smith,La La Peace Song,la la peace song lyricsmmm hmm la la oh yeah whats sound profound heads children lord pass sounds thunder theres rain kind thunder blows doors walls things ah somebodys crying dying knows long gonna steel birds falling ground knowing whats end comes tell gonna oh people thats la la la la peace song la la la la tell oh people thats la la la la peace song la la la la tell oh ill tell safe fly hijacked unknown land desperate people seeking refuge corruption oh means subterfuge oh sabotage men large innocent people suffering anothers hand racial injustice dividing men allowing hate grow tell whens gonna end whoa oh people thats la la la la la la la peace song la la la la tell oh people thats la la la la la la la peace song la la la la tell oh sing oh hear thats la la la la la peace song la la la la tell oh hear sound profound voice people lord hear pray feel strength words lead temptation lest astray oh people thats la la la la peace song la la la la tell oh thats la la la la la peace song la la la la tell alongembed
2019,1974,Wednesday,Last Kiss,kiss lyricswell oh baby lord took away shes gone heaven got good baby leave world date daddys car hadnt driven far road straight ahead car stalled engine dead stop swerved right forget sound night cryin tires bustin glass painful scream heard oh baby lord took away shes gone heaven got good baby leave world woke rain pourin people standing warm running eyes baby night raised head smiled said hold darling little held close kissed kiss love knew miss shes gone hold tight lost love life night oh baby lord took away shes gone heaven got good baby leave worldembed
2022,1974,"Earth, Wind & Fire",Mighty Mighty,mighty mighty lyricswalk wear frown little people try need helpin hand strength command hows ya faith cause ya faith kiddin true spread ya love brighter day ya search youll way people mighty mighty people sun hearts lies answers truth run eagles fly seven days cryin blues ya pay ya gonna bout living thang ya better complain day real run fear cause better days near times youre bound time head sky people mighty mighty people sun hearts lies answers truth run fromembed
2028,1974,Grand Funk,The Loco-Motion,locomotion lyricseverybodys doin brand new dance come baby locomotion know youll chance come baby locomotion little baby sister ease easier learnin abcs come come locomotion youve got swing hips come jump jump oh think youve got knack woah woah lets chain come baby locomotion chugachuga motion railroad train come baby locomotion nice easy lose control little bit rhythm lot soul come come locomotion woah woah floor locomotion come baby locomotion holdin hands ifn notion come baby locomotion theres dance thats easy makes happy youre feelin blue come come locomotion come baby locomotion come come locomotion come baby locomotion come come locomotion come baby locomotion come baby locomotion come baby locomotion come baby locomotion come baby locomotion2embed
2029,1974,Cat Stevens,Ready,ready lyricsi love love ready love yes love love ready love yeah love love ready ready ready love love love ready love yeah awake white lily smile watching charms cause wise men grab comes way ready love yes love love ready love yeah ready love love love ready love yeah feel things ive felt help baby eyes open door real everyday thank lord came way illusion love love ready love yeah love love ready love yes love love ready ready ready ready love love love ready love love love ready ready ready love love love ready love yeah love love ready ready ready love right love love ready love yes love love ready love yeah yes yeah ready ready ready ready ready ready ready loveembed
2030,1974,Billy Preston,Nothing From Nothing,leaves gotta wanna leaves gotta wanna trying hero cause zero cold trying highness cause minus low yeah leaves stuffing believe remember told ya soldier war poverty yeah yes leaves gotta wanna leaves gotta wanna thats right ha yeah gotta wanna gotta bring girl wanna me5embed
2031,1974,Jimmy Buffett,Come Monday,come monday headin san francisco labor day weekend got hush puppies guess meant glitter rock roll honey didnt know id missin come monday itll right come monday ill holding tight spent lonely days brown la haze want yes summer rentacars west bound trains youre vacation somethin tried explain darlin love thats reason let come monday itll right come monday ill holding tight spent lonely days brown la haze want help honey youre remember night montana said thered room doubt hope youre enjoyin scenery know pretty hiking tuesday id walk california worn wait come monday itll right come monday ill holding tight spent lonely days brown la haze want spent lonely days brown la haze want side1embed
2032,1974,Charlie Rich,A Very Special Love Song,special love song babe know gonna babe itll love symphony mean special love song babe theres way know gonna babe theres melody ill play ill play especially words true special love song surprised youre sittin hear cause goin sing big lonely world turn radio way low near ill tell world love girl babe theres ounce love gonna babe theres breath life gonna live day night singin special love song youembed
2033,1974,Helen Reddy,Keep On Singing,singing lyricskeep singing stop singing youre gonna star day youre gonna lot people happy come hear play remember mama died born lived room shanty daddy tried home years old started singing streets people throw pennies daddy ends meet said chorus singing stop singing youre gonna star someday youre gonna lot people happy come hear play said singin bells ringin spread music town town theres song old world spread song time 10 years old rock n roll band daddys eyes growing dim didnt understand said proud time hed hear play night hed pull daddy chorus didnt money things didnt bad felt queen world dad rainy april night daddy called held tremblin hands right died chorus chorus chorusembed
2035,1974,Natural Four,Can This Be Real,real ive kind guy handle ive money cars expensive girls bars ive song sing ah came changed sound song ive felt tell real real love feel love feel heart baby ah true true changed life suddenly know new new identity let feeling stop try resist girl ah got tell real real love feel love feel baby ah oh true true tell tell tell real love feel real love feel baby oh true real love feel real love feel heart hey hey reallyreallyreally true trueembed
2036,1974,Deep Purple,Might Just Take Your Life,life got asked isnt need took till taking lead old man shaking dice street tryn living sure getting things sorted getting ready right hold told life life ive called names bad ive ive got thing getting isnt easy sure hard time look theres close pass things crossed minds tell right want friend theyre riding going end life life life got asked got needembed
2037,1974,Loggins & Messina,My Music,music doodoo doodoo doodoodoo doodoo doodoo doodoodoo doodoo doodoo doodoodoo doodoo doodoo doo hey little girl wont meet schoolyard gate got backstage passes biggest town honey late leave early hurry band cause little tim smittys got old mans van lets getting getting right roll rhythm tonight god knows love music aint gonna change tune know love music aint gonna change tune hey little girl wanna dance night long music got buzzing feel pretty loose feel rhythm comin strong baby lay rhythm baby theres power sound everybody jumping bring house lets getting getting right roll rhythm tonight god knows love music aint gonna change tune know love music aint gonna change tune god knows love music aint gonna change tune know love music aint gonna change doodoo doodoo doodoodoo doodoo doodoo doodoodoo doodoo doodoo doodoodoo doodoo doodoo doo love music aint gonna change tune know love music aint gonna change tuneembed
