,Year,Artist,song_name,further_clean_text
2040,1975,Bobby Womack,Check It Out,check lyricsgirrrl baby gave away somethin mind didnt know ohhh love background chorus runnin away doin power stay hey baby runnin away whowwww checking mind bout background bout ya check whowwww vibes baby lemme tell em kept feelin inside tryin stubborn type fellow kept holdin holdin pride love background chorus runnin away runnin away doin heart stay ya stay ya stay chorus sings background doin power stay hey baby stpp runnin away whowwww checking listen friends cause youll ya check whowwww youll want ill love ill want gotta stick love background singers runnin away whoa doin power stay ya stay ya stay chorus sings background girl pick let lay let lay owwww checking chorus sings background mind bout bout ya check oooohhhhoooowwww ohh yeah yeah yeah yeah yeah yeah yeah yeah hmmmm owwwwhhh bobby sings ohhh ill sun goes hey baby gotta gotta gotta whoo hoo ooh ooh hey come oh yeahh yeah oh baby yeah yeah yeah yeah yeah yeah yeah oh baby oooohhhhoooowwww babyembed
2043,1975,Carly Simon,Attitude Dancing,attitude dancing lyricscarly simonjacob brackman theres new kind dancing thats gonna rage leave actor stage cop different pose pose youre shine different attitude underneath skin attitude dancing strut floor different attitide attitude dancing attitude proper attitude attitude dancing afraid change attitude attitude dancing free spirit new attitude matter stretch shake matter moves body makes matter steps choose thing matters thats attitude attitude attitude dancing attitude dancing strut floor different attitide attitude dancing learn attitude attitude dancing groove new attitude attitude dancing afraid new attitude matter steps choose thing matters attitude attitude attitude dancing strut floor new attitude locomotion new attitude mashed potato new attitude hully gully new attitude role capture freeze turn eighty degrees youre loss observe natural dude turn mirror attitude attitude attitude attitude dancingembed
2045,1975,The Stylistics,Funky Weekend,funky weekend lyricsmonday tuesday wednesday thursday friday funky weekend funky weekend funky weekend doo doo doo woo funky weekend doo doo doo woo gonna funk night discotheque gonna love girl till dig gonna gonna heat gonna rock baby funky beat dig funky weekend funky weekend funky weekend doo doo doo woo funky weekend doo doo doo woo funk funk funk funk funk funk funk funk funk funk funk monday tuesday wednesday thursday friday funky weekend funky weekend funky weekend funky weekend doo doo doo woo funky weekend doo doo doo woo funky weekend doo doo doo woo funky weekend doo doo doo woo woo woo funky weekend doo doo dooembed
2046,1975,Al Martino,Volare,volare lyricssometimes world valley heartaches tears hustle bustle sunshine appears love remind way leave shadows volare oho cantare ohohoho lets fly way clouds away maddening crowds sing glow star know lovers enjoy peace mind let leave confusion disillusion birds feather rainbow volare oho cantare ohohoho wonder happy heart sings love given wings volare oho cantare ohohoho nel blu dipinto di blu felice di stare lass tu e volavo volavo felice pi alto del sole ed ancora pi su mentre il mondo pian piano spariva lontano laggiu una musica dolce suonava soltanto volare oho cantare ohohoho lets fly way clouds away maddening crowds sing glow star know lovers enjoy peace mind let leave confusion disillusion birds feather rainbow volare oho cantare ohohoho wonder happy heart sings love given wings volare oho cantare ohohoho nel blu dipinto di blu felice di stare lass tu e volavo volavo felice pi alto del sole ed ancora pi su mentre il mondo pian piano spariva lontano laggiu una musica dolce suonava soltanto volare oho cantare ohohoho wonder happy heart sings love given wings nel blu dipinto di blu felice di stare lass tu wonder happy heart sings love given wingsembed
2049,1975,Joan Baez,Blue Sky,blue sky lyricswalk river sweet lullaby keeps flowing worry bout going fly mister blue bird walking road early morning sunshine tell need know youre blue sky youre sunny day lord know makes high turn love way turn love way good old sunday morning bells ringing going carolina wont long ill youre blue sky youre sunny day lord know makes high turn love way turn love wayembed
2052,1975,Ray Stevens,Indian Love Call,indian love lyricswhen calling ooh answer ooh means offer love refuse blue waiting hear love ringing clear ooh hear youre answering dear ooh know love true belong belong ooh ooh oohembed
2053,1975,Splinter,Costafine Town,costafine town lyricsdirty old hole road man cleans streets open pub doors working class goes night written walls cats crawl glass man born gonna walk right costafine town fine town coming home feel lonely ive long away costafine town fine town coming home wish id mind stray owns dirty old clothes lying lane whistling loud 430 shift gone little old man pole hand lighting lamps way hurry wish id gone costafine town fine town coming home feel lonely ive long away costafine town fine town coming home wish id mind stray costafine town fine town coming home feel lonely ive long away costafine town fine town coming home wish id mind stray costafine town fine town coming home feel lonely ive long away costafine town fine town coming homeembed
2054,1975,Donny & Marie Osmond,Deep Purple,deep purple lyricswhen deep purple falls sleepy garden walls stars begin twinkle sky mist memory wander breathing sigh night hold tight youre gone love lives moonlight beams long heart beat sweet lovers meet deep purple dreams marie deep purple falls sleepy garden walls stars begin twinkle sky mist memory wander breathing sigh night hold tight youre gone love lives moonlight beams long heart beat sweet lovers meet deep purple dreams long heart beat sweet lovers meet deep purple dreams deep purple dreams deep purple dreamsembed
2056,1975,Elvis Presley,Bringing It Back,bringing hold touch face feel warm embrace remember talkin remember laughin remember lovin lot yes touchin babe ive forgot bringing bringing familiar face familiar face brings everythings bringin good songs bringing time everythings bringin thinkin solitude wonderin attitude thinkin maybe love died eyes look sweet surrender touch sadness cause ive hurt know sorrow shows stay let goembed
2057,1975,John Denver,Christmas For Cowboys,christmas cowboys lyricstall saddle spend christmas day driving cattle snow soveredplains good gifts given today sky wide open range cities different ways football eggnog christmas parades ill saddle ill reins christmas cowboys wideopen plains campfire warmth stop night stars overhead christmas tree lights wind sings hymn bow pray christmas cowboys wideopen plains tall saddle spend christmas day driving cattle snowcovered plains good gifts given today sky wide open range christmas cowboys wide open plainsembed
2058,1975,David Geddes,The Last Game Of The Season (A Blind Man In The Bleachers),game season blind man bleachers lyricshes blind man bleachers local home town fans sits beneath speakers way stands listens play play hes waiting wants hear son game boys hero hes strictly second team tho runs night touchdowns fathers sweetest dreams hes gonna star day tho tell blind man bleachers knows game season friday night home knows reason blind man didnt come boy looks kinda nervous turns stares tho sees old man sittin local boys tryin slowly lose players hes carried field halftime locker room kid goes sees talkin phone games started gets team half crowd hear coach yell hell gettin ready second half hell cause youre gonna let play word turns runs game silence field loudspeakers itll local papers team came saw playin heart win game coach asked tell thinkin play knew dad blind said tonight passed away time fathers seen playembed
2060,1975,The Who,Squeeze Box,squeeze box lyricsmamas got squeeze box wears chest daddy comes home gets rest cause shes playing night musics alright mamas got squeeze box daddy sleeps night kids eat dog sleep theres escape music damn street cause shes playing night musics alright mamas got squeeze box daddy sleeps night goes shes playin night musics right mamas got squeeze box daddy sleeps night goes squeeze come squeeze come tease love mamas got squeeze box daddy sleeps night goes cause shes playing night musics alright mamas got squeeze box daddy sleeps night1embed
2064,1975,Christopher Paul And Shawn,For Your Love,love lyricsfor love love kiss kiss foolish grow heart beat foolish thats repeat love love kiss kiss love love love loveembed
2068,1975,Country Joe McDonald,Breakfast For Two,breakfast lyricswe went dinner boy appetite stop eating stayed night hours stomachs began hurt tasted good didnt stop dessert ooh la la breakfast ooh la la got got ive eaten italy yes ive eaten spain admit id licking lips eat night dinner blew mind way supped filled mе think food time peoplе come hey man little smile life seriously lighten little mans fool know sure know fly embed
2069,1975,Love Unlimited,I Belong To You,belong lyricsi belong long want belong long want love ill forever true till set free worry guys sweet talk aint nothin darlin aint way want ive got think belong long want belong baby long want theres love weve known right wrong girls bother matter fool baby ive got best aint seen love way think love belong long want belong aint nothin darlin aint way want ive got think thats think belong long want belong long want belong long want belong youembed
2071,1975,Carole King,Nightingale,nightingale night bird homeward wingin seeks sheltered nest sailors lost horizon needs place rest songs hes singin longer sense strangers cold perceptions theyve killed confidence nightingale sails away sea song nightingale serenades lonely lonely life tired voice broken golden hope gone makes lost souls simple longing wrong nightingale nightingale strong taken thought success spotlight shadows lured lured took rest old dream look good needs hear tender word wont sing home nightingale sails away sea song nightingale serenades lonely lonely life strength slowly goin pride gone makes foolish dreamer listen song nightingale ooh sing sweet nightingale oh na na na na na nightingale oh nightingale oh nightingale sing sing sing sweet nightingaleembed
2077,1975,George Harrison,You,got mind set got mind set got mind set got mind set got mind set going money lot spending money going plenty money right child going time lot precious time going patience time right child got mind set got mind set got mind set got mind set time know real feeling feel know mind know got mind set set got mind set set going money lot spending money going plenty money right child going time lot precious time going patience time right got mind set got mind set got mind set got mind set time know real feelings feel know mind know going money lot spending money going plenty money right child going time lot precious time going patience time right set set set set got mind set got mind set got mind set got mind set set set set set set set set set you17embed
2079,1975,Bachman-Turner Overdrive,Down To The Line,line lyricsive mind ive got hurry ive stated case theres need come worry cause real straight shooter boot heels clean ill try better live dream live line know right line stayed night line way live life line way live love line line line sooner later gets time line way stand way cryin asked key theyre complainin instead tryin real straight shooter boot heels clean ill try better live dream live line know right line stayed night line way live love line way love life line line line sooner later gets time lineembed
2081,1975,Merry Clayton,Keep Your Eye On The Sparrow,eye sparrow lyricsdont bed price head crime time uh uh eye sparrow going gets narrow roll dice pay price run feet deadend street eye sparrow going gets narrow eye sparrow going gets narrow dirty youre gonna hurt yeah run away till hear eye sparrow going gets little rough narrow yeah baby eye eye sparrow honey going going gets narrowembed
2082,1975,New Birth,Dream Merchant,dream merchant lyricshey hey mr dream merchant depends oh yeah hey hey mr dream merchant bring dreams come true baby said goodbye love didnt mean didnt realize love need hey hey mr dream merchant depends oh yeah hey hey mr dream merchant bring dreams come true told fool stop blind man ive got pride pocket oh wont bring hey hey mr dream merchant depends oh yeah hey hey mr dream merchant bring dreams come true baby baby baby yeah hey hey mr dream merchant depends oh yeah hey hey mr dream merchant bring dreams come true em come true yeah yeah oh lord yeah yeah mrdream merchant favor happen baby tell waiting open arms dreams come true baby baby baby baby mr dream merchant oh bring need need need yeah yeah yeah yeah bring meembed
2083,1975,Loretta Lynn,The Pill,pill lyricsyou wined dined girl promised id wife youd world ive seen old world bed doctor tearing brooder house cause ive got pill years ive stayed home fun year thats gone babys come theres gonna changes right nursery hill youve set chicken time cause ive got pill old maternity dress ive got going garbage clothes wearing wont yardage miniskirts hot pants little fancy frills yeah making years ive got pill tired crowing hens play holding couple arms way chickens tore nest ready deal afford turn cause know ive got pill incubator overused youve kept filled feeling good comes easy ive got pill getting dark roosting time tonights good real aw daddy worry cause mamas got pill oh daddy worry cause mamas got pillembed
2087,1975,Pure Prairie League,Amie,amie think belong tried think let thing youre thought amie wanna think stay maybe longer think time right things thought werent proper right time way turn whats right wrong oh long amie wanna think stay maybe longer amie wanna think stay maybe longer come want youve way things thought faded gray know sure wont look tell amie wanna think stay maybe longer longer yeah amie wanna think stay maybe longer falling love falling love know gonna falling love you1embed
2089,1975,Frankie Valli,My Eyes Adored You,eyes adored eyes adored laid hand eyes adored million miles away adored close close far carried books school playing makebelieve youre married fifth grade sixth came walking home day barnegat bridge bay til grew went separate ways eyes adored laid hand eyes adored million miles away adored close close far headed city lights climbed ladder fortune fame worked fingers bone funny matter years unwind reminisce bout girl miss love left eyes adored laid hand eyes adored million miles away adored close close far life remember warm tender way feeling sad regrets know wont forget childhood friend eyes adored laid hand eyes adored million miles away adored close close far eyes adored laid hand eyes adored million miles away2embed
2090,1975,Tom T. Hall,Sneaky Snake,sneaky snake boys girls warning near lake eyes wide open look sneaky snake maybe wont maybe wont hear hell sneak drink root beer sneaky snake goes dancin wigglin ahissin sneaky snake goes dancin agigglin akissin old sneaky snake laughs goes wigglin grass tickles underneath sneaky snake drinks root beer makes sick dancin looks stick doesnt arms legs ears lookin hes stealin beer embed
2093,1975,Ozark Mountain Daredevils,Jackie Blue,jackie blue oohhoo jackie blue lives life inside room hides smile shes wearin frown ooh jackie youre life freeform style youll inch youd love mile floating lovin cup oohhoo jackie blue whats game girl lose ask winner youll probbly ooh jackie theyve lost try tell youre aware youre care easy natral thing playing music sing oohhoo jackie blue making wishes come true going places youve ooh jackie youre going guitar solo oohhoo jackie blue lives dream come true making love siftin sand ooh jackie slips hand day indigo eyes watch sun set rise moonlight stars strawberry wine youd world wont time oohhoo jackie blue lives life inside room makes think life drag ooh jackie fun ooh jackie ooh jackie ooh jackie ooh jackie ooh jackie hey hey hey hey guitar solo2embed
2094,1975,The Charlie Daniels Band,Long Haired Country Boy,long haired country boy people good crazy loon cause stoned mornin drunk afternoon kinda old blue tick hound lay shade aint got money damn sure got cause aint askin nothin way livin leave long haired country boy preacher man talkin tv puttin rock roll wants send donation cause hes worried soul said jesus walked water know true think preacher man little walkin aint askin nothin way livin leave long haired country boy poor girl wants marry rich girl wants flirt rich man goes college poor man goes work drunkard wants drink wine politician wants vote want nothin toke aint askin nothin way livin leave long haired country boy alone2embed
2098,1975,Commodores,Sweet Love,sweet love lyricsshow river thats deep mountain high ill love lasts forever flying high high ah world dreams dreamers things wish come true yeah wish world happy people thered wishing oh oh oh oh oh sweet love oh oh oh oh oh sweet love oh oh oh oh oh oh oooh ooooooooh oooh oooh oooh oooh oooh sweet sweet love sun shines rainbow high hill ride magic carpet youll know real world filled lonely people trying way need hand guide brighter day oh oh oh oh oh oh oh sweet sweet love sweet love oh oh oh oh oh sweet love sweet love oh oh oh oh oh oh oooh oooh hoo hoo hoo hoo hoo hoo hoo hoo hoo hoo oooh oooh oooh oooh yeah sweet love sweet love comes ages reach touch soul life meaning heart gold oh oh oh oh oh sweet love oh oh oh oh oooh oooh oooh sweet sweet love sweet sweet love oh oh oh oh oh sweet sweet oh sweet sweet love oooh oh needed love oh oh oh oh oh oooh oooh oooh oooh oooh sweet love sweet sweet love oh oh oh oh oh sweet love know youre searching know youre searching love little peace understanding know hard trying way got searching harder day day cause want stand yes sir little love heart little heart love way huh listen wonder hard ah trying cause love loves way oh oh oh oh oh oh love love sweet love sweet love ow oh oh oh oh oh youre way sweet love need friend ah ah oh oh oh oh oh love love love sweet love sweet sweet sweet sweet sweet sweet sweet sweet loveembed
2099,1975,Gloria Gaynor,Walk On By,walk lyricsyou said eyes windows soul love pain told knew dare look walking street start time leave walk walk believe tears let grieve private cause time break ooh baby walk ooh darling walk wanna walk baby baby stop love look way left losing broken blue walk walk foolish pride left let hide tears sadness gave said goobye ooh baby walk ooh sugar walk bybaby baby stop baby baby stop walk byubeh walk foolish pride left let hide tears sadness gave said goodbye walk byuuh baby walk byuuh sugar walk walk want walk walk tears left head look way wowwowwowwalk walk byembed
2101,1975,Helen Reddy,Bluebird,bluebird lyricsyeah lost night icy wind howling desolation lingers fog growing dimmer wind rain moon gone cloud stand live day cause bluebird went away locked room sorrow escape way away connection tomorrow hoping decide stay away oh limb sweet love stand live day bluebird oh lost night icy wind howling stand live day bluebird away bluebird away oh little bluebird awayembed
2102,1975,Leo Sayer,One Man Band,man band lyricswell everybody knows ladbrook grove leap street lose life taxi cab gotta eyes feet nice soft corner sit right guitar play law man comes says day man band knows understands anybody wanna lend hand man band days havent eaten getting soon cap wont large drop half crown hey mister look sad look ill ease play song cheer life lead man band knows understands anybody wanna lend hand man band oh oh oh look rain falling oh oh oh look rain oh look rain sees minstrel boy sings tale woe sees coming hey mister look sad look ill ease play song cheer life lead man band knows understands anybody wanna lend hand man band man band knows understands anybody wanna lend hand man band oh man band man band man band man bandembed
2104,1975,Vicki Lawrence,The Other Woman,woman early monday morning theres laundry emptying pockets kids school letter heart breaks womans writing saying baby love 10 years married havent let letdown quick appointment work gym downtown shock finally nicest dress fit sit mirror makeup kit woman fight life ive loved long taken away oh day going bury hurt gonna work roll sleeves needs lover night oh wife bet life gonna read daily papers discuss latest news love night way takes giving therell woman new life begins woman fight life ive loved long taken away oh day going bury hurt gonna work roll sleeves needs lover night oh wife bet life woman fight life ive loved long taken away oh day going bury hurt gonna work roll sleeves needs lover night oh wife bet lifeembed
2107,1975,Shirley Caesar,No Charge,charge lyricsmy sisters little boy came kitchen evening fixing supper handed piece paper writing wiping hands apron took hands read said mowing yard dollars making bed week dollar going store cents playing little brother went shopping cents taking trash dollar getting good report card dollars raking yard dollars total owed fourteen seventy looked standing expecting thousand memories flashed mind picked pen turned paper wrote 9 months carried holding inside charge nights sat doctored prayed charge time tears costs years charge add cost love charge nights filled grey worries ahead advice knowledge costs college charge toys school clothes wiping nose theres charge son add cost love charge know think think day jesus went calvary gave life ransom think words man christ hes new creature think minute shedded blood debt paid want know today add cost real love chargeembed
2108,1975,George McCrae,I Get Lifted,lifted sitting baby tell ya girl turn lifted high high high high lifted high high high high bring loving loving desire baby got match oh lights lifted high high high high lifted high high high high mama mama mama mama mama mama mama mama lifted high high high high lifted high high high high mama mama mama mama mama mama mama mama sitting corner waiting walk byembed
2111,1975,Justin Hayward & John Lodge,I Dreamed Last Night,dreamed night lyricsoh dreamed night hearing hearing voice things said left left choice told power told hour know dreamed night calling calling locked inside secrets calling told lost key told long free know oh let bird far distant mountain ship uncharted sea lost arms afraid loves plans oh afraid theres time place begin love let set free oh dreamed night hearing hearing voice things left left choice told power tell hour know oh let bird far distant mountain ship uncharted sea lost arms oh afraid loves plans afraid theres time place begin love let set free oh dreamed night hearing hearing voiceembed
2112,1975,C.W. McCall,Convoy,convoy yeah breaker onenine heres rubber duck got copy pig pen cmon uh yeah tenfour pig pen fer sure fer sure golly clean clear flag town cmon yeah big tenfour pig pen yeah definitely got door good buddy mercy sakes alive looks weve got convoy dark moon sixth june kenworth pullin logs cabover pete reefer jimmy haulin hogs headin bear i10 bout mile shakey town says pig pen heres rubber duck hammer cause got little ole convoy rockin night yeah got little ole convoy aint beautiful sight cmon join convoy aint nothin gonna way gonna roll truckin convoy cross usa convoy convoy yeah breaker pig pen heres duck uh wanna hogs uh tenfour bout mile tenroger hogs gettin intense time got tulsa town eightyfive trucks theys road block clover leaf bears wall wall yeah smokies bugs bumper bear air says callin trucks heres duck huntin bear cause got great big convoy rockin night yeah got great big convoy aint beautiful sight cmon join convoy aint nothin gonna way gonna roll truckin convoy cross usa convoy convoy uh wanna tennine pig pen uh negatory pig pen youre close yeah hogs startin close sinuses mercy sakes youd better rolled innerstate fourtyfour rocket sled rails tore swindle sheets left em settin scales time hit chitown bears gettin smart theyd brought reinforcements illinois national guard theres armored cars tanks jeeps rigs size yeah chicken coops bears choppers filled skies shot line went broke thousand screamin trucks long haired friends jesus chartreuse microbus yeah rubber duck sod buster cmon yeah tenfour sod buster listen wanna microbus suicide jockey yeah hes haulin dynamite needs help laid strip jersey shore prepared cross line bridge lined bears didnt doggone dime says pig pen heres rubber duck aint gonna pay toll crashed gate doin 98 says let truckers roll tenfour cause got mighty convoy rockin night yeah got mighty convoy aint beautiful sight cmon join convoy aint nothin gonna way gonna roll truckin convoy cross usa convoy convoy ah tenfour pig pen whats youre omaha oughtta know hogs fer sure mercy sakes good buddy gonna outta bugs yer glass bears yertail catch flip flop heres rubber duck gone bye bye8embed
2118,1975,Bob Seger,Katmandu,katmandu think going katmandu thats going thats gonna kkkkkkkatmandu think going going katmandu got kick west coast warner brothers good hosts raise whiskey glass em toast sure know true got rap southern states time great leavin late true thats going katmandu mountains going hey thats gonna oh kkkkkkkatmandu going going kathmandu got quarrel midwest folks given best ive lived life ive guest sure loved tired looking tv news tired driving hard paying dues figure baby got lose tired blue oh thats going katmandu mountains going thats gonna oh kkkkkkkatmandu baby cause going going katmandu bridge oh away aint got nothin gainst east coast want people got new york citys friendly ghost pass right know gonna miss usa guess ill miss single day loves know plane thats going katmandu mountains going thats gonna kkkkkkkatmandu going going katmandu oh ooh ooh ooh ooh ooh ooh ooh yeah yeah outro katmandu katmandu katmandu katmandu katmandu katmandu katmandu katmandu katmandu katmandu katmandu katmandu na na na na na na na na na na na na na na na na whoa whoa oh yeah na na na na na na na na na na na na na na na na3embed
2120,1975,Barry White,What Am I Gonna Do With You,gonna got got got got got got got oh baby sweet baby gonna yeah yeah baby sweet baby babe gonna yeah makin love hours baby goin strong girl night ooh swear feel comin yeah oh know girl wont able know got want stop givin baby oh baby girl gonna baby sweet baby babe gonna ooh groove thing love aint got babe girl use yeah stay right right know going girl unwillin youre know ow ooh ooh baby ooh ooh baby ooh ooh baby oh baby oh baby girl gonna ah baby sweet baby babe gonna brr nananana brr nananana ah brr nananana brr nananana yeah yeah eah eah baby oh baby tell gonna ah baby sweet baby babe girl gonna brr nananana brr nananana1embed
2121,1975,The Doobie Brothers,Sweet Maxine,sweet maxine lyricsshe capture heart start music playin sparkle eyes better wise end losin mind said baby pretty baby got hands somethins got hold somethins got hold somethins got hold somethins got hold born soul lord knows rock roll born soul lord knows rock roll shes answer poor boys dream seen sweet young thing shes teaser love squeeze actress fantasy scene said baby pretty baby open eyes truth somethins got hold somethins got hold somethins got hold somethins got hold shes got power power soul shes got power power rock rollembed
2122,1975,Al Green,Sha-La-La (Make Me Happy),shalala happy lyricssha la la la la la la oh baby sha la la la la la la oh baby ive gone long know oh baby know know ive going oh baby cause happy baby sha la la la la la la love sha la la la la la la thinkin know tell whats mind oh baby ive feeling way long time ya baby aw happy baby aw happy wanna trying feeling wont die oh sha la la la la la la gets bones baby leave love ya heh baby aw happy baby aw happy baby let sing sha la la la la la la oh baby sha la la la la la la oh babyembed
2124,1975,Hot Chocolate,Emma,emma pretty emma star everyones eyes said shed movie queen laughed face angel emmalene emma emmalene gonna write high silver screen emmalene emma emmalene gonna biggest star world seen seventeen wed worked day night earn daily bread day emma searching play came way know shed come home depressed id hear crying room feeling distressed id remember words emmalene come alive emmalene emma emmalene gonna write high silver screen emmalene emma emmalene gonna biggest star world seen cold dark december night opened bedroom door lying cold bed love letter lying bedroom floor read darling love living dreams tried hard leave tryin emmalene oh emmalene emmaleneembed
2126,1975,Neil Sedaka,Laughter In The Rain,laughter rain strolling country roads baby starts rain begins pour umbrella soaked skin feel shiver run spine feel warmth hand oh hear laughter rain walking hand hand love oh love rainy days happy way feel inside run tree turn kisses beat rain leaves beat softly breathes close eyes sharing love stormy skies oh hear laughter rain walking hand hand love oh love rainy days happy way feel inside feel warmth hand oh hear laughter rain walking hand hand love oh love rainy days happy way feel inside oh hear laughter rain walking hand hand love oh love rainy days happy way feel inside1embed
2129,1975,Four Tops,Seven Lonely Nights,seven lonely nights lyricsseven lonely nights cried week long seven lonely nights cried died inside baby swore holy book cherish obey stuck right promise day werent happy thats certain throwing final curtain girl hear baby begging wont rescue seven lonely nights cried tears falling seven lonely nights cried died inside baby going crazy ate humble pie having good time keeping satisfied cigarettes coffee mama pillow hold tightly hear baby turn hurtings girl seven lonely nights cried week long baby seven lonely nights cried died inside baby week long man ate slept early morning came creeping crying oh baby blew time aint lying seven lonely nights cried night long baby seven lonely nights cried cried sighed inside baby seven lonely nights cried night long girl seven lonely nights cried cried sighed babyembed
2130,1975,Jackson 5,Forever Came Today,forever came today forever forever standing reaching warm eyes touched heart love knew suddenly world life standing touched hand knew laid plan everlasting love ive forever dreaming forever came today walked life lonely life paradise came today forever came today ooh look eyes want ya feel touch know need ya young old know good thing let let moment thrill lifetime forever forever forever forever darling ooh darling touch face tell love led led place warm embrace warm embrace thanks thanks search ended want world gently love shined shined everlasting love everlasting love ive forever dreaming forever came today walked life walked walked walked life lonely life paradise came today forever came today came today forever came today uhhuhhum ooh love hour ooh youre precious little flower girl sweetness ooh life completeness day hour forever forever forever forever oh forever oh baby forever came today oh forever came today love hear music mmhmm love hear song gotta hear music hear sweet song hey wanna lose baby wanna lose believe forever got got ooh oh believe baby forever got got ooh baby forever believe forever got got ooh believe forever oh believe forever oh forever forever everembed
2132,1975,The Marshall Tucker Band,Fire On The Mountain,mountain took family away carolina home dreams west started roam long months dust covered trail heavens end far hell theres mountain lightning air gold hills waiting digging sifting selling stay alive gold flowed free whiskey bars sinning big thing lord satan star theres mountain lightning air gold hills waiting dance hall girls evening treat cartridges blood lined gutters street men shot sake fun hear noise fortyfour guns theres mountain lightning air gold hills waiting widow weeps grave tears flow free man save shot cold blood gun carried fame useless good worthless claim theres mountain lightning air gold hills waiting theres mountain lightning air gold hills waiting there2embed
2134,1975,The Eleventh Hour,Hollywood Hot,hollywood hot lyricschorus hollywood hot hollywood hot lot foxy fever got hot trot glam glitter hot action hollywood vine making anytime pick pick chicken boat chicken want bucks wanna sure tough sweet stuff uh huh said love chorus sale wanna love starlet making car lots gimme green scene buy lets swing chorus big shot cruising jag chasing drag bail bond buy bails mr pickle beverly hills red light stop sign aint gonna pay fine chorus hollywood hot hollywood hot hollywood hot hollywood hot hollywood hot hollywood hot chorus hot hollywood hot hollywood hot hollywood hot hollywood chorus 3xembed
2137,1975,The Spinners,"Living A Little, Laughing A Little",living little laughing little lyricslaugh clown hes best town ah ha ride merrygoround spinning faster sound ah ha ah ha laugh funny man cries makeup smeared ah ha laugh comical tears thinks years ah ha ah ha living little laughing little aint easy ah ah ah ah ah living little laughing little aint easy ah ha ha oh laugh fool heart hand ah ha understand hes man ah ha ah ha lost deep shell theres ember pride ah ha watch tries hard hide hes dying inside ah ha ah ha hey living little laughing little aint easy ah ha ha ha ha hard hard living little laughing little aint easy ah ha ha ha ha oh living little laughing little aint easy fool plan life gonna change ah ah ah ah ah living little yes sir laughing little aint easy whoa ah ha ha ha ha oh time living little laughing little oh aint easy aint easy ah ha ha ha ha living little living laughing little mean world aint easy oh aint easy feel clown ah ha ha ha ha living little turn world laughing little gotta smile aint easy oh ah ha ha ha ha wont help ah help living little live laughing little wanna laugh yeah aint easy hey ah ha ha ha ha hey hey living little laughing little lord aint easy oh ah ha ha ha ha living little feel youre riding cloud laughing little crying loud things wrong aint easy minute ah ha ha ha ha song things aint way living little laughing little aint easy aint easy ah ha ha ha ha let hear hear oh time living little misery laughing little day ill free aint easy ill smiling ill smiling ah ha ha ha ha ill smiling living little oh laughing little oh trying aint easy ah ha ha ha ha little bit yall little little love little bit love living littleembed
2138,1975,Simon & Garfunkel,My Little Town,little town little town grew believing god keeps eye lean pledged allegiance wall lord recall little town coming home school flying bike past gates factories mom laundry hanging shirts dirty breeze rains theres rainbow colors black colors arent imagination lack everythings dead dying little town dead dying little town meant fathers son saving money dreaming glory twitching finger trigger gun leaving dead dying dead dying little town dead dying little townembed
2140,1975,Glen Campbell,Rhinestone Cowboy,rhinestone cowboy lyricsive walkin streets long singin old song know crack dirty sidewalks broadway hustles game nice guys washed away snow rain theres load compromisin road horizon gonna lights shinin rhinestone cowboy riding horse starspangled rodeo rhinestone cowboy getting cards letters people know offers comin phone mind rain smile hide pain youre youre ridin train thats takin long way dream things ill subway token dollar tucked inside shoe therell load compromisin road horizon gonna lights shinin rhinestone cowboy riding horse starspangled rodeo rhinestone cowboy gettin cards letters people know offers comin phone rhinestone cowboy riding horse starspangled rodeo rhinestone cowboy gettin card letters people know5embed
2141,1975,John Denver,Fly Away,fly away lyricsall days gone soft cloudy dreams gone dry nights gone sad shady shes gettin ready fly fly away mmmm fly away mmmmfly away life city crazy sounds sand sea love sea life highrise hungry things fly away mmmm fly away mmmmfly away world theres lonely lonely theres theres shed id shes looking lovers children playing shes looking signs spring spring listens laughter sounds dancing listens old thing fly away mmmm fly away mmmmfly away world theres lonely theres lonely theres theres shed id days gone soft cloudy dreams gone dry days nights gone sad shady shes gettin ready fly fly away mmmm fly away mmmm fly away mmmmfly away days nights springtime wanna fly wanna fly wanna flyembed
2143,1975,Maureen McGovern,We May Never Love Like This Again,love lyricswe love stop flow let love touch sky try lets release dreams inside set free oh lets leave mark theres candle dark guide love days hills ill reaching hold know sure love love love love love love repeat fade outembed
2147,1975,Helen Reddy,Somewhere In The Night,night lyricstime time love love hold tonight ill stir feel inside flames love enfold laying lost feeling glad opened door come night know lovers shall know youre song music magic end ill play loving warm moving right closing eyes feeling light burning bright night youll sleep morning comes ill lie watch sleeping youll smile dream night secret youve keeping laying lost feeling glad opened door come night know lovers know youre song music magic end ill play loving warm moving right closing eyes feeling light burning bright night loving warm moving right closing eyes feeling light burning bright night burning bright night burning bright night burning bright nightembed
2148,1975,Dickie Goodman,Mr. Jaws,mr jaws lyricswe beach giant shark eaten girl swimmer mr jaws dynomite grabbed mister know sharks stupid think took bite sweet mr jaws swim sea friends friends local sheriff sheriff brody shark lunch intend little dance little love tonight arriving oceanographer matt hooper sir attacked shark hustle going aboard fishing boat captain quint captain able catch giant shark thank captain captain captain captain catch sharks feel rhinestone cowboy weve sighted shark hes coming straight captain quint shouting baby nights hey jaws captain says hes going catch think jive talking uhoh comes theyve hit mr jaws doesnt hurt big boys big boys hes coming right boat mr jaws grabbing hand wouldnt hand friend wait mr jaws thats way record supposed end help help glub glubembed
2149,1975,Joe Simon,Music In My Bones,music bones lyricsi want everybody dancin shoes want clap hands right want join help sing little bit music bones sit come yall come music bones sit yeah sing time mind music bones sit oh trying hard seat music bones sit ooh yeah bodys shaking groovin beat music bones sit yes feel good feel good baby groove blues music puts mood oh excuse thing yall come ooh yeah music bones sit think outdo step ring music bones sit ooh yeah come come oh yeah baddest thing come line set lets come come come ohh feeling good tonight yes groove blues music puts mood oh good movin yall music bones sit ooh yeah having good time sit music bones sit thats alright music bones sit ooh yeah let thing yall come music bones sit come leave music bones sit hand let music bones sit thing come joe simon haha music bones sit come boy ohh music bones sit gotta tell youre lookin good tonight ah music bones sit oh lookit know yall wondering ha ha music bones sit know youre wondering gonna right music bones sit oh yeah dear sister uh music bones sit dear ms mr jones yall music bones sit thing tonight music bones sit cat music bones sit got wrong woman music bones sit ooh yeah hes sure movin yall music bones sit words moved cool music bones sit know talkin wanna music bones sit kinda sing yall oh music bones sit music ooh yeah music bones sit music good oh yes music bones sit wanna wrong music bones sit oh yes music bones sit music music bones sit wanna right yes music bones sit let tell gonna music bones sit gonna lay town music bones sit gonna start hustle music bones sit gonna music bones sit reason gonna uh music bones sit music wont let sit music bones sit music bones sit music bones sit music ooh yeah music bones sit music good oh yes music bones sit wanna wrong music bones sit oh yes music bones sit music music bones sit wanna right yes music bones sit let tell gonna music bones sit gonna danceembed
2150,1975,Leo Sayer,Long Tall Glasses (I Can Dance),long tall glasses dance lyricsi travellin road feelin hungry cold saw sign sayin food drinks naturally thought look inside saw food water coming eyes yeah ham turkey caviar long tall glasses wine yare somebody grabbed threw chair said eat gotta dance fred astaire know dance know dance know dance know dance dance man road hobo seek entertainment poultry game yes try hand hungry sure understand hmm wait minute course dance course dance sure dance sure dance dance dance hit floor ah feels good look dancin step quick step bossanova little victor sylvester rudy valentino seen moving right floor hand tuxedo week coming dance oh yes dance look dance floor movin feel good dance dance dance dance dance dance songwriters leo sayer david courtney2embed
2152,1975,Commodores,Slippery When Wet,slippery wet listen brothers listen brothers got tell run married man youre taking care business youve got dig got cause got shonuff mean lot aint taking care business expect love gets slippery wet know hanging loose outta sight hanging loose aint right slipping tipping having fun aint good leaving homework undone youve got thing dig youve got cause youve got shonuff mean lot aint taking care business expect love gets slippery wet aint taking care business expect love gets slippery wet uh huh slippery slippery love gets slippery wet oh itll slip away yeah love gets slippery wet ooooooh love gets slippery wet slippery slippery love gets slippery wet let love slip away love gets slippery wet ow taking care business love gets slippery wetembed
2153,1975,America,Daisy Jane,daisy jane flying memphis gotta daisy jane summers gone hope shes feeling left roam city thinking ease pain crazy man playing crazy game game love think stars know sky bright everythings alright flying memphis honey oven warm clouds clearing think storm ive picking daisy think sane awful glad guess youre blame blame love hope stars love cold night everythings alright 1embed
2155,1975,Carly Simon,Waterfall,waterfall lyricscarly simon somethings going waterfall strong feelings old love saw sense feel theres caffeine blood waterfall goin waterfall washing spinnin lord drownin waterfall going waterfall washing waterfall going youre old lover making new contact making cold defenses melt lying arms fact feeling ive felt waterfall going waterfall washing spinninme round lord drowning waterfall going waterfall washing waterfall going downembed
2159,1975,Carly Simon,More And More,lyricsmac rebennackalvin robinson want melody let know love want song sing let know real thing want close harmony want close harmony serenades symphonies lullabyes sweet melodies romantic rhapsodies music maestro want love affair cause darlin lay head breast fondle tenderness weve got key happiness close eyes ill rest rest rest want life wouldnt settle nothin nothin want close harmony want close harmony wanna close harmony wanna close harmony wanna close harmony wanna close harmonyembed
2165,1975,Nazareth,Love Hurts,love hurts love hurts love scars love wounds marks heart tough strong lot pain lot pain love cloud holds lot rain love hurts ooh ooh love hurts young know know thing learned learned lot learned lot love flame burns hot love hurts ooh ooh love hurts fools think happiness blissfulness togetherness fools fool guess theyre foolin know isnt true know isnt true love lie blue love hurts ooh ooh love hurts ooh ooh love hurts know isnt true know isnt true love lie blue love hurts ooh ooh love hurts ooh ooh love hurts ooh ooh8embed
2167,1975,The Grateful Dead,The Music Never Stopped,music stopped theres mosquitoes river fish rising birds hot seven weeks hot speak hear heard fiddle wind beat feel feet listen comes theres band highway theyre high stepping town rainbow sound fireworks calliopes clowns everybodys dancing come children come children come clap hands sun went honey moon came wine know stars spinning dizzy lord band kept busy forgot time theyre band description jehovahs favorite choir people joining hand hand music played band lord theyre setting crazy rooster crowing midnight balls lighting roll old men sing dreams women laugh children scream band keeps playing dancing daylight greet morning air song ones noticed bands packed gone kept dancing come children come children come clap hands cool breeze came tuesday corns bumper crop fields dancing singing romancing music stopped2embed
