,Year,Artist,song_name,further_clean_text
2171,1976,Candi Staton,Young Hearts Run Free,young hearts run free lyricswhats sense sharing life ending lost lonely wife count years filled tears love breaks start youll babies wont man busy loving woman uhhuh gonna leave times day easier said break away break away oh young hearts run free theyll hung hung man man ooh young hearts true fool love love love high time crack life wants live trouble strife mind free learn mmm gonna love rest days encourage babies time self preservation whats going today gonna turn loose thousand times day turn loose break away break away oh young hearts run free theyll hung hung man ooh young hearts true fool love love love young hearts run free theyll hung hung man man oh young hearts true fool love love love ooh young hearts run free theyll hung hung man man oh young hearts true fool love love love ooh young hearts run free theyll hung hung man me2embed
2172,1976,Electric Light Orchestra,Strange Magic,strange magic youre sailing softly sun broken stone age dawn fly high strange magic oh strange magic oh strange magic got strange magic got strange magic youre walking meadows mind making waves time oh oh strange magic oh strange magic oh strange magic got strange magic got strange magic oh gonna ive seen way got end sweet dream sweet dream strange magic oh strange magic oh strange magic got strange magic got strange magic magic magic magic strange magic oh strange magic oh strange magic got strange magic strange magic oh strange magic strange magic got strange magic strange magic oh strange magic oh strange magic got strange magic got strange magic know got strange magic yeah got strange magic strange magic2embed
2173,1976,Jethro Tull,Locomotive Breath,locomotive breath shuffling madness locomotive breath runs alltime loser headlong death feels piston scraping steam breaking brow old charlie stole handle train wont stop going way slow ohoh sees children jumping stations woman best friend bed having fun hes crawling corridor hands knees old charlie stole handle train wont stop going way slow heyhey hears silence howling catches angels fall alltime winner got balls oh picks gideons bible open page said god stole handle train wont stop goin way slow way slow way slow way slow way slow way slow down3embed
2180,1976,America,Woman Tonight,woman tonight lyricsoh hold tight wont woman tonight oh hold tight wont woman tonight shivers spine time happys know shes hold hold tight treat right wont woman tonight treat right wont woman tonight let time touch yous wanna know hold hold tight right hold tight hold tight wont woman tonight hold tight wont woman tonight shivers spine time happys know shes hold hold tight hold tight woman tonightembed
2183,1976,Johnnie Taylor,Disco Lady,disco lady lyricsshake shake round disco lady disco lady shake shake disco lady hey sexy lady said way thang lord mercy girl dance fine youre right time girl ought tv soul train groove aint stopping help finger popping shake shake round disco lady disco lady shake baby shake baby shake thang shake baby shake baby shake thang got grooving feel moving got loving sit grooving funky stuff shake shake round disco lady shove disco lady hey sexy lady girl drive crazy dance fine youre right time girl youre driving mind wasnt girl sitting id jump right outta safety seat got hypnotized soul mesmoized girl youre moving girl youre groovin shake baby shake shake baby shake shake baby shake shake baby shake shake baby shake shake baby shake shake baby shake shake baby shake shake shake round disco lady shove disco lady shake shake round disco lady shove disco lady shake shake round disco ladyembed
2185,1976,Commodores,Just To Be Close To You,close lyricsjust close girl moment hour close girl yeah oh ah baby aw know ive changes life girl aw ive real high thought didnt need anybody aw ive real low life needed aw material things thought value aw girl didnt value lonely man man direction purpose love love aw girl came life jagged edges smooth whoo direction clear aw woman purpose reason living girl youre heart youre soul youre stone inspiration baby oh thats standing singing opening arms wanna child hand aw live love forever yeah hand mmmm yeah hand girl live lives yeah mmmm yeah aw aw aw close girl moment baby hour close girl hey hey mmmm hmmm hmmm mmmm mmmm mmmm ive searching long baby searching somebody folks takes lifetime sugar world dream come true hand oh live love forever yeah hand girl hand spend lives aw aw aw oh yeah oh yeah aw close girl moment aw moment aw hour close girl need baby love loved baby warm body close whisper words feel woman girl know love stand test time close girl moment baby moment baby moment baby shoo doo doo doo yeah yeah yeah yeah yeah yeah yeah oooh oooh oooh oooh yeah yeah yeah yeah yeah yeah yeah yeah yeah yeah yeah eh girl wanna closer closer girl hold closer heart burning girl got yearning love yeah yeah yeah yeah yeah yeah yeah1embed
2186,1976,Starland Vocal Band,Afternoon Delight,afternoon delight gonna baby gonna hold tight gonna grab afternoon delight mottos right right wait middle cold dark night everythings little clearer light day know night gonna thinking yous working appetite looking forward little afternoon delight rubbing sticks stones sparks ignite thought rubbing getting exciting skyrockets flight afternoon delight afternoon delight afternoon delight started morning feeling polite thought fish caught didnt bite got bait awaiting think nibbling little afternoon delight skyrockets flight afternoon delight afternoon delight afternoon delight waiting baby come lot loving fore sun gone thinking yous working appetite looking forward little afternoon delight rubbing sticks stones sparks ignite thought rubbing getting exciting skyrockets flight afternoon delight afternoon delight afternoon delight8embed
2187,1976,Norman Connors,Valentine Love,valentine love lyricsim sending valentine hopes youre valentine doesnt reach okay bad thought come baby heart love love sending valentine hopes youre valentine doesnt reach okay mind patience thats love knees begging baby theres wont hold arms baby baby baby baby love theres baby wont hold love sending valentine sending valentine sending valentine love sing sing sing sing baby theres wont knees begging stay knees darling wont away wont away ooh baby woo baby loveembed
2191,1976,The J. Geils Band,Where Did Our Love Go,love lyricsbaby baby baby leave oh leave yeah ive got yearning burning yearning feelin inside ooh deep inside oh hurts bad ooh baby baby love want want yeah came heart burning love kept hurtin oh bad oh baby baby love want want baby baby baby love want want baby baby love want want moreembed
2192,1976,Red Sovine,Teddy Bear,teddy bear outskirts little southern town trying reach destination sun went old cb blaring away channel 19 came little boys voice radio line said breaker 19 come truckers talk teddy bear keyed mic said got teddy bear little boys voice came air appreciate break got end told handle began supposed bother fellows mom says youre busy stay air lonely helps talk cause thats crippled walk came told mic id talk long hed liked dads radio little boy said guess moms cause daddys dead dad wreck month ago trying home blinding snow mom work ends meet help crippled feet says worry alright hear crying late night know theres thing want oh know guys busy bother dad rides home guess thats daddys gone breaker came old cb little crippled boy talked tried hard swallow lump wouldnt stay thought boy greenville town dad gonna mom later year remember saying someday old truck teddy bear know ill ride 18wheeler old basell touch trucker friends teddy bears gonna leave cause time mom come home shout youre passing ill surely happy come came said 1010 whats home 20 little cb friend gave address didnt hesitate cause hot load freight wait turned truck dime headed straight jackson street 229 rounded corner oh got heck shock 18wheelers lined city blocks guess driver miles caught teddy bears little crippled boy having ball fast driver carry carry truck better believe took turn riding teddy bear carried chair buddy live happiness want know saw day face little man took collection mama got home driver said goodbye gone shook hand mile long grin said long trucker ill catch ah hit interstate tears eyes turned radio got surprise breaker 19 came voice air word thanks mama teddy bear wish special prayer cause little boys dream come true ill sign start god ride 104 goodbye1embed
2193,1976,Major Harris,Laid Back Love,laid love lyricswe got laid love love thats got groove thats weve got laid love thats got feeling good bone got special rhythm thats different suit follow drummer love got laid love gonna young got laid love going comes got kind living nice easy right cause theres sense rushing youre making love weve got laid love thats beautiful way got laid love thats giving happiness got laid love love thats got identity laying got way acting worlds trafficking love theres sense competing defeating love weve got laid love thats beautiful way got laid love thats giving happiness lay lay lay lay love hey girl blue notes know talking youembed
2195,1976,Mary Macgregor,Torn Between Two Lovers,torn lovers times woman whats mind knows gonna hurt word let tell love let hold close words gently theres man ive needed ive loved doesnt mean love knows possess knows theres place inside torn lovers feelin fool lovin breakin rules torn lovers feelin fool lovin breakin rules mustnt think youve failed theres real love things said swear true gave torn lovers feelin fool lovin breakin rules torn lovers feelin fool lovin breakin rules blame turned walked away feel inside asking stay torn lovers feelin fool lovin breakin rules torn lovers feelin fool lovin breakin rules torn lovers feelin fool lovin breakin rules torn lovers feelin fool lovin breakin rulesembed
2197,1976,David Geddes,The Last Game Of The Season (A Blind Man In The Bleachers),game season blind man bleachers lyricshes blind man bleachers local home town fans sits beneath speakers way stands listens play play hes waiting wants hear son game boys hero hes strictly second team tho runs night touchdowns fathers sweetest dreams hes gonna star day tho tell blind man bleachers knows game season friday night home knows reason blind man didnt come boy looks kinda nervous turns stares tho sees old man sittin local boys tryin slowly lose players hes carried field halftime locker room kid goes sees talkin phone games started gets team half crowd hear coach yell hell gettin ready second half hell cause youre gonna let play word turns runs game silence field loudspeakers itll local papers team came saw playin heart win game coach asked tell thinkin play knew dad blind said tonight passed away time fathers seen playembed
2204,1976,Ozark Mountain Daredevils,If I Only Knew,knew lyricsintro knew wakes knew outside walkin morning dew shouldnt far shouldnt far away away away knew road went knew outside walkin morning air shouldnt hard shouldnt hard sax solo hey funny looking clothes run happy glow knew knew wouldnt mistakes usually shouldnt hard shouldnt hard guitar solo copyright 1975 larry lee steve cashembed
2206,1976,Bachman-Turner Overdrive,Gimme Your Money Please,gimme money lyricsi walking alley face ive seen came deep darkness mouth came real mean saw hed liquored staggered know staggered feet said boy youd better real slow gimme money said gimme money wasnt strange wasnt strange wasnt strange wasnt strange said gimme money said gimme money born raised new york aint wont cause streets filled bad goingson know thats place car broke evening know stopped stone cold stopped stone cold street dirty mean man sharp glass eyes said gimme money said gimme money wasnt strange wasnt strange wasnt strange wasnt strange said gimme money said gimme money born raised new york aint wont cause streets filled bad goingson know thats place car broke evening know stopped stone cold stopped stone cold street dirty mean man shotgun hand said gimme money said gimme money wasnt strange wasnt strange wasnt strange wasnt strange said gimme money said gimme money said gimme money said gimme money awwwembed
2208,1976,Dr. Buzzard's Original Savannah Band,Whispering/Cherchez La Femme/Se Si Bon,whisperingcherchez la femmese si bon tommy mottola lives road lost lady months ago maybe hell maybe wont oh sleeps big grey cadillac oh honey blowing mind cheap grass wine oh aint crazy baby hey guess hey hey guess la femme fatale la belle bien sur man learnt lesson ohoh hey hey hes hes hes got woman home misery ohho cherchez la femme miggie miggie bonijas upset shes sick tired bein debt tired roaches tired roaches tired rats tired rats know ohoh oh oh oh oh noble man says baby understand oh honey hes working jobs eighth avenue bars oh aint crazy baby yeah complains complains man present goes door know shes playing whore hey misery friends cherchez la femme theyll tell lie colgate smile hey baby love second hate oh aint crazy yeah hey hey thing certain theyre sluts saints misery friends cherchez la femme hey cherchez la femme1embed
2209,1976,Carpenters,I Need To Be In Love,need love hardest thing ive believing theres crazy world way people come temporary lives chance come know promises lets simple freedom helps goodbye took learn comes free price ive paid high know need love know ive wasted time know ask perfection imperfect world fool think thats ill pockets good intentions comfort tonight wide awake friend sight hanging hope alright know need love know ive wasted time know ask perfection imperfect world fool think thats ill know need love know ive wasted time know ask perfection imperfect world fool think thats ill find1embed
2210,1976,Donna Summer,Could It Be Magic,magic oh baby long ive waited long want come come come come arms oh baby need need come come come arms spirits time near whirling cyclone mind oh sweet peter angel lifetime answer answers baby love come come come arms let know wonder baby want hold fast magic oh hold let oh oh come life come oh need baby oh ahh baby hold hold oh baby high hillside high stallion meets sun love build world leave til life baby love come come come arms let know wonder baby want hold fast magic baby love come come come arms magic baby want hold fast magic baby want come come come arms let know wonder baby want hold fast magic magic yeah hold come arms magic baby want oh oh hold fast oh magic magic oh oh hold fast oh magic magic come come come hey come arms oh let know wonder baby want whoa whoa hold fast oh let know wonder baby want nowembed
2214,1976,Boz Scaggs,What Can I Say,lyricswhat 3 wouldnt know things end way best perfect guest knew perfect knew stay come tell love dear ive feeling time clear ive waiting oh know baby care got number baby dodododo people stop stare wonder happened standing eye got acting fool girl stop making little school girl lucky day baby ooooh hot ooohooo hot little girl ooooooo talking girl oh know baby care oh got knees oooh baby say1embed
2220,1976,Ohio Players,Fopp,fopp fopped night night fopp outside went indoors fopped hard people roar stood gave floor fopp fopp wouldnt let stop kept foppin rockin house hoppin foppin way makes groove everybody foppin shoppin rockin floor everybody foppin fopp ill fopp foppin brand new thing fopped days lost shoe fopped tough room yeah raise leg hump thing slack shake hips turn round fopp got fopp fopp right fopp wrong foppin night long girl short baby youre tall foppin mean thing listen foppin way makes everybody foppin shoppin rockin floor everybody foppin young child youre old mean got soul listen rich fopp pope fopp youre ninetyfour funkin foppin let em stop ya foppin foppin youll house rockin foppin foppin knees rockin foppin foppin hey hey hey hey hey heyembed
2221,1976,Mac Davis,Forever Lovers,forever lovers lyricsforever lovers forever friends lifetimes short time love ends checked small hotel blushed asked bridal suite beginning lives anxiously theyd waited moment love complete reached inside brand new traveling bag brand new negligee shyly slipped suddenly realized beauty tender prize hed waited long finally won climbed bed snapped fingers said ive got champagne theres little store right block ill minute close eyes hon ill right time goes slowly shes sure passed hears siren screaming night seven hours later rocking bed singing early morning light forever lovers forever friends lifetimes short time love ends checks old hotel pays little extra suite slips faded negligee brushes hair gray lays body wait night air curtains makes sound breathing reaches fingertips morning tear stains pillow smile kiss lips forever lovers forever friends lifetimes short time knew id forever lovers forever friends lifetimes short time love endsembed
2226,1976,KISS,Shout It Out Loud,shout loud nights begun want fun think youre gonna think youre gonna got treat number need reminded need reminded doesnt matter forget things youve told way everybodys got rock roll whoa whoa shout shout shout loud shout shout shout loud feel good theres way sit brokenhearted sit brokenhearted friends neighborhood party started party started let em tell theres noise theyre old understand youll rowdy girls boys cause time stand yeah yeah shout shout shout loud shout shout shout loud shout shout shout loud youve got party shout shout shout loud turn louder shout shout shout loud everybody shout shout shout shout loud oh yeah shout shout shout loud hear getting louder shout shout shout loud everybody shout shout shout shout loud whooembed
2228,1976,Al Martino,Volare,volare lyricssometimes world valley heartaches tears hustle bustle sunshine appears love remind way leave shadows volare oho cantare ohohoho lets fly way clouds away maddening crowds sing glow star know lovers enjoy peace mind let leave confusion disillusion birds feather rainbow volare oho cantare ohohoho wonder happy heart sings love given wings volare oho cantare ohohoho nel blu dipinto di blu felice di stare lass tu e volavo volavo felice pi alto del sole ed ancora pi su mentre il mondo pian piano spariva lontano laggiu una musica dolce suonava soltanto volare oho cantare ohohoho lets fly way clouds away maddening crowds sing glow star know lovers enjoy peace mind let leave confusion disillusion birds feather rainbow volare oho cantare ohohoho wonder happy heart sings love given wings volare oho cantare ohohoho nel blu dipinto di blu felice di stare lass tu e volavo volavo felice pi alto del sole ed ancora pi su mentre il mondo pian piano spariva lontano laggiu una musica dolce suonava soltanto volare oho cantare ohohoho wonder happy heart sings love given wings nel blu dipinto di blu felice di stare lass tu wonder happy heart sings love given wingsembed
2233,1976,Freddy Fender,Living It Down,living lyricsshes taking easy taking hard shes got falling apart shes having time painting town shes living living day shes mind guess think id shed come home forgive fool ella quiere se donde esta y tal vez masana mi volviera embed
2234,1976,Aerosmith,Dream On,dream time look mirror lines face getting clearer past gone went dusk dawn isnt way everybodys got dues life pay yeah know knows comes goes know everybodys sin got lose know win half lifes books written pages lived learned fools sages know true things come sing sing year sing laughter sing tear sing today maybe tomorrow good lord away sing sing year sing laughter sing tear sing today maybe tomorrow good lord away dream dream dream dream dreams come true dream dream dream dream dreams come true dream dream dream dream dream dream dream aaaaaah sing sing year sing laughter sing tear sing today maybe tomorrow good lord away sing sing year sing laughter sing tear sing today maybe tomorrow good lord away99embed
2235,1976,The Who,Squeeze Box,squeeze box lyricsmamas got squeeze box wears chest daddy comes home gets rest cause shes playing night musics alright mamas got squeeze box daddy sleeps night kids eat dog sleep theres escape music damn street cause shes playing night musics alright mamas got squeeze box daddy sleeps night goes shes playin night musics right mamas got squeeze box daddy sleeps night goes squeeze come squeeze come tease love mamas got squeeze box daddy sleeps night goes cause shes playing night musics alright mamas got squeeze box daddy sleeps night1embed
2236,1976,Ray Stevens,Young Love,young love lyricsthey boy girl theres love world know ive heavenly touch embrace tells place heart young love love filled true devotion young love love share deep emotion kiss sweet lips tell love real feel true vow love young love love filled true devotion young love love share deep emotionembed
2239,1976,Atlanta Rhythm Section,Jukin,jukin lyricsif jukin western swing outside austin texas know cowboys dream aint look cowboy club got jukin got jukin blood comes country music liked till heard played texas touch kinda boogie wanna jukin lets jukin got jukin blood lets jukin wanna jukin got jukin blood right time dean deep heart texas jukin stops texas playboys old zzs tops keeps smoking lord hope wanna jukin lets jukin got jukin blood lets jukin wanna jukin got jukin blood jukin western swing outside austin texas know cowboys dream aint look cowboy club got jukin got jukin blood lets jukin wanna jukin got jukin blood yes doembed
2240,1976,John Miles,Music,music music love music future music past live music impossible world troubles music pulls music love music future music past music past music past music love music future music past live music impossible world troubles music pulls through2embed
2241,1976,The Wing And A Prayer Fife & Drum Corps.,Baby Face,baby face live amoeba song wanna join oh baby face youve got cutest little baby face theres place oh baby face poor heart jumpin sure started somethin baby face heaven fond embrace didnt need shove cause went fell love pretty little baby talkin bout little baby pretty pretty little baby face new ending yeahembed
2242,1976,Daryl Hall John Oates,"Do What You Want, Be What You Are",want lyricsdo want want girl aint right wrong way play heart aint sign weakness girl away strong weak weak stay want want want want want want want want believe hot cars leather bars movie stars whats real payin dues earth shoes chicago blues feel change change change change conceal whats deep inside game deal game deal want want want want want want want want want girl want want canembed
2244,1976,Gary Wright,Dream Weaver,dream weaver ive closed eyes climbed aboard dream weaver train driver away worries today leave tomorrow ooh dream weaver believe night ooh dream weaver believe reach morning light fly high starry skies maybe astral plane cross highways fantasy help forget todays pain ooh dream weaver believe night ooh dream weaver believe reach morning light dawn coming soon time fly away bright moon meet ooh dream weaver believe night ooh dream weaver believe reach morning light dream weaver dream weaver2embed
2245,1976,The Spinners,Wake Up Susan,wake susan lyricsi stand wait minute longer way let know love ready heart beating fast growing weaker know long stand hear early morning tossing pebbles window pane trying wake tired ive got wont believe youre home wake susan know youre missing right wake susan know youre missing right right wait arms baby little bodys aching want oh bad hear youd wake id glad wake susan know youre missing right wake susan know youre missing right right hereembed
2246,1976,Chicago,If You Leave Me Now,leave leave youll away biggest ooh baby leave youll away heart ooh baby ooh girl want stay love love thats hard let slip away weve come far leave end way tomorrow comes regret things said today love love thats hard let slip away weve come far leave end way tomorrow comes regret things said today leave youll away biggest ooh baby ooh girl got ooh baby ooh mama got lovin12embed
2247,1976,Bellamy Brothers,Hell Cat,hell cat lyricshey lonely girl youve long home mind brink vertigo old man hes spaced know got got let sucker know erupted got got threaten bust ooh got little hellcat got got ooh got little hellcat youre gonna way youre miserable youre sitting dream feet dancing got let em nightclub way day downtown boys handsome treat em bad know pretty soon hes gonna treat good youll dining kings queens hes gonna treat mean embed
2250,1976,Waylon & Willie,Good Hearted Woman,good hearted woman long time forgotten dreams fell way good life promised aint shes livin today complains bad times bad things hes lord talks good times theyve good times come shes good hearted woman love good timin man loves spite ways understand teardrops laughter theyll pass world hand hand good hearted woman lovin good timin man likes night life bright lights good timin friends partys shell welcome home lord knows understand best cause shes good hearted woman loves good timin man shes good hearted woman love good timin man loves spite wicked ways understand teardrops laughter theyll pass world hand hand good hearted woman lovin good timin man shes good hearted woman love good timin man loves spite wicked ways understand teardrops laughter pass world hand hand love good hearted woman lovin good timin man2embed
2252,1976,Jefferson Starship,St. Charles,st charles lyricslet tell bout dream dream know saw dream oh st charles sings sings love st charles tell tonight wont tell bout love know saw dream china eyes silk velvet disguise movin lady lookin dragon princess walkin walkin river rollin rhythm love felt ill stop want oh st charles sings sings love st charles tell tonight wont tell bout love know saw dream shanghied way hypnotized things moonlight water lovers lifetime woh vision ah feels prison spell demon away oh st charles sings sings love st charles tell tonight wont tell bout love tell bout love saw dream tell bout love know saw dream dream let place time world people dancin rhyme dance air sixfingered webbed fair air storm bringer yeh storm changer yeh tie main mast tie main mast ulysses water storm winds comin main line tie main mast tie love tie love feel stormin feel coming stormin feel stormin feel comin stormin arhhhhhh stormin stormin stormin stormin stormin stormin stormin stormin stormin storminembed
2253,1976,John Denver,Christmas For Cowboys,christmas cowboys lyricstall saddle spend christmas day driving cattle snow soveredplains good gifts given today sky wide open range cities different ways football eggnog christmas parades ill saddle ill reins christmas cowboys wideopen plains campfire warmth stop night stars overhead christmas tree lights wind sings hymn bow pray christmas cowboys wideopen plains tall saddle spend christmas day driving cattle snowcovered plains good gifts given today sky wide open range christmas cowboys wide open plainsembed
2255,1976,Willie Nelson,Remember Me,remember lyricsyou told forever till end eternity vows broken memory remember candle lights gleamin remember close long long day sweet dreamin know remember brighter face place apart dear love heart bold free end fair weather friends break heart dear sweetheart remember remember candle lights gleamin remember close long long day sweet dreamin know remember know remember meembed
2257,1976,Marvin Gaye,I Want You,want want want right way right way babe want yes want want want want want baby want right baby want woo oh love want return sweet darling half love feel ooh bad sad want going change mind someway oh baby want right way want want want want want baby want way love fantasy oh sugar share precious pure fair ooh play cherish life oh baby want care aint lonely want want right way want baby want want want want want baby oh want baby yeah darlin oh ooh want baby woo mercy listen precious wanted long time wanted imagine oh baby fine ow want right way baby want baby want want baby gotta gotta gotta love sugar oh way love woooo want you9embed
2258,1976,The Pointer Sisters,Going Down Slowly,going slowly lyricsgoing slowly slowly going holy moly slowly going going slowly slowly going holy moly slowly going deep brother heavy fix ready born free john sees little late losing freedom losing soul wait going slowly slowly going holy moly slowly going yeah deep sister heavy fix ready born free mary bu little late history rectified wait happen going slowly slowly going holy moly slowly going deep brother heavy fix ready born free john sees little late losing freedom losing soul wait going slowly slowly going holy moly slowly going going slowly slowly going holy moly slowly going going slowly slowly going holy moly slowly going going slowly slowly going holy moly slowly going going slowly slowly going holy moly slowly going slowly going going slowly slowly going slowly going holy moly slowly going slowly going going slowly slowly going slowly going holy moly slowly going slowly going going slowly slowly going slowly going holy moly slowly going slowly going going slowly slowly going slowly going holy moly slowly going slowly going going slowly slowly going slowly going holy moly slowly going slowly going going slowly slowly going slowly going holy moly slowly going slowly going going slowly slowly going slowly going holy moly slowly going going slowly slowly going holy moly slowly going going slowly slowly going holy moly slowly going going slowly slowly going holy moly slowly going downembed
2259,1976,Bob Seger,Nutbush City Limits,nutbush city limits theres church house gin house schoolhouse outhouse 19 hey people city clean nutbush ah nutbush nutbush city nutbush city limits twentyfive speed limit motorcycle allowed town saturday church sunday ah nutbush city nutbush city limits whiskey sale female salt pork molasses gonna end jail ah nutbush city nutbush city limits oh work fields weekday picnic labor day town friday church sunday oh nutbush city nutbush city limits little old town oh tennessee quiet little ol community real quiet little southern community happens nutbush hear corn grow ah got watch police driving nutbush better watch police youre driving nutbush better watch police eye police eye police eye police eye police oh hey nutbush city limits nutbush city limits nutbush city limits stay aliveembed
2260,1976,Neil Sedaka,You Gotta Make Your Own Sunshine,gotta sunshine lyricswhenever day bringing nothings going way turn let world upset depressed doesnt youve got chance reach right leave worries gotta sunshine gotta sunshine life turning friends gone start hummin remember good times coming life celebration waste invitation hang tears line gotta sunshine gotta sunshine youre feeling gotta aim high stare ground reach sky reach sky complain walk sun gotta laugh rain act readdy life smile face straigh mind gotta sunshine gotta sunshine act readdy life smile face straigh mind gotta sunshine gotta sunshine gotta sunshineembed
2261,1976,Bay City Rollers,Saturday Night,saturday night lyricssaturday night saturday night saturday night saturday night gonna dancing rock roll saturday night saturday night dancin rhythm heart soul saturday night saturday night iiii wait iiii gotta date good ol rock roll folk ive gotta saturday night saturday night gonna rock roll ball saturday night saturday night ssssaturday night ssssaturday night ssssaturday night saturday night saturday night saturday night saturday night gonna dance baby til night saturday night saturday night tell little things gonna saturday night saturday night iiii love iiiim gonna let know good ol rock roll folk ive gotta saturday night saturday night gonna rock roll ball saturday night saturday night ssssaturday night ssssaturday night ssssaturday night saturday night saturday night saturday night saturday night saturday night saturday night ssssaturday night ssssaturday night ssssaturday night ssssaturday night ssssaturday night ssssaturday night ssssaturday night ssssaturday night3embed
2263,1976,Eddie Rabbitt,Rocky Mountain Music,rocky mountain music lyricsback old dirt road swamp toads slanted wood shack little kids mama papa died 63 left little jenny plant taters pull tomorrow rocky mountain music fills memory rocky mountain music papa hear playing little brother right sit floor sunlight play dust danced beams window sister cook clean cause momma got sick lean think died away missing papa rocky mountain music fills memory rocky mountain music mama hear singing thing changed today little brother taken away sister married soldier lives toledo nashville bar ive far old gravel road rivers run memory rocky mountain music fills memory rocky mountain music brother hear calling rocky mountain music fills memory rocky mountain music papa hear playing meembed
2265,1976,Bob Dylan,Mozambique,mozambique spend time mozambique sunny sky aqua blue couples dancing cheek cheek nice stay week maybe fall love theres lot pretty girls mozambique plenty time good romance everybody likes stop speak special seek chance maybe hello glance lying ocean reaching touching hand whispering secret emotion magic magical land time leaving mozambique goodbye sand sea turn final peek unique lovely people living free beach sunny mozambique 1embed
2266,1976,Henry Gross,Shannon,shannon lyricsanother day end mama says shes tired begin tell hardly know maybe better way papa sure hed tell shannon gone hope shes drifting sea loved swim away maybe shell island shaded tree backyard mama tries hard pretend things better shes keeping inside finally tears eyes know tonight knows miss shannon gone hope shes drifting sea loved swim away maybe shell island shaded tree backyard backyardembed
2267,1976,Electric Light Orchestra,Evil Woman,evil woman fool broken dreams got end hey woman got blues cause aint got use theres open road leads miles theres hole head rain comes took body played win ha ha woman cryin shame aint got blame evil woman evil woman evil woman evil woman rolled town hit gold hot settle fool money soon separate ways fool lyin daze ha ha woman gonna destroyed virtues lord gave good youre feeling pain better face board train evil woman evil woman evil woman youre evil woman evil woman hey hehehey hey hehehey hey hehey evil woman evil woman evil woman youre evil woman evil woman evil woman wrong youre tryin wail different song ha ha funny broke wine drink cup came runnin time cried thought saw love smilin eyes ha ha nice know aint got place left evil woman evil woman evil woman youre evil woman evil woman evil woman evil woman youre evil woman evil woman evil woman evil woman youre evil woman evil woman evil woman11embed
2268,1976,Head East,Love Me Tonight,love tonight lyricsdrive miles place ive seen bar car gone know ive yeah know come ill probably face matter nice friend know youve know youve know youve got exactly need mean ill leavin love tonight ive gone long time havent place days old way doesnt matter difference way feel today fun gotta run gonna live gotta play chorus love tonight talk tomorrow love tonight feed sorrow nights got gone yeah love tonight try stop love tonight ill gone know maybe ill long repeat break chorus believe love tonightembed
2270,1976,John Denver,Fly Away,fly away lyricsall days gone soft cloudy dreams gone dry nights gone sad shady shes gettin ready fly fly away mmmm fly away mmmmfly away life city crazy sounds sand sea love sea life highrise hungry things fly away mmmm fly away mmmmfly away world theres lonely lonely theres theres shed id shes looking lovers children playing shes looking signs spring spring listens laughter sounds dancing listens old thing fly away mmmm fly away mmmmfly away world theres lonely theres lonely theres theres shed id days gone soft cloudy dreams gone dry days nights gone sad shady shes gettin ready fly fly away mmmm fly away mmmm fly away mmmmfly away days nights springtime wanna fly wanna fly wanna flyembed
2271,1976,The Sylvers,Cotton Candy,cotton candy lyricshoohoo sweet thing youre sweet thing cotton candy youre cotton candy ive got sweet tooth thats hard satisfy short sugar youve got supply supply girl stingy gimme gimme girl live forever diet love cotton candy cotton candy sweeter apple pie ooh cotton candy came straight mother natures oven bringin red hot lovin shooby doo wop courtesy top40db shooby doo wop shooby doo wop shooby doo wop shoo bop bop shoo bop girl near honey bee know want honey teasin tease girl girl suffer starvin love little woo ooh cotton candy cotton candy woo sweeter apple pie baby cotton candy recipes good know come close ive tried apples peaches pumpkin pie theyre right kiss baby lick fingers smack lips know things cause shes sweet oh sweet cotton candy baby youre cotton candy sweeter apple pie baby cotton candy sugar cotton candy sweeter apple pie woo baby cotton candy cotton candy sweet sweet sweet cotton candyembed
2272,1976,Ted Nugent,Hey Baby,hey baby lyricshey baby tell hangin round aint got time kissin busy messin town pretty women youre far need fancy types need ones thats clean hey baby jump ford gonna ride baby afford hey baby hey baby follow miles baby ill real love game yes hey baby jump car gonna hug kiss baby gonna stir heart pretty women youre far need fancy types need ones thats clean hey baby want hangin round aint got time kissin busy steppin town hey baby hey baby follow miles baby ill real love game know talkin baby hey baby tell hangin round aint got time nothin steady busy runnin round pretty women youre far need fancy types need ones thats clean hey baby jump car gonna love babe thats gonna stir heart hey baby ooooooooh hey baby wantcha follow miles baby ill real love game love game love gameembed
2273,1976,ABBA,Mamma Mia,mamma mia ive cheated know mind come end look learn know suddenly lose control theres soul look hear bell ring look forget whoa mamma mia resist mamma mia ive missed yes ive brokenhearted blue day parted let mamma mia know let ive angry sad things count times ive told slam door think know wont away long know strong look hear bell ring look forget whoa mamma mia resist mamma mia ive missed yes ive brokenhearted blue day parted let mamma mia byebye leave mamma mia game play byebye doesnt mean forever mamma mia resist mamma mia ive missed yes ive brokenhearted blue day parted let mamma mia know let go20embed
2277,1976,Bad Company,Young Blood,young blood lyricsi saw standing corner yellow ribbon hair callin look look look look young blood young blood young blood mind took look fractured tried walk lame shoutin whats whats whats whats young blood young blood young blood mind crazy stuff looked tough follow way home things went bad met dad said better leave daughter sleep night crying saw rising sun night long heart sighin cause shes shes shes shes young blood young blood young blood mindembed
2280,1976,Bill Withers,Make Love To Your Mind,love mind love story love song building castles mind come looking feeling someday know youre gonna wanna lay ought time love body wanna love mind wanna feel good feel good havent loved time feel good phases ive ive loved left tired feeling guilty wanna unkind love body wanna love mind wanna love mind wanna love mind love body wanna love mind wanna feel good feel good havent loved time feel good know funny phases ive ive loved left tired feeling guilty wanna unkind love body wanna love mind mind mind mind mind mind love story love song little girl building castles mind mmm come looking feeling someday know youre gonna wanna lay oh oh lay ought time time love body wanna love mind mind wanna love mind mind wanna love mind mind wanna love mind mind ooh yeah mind mindembed
2283,1976,"Billy ""Crash"" Craddock",Easy As Pie,easy pie lyricsuh huh uh huh meant night stand easy pie eating hand eating hand easy touch smiling came strong easy pie knew wouldnt long knew wouldnt long comes morning way thinking changed oh came tender look surrender lady wasnt playing games easy pie lady plan easy shes got eating hand easy pie got eating hand hmm hmm easyembed
2284,1976,Commodores,Sweet Love,sweet love lyricsshow river thats deep mountain high ill love lasts forever flying high high ah world dreams dreamers things wish come true yeah wish world happy people thered wishing oh oh oh oh oh sweet love oh oh oh oh oh sweet love oh oh oh oh oh oh oooh ooooooooh oooh oooh oooh oooh oooh sweet sweet love sun shines rainbow high hill ride magic carpet youll know real world filled lonely people trying way need hand guide brighter day oh oh oh oh oh oh oh sweet sweet love sweet love oh oh oh oh oh sweet love sweet love oh oh oh oh oh oh oooh oooh hoo hoo hoo hoo hoo hoo hoo hoo hoo hoo oooh oooh oooh oooh yeah sweet love sweet love comes ages reach touch soul life meaning heart gold oh oh oh oh oh sweet love oh oh oh oh oooh oooh oooh sweet sweet love sweet sweet love oh oh oh oh oh sweet sweet oh sweet sweet love oooh oh needed love oh oh oh oh oh oooh oooh oooh oooh oooh sweet love sweet sweet love oh oh oh oh oh sweet love know youre searching know youre searching love little peace understanding know hard trying way got searching harder day day cause want stand yes sir little love heart little heart love way huh listen wonder hard ah trying cause love loves way oh oh oh oh oh oh love love sweet love sweet love ow oh oh oh oh oh youre way sweet love need friend ah ah oh oh oh oh oh love love love sweet love sweet sweet sweet sweet sweet sweet sweet sweet loveembed
2285,1976,Styx,Lorelei,lorelei lyricsintro think lorelei head turns gentle butterfly moves sound telephone says tonights night shes movin hardly wait way moves oohoohooh gotta lorelei lets live brighter stars forever lorelei lets live brighter stars forever oh baby forever bridge eyes paradise softly speaks brightens lonely night ones calls telephone says tonights night shes movin time celebrate way moves oohoohooh gotta lorelei lets live brighter stars forever lorelei lets live brighter stars forever baby baby forever lorelei lets live lorelei lets live brighter stars forever brighter stars forever lorelei lets live lorelei lets live brighter stars forever brighter stars forever lorelei lets live lorelei lets live brighter stars forever brighter stars forever lorelei lets live lorelei lets live brighter stars forever brighter stars forever lorelei lets live lorelei lets live outro3embed
2287,1976,The Salsoul Orchestra,Tangerine,tangerine lyricsmale tangerine claim eyes night lips bright flame tangerine dances senoritas stare caballeros sigh ive seen toasts tangerine raised bar argentine yes run heart belongs heart belongs tangerine female tangerine mascarad eyes chapeaux dache tangerine lips flame colour keeps louis philippes blame ive seen clothes tangerine label says macys mezzanine yes shes got guys whirl shes fooling girl shes fooling tangerineembed
2290,1976,Gladys Knight And The Pips,So Sad The Song,sad song lyricsso sad song end lives moment truth suddenly arrives sad song lifetime dreams scattered wind belong lovely word easier sad song remembering knowing love life come sad song says goodbye belong rely wrong love try sad song says goodbye sad song says goodbyeembed
2292,1976,Crown Heights Affair,Every Beat Of My Heart,beat heart lyricssee girls day girls day look away look away saving love saving love want heart want heart youre arms youre arms pledge love eternity love beat heart girl beat heart girl beat heart girl beat heart love beat heart girl love youembed
