,Year,Artist,song_name,further_clean_text
2298,1977,Roger Daltrey,Avenging Annie,avenging annie ran hills forest spell city boy floyd outlaw thought new long great summer came fame avenger oklahoma added avenger avenging annie avenger womanhood spends life telling lies leads mess good shell spoiled young hippies running playing games theyre surrounding bed shell blow head shell change youve shell unto met sensitive outlaw best thing shed seen wife rest life blind seen joined outlaw headed california treated worse shed imagined didnt didnt want kept long strong run right ground long years picked slapped told friends haze looked pale head right cried poor lover cried mother poor lover lives mountain shes thirtyfive shes peace release happy alive floyd thinks thing gave murder theft right left know loves woman loves woman loves woman loves woman loves woman loves woman loves woman loves avenging annie avenger womanhood spends life telling lies leads mess goodembed
2304,1977,Mary Macgregor,Torn Between Two Lovers,torn lovers times woman whats mind knows gonna hurt word let tell love let hold close words gently theres man ive needed ive loved doesnt mean love knows possess knows theres place inside torn lovers feelin fool lovin breakin rules torn lovers feelin fool lovin breakin rules mustnt think youve failed theres real love things said swear true gave torn lovers feelin fool lovin breakin rules torn lovers feelin fool lovin breakin rules blame turned walked away feel inside asking stay torn lovers feelin fool lovin breakin rules torn lovers feelin fool lovin breakin rules torn lovers feelin fool lovin breakin rules torn lovers feelin fool lovin breakin rulesembed
2306,1977,Dr. Hook,If Not You,lyricswhos gonna water plants whos gonna patch pants whos gonna chance feel brand new whos gonna iron shirts whos gonna kiss hurts needs man flirts way tell whos gonna wake time wholl smile look fine whos gonna stay mind day whos gonna fed whos gonna want bed wholl watch tv instead tell whoembed
2308,1977,Atlanta Rhythm Section,Neon Nites,neon nites lyricswe crazy people neon nite little glitter multicolored slides high stepping oh life high rolling star snuggling neon nites guess high time remember neon nites high trotting sure got oogie boogie honky tonky songs wore silver stockings danced til dawn hootchie cootchie hard rocking night long dance bright lights blue miss neon nites crazy people neon nite little glitter multicolored slides nowadays bright lights blue yes miss neon nites miss neon nites buoux embed
2310,1977,Linda Ronstadt,Blue Bayou,blue bayou feel bad got worried mind lonesome time left baby blue bayou saving nickels saving dimes working till sun shine looking forward happier times blue bayou going someday come blue bayou folks fine world blue bayou fishing boats sails afloat familiar sunrise sleepy eyes happy id gonna baby gonna friends maybe ill feel better blue bayou saving nickels saving dimes working till sun shine looking forward happier times blue bayou going someday come blue bayou folks fine world blue bayou fishing boats sails afloat familiar sunrise sleepy eyes happy id oh boy silver moon evening tide oh sweet day gonna away hurting inside ill blue dreams come true blue bayou2embed
2313,1977,Bay City Rollers,The Way I Feel Tonight,way feel tonight lyricsturn music way low let glow light shining soon know love feel grow lets tonight start finding cause way feel tonight alright candle burning oh yes way feel tonight alright way feel tonight love close door turn key open heart love light glowing let body melt let taste wine til cup overflowing cause way feel tonight alright candle burning oh yes way feel tonight alright way feel tonight love baby love baby love youembed
2314,1977,Ram Jam,Black Betty,black betty whoa black betty bambalam whoa black betty bambalam black betty child bambalam damn thing gone wild bambalam said worryin outta mind bambalam damn thing gone blind bambalam said oh black betty bambalam whoa black betty bambalam whoa black betty bambalam whoa black betty bambalam gets high bambalam know thats lie bambalam shes rock steady bambalam shes ready bambalam whoa black betty bambalam whoa black betty bambalam whoa black betty bambalam whoa black betty bambalam shes birmingham bambalam way alabam bambalam shes shakin thing bambalam boy makes sing bambalam whoa black betty bambalam whoa black betty bambalaaam yeah yeah4embed
2316,1977,Boston,Long Time,long time lyricsforeplay instrumental long time long time think goin yeah time doesnt wait keeps rollin sail distant highway yeah ive got chasin dream ive gotta way wish takin time movin youll forget ive gone want outside door ah yeah yeah yeah long time long time lonely mind deep mind forget good times faces remind yeah tryin forget leave youre comin takin time movin youll forget ive gone want outside door yeah yeah yeah yeah long time long time yeah long time think goin yeah time doesnt wait keeps rollin theres long road ive gotta stay time yeah ive got chasin dream takin time movin takin time hey movin takin time takin time takin time yeah takin time takin time takin time takin timeembed
2318,1977,Ted Nugent,Cat Scratch Fever,cat scratch fever know come sure come hope comin know sure good hope theyre doin free cat scratch fever cat scratch fever time got years old got kitty door went doctor gave cure think got cat scratch fever cat scratch fever got bad scratch fever cat scratch fever nothin dangerous feel pain ive got choochoo train know got youre going insane makes grown man oh wont bed pussy purr stroke hand know gettin know need lovin man know doin free cat scratch fever cat scratch fever got bad scratch fever cat scratch fever cat scratch fever cat scratch fever cat scratch fever cat scratch fever cat scratch fever cat scratch fever1embed
2319,1977,"Earth, Wind & Fire",Saturday Nite,saturday nite lyricsone saturday night moon bright shining saturday night shining saturday night moon bright shining harvest light music hear set stage atmosphere dress suit taste participate ego race tonights night biggest man history saturday nights curtain place saw face crowd saying talking loud life day living games play london bridge falling simon says feel games unreal humpty dumpty fall therell life mystery friends gather round hope feel safe sound emphasize clear stumbling nations atmosphere looking looking glass visions stormy past gonna wake sun stop wasting time having fun yeah life day daily games play london bridge fallen simon said feel games unreal humpty dumpty whyd fall theres weve solved mystery feel unreal life day life mystery daily games play saturday night tonights night participate saturday night whatcha gonna night crowd gone dream true yeah saturday night tonights night participate saturday nightembed
2323,1977,Carly Simon,Nobody Does It Better,better better makes feel sad rest half good baby youre best wasnt looking tried hide love light heaven spy loved keeping secrets safe tonight better wish way dyou good way hold hold theres kind magic inside keeps running comin howd learn things oh better makes feel sad rest half good baby baby darlin youre best baby youre best darlin youre best baby youre best3embed
2326,1977,England Dan & John Ford Coley,Nights Are Forever Without You,nights forever lyricslying bed radio moonlight falls rain soft summer nights spent thinking soft low music moans stop thinking thinking bout didnt know strong waiting wondering didnt know long nights forever curtains dance wind sky sun coming soon sleep thinking moon soft low music moans stop thinking thinking bout didnt know strong waiting wondering didnt know long nights forever nights forever nights forever nights forever nights forever youembed
2327,1977,Kris Kristofferson,Watch Closely Now,watch closely lyricswatch closely watching eyes fingers theyre touchinq body arousing soul riding passion arising inside high youre comin girl gonna scary look watch closely watching hunger arise eyes urging higher harder faster farther ive gone youre coming closer lady dontcha leave gonna look maybe takin chances net maybe ill teach youve got free fall watch closely watching master magician whos setting free lies youve told theyre breaking bring straw turn straw gold gonna need later youre look watch closely watching nowembed
2328,1977,"Marilyn McCoo & Billy Davis, Jr.",Your Love,love lyricseach day rise look believe living dream come true long feel way ill days fresh new love keeps satisfied love fills heart pride love keeps getting stronger cause try love simple sweet pure love makes feel secure love sure keeps heartbeat pounding love makes want love worry bout running short cause love lord knows love gonna time care long theres heaven promise love share love keeps going strong love keeps hangin love feeling disappear love shelter storm love keeps getting better year year love keeps feeling fine love mind love got tell baby time aint doubt sweet loveembed
2331,1977,James Brown,Bodyheat (Part 1),bodyheat 1 unh yeah body heat yeah yeah body gets aggravation need love fascination whats body heat whats body heat body wont want know youre whats body heat whats body heat body need love tension ease whats body heat whats body heat ha ah payback ha ah got church yall got church yall got church yall got church yall got cut heat pressure cut heat pressure turn heat pressure turn heat pressure gimme air gotta church yall having bad luck having bad luck having bad luck having bad luck got release funk having bad luck having bad luck got release pressure got church yall got church yall got church yall little boy age mother told id loving son gun little boy age checked knew little boy age want bothering little boy age check gonna gotta church yall ha cut heat pressure ha cut heat pressure gimme air shucks gimme air having bad luck having bad luck got body heat says gotta release pressure body heat having bad luck cut heat pressure yeah fellas need ha ah ha yeah yeah yeah body heatembed
2334,1977,Phoebe Snow,Shakey Ground,shakey ground lyricslady luck leaf clovers wont ease hurt feel life special occasion til leavin dampened situation standing shakey ground standinf shakey ground car got reposessed morning harder times havent seen years youd better thorw life preserver cause drown tears standing shakey ground standing shakey ground downembed
2335,1977,Atlanta Rhythm Section,Dog Days,dog days lyricspaper fans sweaty hands shooing flies away reflections porch shelter scorch dog days came babies squalled august crawled past old folks shade weather vane stuck white oak creek drop dog days came dog days scorchers southern torture answer plight dog days night evening brings porch scene time rest bones pray wont come time year dog old days come dog days scorchers southern torture answer plight dog days night dog days scorchers southern torture answer plight dog days night oh yeah dog days oh yeahembed
2338,1977,The Brothers Johnson,Strawberry Letter 23,strawberry letter 23 ooh ooh oohooh ooh ooh ooh oohooh ooh hello love heard kiss red magic satin playing near morning rain gaze sun doesnt shine rainbows waterfalls run mind garden west purple shower bells tea orange birds river cousins dressed green pretty music hear happy loud blue flowers echo cherry cloud feel sunshine sparkle pink blue playgrounds laugh tried ask cool cool arrive gonna baby free flyin arms sea stained window yellow candy screen speakers kites velvet roses digging freedom flight present strawberry letter twentytwo music plays sit present strawberry letter twentytwo music plays sit ooh ooh oohooh ooh ooh ooh oohooh ooh ooh ooh oohooh ooh ooh ooh oohooh ooh ooh ooh oohooh ooh ooh ooh oohooh ooh ooh ooh oohooh ooh ooh ooh oohooh ooh ooh ooh oohooh ooh ooh ooh oohooh ooh ooh ooh oohooh ooh ooh ooh oohooh ooh ooh ooh oohooh ooh ooh ooh oohooh ooh ooh ooh oohooh ooh ooh ooh oohooh ooh1embed
2340,1977,Aretha Franklin,Look Into Your Heart,look heart oh oh woohoo oh baby hey baby woohoo woo baby mhm doo doo doo hoo ooh doo doo doo hoo hoo doo doo hoo hoo hoo hoo doo doo doo hoo yeah look heart positive mind inventory woman glory leave bad things everybodys got story yes love good things spices life got pay price know mean yeah telling everybody know girl proud thought left believe wanna baby yeah yeah yeah baby look heart positive mind inventory woman glory leave bad things ooh know man loves day know man needs wanna wanna baby hey hey yeah doo doo doo hoo doo doo doo hoo doo doo doo hoo hoo hoo ah thats baby thats baby doo doo doo hoo doo doo hoo hoo hoo hoo doo doo doo goo doo doo hoo hoo ah wouldnt lie loves easy game struggle strain hes given wanna wanna baby hey baby loving giving yeah yeah mercy baby loving giving ooh baby mercy baby mercy baby mercy baby1embed
2341,1977,Commodores,Just To Be Close To You,close lyricsjust close girl moment hour close girl yeah oh ah baby aw know ive changes life girl aw ive real high thought didnt need anybody aw ive real low life needed aw material things thought value aw girl didnt value lonely man man direction purpose love love aw girl came life jagged edges smooth whoo direction clear aw woman purpose reason living girl youre heart youre soul youre stone inspiration baby oh thats standing singing opening arms wanna child hand aw live love forever yeah hand mmmm yeah hand girl live lives yeah mmmm yeah aw aw aw close girl moment baby hour close girl hey hey mmmm hmmm hmmm mmmm mmmm mmmm ive searching long baby searching somebody folks takes lifetime sugar world dream come true hand oh live love forever yeah hand girl hand spend lives aw aw aw oh yeah oh yeah aw close girl moment aw moment aw hour close girl need baby love loved baby warm body close whisper words feel woman girl know love stand test time close girl moment baby moment baby moment baby shoo doo doo doo yeah yeah yeah yeah yeah yeah yeah oooh oooh oooh oooh yeah yeah yeah yeah yeah yeah yeah yeah yeah yeah yeah eh girl wanna closer closer girl hold closer heart burning girl got yearning love yeah yeah yeah yeah yeah yeah yeah1embed
2343,1977,ABBA,Dancing Queen,dancing queen dance jive having time life ooh girl watch scene digging dancing queen friday night lights low looking place play right music getting swing come look king anybody guy night young musics high bit rock music fine youre mood dance chance dancing queen young sweet seventeen dancing queen feel beat tambourine oh yeah dance jive having time life ooh girl watch scene digging dancing queen youre teaser turn em leave em burning youre gone looking youre mood dance chance dancing queen young sweet seventeen dancing queen feel beat tambourine oh yeah dance jive having time life ooh girl watch scene digging dancing queen digging dancing queen46embed
2344,1977,Lou Rawls,See You When I Git There,git pardon change quarter gotta phone thank oh hope woman changes today cause ive hard day today man know let whats happenin address fore home doin hope youre fine day changes mess mind called way whoa ill hope youre good mood know mans home castle comin home groove whoa ill ill ready good lovin ready good lovin cause ive worked hard day comin home love candlelight cold wine soft music radio got need store cause ill evening wanna come whoa ill ill ready good lovin ready good lovin cause ive worked hard day comin home lay relax mind whoa ill ill baby ill ill ill ill baby ill ill baby whoa ill ill ready good lovin ready good lovin cause ive worked hard day comin home lay relax mind whoa ill said ill baby said ill said ill baby said run way ready bus slow today ive thinking day long wait home ill ill baby ready ive working hard day youve mind ready darling ill ill ill ill there1embed
2346,1977,Carole King,Hard Rock Cafe,hard rock cafe downtown usa hard rock cafe money number play come tell happened today hard rock cafe come hard rock cafe hope way hard rock cafe hard days work guarantee isnt better youre unable good company sit watch color tv hard rock cafe come hard rock cafe regulars away hard rock cafe youre feeling little bit lonely sit home mopin come spirits flow freely know door open hard rock cafe come hard rock cafe help blues bay hard rock cafe hard rock cafe hard rock cafe hard rock cafe hard rock cafe hard rock cafe hard rock cafe hard rock cafe hard rock cafe hard rock cafeembed
2348,1977,Stevie Wonder,Sir Duke,sir duke music world language understand equal opportunity sing dance clap hands record groove groove tell right away letter people start feel feel people feel feel people music knows things life wont quit musics pioneers time allow forget theres basie miller satchmo king sir duke voice ellas ringing theres way band lose feel feel people feel feel people feel feel people feel feel people feel feel people feel feel people feel feel people feel feel allallall people feel come lets feel people feel everybody people go11embed
2350,1977,Donna Summer,I Feel Love,feel love ooh good good good good good ooh heaven knows heaven knows heaven knows heaven knows heaven knows ooh feel love feel love feel love feel love feel love feel love feel love feel love ooh fallin free fallin free fallin free fallin free fallin free ooh ooh feel love feel love feel love feel love feel love feel love feel love feel love feel love ooh ill ill ill ill ill ooh ooh feel love feel love feel love feel love feel love feel love feel love feel love feel love feel love ooh ill ill ill ill ill ooh ooh feel love feel love feel love feel love feel love feel love feel love feel love feel love6embed
2352,1977,Bee Gees,Love So Right,love right came night held tight world right love free moved friend started loving thought id heaven arms morning woke gone hanging maybe tell love right turn wrong oh darling oh darling love right turn wrong need close perfect story ended start thought came forever came break heart hanging chance youll come oh love love right turn wrong wrong oh darling oh darling love right love turn wrong wrong oh darling stride start living moment maybe half things sought simply open eyes break size isnt fair love right turn wrong wrong oh darling love right love right turn wrong wrong oh darling love right love love right turn wrong oh darling love right love right turn wrong turn turn wrong wrong oh darling wrong love right love right turn wrong turn wrong turn wrong oh darling love right turn soembed
2353,1977,"Crosby, Stills & Nash",Fair Game,fair game lyricstake look tell girl thinks shes ordinary lookin got key close look eyes theres special right bitterness hides youre fair game youll know shell decide youre fair game relax enjoy ride way reach fool little class disregard rules cause knows line date ugly duckling striking shell decide fate youre fair game youll know shell decide youre fair game relax enjoy ride ones notice ones watch shes pleasant shes friendly shes looking crotch try hand conversation gossip lie sure shell home wanna die youre fair game youll know shell decide youre fair game relax enjoy rideembed
2357,1977,David Dundas,Jeans On,jeans lyricswhen wake morning light pull jeans feel right pull blue jeans pull old blue jeans chacha pull blue jeans pull old blue jeans chacha weekend know youre free pull jeans come need near need feel close chacha need near need feel close motorbike ridin sun wind rain got money pocket got tiger tank king road ill meet ya usual place need thing cept pretty face need near need feel close chacha need near need feel close chacha need near need feel close motorbike ridin sun wind rain got money pocket tiger tank king road wake morning light pull jeans feel right pull blue jeans pull old blue jeans chacha pull blue jeans pull old blue jeans chacha pull blue jeans pull old blue jeans chacha pull blue jeans pull old blue jeans chacha pull blue jeans pull old blue jeans chachaembed
2358,1977,The Bar-Kays,Too Hot To Stop (Pt. 1),hot stop pt 1 lyricsyeah hey hey oh yeah id having eyes awhile girl act sure style maybe way carry maybe way ride feeling sure know girl love hot stop yeah yeah yeah mind considered uncool cause believe play rule special drives wild owe try cause soon gone getting want girl wanna cause hot stop yeah hey hey yeah getting want getting want getting want getting want yeah hey hey yeahembed
2363,1977,Ramones,Rockaway Beach,rockaway beach chewing rhythm bubble gum sun want hard far reach hitch ride rockaway beach roof street playground hot concrete bus ride slow blast disco radio rock rock rockaway beach rock rock rockaway beach rock rock rockaway beach hitch ride rockaway beach rock rock rockaway beach rock rock rockaway beach rock rock rockaway beach hitch ride rockaway beach hard far reach hitch ride rockaway beach hard far reach hitch ride rockaway beach chewing rhythm bubble gum sun want hard far reach hitch ride rockaway beach roof street playground hot concrete bus ride slow blast disco radio rock rock rockaway beach rock rock rockaway beach rock rock rockaway beach hitch ride rockaway beach rock rock rockaway beach rock rock rockaway beach rock rock rockaway beach hitch ride rockaway beach rock rock rockaway beach rock rock rockaway beach rock rock rockaway beach hitch ride rockaway beachembed
2365,1977,Leo Sayer,You Make Me Feel Like Dancing,feel dancing ahh ahha ahh ahha youve got cute way talking got better snap fingers walking dog hanging lead spin know ahh shaking string know ahh feel dancing gonna dance night away feel dancing gonna dance night away feel dancing feel dancing woo dancing woo dance night away yeah feel dancing woo dancing ahh quarter morning aint feeling tired hold tight leave light cause want home spell ahh right want ahh feel dancing gonna dance night away feel dancing gonna dance night away feel dancing feel dancing woo dancing woo dancing woo dance night away yeah feel dancing woo dancing woo dance night away feel dancing woo dancing woo dancing woo dance night away yeah dancing ahh woooo ahha youll let stay ahh dance lives away ahh feel dancing wanna dance life away feel dancing wanna dance life away feel dancing wanna dance life away feel dancing feel wanna dance life away feel feel dancing1embed
2366,1977,George Harrison,This Song,song song tricky song aint black white far know infringe anyones copyright song let song e song tune bright tune aint bad good come expert tells okay song came unknowingly song sugar pie honey bunch sounds rescue riff aint trying win gold medals riff aint hip square rare end weight bear song reason theres point song song reason theres point song1embed
2370,1977,Peter Frampton,Do You Feel Like We Do,feel lyricswoke morning wine glass hand wine wine hell dine dream believe ive come lets feel feel friend got busted day said walk walk walk away drove taxi bent boot hit play music hed crack feel feel feel feel champagne breakfast sherman hand white white tails fails dream believe ive come lets feel feel do1embed
2376,1977,Boney M.,Daddy Cool,daddy cool shes crazy fool wild daddy cool shes crazy fool wild daddy cool crazy fool wild daddy cool daddy daddy cool daddy daddy cool daddy daddy cool daddy daddy cool shes crazy fool wild daddy cool crazy fool wild daddy cool daddy daddy cool daddy daddy cool daddy daddy cool daddy daddy cool shes crazy bout daddy oh believes loves daddy shes crazy fool wild daddy cool crazy fool wild daddy cool daddy daddy cool daddy daddy cool daddy daddy cool daddy daddy cool25embed
2380,1977,Kenny Rogers,Sweet Music Man,sweet music man lyricsi wouldnt listen left words said sing song sweet music man cause wont hold hand youre hell singer powerful man surround people demand little touched soul beautiful song singing right said need changed words harmony sang song youd written new sings love song sing feel things right know theyre wrong sings love song sing song sweet music man making living night stands need youre hell singer broken man surround people demand little sings love song travel world piece band ask em try stay songs sung people begun come sing song sad music man youre making living night stands thats need youre helluva singer broken man looking band sing sings love song sing feel things right youre wrong song sings love song sing song sweet music man believe youembed
2382,1977,Glen Campbell,Southern Nights,southern nights southern nights felt southern night free breeze mention trees whistlin tunes know love southern nights good closed eyes apologize truly better way southern skies noticed southern skies southern sky precious beauty lies eye goes runnin soul stories told old old man dog walk old land flower touched cold hand slowly walked weepin willows joy joy feels good feels good frightening wish stop world fighting ladadadada ladadadadada dadadadadada dadada dadada mystery trees blow night southern skies southern nights feel good frightening wish southern nights stop world fighting dadadadada dadadadadada dadadadadada dadada dadadada dadadadadada southern skies noticed10embed
2383,1977,Barry Manilow,Looks Like We Made It,looks looking time touched close getting tangled inside thought love love love strong old feelings start stir looks left way love looks thought till today taste love way loves strange playing hide seek hearts hurting fools standing close touch burning memories hold sake times love lose minds let whoa left way love looks thought till today taste love way oh looks left way love looks thought till today taste love way looks whoa babe looks itembed
2385,1977,Atlanta Rhythm Section,Georgia Rhythm,georgia rhythm lyricslivin suitcase sleepin hotel rooms rental cars airport bars dog day afternoons occupation picker music game makes crazy change thing lay beat crank trusty gibson lets got time lovin life livin playin georgia rhythm nothin feel fine oclock morning waitin plane passed bottle lord feel pain life highway ups downs night georgia rhythm tore town lay beat crank trusty gibson alright lets got time time lovin life livin playin georgia rhythm nothin feel fine yeah alright rising madness homeward bound normal ways lazy days old familiar friends conversation lady love long overdue god knows hate leave got job lay beat crank trusty gibson son lets got time lovin life livin playin georgia rhythm makin music movin line time lay beat crank trusty gibson lets got time time lovin life livin playin georgia rhythm nothin feel fine got timeembed
2387,1977,Prism,Spaceship Superstar,spaceship superstar lyricsevery night different flight different galaxy soldout hit road starship limousine damned tired uninspired onenight stands giant leap rock n roll man spaceship superstar got solarpowered laser beam guitar hes spaceship superstar charts mars got solarpowered laser beam guitar spaceship superstar mercury theyre crazy stellar rock n roll sell advance martian astrobowl fans swarm meteorites concerts moon seen knock em dead venus favorite tunes spaceship superstar got solarpowered laser beam guitar hes spaceship superstar charts mars got solarpowered laser beam guitar spaceship superstar1embed
2390,1977,Bill Conti,Gonna Fly Now,gonna fly lyricstrying hard hard trying hard getting strong wont long getting strong gonna fly flying high gonna fly fly fly3embed
2391,1977,Deniece Williams,Free,free lyricswhispering ear magic potion love telling theres good got free free whispering ear magic potion love telling theres good want free free free got yeah teasing hands mind night mystery happiness time oh man pleases want free free free got yeah got feeling close makes senses smile lets waste ecstasy cause ill ive got free free free oh got yeah yeah oh free free free oh baby wanna wanna free free got whoa free thats want free free3embed
2393,1977,KISS,Love Gun,love gun love baby love got lets hot tomorrow baby time today girl feel okay place hiding baby place run pull trigger love gun love gun love gun love gun love gun love gun forget baby try lie youll leave mama try ill gambler baby lay bet mama youll sweat place hiding baby place run pull trigger love gun love gun love gun love gun love gun love gun love gun love gun love gun love gun love gun love gun love gun love gun love gun love gun love gun love gun love gun love gun love gun love gun love gun love gun love gun love gun love gun love gun love gun2embed
2394,1977,Neil Sedaka,Amarillo,amarillo lyricswhen day dawning texas sunday morning long marie whos waitin lonely city hang hat aint half pretty babys way amarillo night ive hugging pillow dreaming dreams amarillo sweet marie waits way amarillo ive weepin willow crying amarillo sweet marie waits sha la la la la la la la marie waits theres church bell ringing hear sound joy singing sweet maria guy whos comin highway lies open plain keeps going wind rain way amarilloembed
2397,1977,Electric Light Orchestra,Do Ya,ya life ive seen woman ive seen lovers flying air hand hand ive seen babies dancing midnight sun ive seen dreams came heavenly skies ive seen old men crying grave sides ive seen pigs sitting watching picture slides seen nothin ya ya want love woman ya ya want face need ya ya want mind sayin ya ya want love heard crowd singin tune sat sang auld lang syne light moon heard preacher bangin drums heard police playin guns heard bridge country sky touches field lay rest morning sun come runnin look feel touch long black hair damn seen nothin ya ya want love woman ya ya want face need ya ya want mind sayin ya ya want love think know trying woman id save rainy day ive seen world know ive got grow ya ya want love come ya ya want face need ya ya want mind alright ya ya want blood oh look ya ya want love ya ya want love ohoh5embed
2398,1977,Natalie Cole,Party Lights,party lights lyricsi party lights shining night feel right party lights shining night sight reflections going air telling way feel spirit telling time groove party lights shining night feel right mm yeah party lights shining night sight going crazy time come goodbye things fear long lonely yesterday party lights shining night feel right oh party lights shining night sight whoa oh come party children come party come party party lights theyre shining night ooh feel right oh feel right yeah party lights theyre shining night sight whoa oh ive got leave wont look ill sing tomorrow sky yes ive got sunshine paper sack believe ive got new wings fly party lights theyre shining night ooh feel right feel right party lights shining night sight lets away lets come party children hey come party come party children yeah yeah come party come party children yeah yeah come party come party children yeah yeah come party oh oh oh ho ha party party party party hard party oh party lights shining night ooh feel right party lights shining night ooh yeah sight party lights shining night oh feel right lets come party lights lets yeah night sight whoa oh whoa oh yeah party lights shining night feel right oh oh party lights shining night sightembed
2399,1977,Karen Nelson And Billy T,Love Me One More Time (Just For Old Times Sake),love time old times sake lyricsi havent gotten feeling night trying help alright didnt think id johnjohns gone instead amazing work way inside head lonesome tonight maybe help hold tight love time old times sake love time theres pride stake love time erase lonely days time time time wish strength walk door pride memories faded love pushing judgment aside wish lay buffer pain theres waiting night familiar terrain yes lonesome tonight maybe help hold tight love time old times sake love time theres pride stake love time erase lonely days time time time said love time old times sake love time theres pride stake love time erase lonely days time time time said love time old times sake love time theres pride stake love time erase lonely days time time timeembed
2403,1977,Daryl Hall John Oates,Back Together Again,lyricshes yeah evryone glad hes old days old days old days yeah sing sing sing hes know hes got moves know grooves old days old days old days yeah sing sing listen sing singing old story old songs end gives believe remember sixtyfive kids grown records alive old days old days old days yeah sing sing sing hes riding high charts love hes evrybodys dial old days old days old days yeah sing sing listen sing singing old story old songs end thats believe old songs end oh listen sing singing old story old songs end thats believe inembed
2404,1977,Bonnie Raitt,Runaway,runaway lyricsas walk wonder went wrong love love strong walk think things weve hearts young walking rain tears falling feel pain wishing end misery wonder wo wo wo wo wonder ran away wonder stay little runaway runaway instrumental break walking rain tears falling feel pain wishing end misery wonder wo wo wo wo wonder baby yeah know ran away wonder stay little runaway little runaway come baby run run runaway left standin rain run run runaway come baby run run runaway fadesembed
2409,1977,First Choice,Doctor Love,doctor love sister love rap good evening new york city welcome wonderful world entertainment turn numero unos town numero unos sound doctor love sister love come definitely believe throwing biting apple yeah come clap hands everybody everybody clap hands females fly guys rap sweet cherry pie gonna ayour nature rise good music funky vibes doctor love satisfied come climb aboard lets explore wonderful world doctor love hotel motel holiday inn musics good style boogie end right yall time prepare sister love atmosphere came rock beat crank beat come everybody seat starski ritchie hot wardell piper super sweet ive created dance drummers beat rock harlem world mean machine jolly green giant little bopeep love sister rapping harmony doctor love easyg voice rapping c cs cheeba ah cheebacheebacheebacheeba cheebacheebacheeba 79 year fine 747 jet airlines weve got best music dynamite rhymes making mastermind lady sugar baby bring 1980s ashes ashes dust dust need sister love mother nature flowers grow rain shine sleet snow best beat makes freak come lets rock hiphop dare stop beat lets rock youre moving rhythm dancing rhyme feet start stepping stay time good music funky vibes satisfied hiphop hibbit hop hop hophibbitdibbitdipdipdop hiphop stop right yall gonna chance ahead sing lets start dance youre paris france doc sister love teach dance lance brother man chris pick gonna sister love docs brand new improved gonna rock shock house humpty dumpty fell wall disco sister love floor fat tall short small came rock yall ill tell young old ill treat ya women men boys girls turning crew doctor love message pick music wont stop crack dawn hiphop stop rock yeah baby theres lovebug neighborhood dj starski shawn gift wrap girl 4 foot rap dj small signed sealed delivered doctor love ps babydoll junebug holly affirm word friend eddie cheeba big bamboo aroll joint brothers easyg funky beat reggie wells michael p courtesy babydoll tnt rock nonstop funky beat hiphop stop beat lets rock right yall time prepare man sets atmosphere starski richard hot man freak reggie wells plays tools eddie cheeba got groove heard rest youre ready choice doctor love stage ahh funky sound imma doctor love cheeba crew going spine whoopah love mind choice baby boy doctor love believe turn doublecrossed kid funky beat good sex day week heaven want yall know born raised ghetto eating aunt jemima nabisco run game disco youre body control earl monroe going steal lets rock roll neck whoopah weve got house check hiphop dare stop beat lets rock groovin music listenin rhyme beat stop movin stay time sister love word wise doctor love mastermind birds flies high sky rhymes sweeter cherry pie rap harder crush cause sweeter middle spread love makes wanna wiggle left right ali fight right left pep step gonna close theres nothin doctor love speed bullet hot handle cold freeze step style wear jordache jeans spic span mr clean main dish turkey rice greens big credit card fast mean drive street people scene halloween trick jelly beans respects dr martin luther king hiphop hip hip hop hop hophibbitdibbitdipdipdop hiphop stop beat lets rock gonna theres nothin doctor love disco fluid goin spine whoopah mind whoopah rainy day sun shine pull books write rhyme nickel quarter dollar dime year time celebrate rhyme got good music electrifying sound guaranteed throw come act cat listen rap beat freak whoopah whooopah freak quit record bound hit doubleup hoo tripletime huh hip hop stop beat babydoll rockembed
2412,1977,David Gates,Goodbye Girl,goodbye girl lyricsall life youve waited love come stay slip away know hard believing words youve heard darlin trust cause baby goodbye doesnt mean forever let tell goodbye doesnt mean wake wont long away cause things goodbye girl bring know youve taken afraid hurt fight love feel instead giving wait forever ahelping meant remember goodbye doesnt mean forever let tell goodbye doesnt mean far apart heart forget past goodbye girl cause youre home last2embed
2417,1977,The Spinners,The Rubberband Man,rubberband man hand walkin cane hand hat hurry late cause aint got time chat goin catch latest sound guaranteed blow mind high wont come hey yall prepare rubberband man youve heard sound rubberband man youre bound lose control rubberband starts jam oh dude outta sight come right went hear play club outside town surprised hypnotized sound cats saw short fat guy stretch band toes hey laughed hard cause man got finally reached nose hey yall prepare rubberband man youve heard sound rubberband man youre bound lose control rubberband starts jam got rubber band uh toes wriggled nose du du du du du du du du guaranteed blow mind du du du du du du du du playin music keepin time du du du du du du du du world learn oh lord du du du du du lord help away hey yall prepare rubberband man youve heard sound rubberband man youre bound lose control rubberband starts jam choo choo choo choo choo uh choo choo choo choo choo choo choo choo choo choo choo uh rubberband man rubberband man uh du du du du du du du du du du du du du du du du du du du du watch movin movin got em groovin corner burnin yall du du du du du du du du ohooohooohhh hey yall prepare rubberband man youve heard sound rubberband man youre bound lose control rubberband starts jam ay ay ay ay rubberband mans doozy quick uh woozy du du du du du du du du stopped wiggle wiggle uh du du du du du du du du got speed rubberband ground uh du du du du du du du du lifted high sky yall du du du du du oh yall hey yall prepare rubberband man youve heard sound rubberband man youre bound lose control rubberband starts jam choo choo choo choo choo uh turn turn choo choo choo choo choo uh rubberband man rubberband man uh du du du du du du du du stuff think stand uh huh du du du du du du du du rhythm grace debonair man lord du du du du du du du du nerve twiggle left toe slip knee got feeling head yall du du du du du aw come baby hey yall prepare wont prepare hear rubberband man youve heard sound heard sound rubberband man aw hes man youre bound lose control likes jam rubberband starts jam rubberband man starts jam moving cross land got people wake probably outta place du du du du du du du du rubberband rubberband man du du du du du du du du rubberband rubberband man du du du du du du du du oh low ah ha du du du du du du du du oh jam yall hey yall prepare rubberband man youve heard sound heard sound rubberband man felt groove youre bound lose control seat rubberband starts jam ohwee whats doin rhythms aint felt groovin loudly gotta gotta groove rubberband man du du du du du du du du achoo achoo achoo du du du du du du du du way twiddles toes band hey yall know prepare rubberband man aw prepare yall youve heard sound rubberband man youre bound lose control throwing hat rubberband starts jam ready jam rubberband ready jam gotta rubberband du du du du du du du du atwang atwang atwang atwang lord mercy du du du du du du du du atwang atwang atwang atwang strike bones atwang atwang atwang atwang maked yall kinda groove hey yall prepare rubberband man ya gotta believe youve heard sound hes cat rubberband man moves grooves youre bound lose control rubberband starts jam hes big fat man moves good everybody oughta knock wood man stuff du du du du du du du du movin shoulders got head movin du du du du du du du du dig crimpin du du du du du du du du oh hes man rubberband man du du du du du3embed
2418,1977,Al Martino,The Next Hundred Years,years lyricsi know met day hopin love song help way doin years gonna tomorrow whos gonna wipe away tears rainbow leads dreams youre lonely dark rainy day gonna share sorrow turn want bad youre gonna need help understand hand loving id love love years wanna share joy sorrow id wipe away tears dreams youre gonna need help understand hand loving id love love years wanna share joy sorrow id wipe away tears dreams id love love oh darlin dreamsembed
2420,1977,Jackson Browne,Here Come Those Tears Again,come tears come tears getting going night missing thinking strong hear footsteps echoing hall baby stand weve times looked sure watching walking door walk today acting went away know open let baby come tears come tears hear telling needed free things work youre standing telling grown come tears know youll tell hold open let come tears come tears time baby strong feeling fine maybe look crying look friend know open let come tears come tears know walk away open let going inside turning light come tears ill dark youll sight come tears know open let baby come tears come tears againembed
2421,1977,Outlaws,Hurry Sundown,hurry sundown lyricsgypsies danced campfire shook tambourines waiting ghost outlaw sundown midnight hour grew closer sky began fall shadow light moon heard gypsies hair black darkness eyes emerald green oh voice soft tender oooh loved sing sing dance shake tambourines taken away dead gone hear gypsies sing ooh hurry sundown gypsies ooh hurry sundown ooh hurry sundown gypsies hurry sundown ooh hurry sundown gypsies ooh hurry sundown ooh hurry sundown gypsies silver devils holsters stars strapped heels eyes dressed kill hands fast lightning heart cold steel come took life lie boot hill gypsies danced campfire shook tambourines waiting ghost outlaw sundown midnight hour grew closer sky began fall shadows light moon heard gypsies ooh hurry sundown ooh hurry sundown ooh hurry sundown ooh hurry sundown1embed
2423,1977,Commodores,Fancy Dancer,fancy dancer lyricshave love tell aint different kind thang lovin real good feelin child kind feelin good lovin brings yeah head shoulder heads spinnin round yeah hear sound sweet funky music oh aint sound yeah visions love dancin head star life girl thing said youre fancy dancer yeah fancy dancer youre fancy dancer yeah fancy dancer youre fancy dancer yeah fancy dancer youre fancy dancer yeah ooh youre thing mind fancy dancer oh ha looka way freaky thrill baby way thing love way twist turn body girl youre puppet string yeah shake baby shake baby fox strollin block la oh drive crazy sexy lady youre bad theres thing yeah thing said youre fancy dancer yeah fancy dancer youre fancy dancer yeah fancy dancer youre fancy dancer yeah fancy dancer youre fancy dancer yeah ooh youre thing mind fancy dancer oh ha girl blow mind youre fine fancy dancerembed
2425,1977,Frankie Miller,The Doodle Song,doodle song lyricssong frankie miller doodleoodo new day shes shining sun waters flow rivers run new road walk face tries strong know love want happy know love true want happy new smile wide keeps reminding newborn child new room come face baby mistake know love want happy know love true want happy doodleoodo new moon thats shining makes think love new star burning skies gonna need testify know love want happy yeah know love true want happy doodleoodo etcembed
2428,1977,Brownsville Station,The Martian Boogie,martian boogie lyricsthe night walking street getting kinda hungry decided eat passed chain franchise joints hamburger row stopped little greasy spoon place eat called eat sit gulp greasy hamburgers peppered lay hospital days ordered couple grease bombs waitress brought em lifted bun checked em damn ketchup nudged guy sitting counter said hey partner passing ketchup suddenly little bitty green hand holding ketchup bottle came view freaked cause guy sitting martian twentyeight years eating hamburgers aint run martian 230 morning certainly fine scarfing establishment eat sitting bunch colored sticks plate looked said eating boy crayons said theyre martian cigarettes try bout half hour later looked smiled ol martians aint got teeth head said feel said weeeeeeell feel good yeah gonna boogie wow til break day eats stiiiiiiiiiiiiiiill thinking said come places landed ended said according lunar space map town supposed boogie capital usa asked said boy told said ive rocked em ive rocked em rocked em country ive rocked em town rock n roll memphis maine woke lady asked told shirts told rocking chair martian work yeah feel good yeah yeah gonna boogie martian boogieembed
2429,1977,Jane Olivor,Some Enchanted Evening,enchanted evening lyricssome enchanted evening stranger stranger crowded room know know youll enchanted evening laughin hear laughin crowded room night night strange sound laughter sing dreams explain tell fools reasons wise men try enchanted evening true love feel crowded room fly life dream let let goembed
2431,1977,Enchantment,Sunshine,sunshine lyricshello sunshine mighty good youre fine long long time youre heavy mind oh youre looking good baby knew theres thing wrong baby sunshine faded away sunshine faded away skies cloudy gray skies cloudy gray baby stop tears stop tears falling eyes yeah yeah eyes eyes yeah yeah missing ooh hoo hello love child got pretty smile tell true baby youre married baby way oh stand half man holding best know wrong thing love face day sunshine faded away sunshine faded away baby skies cloudy gray skies cloudy gray baby stop tears stop tears falling eyes eyes yeah yeah eyes eyes yeah yeah missing baby sunshine faded away baby skies cloudy gray skies cloudy gray baby stop tears stop tears falling eyes eyes yeah yeah eyes long miss day sunshine faded away oh baby stand day skies cloudy gray went awayembed
