,Year,Artist,song_name,further_clean_text
2572,1979,John Stewart,Midnight Wind,midnight wind lyricscome miranda windows open wide chance midnight dance eyes come miranda need fix hair shake town windows fly midnight air fly midnight air dreams fly midnight wind souls midnight wind lovers try midnight wind midnight wind come miranda know time come beauty queens come clean youre youre missing fun yeah youre missing fun dreams fly midnight wind souls midnight wind lovers try midnight wind midnight wind midnight wind midnight wind dreams fly midnight wind souls midnight wind lovers try midnight wind said midnight wind midnight wind repeat times cmon repeat times dreams fly midnight wind souls midnight wind lovers try midnight wind midnight wind midnight wind repeat times cmon repeat times oh babeembed
2577,1979,Waylon,Amanda,amanda ive held inward god knows ive tried awful awakenin country boys life look mirror total surprise hair shoulders age eyes amanda light life fate gentlemans wife amanda light life fate gentlemans wife measure people understand pleasures life hillbilly band got guitar fourteen thirty wearing jeans amanda light life fate gentlemans wife amanda light life fate gentlemans wife1embed
2578,1979,Nigel Olsson,Little Bit Of Soap,little bit soap lyricsa little bit soap wash away lipstick face little bit soap erase pain heart eyes lonely years little bit soap wash away tears little bit soap little bit soap away powder chin little bit soap little little begin away hurt feel lonely years little bit soap soap wash away tears heard love begins die leaves night day bird left robins nest youre rest flew away oh little bit soap little bit soap away little perfume eventually little bit soap little little away memory night lonely years little little bit soap wash away tears oh little bit soap little little bit wash away tears little little bit soap wash away tears little little bit gonna wash away tears little little little bit wash away tears little little bit soapembed
2582,1979,Bob Welch,Precious Love,precious love lyricsyou got big dark eyes flash baby got head shoulders know mean got legs long walk air darlin id love precious love d yes want love preicous love ve lonely long got kind walk thats fine way blue jeans baby yes smiled want yeah big dark eyes flash preicous love want seeembed
2585,1979,Cindy Bullens,Survivor,survivor lyricsooh left didnt goodbye wrote letter bedside read tears swelled eyes said baby baby realize youre survivor youll work youll carry youre survivor baby yeah youre child shades drawn shades drawn wrote handle life strong need hold thought makes think answer oh dancer taking chances oh dancer wrote sure act tough hes hes girl taking heart world look good little closer little girl inside little girl inside oh oh baby baby come understand stop getting scared anymore got hang got hang face gonna tell ledger soon ill better gonna burn letter survivors oh baby baby baby youre survivor baby yeahembed
2586,1979,Eddie Rabbitt,Every Which Way But Loose,way loose lyricsive kind man doesnt believe strings long term obligations unnecessary things girl ya got thinkin drinkin beer headed heartache hell testin resistance wearin mighty ive got feelin leave roof caves mind tells body begs stay feel need hold close love night away youre turnin way loose turn way loose inside fires burnin mind turnin loose baby theres excuse turn way loose sun comes mornin place new right minute want lay memories callin past better hurry want cause feel fadin fast youre turnin way loose turn way loose inside fires burnin mind turnin loose baby theres excuse turn way looseembed
2588,1979,April Wine,Roller,roller lyricsalright gonna catch flight nevada leave friends home la seven come blackjack gamblin night day yeah cause shes roller high roller baby mmm shes roller yeah high roller baby alright woo likes play double nothin shes tellin boys shes hot everybody knows shes ready got ooh shes roller high roller baby ooh shes roller yeah high roller baby look ooh byebye byebye byebye byebye byebye byebye byebye people try tell shes crazy doesnt hear word tellin boys ready cause shes givin away ooh shes roller yeah roller high roller baby yeah shes roller yeah roller high roller baby shes roller roller high roller baby yeah shes roller roller high roller baby ooh byebye byebye byebye byebye byebye byebye byebye byebye byebye byebye byebye byebye byebye byebye byebye bye bye bye bye bye bye bye bye bye bye bye bye bye bye bye bye bye bye bye bye bye ow3embed
2589,1979,John Stewart,Gold,gold lyricswhen lights california town people evening jump car throw guitar heartbeat time breathing driving kanan singing soul theres people turning music gold ah buddy jim bass hes aworking pumping gas makes twofifty hour hes got rhythm hands hes tapping cans sings rock roll shower driving kanan singing soul theres people turning music gold ah california girls greatest world song making singing right hear melody story taking driving kanan singing soul theres people turning music gold ooh driving kanan singing soul theres people turning music gold lights california town people evening jump car throw guitar heartbeat time breathing driving kanan singing soul theres people turning music gold flying kanan singing soul people turning music gold people turning music gold people turning music gold ooh yeah people turning music gold gold people turning music gold gold people turning music gold gold yes babe people turning music gold gold rocking radio people turning music gold gold slipping road people turning music gold gold people turning music gold goldembed
2590,1979,Styx,Why Me,lyricsi guess lucky ones fortune smiled stop stop voice said best beware stop stop bad luck sure voice right luck changed overnight stop stop tell went wrong stop stop ups downs hard times come hard times come hard times hard times hope pray scars cause life strange life strange unsure unsure days hardly swear theres curse fit things wont way know youve youve got right instrumental break stop stop comes anxiety stop stop wont let need relief hard times come hard times come hard times hard times hope pray scars cause life strange life strange unsure unsure days hardly youre sure theres curse fit things way know youve day youve got bills pay youre know cause everybody says thats want know know meanembed
2593,1979,Bonnie Boyer,Got To Give In To Love,got love lyricsthis thing beginning beginning know boy thats speaking lose feeling let think know got love 4x baby baby baby got 3x oh yeah got know thinking thinking ill clear boy far got lose feeling hey let think know got love 4x baby baby baby baby got yeah yeah baby got oh need loving honey got got oh need loving lose feeling let think know got loveembed
2595,1979,Kenny Rogers,You Decorated My Life,decorated life lyricsall life paper plain pure white till moved pen changing moods till balance right added music note place anybody changes look face decorated life created world dreams decorated life painting love heart decorated life rhyme reason unfinished song harmony life meant nothin came brought colors gentle surprise able things life shining soft eyes decorated life created world dreams decorated life painting love heart decorated lifeembed
2596,1979,"Earth, Wind & Fire",September,september remember 21st night september love changin minds pretenders chasin clouds away hearts ringin key souls singin danced night remember stars stole night away oh yeah hey hey hey badeeya remember badeeya dancin september badeeya cloudy day baduda baduda baduda badu baduda badu baduda badu baduda badu baduda thoughts holdin hands heart blue talk love remember knew love stay december love shared september blue talk love remember true love share today hey hey hey badeeya remember badeeya dancin september badeeya cloudy day badeeya deeya deeya remember badeeya deeya deeya dancin september badeeya deeya deeya golden dreams shiny days bell ringin oh oh souls singin remember cloudy day yow badeeya deeya deeya remember badeeya deeya deeya dancin september badeeya deeya deeya cloudy day badeeya deeya deeya remember badeeya deeya deeya dancin september badeeya dee ya deeya golden dreams shiny days badeeya deeya deeya badeeya deeya deeya badeeya deeya deeya deeya badeeya deeya deeya badeeya deeya deeya badeeya deeya deeya deeya110embed
2597,1979,Barry Manilow,Ships,ships lyricswe walked sea father dogs played sand winter cold cut air hangin dressed gray hold hand said loves easier far away sat watched distant light ships pass night smile alright sight ships pass night theres boat line sea meets sky theres rides far strangers wide ways apart drift time said harder far away read write ships pass night smile alright sight ships pass night ships pass night smile alright sight ships pass nightembed
2598,1979,Ambrosia,How Much I Feel,feel know business started thinkin untrue think wed better parted gonna hurt ill break away sign gone yeah thats feel feel baby need need touch live live lovin thats thats thats thats sleep late night dreamin togetherness leavin oh id id love hold hand forgiven thats feel feel baby need need touch live live lovin thats thats thats thats try try stay middle little realize foolish youve try amends youre better friends cause thats thats thats thats ooh hows life goin ive got wife years weve goin strong oh theres ive got love face try recall thats feel feel baby need need touch live live lovin4embed
2601,1979,The Who,5:15,515 care care girls sexually knowing ushers sniffing eau cologning seats seductive celibate sitting pretty girls digging prettier women magically bored quiet street corner free frustration minds toes quiet storm water mmmy generation uppers downers way blood flows inside outside leave inside outside home inside outside brain 515 brain train brain train raft quarry slowly sinking lorry holy hitching dreadfully sorry apple scrumping born war birthday punching man drag glittering ballroom greyly outrageous high heel shoes tightly undone know theyre showing sadly ecstatic heros news inside outside leave inside outside home inside outside brain 515 brain train brain train care care1embed
2602,1979,France Joli,Come To Me,come come youre feeling come theres come waiting openarmed come cause comfort youve turn come world cold come need want hold come arms safe warm come shelter storm pretend understand love love need want love love need want come oh baby hey lonely man learn maybe pain inside subside come comfort love lonely man living world dreams ive got thing need come ill love need cause love come world cold come need want hold come arms safe warm come shelter storm pretend understand love love need want love love oh baby love need want oh baby need come love love love need want love love oh baby love need want oh baby need love love oh baby love need want oh baby need love love oh baby love need want oh baby need love love oh baby love need want oh baby need come love love oh baby love need want oh baby need love love oh baby love need want oh baby need come love love oh baby need need want oh baby need love love oh baby need need need need youembed
2604,1979,Richie Furay,I Still Have Dreams,dreams lyricsyou need ill youre mind guess feeling leaves dreams love probably comes surprise dreams foolish remember day walked right goodbye ill know talked know know fault soon ill gone long time far gone work dreams love probably comes surprise dreams foolish remember day walked right remember day walked right byembed
2605,1979,Gino Soccio,Dancer,dancer lyricsdancer dancer dancer dancer dancer let body free dancer want feel good dancer got dancer try higher dancer dancer try higher dancer dancer try higher dancer chorus knew power body dancing music reach high sky dancer got dancer want feel good dancer body shaking dancer try higher dancer dancer dancer dancer try higher chorus x2 dancer got dancer want feel goodembed
2606,1979,ABBA,Angeleyes,angeleyes thinking angeleyes thinking night taking walk river saw young girl look gave shiver look way thought maybe walk right ahhaha game likes play look angeleyes look youre hypnotised hell heart pay price look angeleyes youll think youre paradise day youll wears disguise look deep angeleyes oh thinking angeleyes thinking lonely sit think hurts remember good times thought live wonder time bring pain ahhaha forget look angeleyes look youre hypnotised hell heart pay price look angeleyes youll think youre paradise day youll wears disguise look deep angeleyes crazy bout angeleyes angeleyes took heart pay price look angeleyes youll think youre paradise day youll wears disguise look deep angeleyes oh thinking thinking angeleyes thinking thinking pay price thinking thinking angeleyes thinking thinking pay price thinking2embed
2607,1979,Jimmy Buffett,Volcano,volcano know know know agonna volcano blows let know know know agonna volcano blows ground shes moving tidal waves sea sulphur smoke sky pretty soon learn fly let hear ya know know know agonna volcano blows girl quickly said man better watch feet lava come soft hot better lovea lovea let know know know agonna volcano blows mr utley time count worth cause left planet earth hope theres rum worry man soon come know know know agonna volcano blows know know know agonna volcano blows want land new york city want land mexico want want land mile island want skin aglow want land commanchee sky park nashville tennessee want land san juan airport yukon territory want land san diego want land buzzards bay want land ayatolah got know know know agonna volcano blows know know know agonna volcano blowsembed
2608,1979,The Knack,My Sharona,sharona ooh little pretty pretty gonna time sharona ooh motor run motor run gun coming line sharona gonna stop dirty mind touch younger kind yi woo mmmmy sharona come little closer huh ah ya huh close look eyes sharona keeping mystery gets running length thighs sharona gonna stop dirty mind touch younger kind yi woo mmmmy sharona mmmmy sharona gonna ggive matter time sharona jjust destiny ddestiny game mind sharona gonna stop dirty mind touch younger kind yi woo mmmmy yi woo mmmmy sharona mmmmy sharona mmmmy sharona mmmmy sharona oooooh sharona oooooh sharona oooooh sharona13embed
2610,1979,Euclid Beach Band,I Need You,need lyricswell tried write special song love song explain way feel inside meaning simple words new clearer tried need live day need know need wanna build world need need sang words realized theyve said tried different line meant didnt thе feeling said guеss ill need live day need know need wanna build world need need need live day need know need wanna build world need need need live day need know need wanna build world need need youembed
2611,1979,GQ,I Do Love You,love lyricsi love ooooh alright alright aaah love love love love right oohhohoooh baby hey yeah little darlin said love love love oohhohoooh love right gonna let gonna let gonna let nanana pretty little baby love love love oohhohoooh want try understand want lovin man babe love love love oohhohoooh baby love want listen ya beggin bended knees love love love oohhohoooh girl prayed love come someday love love love oohhohoooh love babe youre drive mad love love love oohhohoooh love right pretty baby pretty baby love love love oohhohoooh love right oh baby love want listen beggin bended knees love love love oohhohoooh1embed
2612,1979,Barry White,Your Sweetness Is My Weakness,sweetness weakness sweetness weakness weakness girl sweetness weakness weakness girl sweetness sweetness sweetness sweetness ooh girl know know uhhuh lovin girl youre mona lisa hangin wall uhhuh youre lovely sight lovely sight mmhmm way sweet love place time look weak knees thankful youre sweetness weakness yeah girl sweetness weakness yeah sweetness yeah weakness sweetness weakness think fool uhhuh lovin lovin way sure damn people people girls try imitate boys uhhuh round whos got real mccoy sweetness girl thats weakness uhhuh uhhuh sweetness ooh weakness huh sweetness girl weakness ooh yeah sweetness weakness weakness girl sweetness weakness lord sweetness weakness lord sweetness girl weakness mm sweetness weakness oohooh oohooh sweetness weakness yeah ohohohoh yeah weakness sweetness yeah sweetness weakness sweetness weakness yeah yeah sweetness weakness yeah uhhuh yeah uhhuh sweetness weakness yeah ooh yeah ooh sweetness weakness yeah yeah sweetness weakness yeah yeah sweetness weakness yeah yeah sweetness weakness yeah yeah sweetness weakness yeah yeahembed
2613,1979,Cheryl Lynn,Star Love,star love lyricscome tonight universe sail skies meet mars hold sail stars cosmic bling kiss saturns ring milky way blush sight making star love night iim makin love star love night iiiim makin love star love night come tonight universe sail skies meet mars hold sail stars cosmic bling kiss saturns ring milky way blush sight making star love night makin love star love night iiiim makin love love star love night oh arms rocket yeah arms rocket yeah arms rocket yeah arms rocket yeah arms rocket yeah arms rocket yeah arms rocket baby arms rocket come universe sail skies meet mars hold sail stars cosmic bling kiss saturns ring milky way blush sight making star love night makin baby star love night iiiim makin love love star love night oh arms rocket arms rocket arms rocket arms rocket arms rocket arms rocket arms rocket arms rocket whoa ho ho said makin love star love night whoa ho ho makin love love star love night oh yeah soo soo cause makin love said makin love oh yeah makin love makin love makin love makin love star love night making star love night making star love night making star love night youembed
2614,1979,Livingston Taylor,I Will Be In Love With You,love lyricsi know words know theyll come theyll words finally ive needed look ill hear sweet words pour love ill love know lonesome live way day day long ask live way smile million love ill love know soft ive hard survive long gentle gentleness brings love alive strong hands soften darling understand love ill love love ill love youembed
2616,1979,Sarah Dash,Sinner Man,sinner man come baby closer baby touching holding understand youre theres youre sinner man devil lies evil eyes oh know best rest damn sinner man started theres way stop know cool yes hot said said said good look start touch flames higher touching holding understand youre theres youre sinner man devil lies evil eyes oh know best rest damn sinner man damn sinner man woo sinner man promise love learned burned believing said said said good theres deep deep inside feel devil sneaking touching holding understand youre theres damn sinner man oh devil lies evil eyes oh know best rest damn sinner man damn sinner man holding touching sinner man ooh ooh holding touching sinner man ooh ooh holding touching sinner man ooh ooh holding touching sinner man ooh ooh holding touching sinner man ooh ooh holding touching sinner man ooh ooh holding touching touching damn sinner man sinner man holding holding touching touching damn sinner man sinner man holding touching oh leave ohhh holding touching sinner man ooh ooh quit ya leave leave holding touching sinner man ooh ooh oh sinner come holding touching youre sinner man sinner man ooh ooh leave leave holding touching damn sinner man damn sinner manembed
2617,1979,Peaches & Herb,Shake Your Groove Thing,shake groove thing lyricstheres id floor dance dancing lets dancing shake shake shake shake shake groove thing shake groove thing yeah yeah em shake groove thing shake groove thing yeah yeah em em lets world dance bad strut stuff music gives chance floor grooving loose heart heart motion single funky sounds wall wall bumping booties having ball yall shake groove thing shake groove thing yeah yeah em shake groove thing shake groove thing yeah yeah em got rhythm tonight rest know best shadows crash light twisting turning burning shake high shake low bodies wanna feel beat stop oh hold tight spin shake groove thing shake groove thing yeah yeah em shake groove thing shake groove thing yeah yeah em theres id floor dance dancing lets dancing shake shake shake shake grooving loose heart heart motion single funky sounds wall wall bumping booties having ball yall shake groove thing shake groove thing yeah yeah em shake groove thing shake groove thing yeah yeah em em yeah shake em yeah shake shake itembed
2622,1979,Gerry Rafferty,Get It Right Next Time,right time lyricsout street talking man said theres life understand shouldnt worry said aint crime cause wrong youll right time time need direction yeah need youre standing crossroads highway looks recognize signs wrong youll right time time life liar yeah life cheat itll lead pull ground underneath feet use complaining worry whine cause wrong youll right time time got grow got learn mistakes got die little day try stay awake believe theres mountain climb wrong youll right time time time hmmembed
2627,1979,The Allman Brothers Band,Crazy Love,crazy love lyricssomewhere street way deep seat learned moan remember night met ya ooh sweet mama forget ya stop thinkin bout crazy love crazy love crazy love love mama youre bad change crazy love crazy love love mama uh uh laid lookin shoes stuck hotel blues wish youd phone aint doubt mean maybe whoo forget baby stop thinkin bout crazy love crazy love crazy love love mama youre bad changeembed
2629,1979,Carly Simon,Vengeance,vengeance lyricsthats dangerous driving baby policeman said smell passion man breath life saw thats vengeance said thats law throw misdemeanors right face kind man got right lace lock getyou saw thats vengeance said thats law thats vengeance oh thats vengeance yeah thats vengeance said thats law youve taken half middle time time damned ill itch till said youre stronger hold ill pedal floor prove free youve stopped end war vengeance said thats law thats vengeance thats vengeance said thats lawembed
2631,1979,Firefall,Strange Way,strange way didnt hear morning didnt feel weep teardrops flowin rivers sleep dream laughter came creepin fears telling sorrows tracings tears thats strange way tell love sorrow want somebody didnt hear voice morning didnt heard whisper softly words plain dream darkness came shinin sun waiting laughter laughter comes thats strange way tell love sorrow want somebody didnt feel morning didnt need friend darkest hour came runnin thats strange way tell love thats strange way tell love thats strange way tell love meembed
2632,1979,Olivia Newton-John,A Little More Love,little love lyricsnight dragging feet wait heat know know youll way til home nos word cause gets tell gets little love stop depending little love bring happy ending little love right little love right innocence young girl know trapped trapped spell eyes warmth arms web lies gets tell gets little love stop depending little love bring happy ending little love right little love right gets tell gets little love stop depending little love bring happy ending little love right little love right gets tell gets little love stop depending little love bring happy ending little love right little love right gets tell gets goembed
2633,1979,Brenda Russell,"So Good, So Right",good right shores looking sea turn kiss face laugh laugh feel feel rain feel saying feels good right tonight good right tonight good right hight tonight space ocean exchanging life force live breath feel feel feel singing feels good right tonight good right tonight good right hight youou oowee oowee ooh ooh ooh oohhhhh oowee oowee ooh ooh ooh oohhhhh feel young way laugh play child sun know wanna stayay loove way feel feel praying feeeeeel saying whoaa feels good right beeeee good right tonight good right tonight good right tonight good right tonight good right hey baby oohooh good right know feels gooood ahhhahhhhh good right know feels good uhhuh tonight uhhuh good right tonight good right tonightembed
2634,1979,Cat Stevens,Bad Brakes,bad brakes lyricsbad brakes car shakes looks heading breakdown black smoke engine beginning choke heading breakdown pulled mouth cocacola samuels cafe saw little spanish lady coming said lady going way said olay bad brakes carburettor shakes looks youre heading breakdown black smoke engine beginning choke heading breakdown hit road 90 miles hour heading frisco bay said senor got cop shoulder said oh wed better stay got away bad brakes carburettor shakes looks heading breakdown catching nose right inside mirror motor blowed climbed began shiver oh sir let said know got bad brakes carburettor shakes looks bought breakdown black smoke engine beginning choke youve got breakdown bad brakes engine beginning shake looks got breakdown black smoke engine beginning choke got breakdownembed
2635,1979,Ray Stevens,I Need Your Help Barry Manilow,need help barry manilow lyricsmy account overdrawn car slid hill givin ive got beagle bit vet daughters pill fiscus plant lost live owe master charge life ive got adolescent skin doctor says use salt waist getting hair getting house san andreas fault need help barry manilow miserable know sing song sing sad low knows suffer shrink town love life joke exwife sold diary rona ashtrays overflowed smoke sinuses came arizona hello mandy copa know copacabana know write songs world sing know thing mandy smile forget lola remember weekend new england thought magic tryin feelin need help barry manilow sitting shelf sing song sing sad low feel feeling sorry need help barry manilow songs comfort unlucky sing song sing sad low wish didnt feel yucky wish didnt feel yuckyembed
2636,1979,Pages,I Do Believe In You,believe lyricsthey tried catch dancin line took way far time gave breaks swear believe weve believe believe run dangerous crowd flame hot burning knew wed hit lived believe believe weve took away darkest nights believe light solo running blind day day things want change ooh knew wed hit lived believe believe weve took away darkest nights believe light yeah believe believe believe believe doembed
2640,1979,Exile,How Could This Go Wrong,wrong lyricsdancin romancin second chancin runnin hidin slippin slidin floor comes night lookin romance stands watching everyones touching shed chance standing waiting anticipating wrong lovers holdin wrong night goes everyones fakin hearts breakin floor hes makin shes takin look eyes desperately searching calls theyre getting closer shell way looking suddenly touching wrong needed wrong night goes dancin romancin second chancin floor hes makin shes takin comes night lookin romance stands watching everyones touching shed chance standing waiting anticipating lookin suddenly touching wrong thought loved wrong lovers holding wrong thought loved wrong night goes onembed
2641,1979,Yvonne Elliman,Moment By Moment,moment moment lyricsthough love whinding road uncertainty long trust smile ways feel touching moment moment life time goes till day ooh days gone look drifters dream scared happy beautiful moment moment life time goes till day ooh days gone oooh hooo moment moment choices depend chances ooh moment moment moment life time goes till day ooh days goneembed
2643,1979,The Rolling Stones,Shattered,shattered uh huh shattered uh huh shattered love hope sex dreams surviving street look tatters shattered shattered friends alarming lovers charming lifes cocktail party street big apple people dressed plastic bags directing traffic shadoobie shattered kind fashion shadoobie shattered laughter joy loneliness sex sex sex sex look tatters shattered shattered chitterchatter chitterchatter chitterchatter shmatta shmatta shmatta away 7th avenue towns wearing tatters uh huh shadoobie shattered work work love sex aint hungry success success success success matter shattered matter ahhh look shattered shattered look shattered yeah pride joy greed sex thats makes town best pride joy dirty dreams surviving street shattered look tatters yeah shattered tatters matter shattered matter uhhuh shattered matter uhhuh shattered mmmm shattered huh shadoobie shattered huh shadoobie shattered shadoobie shattered shattered know crime rates going shadoobie shattered live town tough tough tough tough tough tough tough shadoobie shattered shadoobie shattered shattered weve got rats west bed bugs uptown shadoobie shattered mess towns tatters ive shattered shadoobie shattered brains battered splattered manhattan shadoobie shattered shadoobie shattered shattered shadoobie shattered shadoobie shattered shadoobie shattered towns money grabbers shadoobie shattered ahead bite big apple mind maggots uhhuh shadoobie shattered shadoobie shattered shadoobie brains battered shadoobie shattered shattered friends come flatter flatter flatter flatter flatter flatter flatter shadoobie shattered shadoobie shattered pile pile pile high platter shadoobie shattered shattered2embed
2644,1979,Chicago,Must Have Been Crazy,crazy shes fine fine think gonna lose mind high high know wanna scream shout yeah know fool whos got reason know ive crazy crazy yeah crazy long time time singers got sing song fine fine know want sing oh oh yeah cause know fool got piece heaven know ive crazy crazy yeah crazy long cause know fool got piece heaven know ive crazy know got crazy yeah crazy know know long big things yeah crazy know got crazy yeah crazy know know long big things yeah crazy know got crazy yeah crazy know know long big things yeahembed
2647,1979,Atlanta Rhythm Section,Spooky,spooky lyricsin cool evening gettin kind groovy ask movie youve got plans night stop right love kinda crazy spooky little girl guessin know thinkin fella looks sure little eye awinkin confused cause know stand smile hold hand love kinda crazy spooky little girl spooky spooky decide someday stop little game playin gonna tell hearts adyin sayin ghost youve ahauntin dreams ill propose halloween love kinda crazy spooky little girl spooky spooky oh whoa right spooky oh yea yea said spooky yea yea4embed
2648,1979,Jimmy Buffett,Mañana,mañana lyricsshe said america soon goddamn cold gonna snow june yeah theyre freezin buffalo stuck cars lyin neath sun stars customs man tells shes gotta leave shes got plan hidden shrewd sleeve wants captain man strong mind direction blows fine manana mean heard words long try ocean youve seen forget wind wrong tried tried understand work way planned hangin marina steve martin called singin anybody want small women water short supply theres dope high hear gets better thats soon sail cane garden bay manana mean heard lines long try scenery youve seen forget wind song alright lets reggae reefers called friends cheap nightly rates sure good talk old united states lights st thomas lie miles west general electrics best got head boat south pretty soon new albums old fresh tunes know ill em know theyll come people places callwoods rum manana mean mean lines long try kiss concert youve seen forget wind gonged hope anita bryant songs noembed
2652,1979,Ted Nugent,Need You Bad,need bad lyricsmusta way touched coulda way looked musta way loved coulda way shook need need bad yes need need bad pain pain need need bad musta true desperation feeling aside maybe getting horny feelin hideembed
2654,1979,Billy Joel,My Life,life got old friend real close said american way closed shop sold house bought ticket west coast gives standup routine la need worry cause alright want tell time come home care anymore life ahead life leave said offer second chance said said victim circumstance said belong belong wrong wrong speak mind time tell sleep strange place theyll tell sleep somebody ah sooner later sleep space way okay wake need worry cause alright want tell time come home care anymore life ahead life leave said offer second chance said said victim circumstance circumstance belong belong wrong wrong speak mind time care anymore life ahead life leave life life life life2embed
2655,1979,Paul Davis,Sweet Life,sweet life lyricsshes got eyes shes got nose oh high watching grow dreamed wed live castle oh old shack hassle oh know friends hurry taking time living sweet life oh neat life sharing love oh living sweet life oh neat life making dreams come true makin dreams come ture love life oh high holding tight dreamed wed lot money oh mind poor cause love honey ask anymore oh know friends hurry darlin taking time living sweet life oh neat life sharing love living sweet life oh neat life making dreams come true making dreams come true oh oh living sweet life oh neat life sharing love living sweet life oh neat life making dreams come true making dreams come trueembed
2658,1979,Anne Murray,Daydream Believer,daydream believer oh hide neath wings blue bird sings oclock alarm ring rings rise wipe sleep eyes shaving razors cold stings cheer sleepy jean oh mean daydream believer homecoming queen thought white knight steed know happy oh good times started dollar spend baby need cheer sleepy jean oh mean daydream believer homecoming queen cheer sleepy jean oh mean daydream believer homecoming queen cheer sleepy jean oh mean daydream believer homecoming queenembed
2660,1979,Fabulous Poodles,Mirror Star,mirror star lyricshe lonely boy good sports run legs short walked streets inside head spent lot time bed practiced way school friends said youre wall played tight elastic band mic hand mirror mirror mirror star posed car called crazy kid ran room hid greased hair vaseline practiced looking mean saw face thats going far posed right guitar heads clouds school reports hes lost thoughts difference shut hed star someday doubt mirror mirror mirror star posed car called crazy kid ran room hid mirror mirror wall treat fool room king wild applause deafening face wall camden town liverpool lays groupie hes rents best hotel town kids hang round face wish place reflections paid mirror cause posings helped grade mirror mirror mirror star posed car called crazy kid ran room hid mirror mirror wall treat fool room king wild applause deafening mirror mirror mirror star mirror star mirror mirror star mirror mirror mirror star mirror mirror star mirror mirrorembed
2661,1979,Roger Voudouris,Get Used To It,lyricsi know called love want think care outta control cause youre takin believe love comin strong girl comin faster cause ill yeah ya better love don t let pulled turn didnt hesitate told feel aint mistake time real didnt believe love comin strong girl comin faster cause ill yeah ya better love ill crazy ill baby know live ill ya baby cause hungry love better cause ill yeah ya better love ya better love baby ya better loveembed
2662,1979,Blondie,Dreaming,dreaming met restaurant tell debutante asked whats pleasure movie measure ill cup tea tell dreaming dreaming free dreaming dreaming free want live charity pleasures real fantasy reel reel living rarity people stop stare walk dreaming feet feet walking mile meet meet meet turnstile met ill forget dream dream little dream dream filling idle hour fade away radiate sit watch river flow sit watch traffic imagine hold id build road gold dreaming dreaming free dreaming dreaming free dreaming dreaming free dreaming dreaming free8embed
2664,1979,Fleetwood Mac,Sara,sara wait minute baby stay awhile said youd light told bout drowning sea love love drown gone doesnt matter build house home great dark wing wings storm think met match singing undoing undoing ooh laces undoing laces said sara youre poet heart change stop gone doesnt matter build house oh home hold night coming starling flew days id stay home night time id ask yeah ask cause care sea love woman love drown gone doesnt matter anymore build house home sara youre poet heart change stop gone doesnt matter anymore build house ill come sara wanted know dreaming sara theres heartbeat died oh wont swallow pride12embed
2666,1979,Dan Fogelberg,Longer,longer lyricslonger thereve fishes ocean higher bird flew longer thereve stars heavens ive love stronger mountain cathedral truer tree grew deeper forest primeval love ill bring winters youll send showers springs fly falls summers love wings years starts mellow burning lines book lives binding cracks pages start yellow ill love ill love longer thereve fishes ocean higher bird flew longer thereve stars heavens ive love love you1embed
2672,1979,ABBA,Voulez-Vous,voulezvous people sense expectation hanging air giving spark room eyes glowing dark know start know end masters scene weve know mean voulezvous ahha leave ahha ahha promised regrets ahha voulezvous ahha aint big decision ahha know ahha la question cest voulezvous voulezvous know think girl means business ill offer drink looking mighty proud leave table pushing crowd glad came know rules know game master scene weve know mean voulezvous ahha leave ahha ahha promised regrets voulezvous ahha aint big decision ahha know ahha la question cest voulezvous know start know end masters scene weve know mean voulezvous ahha leave ahha ahha promised regrets voulezvous ahha aint big decision ahha know ahha la question cest voulezvous voulezvous voulezvous ahha ahha ahha voulezvous ahha ahha ahha voulezvous ahha ahha ahha voulezvous ahha ahha ahha voulezvous ahha leave ahha ahha promised regrets voulezvous ahha aint big decision ahha know ahha la question cest voulezvous voulezvous voulezvous ahha leave ahha ahha promised regrets voulezvous ahha aint big decision ahha know ahha la question cest voulezvous voulezvous7embed
2673,1979,The Crusaders,Street Life,street life hang lost hear lonely sound music night nights bright thats thats left yeah play street life theres place street life life know street life theres thousand cards play street life play life away let people wanna night shine superstar type life thats played temptin masquerade dress walk talk youre think street life run away time street life nickel dime street life better old street life youre gonna feel cold theres love sale grown fairy tale prince charming smiles silver spoon young song sung love pay way beneath silver moon street life street life street life oh street life hmm yeah oh play street life theres place street life life know street life theres thousand cards play street life play life away oh street life street life street life oh street life1embed
2675,1979,Mary Macgregor,Good Friend,good friend lyricsif let good friend know let walk different know different dreams fall apart hear sure pet know let ill good friend share good times count turn wont turn away let good friend know let walk sure pet know let id good friendembed
2676,1979,George Benson,Love Ballad,love ballad lyricsi love love difference true love life nice right lovers come lovers thats people know feels love hold care baby oh baby whoa yeah love love girl love knew touch mean mean difference walk hand hand feel feel real lovers come lovers thats people know feel love hold care baby seeembed
2677,1979,Diana Ross,The Boss,boss fancy thought degree life love ought run step plan prove guide pocket fools folly fun love thing right right right thought turn emotion sure sure sure love taught boss id defy claimed didnt control moved soul tempt touch delight fell feel uptight love thing right right right thought turn emotion sure sure sure love taught boss love taught taught taught taught right right right thought turn emotion sure sure sure love taught boss taught boss3embed
2679,1979,Blue Oyster Cult,In Thee,thee maybe ill baby maybe wont maybe bought ticket gone detroit aeroplanes strangers distance easily jim says destinies delivered baby winning makes losers cause dice roll indifferently ill wrap cities travel ill wrap dreams ill wrap solitude wish wrap thee tonight hot tomorrowll cold winter come driven snow love makes strangers fall oh thoughtlessly ill wrap cities travel ill wrap dreams ill wrap solitude wish wrap thee breathed breath sweet surrender pure pure arab air filled atmosphere pride makes stars fall ill wrap cities travel ill wrap dreams ill wrap strangers arms wish wrap thee ill wrap cities travel ill wrap dreams ill wrap solitude wish wrap theeembed
2681,1979,Wings,Getting Closer,getting closer love salamander need oh answer oh getting closer getting closer heart keeping ahead rain road watching windscreen wipers wipers radio play danceable ode cattle beware snipers snipers oh oh salamander try tell oh answer oh getting closer getting closer heart hitting chisel making joint gluing fingers radio play song point sailor beware weather weather oh woahoh getting closer salamander oh answer oh getting closer getting closer heart getting closer heart getting closer heart getting closer closer closer closer closer closer closerembed
2683,1979,The Flying Lizards,Money,money best things life free birds bees want money want money money want money money money money want money money money money money money money true use want money want money money want money money money money love gives thrill love wont pay bills want money thats want want money thats want want money best things life free birds bees want money want money money want money money money money want money want money money want money money money money money moneyembed
2685,1979,Stephen Bishop,Animal House,animal house lyricslet tttell bout friends know theyre kinda crazy youll dig party till break dawn delta chi wrong otter hes ladies man girl falls hands boon katy playing cat mouse mrs wormer shes queen animal house animal house animal house animal house animal house animal house pinto hes real swell guy clorette jailbait gave try chip doug greg theyre second studied attila hun mr jennings got wig tight flouders left shoes right babs mandy having pillow fight dday hoover otis day knights bluto come baby dance maybe bluto anatomy bluto bluto bluto bluto aw come let tell ya dean wormer tried shut fell broke crown didnt know delta spunk came handy short skunk animal house animal house animal house animal house animal house animal houseembed
2686,1979,Village People,Go West,west lyricsheyhey yeaah yeaah way leave someday hand hand plans fly high tell friends goodbye start life new west life peaceful west lots open air west begin life new west west sun winter time west fine west skies blue west love beach learn teach change pace life work strive love know love want happy carefree thats protest want west west life peaceful west lots open air west begin life new west west sun winter time west fine west skies blue west know ways live sun shade place settle live space busy pace east hustling rustling feet know ready leave going west life peaceful west lots open air west begin life new west west sun winter time west fine west skies blue west west life peaceful west lots open air west begin life new west west gone way west lead way west begin life new west west life peaceful thereembed
2688,1979,Exile,You Thrill Me,thrill lyricsnow romance want know ill believe youre looking somebody new soon breaking heart sad ill cause thrill night day thrill baby away thrill lord need stay cause thrill thrill youve gone ill try pretend baby aint good playing game win oh baby id good things ill cause thrill oh baby id good things ill cause thrill meembed
2692,1979,ABBA,Does Your Mother Know,mother know youre hot teasing youre blue chance chick thats theres look eyes read face feelings driving wild ah girl youre child dance honey think funny mother know youre chat baby flirt little maybe mother know youre easy easy better slow girl thats way mother know easy easy try cool girl nice slow mother know want pretty young searching kind fun maybe youre cute style know mean flash smile smile girl youre child dance honey think funny mother know youre chat baby flirt little maybe mother know youre easy easy better slow girl thats way mother know easy easy try cool girl nice slow mother know dance honey think funny mother know youre chat baby flirt little maybe mother know youre dance honey think funny mother know youre chat baby flirt little maybe mother know youre dance honey think funny mother know youre chat baby flirt little maybe4embed
2693,1979,Saint Tropez,One More Minute,minute lyricsif youve love minute youre gonna fall youve love minute youre gonna fall youve love youve love let second memory let minute join harmony gonna open life gonna surprise oh afraid boy weve got got things missed youve love minute youre gonna fall youve love minute youre gonna fall youve love youve felt way think loves fantasy step want love come day let slip away oh understand let ill youve missed resist youve love minute youre gonna fall youve love minute youre gonna fall youve love youve love let second memory let minute join harmony gonna open life gonna surprise oh afraid boy weve got got things missed youve love minute youre gonna fall youve love minute youre gonna fall youve love minute youre gonna fall youve love minute youre gonna fall youve love youve love youve love youve love youve love youve love beforeembed
2694,1979,Bee Gees,Love You Inside Out,love inside baby figure kisses taste honey sweet lies gimme rise oh oh youre trying livin cheatin pain grows inside leave crying rain love forever youre driving insane hanging oh oh ill win ill love got power lovers lifetime aint good treat vision night stand world aint working right aint vision man loves inside backwards forwards heart hanging love way gonna lose wrap home heartaches lifetime aint good figure love keeps warm let moment forever wont feel storm aint vision man loves inside backwards forwards heart hanging love way gonna lose try tell hear word hear line man love thats cryin change way feel inside youre reason laughter sorrow blow candle burn tomorrow man earth stand love matter hurt love till die aint vision man loves inside backwards forwards heart hanging love way gonna lose loves inside backwards forwards heart hanging love way gonna lose loves inside backwards forwards heart hanging love way gonna lose fire1embed
2695,1979,Cher,Take Me Home,home lyricstake home home want feel close home home want wrapped arms tonight makin love music candlelight stars home home home home oh want near want home home home home ooh baby lets id follow place onenight affair fine heaven heaven heaven heaven heaven heaven home home night lyin right thing ecstasy ooh heaven heaven heaven heaven heaven heaven home home home home ooh want feel close want feel close home home home ooh want wrapped arms tonight makin love music candlelight stars heaven heaven heaven heaven home home cmon ooh baby baby home home home youll lyin baby itd ecstasy home home ah want near baby baby lets home home youembed
2696,1979,Niteflyte,If You Want It,want want love want love feeling met place feeling wanted deep inside soul oh woah saw face smiling knew place want life gotta wait long takes want oh want baby love wit love yeah want want love gotta want oh pretty baby love love love want girl want love matter time takes feel love got feeling youll want soul whoa feel way think game affected things people try believe magic fate gotta wait long takes want believe love magic fate want want baby love oh love love love want want love oh whoa want time baby love love hey hey want girl want oh love love love love want oh whoa love want ooh time love believe want oh whoa love want itembed
2699,1979,Rainbow,Since You Been Gone,gone old dreams time night fall ground wake bed shoes head thoughts fly breakup walls closing look fix youve gone gone head wrong gone cast spell break ohohohoh wohohohoh ohohohoh gone night stand beneath street light read words sent afternoon nighttime comes soon know mean poison letter telegram goes damn gone gone head wrong gone cast spell break ohohohoh ohohohoh wohohohoh gone come baby know youll wrong gone gone head wrong gone cast spell break wohohohoh ohohohoh ohohohoh ohohohoh gone gone gone head gone gone head it2embed
2700,1979,KISS,Sure Know Something,sure know ive ive mystified terrified late night hear ive ive hypnotized felt paralyzed late night want ive gambler nobodys fool sure know sure know showed things taught school sure know sure know feel way sure know uhhuh seventeen dream mesmerized felt scared inside broke heart feel pain ive counted ive fear doubt ive starryeyed satisfied late night need ive gambler nobodys fool sure know sure know showed things taught school sure know sure know feel way sure know uhhuh ahhhhhh ahhhhh ahhhhh ive counted ive fear doubt ive starryeyed satisfied late night need yeah ive gambler nobodys fool sure know sure know showed things taught school sure know sure know feel way sure know sure know tell till hear sure know sure know ive gambler nobodys fool sure know sure know showed things taught school sure know sure know feel way do4embed
