,Year,Artist,song_name,further_clean_text
2844,1981,Chris Christian,"I Want You, I Need You",want need long long way heaven heartache thats trip wanted ive gone afraid ive finally learned heart break want need ill hard way ill ive walking wrong highway waking wrong town neon sign loved want need ill hard way ill come know tried come die want need ill hard way ill oh want need ill hard way want need ill ohohembed
2848,1981,Emmylou Harris,Mister Sandman,mister sandman mister sandman bring dream cutest ive seen lips roses clover tell lonesome nights sandman turn magic beam mister sandman bring dream mister sandman bring dream cutest ive seen word rover lonesome nights sandman turn magic beam mister sandman bring dream mister sandman bring dream pair eyes comehither gleam lonely heart pagliacci lots wavy hair liberace mister sandman hold peachy old turn magic beam mister sandman bring mister sandman bring dreamembed
2850,1981,Leon Redbone,Seduced,seduced lyricsi want seduced want woman dinner eyes moody flirting thought flirting ought real cool let think getting little bed chat magna carta puerto vallarta ghandi said demur politely falter slightly tried fondle knee relatively certain id compromise know want seduced want woman talk suggestively want hear shell tomorrow morning drinking hot jasmine tea want laugh point touching talks leaving jealous men joint mumble beer gawk know happens napping nodding reverie woman wouldnt mind seducing know happens napping nodding reverie woman wouldnt mind seducing starting moment weve introduced id woman wouldnt mind seducing meembed
2852,1981,John O'Banion,Love You Like I Never Loved Before,love loved lyricsheard promise wind saw walkin tell baby long waited life feel strong love loved day love feelin felt sure love loved lonely days lonely nights meeting finally gone sight thanks ill power life sweeter hour hour love loved day love feelin felt sure love loved ill power life sweeter hour hour love loved day love feelin felt sure love loved love loved loved love loved loved love loved love loved loved beforeembed
2853,1981,Slave,Watching You,watching walking street watching ladies watching walking street watching ladies watching watching watching watching watching looking ladies fine lovely mind lookin corner eye youre steppin high walking street watching ladies watching look hooked baby whoa walking street watching ladies watching watching watching watching swayin blowin mind youve got groovin time god gave beauty carries staring heart baby hoping tell walking street watching ladies watching hope tell watching love walking street watching ladies watching naked eye baby whoa walking street watching ladies watching youre far away clearly whoa walking street watching ladies watching watching love sight ooh baby youre blowin mind got let know energy flowin said feels good gotta tell stevie whats baby whoa walking street watching ladies watching watching baby whoaho walking street watching ladies watching youre blowin mind gonna little dance watching watching girl looks right ha combination smile body physique whoa ho ladies ive seen fine baby watching youre right line walking street watching ladies watching oh baby walking street watching ladies watching ooh youre right youre right tee baby walking street watching ladies watching let know checkin walking street watching ladies yeah yeah yeah yeah yeah yeah yeah watching whoahohoyi yi yi walking street watching ladies whoa whoa ho watching yiyiyi lalalalalalalala oh oh oh walking street watching ladies lalalalalalalala oh oh oh watching lalalalalalalala walking street watching ladies watching youembed
2854,1981,Greg Lake,Let Me Love You Once,let love lyricswhen theres want know sure hard way true cause theres storm inside wantin wish id time cause youre start raging touching know supposed touch oh ive wanted wish hearts burst let love eyes saying yes saying let love youll ones gonna love let lock door open love love ive longed met chance gonna let disappear oh darling come let love eyes saying yes saying let love youll ones gonna love let lock door open love love ive longed met chance gonna let disappear oh darling come let love eyes saying yes saying let love youll ones gonna love ones gonna love ones gonna love meembed
2855,1981,Stephanie Mills Featuring Teddy Pendergrass,Two Hearts,hearts came life stranger captured heart ive got face danger ready start thought tried hard fake truth known hearts better forever hearts better true romance treasure youve given til need passing day love grows strong way life thought love touch way leave baby promise youll stay glad got girl turnin world wont let change love hearts better forever hearts better true romance treasure youve given til need passing day love grows stronger day life hearts better hearts better yeah tell hearts hearts better better know got know baby talkin bout hearts makes heh better yeah oh oh yeah hearts better oh oh oh oh oh yeah hearts yeah better know yeah hearts better hearts better know talkin bout hearts makes better yeah better girl hearts hearts better tried hard baby hearts better2embed
2859,1981,Rod Stewart,Young Turks,young turks billy left home dollar pocket head dreams said someway gotta better patti packed bags left note mama seventeen tears eyes kissed little sister goodbye held tight drove night excited got shot life lets afraid life brief time thief youre undecided fistful sand slip right hands young hearts free tonight time let let em push let em change point view paradise closed headed coast blissful manner took tworoom apartment jumping night week happiness arms expected yeah billy pierced ears drove pickup lunatic ooh young hearts free tonight time let let em push let em change point view come babe young hearts free tonight time billy wrote letter home pattis parents tryin explain said real sorry turn way aint point talking theres listening ran away patti gave birth tenpound baby boy yeah young hearts free tonight time young hearts free tonight time young hearts free tonight time young hearts gotta run free free live free time time time time time time young heart free tonight tonight tonight tonight tonight tonight yeah8embed
2864,1981,The Jacksons,Heartbreak Hotel,place hotel aka heartbreak hotel hoo hee live sin years ago day heart yearnin promised returnin baby broke heart left yearnin hee hee walked room faces starin glarin tearin said welcome doom smiled eyes looked knew scarin walked stairs concealin gloom girls sittin room walked face said place said meet right noon uh heartbreak hotel welcome heartbreak hotel heartbreak hotel place heartbreak hotel hope dead thought cheated lover turn undercover convince girl aint hee hee someones evil hurt soul smiles trial thought beguile hurt scarin man door told shes tears years scarin came place vicious dwell wicked women run strange hotel sefra sue girl knew baby said love uh heartbreak hotel welcome heartbreak hotel evil heartbreak hotel place heartbreak hotel stop heart heartbreak hotel heartbreak hotel hee heartbreak hotel years ago today heartbreak hotel heartbreak hotel hee heartbreak hotel hoo stop heart heartbreak hotel heartbreak hotel hee heartbreak hotel years ago today heartbreak hotel hurtin mind hoo heartbreak hotel break babys heart heartbreak hotel heartbreak hotel heartbreak hotel welcome scene hoo oh i11embed
2866,1981,The J. Geils Band,Centerfold,centerfold come walk talk come complete homeroom homeroom angel pulled seat pure snowflakes stain memory angel cause pain years looking girly magazine theres homeroom angel pages inbetween blood runs cold memory sold angel centerfold angel centerfold blood runs cold woo memory sold angel centerfold slipped notes desk thinking dress shy turned away caught eye shaking shoes flashed babyblues hold angel passed close soft fuzzy sweaters magical touch negligee blood runs cold yeah memory sold angel centerfold angel centerfold blood runs cold memory sold oh yeah angel centerfold nah nah nah nah nah nah nah nah nah nah nah nah nah nah nah nah nah nah nah nah nah nah nah nah nah nah nah nah nah nah nah nah nah nah nah nah nah nah nah nah nah nah nah nah nah nah nah nah nah nah nah nah look okay understand aint nevernever land hope issues gone ill clothes car yes car drive motel room em private ripped pages mind stripped oh deny oh yeah guess gotta buy blood runs cold memory sold angel centerfold angel centerfold blood runs cold woo memory sold angel centerfold nah nah nah nah nah nah nah nah nah nah nah nah nah alright alright 1234 nah nah nah nah nah nah nah nah nah nah nah nah nah nah nah nah nah nah nah nah nah nah nah nah nah nah nah nah nah nah nah nah nah nah nah nah nah nah nah nah nah nah nah nah nah nah nah nah nah nah nah nah blood runs cold nah nah nah nah nah nah memory sold nah nah nah nah nah nah nah angel centerfold nah nah nah nah nah nah angel centerfold nah nah nah nah nah nah nah blood runs cold oh yeah nah nah nah nah nah nah memory sold nah nah nah nah nah nah nah angel centerfold nah nah nah nah nah nah angel centerfold nah nah nah nah nah nah nah nah nah nah nah nah nah nah nah nah nah nah nah nah5embed
2867,1981,ABBA,Super Trouper,super trouper super trouper beams gonna blind wont feel blue cause crowd theres sick tired called night glasgow eat sleep sing wishing wishing imagine glad hear youre coming glad hear youre coming suddenly feel right suddenly gonna gonna different stage tonight tonight super trouper lights gonna shining sun suppper trouppper smiling having fun suppper trouppper feeling number tonight super trouper beams gonna blind wont feel blue suppper trouppper suppper trouppper cause crowd theres facing thousand friends lonely success ends thinking thinking moments think going crazy think going crazy gonna right youll soon changing different stage tonight tonight super trouper lights gonna shining sun suppper trouppper smiling having fun suppper trouppper feeling number tonight super trouper beams gonna blind wont feel blue suppper trouppper suppper trouppper cause crowd theres ill arrive sight prove alive arms hold tight know gonna mean tonight tonight super trouper lights gonna shining sun suppper trouppper smiling having fun suppper trouppper feeling number tonight super trouper beams gonna blind wont feel blue suppper trouppper suppper trouppper cause crowd theres suppper trouppper lights gonna shining sun suppper trouppper smiling having fun suppper trouppper feeling number tonight super trouper beams gonna blind wont feel blue wont feel blue suppper trouppper suppper trouppper19embed
2868,1981,Johnny Lee,Bet Your Heart On Me,bet heart lyricsyou took chance broke heart left crying lost love oh aint tryin need love tenderly hand bet heart bet heart honey winner forget time beginner afraid cause youve got let lay love time bet heart love game thats hurts lose ive got pain use lucky stars shinning shinning believe love sure thing girl bet heart bet heart honey winner forget time beginner afraid cause youve got let lay love time bet heart bet heart honey winner forget time beginner afraid cause youve got let beembed
2876,1981,Donna Summer,The Wanderer,wanderer woke morning dragged bed alice went wonderland stayed home instead started feeling bad cause left cause wanderer oh yes wanderer climbed right mirror oh blew mind think ill follow rhythm rhyme know ready little time cause wanderer wanderer cause wanderer travel place cause wanderer outer space cause wanderer got time cause wanderer wanderer slipped stair toes door didnt hear wont anymore cause 9 5 life bore cause wanderer wanderer road wont troubles cause world home need worry cause seldom cause wanderer wanderer cause wanderer travel place cause wanderer outer space cause wanderer got time cause wanderer wanderer time place know look face know change frame mind cause wanderer wanderer cause wanderer travel place cause wanderer outer space cause wanderer got time cause wanderer wanderer cause wanderer cause wanderer cause wanderer embed
2880,1981,Pure Prairie League,Still Right Here In My Heart,right heart lyricsjwilsondgreer theres silver moon midnight sky lovers heart heart love shadow lost eyes time taken apart far away long ago strong want know youre right heart youve right start right heart oh baby theres hollow sound room echoes dark wish wake chance start night night day day love wonder youre feelin feel listen heart hear embed
2881,1981,Air Supply,Here I Am (Just When I Thought I Was Over You),thought playin memories thought time set free thoughts taunting holding feeling outgrew tried space inside theres sense pretending heart mending thought thought stand oh baby memories come crashin ive tried best ive ease pain stop rain live miss thought thought stand oh baby memories come crashin good thought thought stand thought thought stand thought thought stand thought youembed
2883,1981,Stanley Clarke/George Duke,Sweet Baby,sweet baby think loving sunday evenings fun use share looking memories mind ive laughed cried thought realize set aside oh sweet baby free embrace sweet baby hoping late try sweet baby captured smile sweet baby right right lying dreaming mind keeps wanderin thoughts wandering memories mind love real gone wondering love shared oh sweet baby weve long hard road climb sweet baby hoping late try sweet baby wont try believe sweet baby right right oh sweet baby free embrace sweet baby hoping late try sweet baby captured smile sweet baby right right side1embed
2886,1981,Bernadette Peters,Dedicated To The One I Love,dedicated love lyricsthis dedicated love far away baby know hard baby hard baby darkest hour dawn night bed baby whisper little prayer baby tell stars dedicated love life exactly want satisfied knowin love theres thing want espеcially evеrybody needs night bed baby whisper little prayer baby tell stars dedicated love dedicated love dedicated love dedicatedembed
2888,1981,Stars On 45,Medley,stars 45 aside beatles medley lyricsyou boogie disco love disco sound turn volume forget forget stars 45 turning mind work remember twist shout tell reply gotta beat clock 1 2 3 4 happened came door reply said wasnt saw peep window know break heart ill ill come cause told goodbye came asked girl wanted said baby wanna bе famous star screen baby drivе car yes gonna star baby drive car baby love listen want know secret promise tell oh ohaoh oh closer let whisper ear words long hear love ohaoohooh try way talking til way run risk knowing love soon gone work work shouldve know better girl love hey hey hey hes real man sitting land youre gonna lose girl youre gonna lose girl youre gonna lose girl think gonna sad think today yeah girl thats driving mad going away shes got ticket ride shes got ticket ride shes got ticket ride care word youll free word word thinking heard word love fine sunshine word love ahh look lonely people ahh look lonely people walking people tell lucky yes know lucky guy remember time lonely stop thinking little thing yeah know things oooh tell youve got want bird sing prized possessions start wear look direction ill ill jojo man thought loner knew wouldnt jojo left home tucson arizona california grass belonged belonged got good reason takin easy way got good reason takin easy way day tripper way ticket yeah took long long time coming home ive away oh ive wait til come forget tears weve cried heart breaks wait turn away hearts strong hold wont delay stars 45 turning mind work remember twist shout tell reply good day sunshine good day sunshine good day sunshine little darling long cold lonely winter little darling feels years comes sun comes sun right look love thats sleeping guitar gently weeps look floor needs sweeping guitar gently weeps let tell theres nineteen cos taxman yeah taxman hard days night id working dog hard days night sleeping log home things feel alright love youll thinking know someday lonely wishing werent far away remember things said today heart sure start love cause stand pain sad new love vain got cause pain catch talking boy gonna let leave flat told oh night said words girl know try girl come come come come wo yeah wo yeah wo yeah theres want theres ill send love oh yeah ill tell think youll understand ill wanna hold hand wanna hold hand wanna hold hand boogie disco love disco sound turn volume forget forget stars 45 turning mind work remember twist shout tell replyembed
2890,1981,Commodores,Oh No,oh lyricsi want want going crazy knowing lover tonight comes ill let ill pretend walk door oh sleep oh going crazy love need need want hold youre holding arms close eyes face sure heart erase oh think ooh oh going crazy love oh honey oh sugar oh sleep anymore baby oh think anymore baby oh going crazy love youembed
2891,1981,The Police,"De Do Do Do, De Da Da Da",da da da think unkind words hard theyre cheques ive left unsigned banks chaos mind eloquence escapes logic ties rapes da da da want da da da innocence pull da da da want da da da theyre meaningless thats true poets priests politicians words thank positions words scream submission ones jamming transmission cause eloquence escapes logic ties rapes da da da want da da da innocence pull da da da want da da da theyre meaningless thats true da da da want da da da innocence pull da da da want da da da theyre meaningless thats true3embed
2895,1981,Phil Collins,I Missed Again,missed finally came right said girl took long eyes looks far long waiting line wasting time miss think missed oh think time time lonely try forget rush telephone waiting line wasting time miss think missed oh oh missed oh think missed oh feels want bad think youve got feel touch ohhoho feel coming yes feel coming oh miss think missed oh oh missed oh think missed oh waiting line wasting time miss think missed oh oh missed oh think missed oh oh missed think missed ohembed
2896,1981,The Gap Band,Yearning For Your Love,yearning love time come stop messin cause know havin life oh baby times want hold oh near want love softly ear oh baby running heart yearning love cause heart yearning love runnin life need lover wife oh baby lover times need friend lover guide oh baby runnin heart yearning love heart yearning love heart yearning let inside love whoa heart yearning let inside love love love love runnin runnin runnin runnin life runnin runnin life runnin runnin life runnin runnin life oh dear runnin runnin life runnin runnin life runnin runnin life runnin runnin life runnin runnin life runnin runnin life runnin runnin life runnin runnin life runnin runnin life runnin runnin life runnin runnin life runnin runnin life runnin runnin life runnin runnin life runnin runnin life runnin runnin life2embed
2902,1981,The Babys,Turn And Walk Away,turn walk away lyricsyou believe love believe right youre lost youre night weve got left talk time goodbye hurt anymore ive chance walk away gonna build plans start walk away gonna turn backs love walk away captivated reaching love living shadow care reasons fall love survivors live walk away gonna build plans start walk away gonna turn backs love walk away love love broken words love walk away gonna build plans start walk away gonna turn backs love walk away turn turn walk away gonna turn backs love walk away turn turn walk away gonna turn backs love walk away turn turn walk away gonna turn backs loveembed
2905,1981,Bee Gees,Living Eyes,living eyes believe told tomorrow yesterday alive know world keeps moving holdin beginning far away praying destiny arrive moment youre born miracle comes living eyes sun war mind state heart living eyes rain fall day deny face love age time forever right power leave heaven earth leave living love reason shine dream analyze living eyes know believe soul magic living eyes sun war mind state heart living eyes rain fall day deny face love age time forever right power leave heaven earth leave living love reason shine living eyes sun war mind state heart living eyes rain fall day deny face love living eyes sun war mind state heart living eyes rain fall day deny face loveembed
2907,1981,Alabama,Love In The First Degree,love degree love prison place didnt want long ago decision footloose fancyfree came tempted gamble love time thought caught perfect crime baby left defenseless ive got plea lock away inside love throw away key guilty love degree thought simple thousand times id wanted walk away door babe begging mercy ahead throw book loving yous crime know guilty man baby left defenseless ive got plea lock away inside love throw away key guilty love degree baby left defenseless ive got plea lock away inside love throw away key guilty love degree love degree love degree love degree love degree love degree love degree love degreeembed
2908,1981,Dire Straits,Skateaway,skateaway seen girl oneway corridor stealing wrongway street world urban toreador wheels feet cars usual dances old cruise kerbside crawl rollergirl shes taking chances love fears night shes sailing crowd ears phones tight musics playing loud hallelujah comes queen rollerball enchanté care know wait lonely skate town shes fears night shes sailing crowd ears phones tight musics playing loud gets rock roll rock roll station rock roll dream shes making movies location know means music want story story song rollergirl worry dj play movies night long night long tortures taxi drivers fun read lips says toro toro taxi tomorrow son swear let big truck grease hip got world city intrude got world city citys rude fears night shes sailing crowd ears phones tight musics playing loud gets rock roll rock roll station rock roll dream shes making movies location know means music want story story song rollergirl worry dj play movies night long night long come slipping sliding yeah lifes roller ball slipping asliding skateaway thats skateaway shala shalay hey hey skateaway shala shalay hey hey skateaway shes singing shala shalay hey hey skateaway shala shalayembed
2909,1981,Climax Blues Band,Gotta Have More Love,gotta love lyricsdont wanna worry baby wanna bring love hot handle let know ive got yearnin inside runnin deeper night fooling hunger satisfied warning gotta love gotta love gotta love love think know love babe ive got rule desire moves stronger wind fooling cause wont stop begin warning gotta love gotta love gotta love love rule desire moves stronger wind fooling cause wont stop begin warning gotta love gotta love gotta love gotta love gotta love gotta love gotta love gotta love enoughembed
2910,1981,Barbra Streisand,Promises,promises close paradise going loneliness loving know ready feeling learn grow world tears hanging come sun youre light love let die away forever born promises promises life heaven world nights end weve got love life friend youre light love let die away forever born promises love promises love world nights end weve got love life friend youre light love let die away forever born promises promises yeahyeahyeah die away love let die away forever born promises promises promises promises promises promises promises promises promises promises promises promises promisesaaaah1embed
2912,1981,Joe Dolce,Shaddap You Face,shaddap face lyricsallo ima giuseppe gota speciala ready uno duo tre quatro boy eightha grade mama stay outa late bada boys shoota pool giuseppe going flunka school boy makea sick ting gotta canta geta kicks got follow rules boy makea sick makea lousy bucks got feela fool anda mama alla time whatsa matter hey gotta respect whata tink looka sad itsa bad itsa nicea place ah shaddapa face thatsa mama remember big accordion solo ahha play dat thing nice nice soona comea day gonna biga star den makea tv shows anda movies geta new car wanta change ting adance asing think abouta mama whatsa matter hey gotta respect whata tink looka sad itsa bad itsa nicea place ah shaddapa face mama said alla da time whatsa matter hey gotta respect whata tink looka sad itsa bad itsa nicea place ah shaddapa face thatsa mama hello everybody ats outa dere ina radio anda tv land know biga hita song ina italy witha shaddapa face singa disa song alla fans applaud dey clapa da hands data feela good ought learna disa song itsa reala simple sing whatsa matter sing hey den singa da rest den end alla sing ah shaddapa face ok letsa try big uno duo tre quatro whatsa matter hey gotta respect hey whata tink hey looka sad hey itsa bad hey itsa nicea place ah shaddapa face thatsa great whatsa matter hey gotta respect hey whata tink hey looka sad hey itsa bad hey itsa nicea place ah shaddapa face ok time mama everybody whatsa matter hey gotta respect hey whata tink hey looka sad hey itsa bad hey itsa nicea place ah shaddapa face3embed
2914,1981,Jim Photoglo,Fool In Love With You,fool love lyricswhen said goodbye didnt need cause love oh parted started fool love fool love youo darlin darlin fool got thats want thats game played aint got girl know want fool love fool love girls know phone want supposed cause hearts burnin desire think fool love youo darlin darlin fool got thats want thats game played aint got girl know want fool love fool love youembed
2915,1981,Suzi Quatro,Lipstick,lipstick broke heart come home elses lipstick let tell shut door climb stairs attitude care pull covers climb sack bet oh fool whos fool cares hit nail mouth evil taste lipstick inhale scent elses lipstick elses lipstick elses lipstick elses lipstick ohhh elses ancient form crass stupidity think proves masculinity time care know bad tell hit nail mouth evil taste lipstick inhale scent elses lipstick elses lipstick elses lipstick elses lipstick ohhh elses break ive breakup tired making youve making elses makeup suppose heartbreak time funny thing feeling fine time nail mouth evil taste lipstick inhale scent elses lipstick elses lipstick elses lipstick elses lipstick ohhh elses lipstick lipstick someones trashy lipstick someones sticky lipstick lipstick someones scarlet lipstick lipstick someones purpurpurple lipstick lipstick elses purpurpur lipstick know lipstick stick long lipstick ill lip lipstick itll stick lipstick ive lipstick lipstick better pick lipstick real quick lipstick trashy trashy lipstick red pink purple lipstickembed
2916,1981,Kim Carnes,Mistaken Identity,mistaken identity lyricsdid tell throw night come lover thinkin restless heart high changed number telephone wont come callin ill case mistaken identity girl want case mistaken identity girl want think id waiting think id holding breath hear sound footsteps sayin need need changed number telephone wont come callin ill case mistaken identity girl want case mistaken identity girl want try anymore lies fool mistake thinking love tell fine need changed number telephone wont come callin ill case mistaken identity girl want case mistaken identity girl want be1embed
2917,1981,Commodores,Lady (You Bring Me Up),lady bring lady bring maybe youre gonna change life came lonely cared running scared saw face told smiled lifes begun lady brought rain yeah maybe life filled desperation solitary man gave hope inspiration true love believe youre saying feet tall love need explaining weve got lady bring maybe maybe youre gonna change life la la la la la la la la la la la la la la la la la la la la la la la la la la la la la la la la la la la la la la la whoa lady bring maybe yeah youre gonna change life yeah yeah yeah ooh lady ooh lady bring maybe youre gonna change life ooh lady ooh lady bring downembed
2918,1981,Leo Sayer,More Than I Can Say,lyricsohwoahyayyay love ill love twice tomorrow woah love ohwoahyayyay ill miss single day life filled sorrow oh love oh know need oh tell got know mean guy ohwoahyayyay miss life filled sorrow oh woah love oh know need tell got know mean guy ohwoahyayyay love ill love twice tomorrow woah love love love oh mmm ill love twice tomorrow mmm ill love twice tomorrow mmm love mmm love words mmm love sayembed
2920,1981,Molly Hatchet,The Rambler,rambler lyricsim going river bide time away look tomorrow cause wont way oh girl hate leave stay sunrise eyes darling ill way miles slowly time stands long day settle guess oh cities pass ships sail sea lord highway calling darling hope youll wait oh cold city live life day day guess ill rambler hard way lord need help way need smiling face darling coming home todayembed
2924,1981,The Jacksons,Walk Right Now,walk right yeah work calls says dear come know love gone aggressive heart youre comes door crying feet guilt shines eyes slowly sinks deep know love forever persuade way aint clever close door care youre sayin walk right aint playin love prayin look aint stayin crying sleep sigh cause thought ooh ooh screamin aah aah yeah shes knockin door heeheehee wont leave yeah heehee wants speak speak persuade arms heeheehee shes callin phone wont leave deep inside shes trying clever love leave forever close door care youre sayin walk right aint playin love prayin look aint stayin care youre sayin walk right whyd love whyd look hoo try hard cope bear things love friends wish persuasive heart wont let pure friendship know love forever persuade way aint clever close door care youre sayin walk right aint playin love prayin look aint stayin care youre sayin walk right aint playin love prayin look whyd care whyd walk right whyd love whyd look hoo heeheehee heeheehee heeheehee heeheehee heeheehee heeheehee yeah oh baby care walk right love look care walk right love look care2embed
2925,1981,Billy Squier,My Kinda Lover,kinda lover got runnin baby somethin way revenue magic feel magic oh long youre situation youre kinda lover kinda lover kinda lover kinda lover kinda lover kinda lover lettin got motions baby got notion maybe ill stick oh doubt long reason youre kinda lover kinda lover kinda lover kinda lover kinda lover kinda lover come round fly floor comin ask rock sock baby got ridin end rake shake baby turn got motor racin thoughts embracin wanna set reelin wanna feel way oh thinkin bout long wanna lose ya youre kinda lover kinda lover kinda lover kinda lover kinda lover kinda lover8embed
2926,1981,Tom Petty And The Heartbreakers,The Waiting,waiting oh baby feel heaven right feel dream yeah ive known feel tonight baby know better try pretend honey coulda told bout said yeah yeah yeah yeah yeah yeah yeah yeah waiting hardest day card faith heart waiting hardest yeah chased couple women got feel good good feel right baby youre thats known wanna live wanna live said yeah yeah yeah yeah yeah yeah yeah yeah waiting hardest day yard faith heart waiting hardest oh let kill baby let let kill baby let ill bleedin heart ill cryin fool let far let yeah yeah yeah yeah yeah yeah yeah yeah waiting hardest day yard faith heart waiting hardest yeah waiting hardest ooh hardest ooh hardest ooh5embed
2931,1981,George Harrison,All Those Years Ago,years ago shoutin love treated dog clear years ago talkin act honesty point way truth need love living good bad looked left cold sad devils best friend offended living bad dream theyve forgotten mankind backed wall years ago imagined years ago years ago years ago deep darkest night send prayer world light spirit free lies despised theyve forgotten god hes reason exist said weird years ago said ears years ago control smiles tears years ago years ago years ago4embed
2934,1981,Jennifer Warnes,Could It Be Love,love lyricswell right wonder feels right wonder know true love feels shows wonder tells wonder knows true love feels infatuation possibly real heartaches consulation possibly real tell wanted long tell wants needs right love wonder love feels right oh wonder love know true love feels infatuation possibly real heartaches consulation possibly real tell wanted long tell wants needs right wonder feels right wonder know true love feels shows wonder tells wonder know true love feels right wonder feels right wonderembed
2935,1981,The Oak Ridge Boys,Elvira,elvira elvira elvira hearts elvira eyes look heaven lips cherry wine girl sure little light shine funny feeling spine cause know elviras singin elvira elvira hearts elvira giddy oom poppa oom poppa mow mow giddy oom poppa oom poppa mow mow heighho silver away tonight gonna meet hungry house cafe gonna love yes shes gonna jump holler cause ive saved dollars gonna search preacher man asingin elvira elvira hearts elvira giddy oom poppa oom poppa mow mow giddy oom poppa oom poppa mow mow heighho silver away elvira elvira hearts elvira giddy oom poppa oom poppa mow mow giddy oom poppa oom poppa mow mow heighho silver away elvira yeah elvira hearts elvira giddy oom poppa oom poppa mow mow giddy oom poppa oom poppa mow mow heighho silver away elvira yeah elvira hearts elviraembed
2937,1981,Debbie Harry,Backfired,backfired lyricsbackfired plan plan backfired backfired man plan backfired face came life test diplomatic drag depressed glitter eyes undressed polished slick wasting time dropping lines movies hojos hamburgers backfired plan backfired backfired man plan backfired face steal mind objective way spoke aggresive silly jokes impressive traveling salesman met farmer daughters quips suggestive ran hojos hamburgers backfired plan backfired backfired man plan backfired face come little dear ive got takes want ill break slip lips cuz youre talking fast buying crying come little lady shoot ive got strong connections town drop dead stop backfired plan backfired backfired man plan backfired face polished slick wasting time dropping lines backfired traveling salesman met farmer daughters backfired backfired plan backfired work backfired man plan backfired face backfired backfired plan backfired oh work backfired better new line try slick performance demand backfired better fast head west collect backfired backfired plan backfired bad backfired man plan backfired come little dear ive got takes want ill break slip lips cuz youre talking fast buying crying come little lady shoot ive got strong connections town drop dead stopembed
2938,1981,Andy Gibb,Me (Without You),lyricswithout stood edge time sightbut forever theres forgetting night reach stars bright left crazy goodbye aint love aint plans evrythings lost wind love try watching world leaving memory theres forgetting place told goodbye slap face tore apart learned aint love aint plans evrythings lost wind love try aint love baby aint plans girl evrythings lost wind love try honey ah evrythings lost embed
2939,1981,Dolly Parton,But You Know I Love You,know love lyricswhen morning sun streaks room wakin dream yes know road thats left chain broken dreams know love know love oh love wish love wed need live life wed cause ive got know feel sad inside heart dollar signs keeping apart know love know love oh love way time problems life crossed mind answers childrens nursery rhymes id come running id come running know live dreams got pay rent leave cause know choice years ago traveling life life know know love know love oh love know love know love oh love know love know love oh love know love know love oh love know love know love oh love youembed
2940,1981,Chilliwack,"My Girl (Gone, Gone, Gone)",girl gone gone gone lyricsgone gone gone gone long gone gone gone long gone gone gone gone long gone gone gone long gone gone gone gone long gone gone gone long gone gone gone gone long gone gone gone gone gone long left sure feel little misunderstanding telephone hanging main street living different world standing gang corner talking girl girl world shes gone way sea girl memory long away gone gone gone gone long gone gone gone long gone gone gone gone long gone gone gone gone gone long gone gone gone gone long gone gone gone long didnt leave didnt run didnt word hope shes right got way know gets hear song hear radio girl world shes gone thats tragedy girl memory long away gone gone gone gone long gone gone gone long gone gone gone gone long gone gone gone long gone gone gone gone long gone gone gone gone gone gone long gone gone gone gone long wonder gonna girl wonder gonna gone gone gone gone long wonder gonna girl wonder gonna hope gets message gone gone gone gone long gotta know wonder gonna girl wonder gonna gonna track ill girl gone gone gone gone long gonna tell love wonder gonna girl wonder gonna word grapevine gone gone gone gone long spread world wonder gonna girl wonder gonna sooner later know gonna gone gone gone gone long talkin girl wonder gonna girl wonder gonna girl girl girl girl girl girl girl gone gone gone gone long gone gone gone gone long girl gone gone gone gone long wonder gonna girl girl gone gone gone gone long gone gone gone gone long girl gone gone gone gone long wonder gonna girl wonder gonna girl gone gone gone gone long gone gone gone gone long girl gone gone gone gone long wonder gonna girl wonder gonna girl gone gone gone gone long gone gone gone gone long girl gone gone gone gone long wonder gonna girl wonder gonna girl gone gone gone gone long gone gone gone gone long girl gone gone gone gone longembed
2941,1981,Luther Vandross,Never Too Much,fool want love shining star guiding light love fantasy theres minute hour day night love youre list cause thinking remember days scared touch spent day dreaming planning love known feelings deep swim thats opened heart told come oh love thousand kisses wanna stop oh love million days arms wanna stop woke today looked picture started called werent brokenhearted hung phone late boss demanding opened door surprise standing needs work hustle dollar id cause heart scream holler love gamble glad winning weve come long way beginning oh love thousand kisses wanna stop oh love million days arms wanna stop oh love thousand kisses wanna stop oh love million days arms much10embed
2942,1981,Dr. Hook,Girls Can Get It,girls lyricsgirls girls fun girls way lovers anytime want anytime needs lovin anytime gives sign wont long man oblige guys got plot guys got plan guys got lie cheat steal love agree thats way adam eve girls anytime want girls man wont everybodys lovin woman gets faster man girls anytime girls fact life calls lovin middle night man runnin speed light look love girls morning noon night wonder nature eighth wonder world mans got chase hes gonna girl oh woman wants love woman gets love sure shes gonna sun comes girls pick choose girls men mood calls lovin middle night man runnin speed light girls anytime girls fact life oh know shell easy know givin little water thirsty man girls anytime want girls man wontembed
2944,1981,James Taylor & J.D. Souther,Her Town Too,town shes afraid shes afraid knock door theres shade doubt sure comes maybe friend friend friend town town old girlfriends talking shes got grapevine running telephone line talking bout said said bout said figured friends maybe live people gotten seeing hes gone life goes lasts forever oh gets house garden gets boys band friends friends understand lord knows small town city yes fall got pity wanted town town know falls somebody loves somebody loves darling somebody loves remember town town town know falls somebody loves somebody loves you1embed
2945,1981,Blondie,The Tide Is High,tide high tide high holdin gonna number kinda girl gives oh things tease hurt bad way things kinda girl gives oh tide high holdin gonna number number girl wants man ill wait dear till turn kinda girl gives oh tide high holdin gonna number number number girl wants man ill wait dear till turn kinda girl gives oh tide high holding gonna number number number tide high holding gonna number tide high holding gonna number tide high holding gonna number one7embed
2946,1981,Charles Fox,Seasons,2018 album release calendar lyrics51 church cosmic skull science fiction 99 drayco mccoy fully automatic ep 55 yayo hail almighty super saiyan boom god 115 iz angel 77 soldier kidd xxx 1010 stalone uropa 45 52 g idle 66 jasiah phree mind 67 53 cochise pulp 88 54 1k phew georgia shore 22 169 seasons 88 6 dogs danny wolf 6 wolves 77 amber mark conexão ep 44 angelus apatrida cabaret la guillotine 1010 animal island animalistic 77 aquilo ii 1010 asian doll doll szn 1313 belly dove 1111 black moth super rainbow panic blooms 1616 blocboy jb simi 1818 brian eno music installations 2424 carb carb ages 1010 cecily songs love freedom 99 chris orrick portraits 1212 cut worms hollow ground 1010 cyw cyw 77 dada life nation 1212 damien jurado horizon laughed 1111 daniel daniel lonesome hollow 811 dbangz konohagakure 55 desiigner lod 77 dimmu borgir eonian 1111 dj koze knock knock 1216 ecstatic vision influence 46 eleanor friedberger rebound 1010 erik dylan baseball moon 1313 felix cartal season 1818 felix snow triptych buffalo ep 55 frank turner kind 1313 gaz coombes worlds strongest man 1111 ghastly mystifying oracle 1313 high sunn missed connections 310 horse feathers appreciation 1010 feel fine long distance celebration 55 iceage beyondless 1111 ihsahn ámr 99 jabari johnson day redemption 38 joey cool joey cool 1515 johnnyswim drew holcomb neighbors goodbye road ep 55 johnny yukon installation 1111 jon hopkins singularity 99 josh ward deserve 1111 key kenny beats 777 1515 killa kyleon candy paint n texas plates 220 lake street dive free 1010 landstrip chip point view 010 layover laughter leaves 55 leeds everythings dandy 99 leon bridges good thing 1010 lil reese getbackgang 1010 lincoln brewster god impossible 1515 lou val lonely paradise 99 matt kim everyday 1010 mat kearney crazytalk 1313 middle kids lost friends 1212 missy higgins solastalgia 1212 nevelle viracocha astral hour 1213 palace winter nowadays 1111 parker millsap arrangements 1212 parkway drive reverence 1010 peace kindness new rock roll 1010 plan b heaven hell breaks loose 1414 preme light day 1515 rae sremmurd sremmlife 3 sr3mm 2727 raye tape ep 66 reuben dark arms dream 411 reykon el lider 1212 rob tone young rob tone 99 royce da 59 book ryan bonus track edition 2121 scarlxrd dxxm 1414 shakey graves wake 1313 shinedown attention attention 1616 shoreline mafia shorelinedothatshit rerelease 1616 skating polly 411 slim jxmmi jxmtro 99 styles p ghost 1616 swae lee swaecation 99 buttertones midnight moonless dream 1213 glitch mob eyes 1111 lacs dirt rock 1212 thy catafalque geometria 1111 tove styrke sway 88 trampled turtles life good open road 1212 tropical fuck storm laughing death meatspace 99 varios artistas todos somos más 1717 vic august glass house 2 99 yung gravy snow cougar 77 55 550 cinco 08 cap1 king richie 012 evander griiim raices 1215 johnny cinco swear 2 718 ookay wow cool album 1212 xanman krime pays 3 17 57 yungmanny channel 43 24 58 bali baby baylor swift 68 ben korea recipe 1010 cross gene zero 66 leebada pink ocean 14 little big antipositive pt 1 88 sway d korea story hurricane 66 teen seoul night 66 wale self promotion ep 44 59 exocbx magic 1111 junhyung highlight goodbye 20s 1111 kid milli imnotspecial 99 sheek louch beast mode vol 1 ep 15 superlove handcuff hollow 03 vinxen smelting 66 510 dreamcatcher escape era 66 molly moore eye high 24 na yoon kwon thank 1111 511 ha hef kommunity service 011 ace hood trust process ii undefeated 2929 ana mena index 1212 arctic monkeys tranquility base hotel casino 1111 ashley campbell lonely 1313 august 08 father 88 bad wolves disobey 1313 ballout glo glacier 310 beach house 7 1111 bj chicago kid opening ceremony 33 bladee red light 1414 brent cobb providence canyon 1111 charlie puth voicenotes 1313 chief state 44 city girls period 1616 crooked teeth pastel 33 delta goodrem honestly love 1313 fendi p fka corner boy p late nights early mornings 415 hayley jensen turning dial 88 illuminati hotties kiss yr frenemies 1111 jackie hill perry crescendo 1414 jess williamson cosmic wink 99 junglepussy jp3 1010 la luz floating features 1111 le butcherettes strugglestruggle 33 loreena mckennitt lost souls 99 luke haines dream glue 214 magestik legend time 212 marian hill unusual 1010 mark kozelek mark kozelek 1111 nickelus f stuck 1414 original broadway cast frozenfrozen original broadway cast recording 2222 playboi carti die lit 1919 ry cooder prodigal son 1111 sevendust war 1212 simian mobile disco murmurations 99 ski mask slump god beware book eli 1010 slowly slowly st leonards 1313 tee grizzley activated 1818 body fought longer 1010 doppelgangaz aaaaggghh 411 sea cake day 1010 ty dolla ign beach house 3 deluxe 2626 artists life party original motion picture soundtrack 2024 worlds greatest dad soon 312 512 tragic young existence loves 1111 513 curtis waters prom night 912 514 dagames greatest hits vol 1 1212 iris heart artist 612 project youngin group home living 511 515 deerhunter double dream spring 810 kanto repetition 55 kevin gates chained city 33 lil b platinum flame 2828 shinigami cybernetix 22 vivian firebender 66 wdng crshrs crshd files vol 2 110 516 aap ant lil black jean jacket 313 nflying r u today 55 twice wake 44 wax idols happy ending 1111 517 no1noah free drugs 88 megan thee stallion fever 114 518 beach slang matters listening 1010 beatriz luengo cuerpo y alma 918 bts love 轉 tear 1111 burn priest legion xx 910 charles watson river 1010 claudia barretto claudia barretto 55 coogie coogie 88 courtney barnett tell feel 1010 david myhr lucky day 710 dice soho 713 djds big wave 1414 elder brother stay inside 1111 finger death punch justice 1616 iration iration 1717 james bay electric light 1414 jason boland stragglers hard times relative 1111 jason nelson answer 1414 joan armatrading far away 1010 john maus addendum 1212 jon allen blue flame 1111 justin nozuka run waters 1111 kyle light 1515 lil baby harder 1717 lilcj kasino murda worth music 412 maluma fame 1515 mc paul barman echo chamber 1616 nav reckless 1212 nedelle torrisi 211 nick grant dreamin loud 1414 parade lights human condition pt 1 55 parquet courts wide awake 1313 ray lamontagne light 99 ric wilson banba 66 sebastián yatra mantra 1616 shakewell big juice tha sip 88 skooly due4me3 ep 03 spaceghostpurrp vamp money 212 spose going home 66 stalley tell truth shame devil vol 3 27 stephen malkmus jicks sparkle hard 1111 afterimage eve 1111 poets understand black 1010 tori harper seasons ep 66 trent harmon got em 1111 tt lovelaws 1010 artists 13 reasons season 2 original motion picture soundtrack 2020 artists deadpool 2 original motion picture soundtrack 1212 artists rapture music netflix original tv series ep 66 ziggy marley rebellion rises 110 zolita sappho ep 66 519 93feetofsmoke 6speed 44 youngboy broke master day judgement 99 520 montana 300 pray devil 911 521 ja mezz goødevil 1212 pimp pimp p 104 kill mr regular 36 saay claassic 1818 522 blueprint twoheaded monster 1313 cardean anna maria pierangeli 66 hitboy tony fontana 410 jessie j rose realisations ep 44 parliament medicaid fraud dogg 1323 raz simone closer 38 xanman 762 vol 2 410 523 gfriend 今日から私たちは gfriend 1st best 1212 jessie j rose obsessions ep 44 juice wrld goodbye good riddance 1515 moonbyul selfish 33 nct 127 chain 55 niki zephyr 88 roddy fka young roddy uncommon ep 55 yung booke heartbreak 60 110 524 bolbbalgan4 red diary page2 88 geazy vault ep 33 iris heart artist 1212 jessie j rose sex ep 44 shad da god city god 1417 tomás del real tiempo 1313 525 aap rocky testing 1515 24k bonnie clyde 66 ben haenow alive 211 big scoob duality 2020 bleeding love kill 1212 chad valley imaginary music 1111 chvrches love dead 1313 clairo diary 001 66 coastcity coastcity 77 columbus hot heartbreak 1010 davisson brothers band fighter 88 derek king 1995 ep 16 dream dreamer comes goes 1010 haevn eyes closed 614 hatchie sugar spice ep 55 influence music touching heaven 1212 inner tongue favours 1212 j balvin vibras 1414 janine 99 1111 jay prince cherish 49 jenny hval long sleep ep 44 jessie j rose empowerment ep 44 jessie j rose 1616 john williams john powell solo star wars story original motion picture soundtrack 2020 jonathan davis black labyrinth 1313 lauren andromeda 55 lerumo pop prince 2223 light city terminal bloom 1010 mt desolation night calls 211 paty cantú 333 1616 philthy rich nernl 4 1616 planet asia mansa musa 016 pusha t daytona 77 qveen herby ep 3 ep 55 retirement party somewhat literate 1111 shawn mendes shawn mendes 1414 smile soul oblivion 1010 snap dogg sacrifices 715 snow patrol wildness deluxe 1515 sudan archives sink 66 taysav bullyvard 416 del mccoury band del mccoury sings bluegrass 1414 travis thompson yougood 1313 welshly arms place home 1313 whatuprg pleasant hill ep 77 zaytoven trap holizay 1212 526 645ar fix da rap game 07 sob x rbe big money tutuland 26 528 aoa bingle bangle 66 dj critical hype 9th 99 landfill landiⅎ 88 lil number 48 number 610 pristin v v 22 russell fka pryde russell 1315 shinee story light ep 1 55 529 sad boy laptop silent confessions 77 530 cautious clay resonance 33 crucial star think 18 22 curreny harry fraud marina ep 88 kim samuel teenager 88 j hus big spang ep 33 loona yyxy beautythebeat 55 nam tae hyun south club 20 44 omar apollo stereo 77 rachel foxx flame ep 77 seventeen 55 tierra whack whack world 1515 531 eric bellinger meditation music 55 hyukoh 24 true love happiness 66 lauv met 18 playlist 1717 lil aaron rocktar famou 77 maj majinvvibes 66 mathaius young tre capital burnin castles ep 56 mila j 2018 ep 55 mkit rain public enemy 1414 salute condition ep 33 plug traplympics 2 011 pink cig cigarettes pt 1 66 trenchmobb home soon 414 waka flocka flame big homie flocka 12232embed
2947,1981,Michael Jackson,One Day In Your Life,day life day life youll remember place touching face youll come youll look day life youll remember love youll remember need stay heart things fall apart youll remember day day life waiting love share ill youll remember need stay heart things fall apart youll remember day day life youre lonely love share ill there3embed
2948,1981,Olivia Newton-John & Cliff Richard,Suddenly,suddenly walks suddenly hero taken hopes begin rise look tell id thrilled message eyes close dream suddenly suddenly wheels motion ready sail ocean suddenly need answers cause ready chances feel youre matters id rely ill care illusions shatter dare close dream suddenly suddenly wheels motion ready sail ocean suddenly need answers cause ready chances feel alive youre near theres way hurt longing spend moment day suddenly wheels motion ready sail ocean suddenly need answers cause ready chances youembed
2949,1981,The John Hall Band,Crazy (Keep On Falling),crazy falling lyricsim crazy crazy bout way love baby shiver time touch worry youre thinking love weve falling falling love falling falling falling love youre crazy wild free easy living man miles time fade away home girl falling falling love falling falling falling love falling yeah yeah hold night makе easy forget troublе anybody love somebody madness magic crazy feels end stronger stronger years lift higher theres way way falling falling love falling falling falling love falling love falling falling falling falling falling falling loveembed
2951,1981,Carly Simon,Jesse,jesse oh mama prayer jesses town wont easy let near let touch let seize jesse wont cut fresh flowers jesse wont wine cold jesse wont change sheets wont cologne wont sit phone annie reminding cut heart paper doll sally tell set fall jesse wont cut fresh flowers jesse wont wine cold jesse wont change sheets wont cologne wont sit phone jesse quick come wont tell soul jesse youve come friends shes gone know heaven youve come ooooh jesse jesse ill cut fresh flowers jesse ill wine cold oh jesse easily change mind cologne sit phone oh yeah jesse lets open wine drink heart friends friends tough theyre feeling bad think ive sunk low jesse ill cut fresh flowers jesse wine cold oh jesse change sheets cologne wait phone oh jesse la la la la la la la la la la la la la la la oh jesse la la la la la la la la la la la la la la la jesse cut fresh flowers jesse yeah wine cold oh jesse change sheets youembed
2952,1981,Eric Clapton,Another Ticket,ticket stay forever change time think youve paid price youve got pay twice time think youre near end turn ticket oh love time running oh love time running wait tomorrow know score embed
2953,1981,Fleetwood Mac,Fireflies,fireflies leave gone stolen ones held line oh ones live silhouette dream treasured ones hung breakdown love affair stiletto cuts quick whip air long distance winners survive flight runs light love believe believe drama moment oh easy way leaves stays close fades love believe believe drama moment oh easy way leaves stays close fades leave caused fearsome divorce night competition survive right believe survive distance fights fights flies happened feelings heartbreak comes night nightmare fireflies sailing ship loves rocks love affair whip air love believe believe firefliesembed
2954,1981,Bruce Springsteen,Fade Away,fade away youve man things matter girl believe believe cause baby want fade away oh wanna fade away tell cause darling wanna fade away youve mind long long time good line lost love lost trust rooms bright filled coming night oh darling want fade away oh wanna fade away tell cause darling wanna fade away easy youve lonely girls want miss nights wed dancing days walked girl miss oh swear oh girl baby wanna useless memory holding tight ghost street stop politely speak pass vanishing night left vanish night baby want fade away oh wanna fade away tell cause darling wanna fade away darlin want fade away wanna fade away tell oh darling wanna fade away darling wanna fade away darling wanna fade away wanna fade away wanna fade away wanna fade awayembed
2956,1981,Burton Cummings,You Saved My Soul,saved soul lyricswe went long evry second record radio song hurt oh baby wrong heart holding cause saved soul came took night time yeah saved soul taught flyand gave heart babe thats theres returning cause ill lovers long second record radio song older things feeling wrong heart holding cause yourepeat chorus ill saved soul saved soul saved soul saved soul saved soulrepeat chorus yes ill yes ill aloneembed
2958,1981,The Allman Brothers Band,Straight From The Heart,straight heart lyricsyouve heard line lifes revolving door way way know whats mind chance time maybe start straight heart baby love eyes tell lie youre feeling inside start cause time love straight heart know theyre telling wish true love hard took time let let try straight heart eyes tell lie youre feeling inside start cause time love straight heart thought knew love didnt know didnt time started fall straight heartembed
2959,1981,Little River Band,The Night Owls,night owls lyricsthere bar right street hes got need beat floor shuffles feet away hell girl cause looks fine hes gonna win time knows hes dressed kill hes night owl theres howl night owl calling belong shes crying night strong heart night owl falling stay till dawn night gone restless kind theyve time wearing hearts line gypsy soul need rock roll theyre theyre night owls theres howl night owl calling belong shes crying night strong heart night owl falling stay till dawn night gone bar right street hes got need beat floor shuffles feet away hell girl cause looks fine hes gonna win time knows hes hes night owl theres howl night owl calling belong shes crying night night goes strong heart night owl falling stay till dawn night goneembed
2961,1981,Blackfoot,Fly Away,fly away lyricswake baby smile sun shinin winds blowin free got thinkin ooo yesterday silver bird away single boys theyre town lookin pretty girls hangin man radio tellin news summertimes kick mud shoes yeah chorus fly away fly away silver bird away fly away today come woman lets away tired workin feels nothin aint gettin younger live today tired workin feels nothin aint gettin younger live today friends wantabuy drink loaded hell think went home lady car jumped bird far repeat chorusembed
2963,1981,Franke & The Knockouts,Sweetheart,sweetheart lyricsi know baby hard strong good bad think youre cause know sad goodbyes cause ive help dry eyes sweetheart love start treats star oh sweetheart loves baby loves wrong right cause youre spark life yeah day night trouble akeeps knockin door babe wont round sweetheart oh know yes know matter long ill singing songembed
2964,1981,Daryl Hall John Oates,Private Eyes,private eyes watch blowing lines youre making scene oh girl youve got know head overlooks senses heart watching lies escape private eyes theyre watching private eyes theyre watching private eyes theyre watching watching watching watching play words play love twist baby aint cause girl gonna know youre letting letting lie youre hurting inside cause escape private eyes theyre watching baby private eyes theyre watching private eyes theyre watching watching watching watching ooh try spy slip disguise ill know look private eyes theyre watching oh babe private eyes theyre watching private eyes theyre watching private eyes theyre watching yeah private eyes oh theyre watching private eyes theyre watching private eyes ooh watching yeah private eyes theyre watching private eyes theyre watching private eyes watching watch girl oh oh private eyes private private private eyes girl watching eyes theyre watching watching private eyes watching private eyes yeah watching you3embed
2965,1981,Arlan Day,I Surrender,surrender lyricsday day ive pacing floor wondering got mess left conclude knew way theres thing left come heart surrender youve got want surrender saw havent surrender yeah youre persuasive woman youre end pain year year running playing hard know whos middle night guru thumbed ride said got woman saw dancing eyes flashed blind mind surrender got got got want surrender surrender youre persuasive woman surrender surrender surrender surrenderembed
2966,1981,Olivia Newton-John,Physical,physical saying things know youll making good conversation gotta handle right know mean took intimate restaurant suggestive movie theres left talk horizontally lets physical physical wanna physical lets physical let hear body talk body talk let hear body talk lets physical physical wanna physical lets physical let hear body talk body talk let hear body talk ive patient ive good tried hands table gettin hard holdin know mean sure youll understand point view know mentally gotta know youre bringin animal lets physical physical wanna physical lets physical let hear body talk body talk let hear body talk lets physical physical wanna physical lets physical let hear body talk body talk let hear body talk ah oh lets physical physical wanna physical lets physical let hear body talk body talk let hear body talk lets animal animal wanna animal lets animal let hear body talk body talk let hear body talk ahah let hear body talk body talk let hear body talk5embed
2968,1981,The Alan Parsons Project,Snake Eyes,snake eyes snake eyes seven let boys gimme snake eyes seven let tonight let tonight minute minute gonna alright gonna alright minute ill walk right door gonna alright gonna alright ya gimme snake eyes seven let gimme snake eyes staring heaven let tonight let tonight minute gimme minute gonna alright gonna alright gotta gimme minute gimme minute gonna alright gonna alright minute ill walk right door butcha gotta gimme marker ill walk right door gimme let gonna alright alright alrightembed
2969,1981,Bob Seger,The Horizontal Bop,horizontal bop wallys getting anxious thinkin bout tonight bruce spiffy lookin wicked lookin right eddies gettin spruced donnas gettin loose theyre passin round bottle theyre gettin good juiced bgs winin dinin checkin talent club skippers hauntin second lookin forward rub busters country hitters shop everybody wants horizontal bop bring records brew house buddy know tell ladies deal house better field grass good carpet place fine time rockin babe time shine tell em dancin dancin till drop time horizontal bop oh yeah theyre fillin corners theyre fillin streets feel tension feel heat musics gettin louder beats gettin fast summers finally yeah finally pony cars cruisin woodward avenue try pass em theyll smoke towns shakin everybody wants horizontal bop busters country hitters shop everybody wants horizontal bop tell em dancin dancin till drop everybody wants horizontal bop embed
2970,1981,Elton John,Chloe,chloe come youre understanding tell lies pretending believe alibis need want till end chloe handle live hope learn taking pain loving blindly return need friend chloe chloe chloe gonna bout chloe gonna going bout youre lifeline cling feel giving dreams rely start wear little need want till end chloe mm chloe chloe gonna bout chloe gonna gonna need want till end chloe mm chloe chloe gonna bout chloe gonna gonna bout gonna bout meembed
2971,1981,Prince,Controversy,20 rap albums 2013 lyrics20 better dead flatbush zombiesthe entirety flatbush zombies sophomore effort betteroffdead summed track death 2 represents manifesto sorts trio splattering terrifying sample interview charles manson violently druggedout producer erick arc elliots trademark grim landscape surface zombies barely progressed intentionallyinsane jackofalldrugs zombieobsessed members burgeoning hiphop force beast coast enter world betteroffdead quickly whisk away hazy realm ethereal beats harshly smooth flows plethora topics mcs trade bars released 91113 911 pm political content immediately struck evolved polished 19 tracks warp continuous stream allows song stand deviating general concept tape sense group reveals massive musical growth eccentric debut mixtape drugs19 gifted walea wale album wouldnt wale album criticism controversy haters months dropping folarin wale blessed studio album entitled gifted album received reproach artwork album cover dropped wale response nonbelievers gifted classic dmvstyle record stories touch drugs sex growing environment crabs bucket mentality contains music diverse features club bangers clappers profound songs black heroes musicality records clear wales focus big production time wale feel didnt proper recognition rg community certainly feeling him18 therapy tech n9netherapy ep 11 tracks 4 skits tech n9ne assures early threw carelessly instead ep distinct feel tech spitting bit singing amounts rock roll tracks produced ross robinson seven tech tackles range emotions topics failings school relationship issues paired unorthodox production strangely effective getting message end therapy listeners going wishing ep longer17 run jewels elp killer mikeelp killer mike dropped extremely dope albums 2012 decided come run jewels release album year rubbing hands birdman elps trademark production lays framework rappers spitting intent outdo rap song result album doesnt mess fancy hooks excessive features instead rappers simply rapping extremely mention released album free16 knock madness hopsin 3 years independentlyreleased album raw hopsin presents indie release knock madness album featurs fellow funk volume members including swizzz jarren benton dizzy wright fellow independent artist strange music mogul tech n9ne whats production handled entirely hopsin momentum album fueled aggressive releases hop weeks leading release date album hopsin appeared rough patch pressure releasing album touring time leading somewhat breakdown twitter hopsin bounced released album november 24th received fairly positive reviews stillmovin15 summer knights joey badasummer knights followup joey badass acclaimed debut mixtape 1999 tape featurs fellow pro era members boasts strong production dj premier alchemist mf doom 1999 tape exudes 90s feel summer knights carries darker tone passing joeys close friend capital steez honored penultimate track longlivesteelo tape standout tracks including debut single unorthodox laden wordplay overall joey produced solid mixtape effort solidifying hiphops promising mcs14 longliveaap aap rocky dropping year risk know whats coming whos coming major label debut going hold competition lord flacco aint problem leaking month release date saw industry condemn rockys album poor sales surprise moved 139000 units week lp spawned multiple hits notably drake 2 chainz kendrick assisted fuckin problems earning rocky 2x platinum status 5 million views rap genius notable song 1 train featured host young mcs cypher starting 6 minute song trend 2013 longliveaap functioned necessary spawned multiple hits presented rocky masses cemented asap mob new yorks newest clique watch coming years13 innanetape vic mensainnanetape trip emotions guided narrator mature years infectiously feelgood songs orange soda lovely day introspective ones holy holy fear doubt vic honest detailing observations experiences hops beat effortlessly delivering bars humorously playful intensely sobering vics nimble performance underscored production ably spearheaded likes cam peter cottontale vic himself12 old danny brownthey want old danny brown xxx complicated dark album life detroit danny browns voice frame mind change wildly depending song bunch sex drugs old follow grapples success misconceptions xxxthe return gangster fuck hipster squeeze triggeryou got fucked hood ass nigga old loads songs drug addiction poverty saving festival ready bangers b interesting conceptual approach rewards multiple listens favorite track gritty 25 bucks druggy energetic dip danny brown matured way gives music layers compromising unmistakable pace personality provocation11 magna carta holy grail jay z 2011s watch throne jay z set ask question uniquely wellequipped weigh mean finally black elite class america given countrys long sordid history white supremacy black resistance wtt attempted delve question macro level years magna carta holy grail looked issues micro personal perspective albums repeated evocations ali telling champ jay longer option going blaze glory pal chris wallace epic public funeral evokes futw instead hes determined set legacy turn new blacks new stacks lasting societal force hes successful year talking pretty good shape factsonly10 wolf tyler creatortyler told wolf coming way 2010 april 2nd general unleashed 3rd length body work complete 3 album covers socks track idol pharrell presenting heavy conceptual storyline set camp flog gnaw album takes trials tribulations main characters tyler wolf sam salem weaving intricately narratives weve heard albums prior serving prequel projects wolf conceptual masterpiece evolution tylers music production took alternate direction featured different set sonics heavy influence neptunes tyler crafts drums seasoned vet standout tracks include ifhy treehome95 48 rusty dope features odd future brethren wolf years best album story sonics resonate despite dozen releases came luckily movie look forward to9 watching movies sound mac miller watching movies sound affords listener rare glimpse maturation process man artist macs exploration different philosophies perspectives expressed denser rhyme schemes diversified features introspection tracks remember objects mirror evokes emotion audience dichotomy playfulness surrealism tracks avian effectively captures albums essence albums airy production matches macs experimental tone packaging best release date8 born sinner jcole album light years ahead j coles previous album release 2010s cole world shows unique style voice wasnt beforethis album liberate cole stigma diet drizzy music reviewer bigghost called diversity tone morose confessional tracks let nas rb raveups power trip assisted comer miguel cole finally came shadow jay z work deliver solid album7 doris earl sweatshirtearl sweatshirt came looking extra clean release doris august year thebes album debuted number 5 billboard 200 49000 sales fuckin flow belittles men understandable album got ton love rap genius doris 26 million combined pageviews standout tracks hive chum whoa album includes production rza neptunes tyler creator technically sonically album truly masterpiece earl killed one6 pusha t countless rumors delays hiphop world questioning terrance thronton compete major players minus older brother gene king push gossip rest october 7 36 year old released highly anticipated debut solo project ideal rollout push relied streets internet hype record raw dark described disgusting records hit hood numbers boards nosetaliga suicide 2013s ghetto anthems good music golden child popular rap genius 2 songs featuring 10 best 100 songs managing spot mvp list taking 10 spot captured essence hip hop standout production menacing wordplay classic debut time tell5 drake drizzy shook rap game dropped anticipated albums year follow highly successful sophomore lp care album featured jay z jhené aiko 2 chainz production mainly handled righthand man noah 40 shebib help additional ovo sound producers propelled successes smash singles started hold going home drake debuted 1 billboard 200 chart moving impressive 658000 units week certified platinum month release combined 156 million pageviews rap genius clear nwts popular acclaimed albums 20134 internet childish gambino ludicrous relative security tv paycheck perfect promote musical projects things childish gambino sacrifice bore great fruit internet album showcases greatly improved hooks flow whilst maintaining stellar production dmoneyludwig görransson team btw doesnt feel need stick alongside gambinos lp expands themes gambino previously addressed emotionally dissatisfying relationships questions identityauthenticity theyre framed new contexts life technologies internet new media arguably propelled musical stardom end wrote 76page screenplay filmed 25minute prequel short clapping wrong reasons uploaded web accompany album people argue gambinos arent argue doesnt work seriously shows3 marshall mathers lp 2 eminem lot riding album flop transform em respected veteran 41yearold sellout dye hair blond records mention fact title draw natural comparisons original marshall mathers lp brilliant successful controversial albums time luckily instead trying recreate original em simply revisited themes similar family issues trouble dealing fame difference alteregos sequel showed sides em weve seen differentiate original merit title critics praised best work eminem standout tracks bad guy rap god prove king controversy plenty say2 acid rap chance rapper acid rap finds chance coming lane gaining huge audience highenergy ball start slowing vividly paint picture chicago gun violence remind love despite categorically bomb features likes bronsolino soulo gambino twista vic mensa chances nowsignature sportive flow holds attention listener mixtape set songs effectively blurs line mixtape album led chance country cover multiple magazines1 yeezus kanye west kanyes 6th solo album yeezus stunned yes allaround unique creation promotion project concept creative masterpiece minimalism kanye definitely hit nail head starting promotion album big promotional tools ye posters infamous projections 4th song album new slaves methods outside promotion light potentially culturechanging album delivered yeezus speaking minimalism ye took level releasing 10 songs having rick rubin come minimize yes minimize album contentwise 10 tracks presented sooooo good beginning bombastic earthshattering sight kanye truly proved fuck willing order sure gets best sound possible best sound ranges soulful flashback bound 2 banging blood leaves outstandingly synthesized god addition production handled terrific team producers kanye lyrically brings lot table rapping hedi slimane metaphorical religious journeys mountains having sex kim kardashian process creation content delivered yeezus revolutionary multiple aspects wonder 1 spot list 20 rap albums 59embed
2972,1981,Get Wet,Just So Lonely,lonely lyricsjust lonely wet lonely lonely lonely lonely lonely wasnt wanted know right wrong wasnt prove doubt weve got strong hour sitting years favorite doll runnin fingers phone hopin girl lonely lonely lonely lonely wasnt hurt wasnt sure youd care turned key knew cause needed needed heat young mans lips break darkness room kisses werent sweet hour bloom girl whos lonely lonely lonely lonely lonely lonely lonely lonely closed eyes knew elses arms sent home got oh lonely lonely lonely lonely lonely lonely lonely youembed
