,Year,Artist,song_name,further_clean_text
2974,1982,The Alan Parsons Project,Psychobabble,psychobabble lyricstell bout dream night tell bout dream night aint kodachrome isnt black white fool feel thats right theres sight know scared lightning trying reach turn left right scared run weak fight care psychobabble rap tell bout dream night dolby stereo hear right fool thats alright way isnt light know scared lightning trying reach help wanna know youre taking wanna care psychobabble rap psychobabble psychobabble psychobabble psychobabble care psychobabble rap youre readin mind wont look eyes things realize care psychobabble rap psychobabble psychobabble psychobabble psychobabble youre lighting scene thats faded black threw away cause want care psychobabble rap1embed
2975,1982,Eye To Eye,Nice Girls,nice girls lyricsdisappointed youth flash uncouth speak trash whats gonna happen want turn nice girl wanna stay late ostracized guys silver glitter face smear little round eyes whats gonna happen turn nice girl oh shame shes nobodys dream shes got remains lonely clean body pressure gets fantasies wound wanna eat pull ground whats gonna happen spends life pristine proper nice girl game middle class throwing sticks mud shame shame shame middle class nipping girls bud wanna stay late ostracized guys silver glitter face smear little round eyes whats gonna happen turn nice girl whats gonna happen turn nice girlembed
2979,1982,Ray Parker Jr.,Bad Boy,bad boy lyricsive bad boy wanna come home ive bad boy wanna come home admit messing playing macho man cool knew right start playing fool love affair come running ahead girl punish cause deserve hurt ive bad boy wanna come home let ive bad boy wanna come home ill know came let friends tell swear itll happen cause loves valuable lose know hard forgive cause acted spoiled brat soon woman left nerve come running hoo ive bad boy wanna come home know wrong ive bad boy wanna come home belong bad boy ill dishes baby mmmm mmmm bad boy got punished come spank whip let come home break leather baby ahead spank whip let come home belong young man baby mmmm lot mature know treat lady oh weve long girl chance wrong oh ive bad boy wanna come home let ive bad boy let come home ill spank whip let come home break leather baby ahead spank whip let come home come hurt want bad boy let come home ill dishes baby oh bad boy wont let come home ill trash yeah bad boy hee hee hee hee come homeembed
2980,1982,Change,The Very Best In You,best lyricsthis best best special sweet refined youre lovely lady yeah glad heart excited love glad got nice having best theres better best oh girl hoped yeah girl youre understanding baby youre sweet youre kind mean oh baby heart gonna leave yeah cause right ill stay lover turn thought id love strong love end best theres better best best best love best excited bout baby best ooh special sweet refind youre fine lady glad bodys lover turn thought id love strong love end best baby best things inside best want know gonna leave best nice having best come baby come girl stay right best youembed
2983,1982,Bryan Adams,Lonely Nights,lonely nights lyricsoh risk reputation know know youre sayin anymore know beggars choosers thats fair win losers care baby stand lonely night come save save lonely night hear word youre sayin theyre lies breath youre takin youre thinkin ways good night oh oh oh baby stand lonely night come save save lonely night yeah alright baby stand lonely night come save uh uh uh baby stand lonely night come save baby stand lonely lonely night yeah ah ah oh baby stand lonely night come save save lonely night oh oh save save yeah lonely lonely night oh save lonely eh ehembed
2984,1982,John Denver,Seasons Of The Heart,seasons heart lyricsof course differences shouldnt surprised natural changes seasons skies grow drift apart wiser man know seasons heart walking early evening chill thing weve loved know common things share believe heart implies youre love came place love reason love hoped love dream know know tell difficult wildest dreams imagined way know theres stranger home lying right think heart broken theres emptiness inside things ive longed denied wouldnt try change theres thats blame things mean feel love came place love reason love hoped love dream know true love dream knowembed
2986,1982,Joe Fagin,Younger Days,younger days saw old gang touch relive memories cherish sit laugh things kid yesterday 50s hot summer nights pack beer burned road coupe ville king hill loved james dean elvis rock roll havent outgrown wild ways middleage kid feelin younger days friends tell picture youth theyre showin age moment truth rock n roll living crazy musics keeping young love james dean elvis rock roll havent outgrown wild ways middleage kid feelin younger days theres child heart ill let dreamin somethin ill outgrow makin music singing stage feeling young age love james dean elvis rock roll havent outgrown wild ways middleage kid doin younger days middleage kid doin younger days yeah yeah yeahembed
2989,1982,The Waitresses,I Know What Boys Like,know boys know boys know guys want know boys ive got boys know boys know guys want looking want tease want touch let know boys know guys want know boys boys boys youre special let youre different let mmm let know boys know guys want know boys know whats minds know boys know guys want talk got cat moves upset zippers buttons fun frustrate angry pouty children denied candy laugh right know boys know guys want know boys boys boys nah nah nah nah nah nah nah nah nah nah feel sad let sorry teased let time mean let want trust want trust trust sucker hmhmhmm know boys know guys want know boys boys boys nah nah nah nah nah nah nah nah nah nah nah nah nah nah nah nah nah nah nah nah nah nah nah nah nah nah nah nah nah nah nah nah nah nah nah nah nah nah nah nahembed
2997,1982,Elton John,Empty Garden (Hey Hey Johnny),garden hey hey johnny happened new york sunset disappeared garden flagstones lived gardener cared lot weeded tears grew good crop looks strange funny insect damage grain whats little garden brownstone door cracks sidewalk nothin grows lived gardener cared lot weeded tears grew good crop amazed crippled dazed gardener replace ive knockin answers ive knockin day oh ive callin oh hey hey johnny come play tears farmed best younger years hed said roots grow stronger hear lived gardener cared lot weeded tears grew good crop pray rain drop falls hear hear ive knockin answers ive knockin day oh ive callin oh hey hey johnny come play ive knockin answers ive knockin day oh ive callin oh hey hey johnny come come play johnny come play garden johnny come play garden johnny come play garden johnny come play garden johnny come play garden johnny come play garden2embed
2998,1982,Electric Light Orchestra,Twilight,twilight visions dancing mind early dawn shades time twilight crawling windowpane awake dream strangest pictures seen night day twilights gone away head held high scarlet lies came open skies real dream theres twilight meant stay awhile twilight gave time steal mind away night saw face disappeared trace brought sight image light day night lead away real dream theres twilight twilight twilight gave time steal mind away brought head held high scarlet lies came open skies real dream theres twilight meant stay awhile twilight gave time steal mind twilight meant stay awhile twilight meant stay awhile twilight twilight twilight twilight5embed
3001,1982,Tom Petty And The Heartbreakers,You Got Lucky,got lucky better watch better watch carried away girl better yeah remember good love hard good love hard got lucky babe got lucky babe hand cheek turned eyes away feel complete way yeah remember good love hard good love hard got lucky babe got lucky babe yeah remember good love hard good love hard got lucky babe got lucky babe youembed
3002,1982,Sheena Easton,For Your Eyes Only,eyes lyricsfor eyes night eyes need hide thats new felt looked eyes breaking free eyes love know need fantasy freed eyes nights cold know thats need know maybe open book know youre wont need read lines eyes breaking free eyes passions collide wild abandoned eyes onlyembed
3003,1982,Soft Cell,Tainted Love,tainted love feel ive got run away ive got away pain drive heart love share ive lost light toss turn sleep night ran ran ill run tainted love youve given boy tears thats nearly oh tainted love tainted love know ive got run away ive got away want things right need hold tight think love pray sorry pray way ran ran ill run tainted love youve given boy tears thats nearly oh tainted love tainted love touch stand way tease love hurt gonna pack things tainted love oh tainted love oh tainted love oh tainted love oh touch baby tainted love touch baby tainted love tainted love oh tainted love oh tainted love17embed
3004,1982,Diana Ross,Muscles,muscles lyricsshe said wants man understand thats right aint said wants guy satisfied thats right aint care hes young old beautiful want hold want muscles body strong head toes want muscles body strong head toes real personality thats alright aint need eyes ah anatomy thats alright aint care hes young old beautiful want strong man hold want muscles body strong head toes want muscles body strong head toes muscle man want love sun oil body come high cascades let weve got thing lost sea hot desert stay wont regret love deep swim come let love said wants man understand thats alright aint care hes young old beautiful want hold want muscles body strong head toes want muscles want muscles body want muscles want want muscles muscles muscles2embed
3006,1982,Daryl Hall John Oates,Private Eyes,private eyes watch blowing lines youre making scene oh girl youve got know head overlooks senses heart watching lies escape private eyes theyre watching private eyes theyre watching private eyes theyre watching watching watching watching play words play love twist baby aint cause girl gonna know youre letting letting lie youre hurting inside cause escape private eyes theyre watching baby private eyes theyre watching private eyes theyre watching watching watching watching ooh try spy slip disguise ill know look private eyes theyre watching oh babe private eyes theyre watching private eyes theyre watching private eyes theyre watching yeah private eyes oh theyre watching private eyes theyre watching private eyes ooh watching yeah private eyes theyre watching private eyes theyre watching private eyes watching watch girl oh oh private eyes private private private eyes girl watching eyes theyre watching watching private eyes watching private eyes yeah watching you3embed
3007,1982,Willie Nelson,Let It Be Me,let bless day want stay beg let heaven cling forever let time meet love complete love sweet love life leave lonely tell love youll let time meet love complete love sweet love life leave lonely tell love youll let meembed
3008,1982,Paul Davis,65 Love Affair,65 love affair lyricsi car hop bebop sang wop diddy wop diddy wop doo changes know id let friends wonderful 65 love affair wasnt gettin didnt care crazy 65 love affair rock n roll simple clear oh hear hear baby yeah acted dumbdumb bad pompoms said ooh wah team ooh wah oohee baby want know time know youd wouldnt blind wonderful 65 love affair rock n roll simple clear oh hear hear baby tried night drivein said oh baby oh woo changes time know youd wouldnt blind wonderful 65 love affair werent going didnt care crazy 65 love affair rock n roll simple clear oh hear hear baby sang doo wop diddy wop diddy wop doo team know love end friends wonderful 65 love affair rock n roll simple clear oh hear hear baby 65 love affair wasnt going didnt care crazyembed
3009,1982,The Oak Ridge Boys,Bobbie Sue,bobbie sue lyricsi heard friend said lived county line sweetest grape grew vine thats spending time daddy robert mama ruth daughter named bobbie sue shes eighteen knows truth nobodys gonna tell bobo bobo bobbie sue cacant love true want mama mama marry bobobobobo bobbie sue ill riding friday night straight highway clear moonlight chevys humming holds tight preacher right daddy told shed wait mama said big mistake driving till state itll late bobo bobo bobbie sue cacant love true want mama mama marry bobobobobo bobbie sue bobo bobo bobbie sue cacant love true want mama mama marry bobobobobo bobbie sue bob bob bob bob bob bobbie sue bobo bobo bobbie sue bobby sueembed
3013,1982,Talk Talk,Talk Talk,talk talk hey hey hey tell anxiety bringing tired listening talking rhymes twisting think youre straight line talk talk talk talk talk talk talk talk talk talk talk talk talk talk sign complete fool game want tell lies wont youre wasting time talk talk talk talk talk talk talk talk talk talk talk talk talk talk choice telling whats right whats wrong stop think blind youve cheating youre laughing youre crying youre laughing youre crying talk talk talk talk talk talk talk talk talk talk talk talk talk talk talk talk talk talk talk talk talk talk talk talk talk talk talk talk talk talk talk talk talk talk talk talk talk talk talk talk talk talk talk talk3embed
3016,1982,Poco,Shoot For The Moon,shoot moon lyricsi hear tell far away goes set sights know come darlin lets chances way shoot moon remember nights blinked eyes moon winked distand aim true lets throw dreams seal kiss way miss shoot moon shoot moonembed
3017,1982,Barry Manilow,Memory,memory lyricsmidnight sound pavement moon lost memory smiling lamplight withered leaves collect feet wind begins moan memory moonlight smile old days beautiful remember time knew happiness let memory live daylight wait sunrise think new life mustnt dawn comes tonight memory new day begin burnt ends smokey days stale cold smell morning streetlamp dies night day dawning touch easy leave memory day sun touch youll understand happiness look new day begun memory moonlight smile old days beautiful remember time knew happiness let memory live againembed
3018,1982,Eddie Money,Shakin',shakin lyricsrosannas daddy car loved drive stole keys night took ride turned music loud blew speakers daddys radio shakin oh oh ooo oh snappin fingers oh oh ooo oh movin round round oh oh ooo oh girl shakin oh oh ooo oh started drinkin wasnt thinkin straight doin 80 slammed brakes got high pull tits shakin til middle night shakin oh oh ooo oh snappin fingers oh oh ooo oh round round shakin oh oh ooo oh shakin oh oh ooo oh oh oh ooo oh oh oh ooo oh oh oh ooo oh got little nervous took coat looked pretty ahh yeah talkin baby talkin love little girl takes lonely night rosanna hell shes shakin oh oh ooo oh snappin fingers oh oh ooo oh shell movin round round oh oh ooo oh oh shes shakin oh oh ooo oh shakin oh oh ooo oh snappin fingers oh oh ooo oh shell movin oh oh oo oh round round round oh oh ooo oh shakin oh oh ooo oh sha sha sha sha sha shakin sha sha sha sha sha shakin sha sha sha sha sha shakin sha sha sha sha sha shakinembed
3021,1982,Rick Springfield,Love Is Alright Tonite,love alright tonite lyricsim picking baby tonight daddys making trouble alright working hard know working class dog tonight crawling livin brink second second minute minute love alright tonight gonna alright love alright love alright tonight everyones sayin skys gonna fall know gonna stop stops know worlds goin crazy alright hope holds night tonight crawling tho livin brink second second minute minute love alright tonight gonna alright love alright love alright tonight worry daddy ill home respectable hour sleep daddy wont think tonight night comes feeling incredible power gonna love daddy shell feeling tonight alright gonna alright gonna alright gonna alright love alright tonight gonna alright love alright love alright tonightembed
3023,1982,Elton John,Blue Eyes,blue eyes blue eyes babys got blue eyes deep blue sea blue blue day blue eyes babys got blue eyes mornin comes ill far away blue eyes holdin tears holdin pain babys got blue eyes shes blue eyes babys got blue eyes clear blue sky watchin blue eyes ooh love blue eyes long blue eyes laughin sun laughin rain babys got blue eyes home home blue eyes laughin sun laughin rain babys got blue eyes home againembed
3024,1982,Steve Winwood,Valerie,valerie wild standing hands hair help remember touched theres face place cool jazz summers day music high sweet blew away warm wind arms valerie valerie come boy love songs night tell lovers theyre dying cries hang time someday good wind blow night hear warm wind arms valerie valerie come boy cool jazz summers day music high sweet blew away warm wind arms valerie valerie come boy boy be3embed
3025,1982,Leif Garrett,Runaway Rita,runaway rita lyricssee walking talking notice feel need oh feel feel need need guide arms open wide feel need oh feel feel need need love everyday need love everyday want love sweet sweet love id die need love need constantly love love takes care love love better apple pie hand love time proof plainly feel need oh feel feel need need kiss heart bliss need feel need oh feel feel need need guide arms open wide feel need oh feel feel need need love everyday need love everyday want love sweet sweet love id die need love need constantly love love takes care love love better cherry pie walking talking notice feel need oh feel feel need meembed
3026,1982,Go-Go's,Vacation,vacation mind home theres nothin ooh away wish id stayed tomorrows day wont looked shouldve run thought fun wrong strong known time tell week thought id forget weeks havent gotten vacation wanted vacation away vacation meant spent vacation wanted vacation away vacation meant spent week thought id forget weeks havent gotten vacation wanted vacation away vacation meant spent vacation wanted vacation away vacation meant spent vacation wanted vacation away vacation meant spent alone5embed
3029,1982,Prince,1999,20 rap albums 2013 lyrics20 better dead flatbush zombiesthe entirety flatbush zombies sophomore effort betteroffdead summed track death 2 represents manifesto sorts trio splattering terrifying sample interview charles manson violently druggedout producer erick arc elliots trademark grim landscape surface zombies barely progressed intentionallyinsane jackofalldrugs zombieobsessed members burgeoning hiphop force beast coast enter world betteroffdead quickly whisk away hazy realm ethereal beats harshly smooth flows plethora topics mcs trade bars released 91113 911 pm political content immediately struck evolved polished 19 tracks warp continuous stream allows song stand deviating general concept tape sense group reveals massive musical growth eccentric debut mixtape drugs19 gifted walea wale album wouldnt wale album criticism controversy haters months dropping folarin wale blessed studio album entitled gifted album received reproach artwork album cover dropped wale response nonbelievers gifted classic dmvstyle record stories touch drugs sex growing environment crabs bucket mentality contains music diverse features club bangers clappers profound songs black heroes musicality records clear wales focus big production time wale feel didnt proper recognition rg community certainly feeling him18 therapy tech n9netherapy ep 11 tracks 4 skits tech n9ne assures early threw carelessly instead ep distinct feel tech spitting bit singing amounts rock roll tracks produced ross robinson seven tech tackles range emotions topics failings school relationship issues paired unorthodox production strangely effective getting message end therapy listeners going wishing ep longer17 run jewels elp killer mikeelp killer mike dropped extremely dope albums 2012 decided come run jewels release album year rubbing hands birdman elps trademark production lays framework rappers spitting intent outdo rap song result album doesnt mess fancy hooks excessive features instead rappers simply rapping extremely mention released album free16 knock madness hopsin 3 years independentlyreleased album raw hopsin presents indie release knock madness album featurs fellow funk volume members including swizzz jarren benton dizzy wright fellow independent artist strange music mogul tech n9ne whats production handled entirely hopsin momentum album fueled aggressive releases hop weeks leading release date album hopsin appeared rough patch pressure releasing album touring time leading somewhat breakdown twitter hopsin bounced released album november 24th received fairly positive reviews stillmovin15 summer knights joey badasummer knights followup joey badass acclaimed debut mixtape 1999 tape featurs fellow pro era members boasts strong production dj premier alchemist mf doom 1999 tape exudes 90s feel summer knights carries darker tone passing joeys close friend capital steez honored penultimate track longlivesteelo tape standout tracks including debut single unorthodox laden wordplay overall joey produced solid mixtape effort solidifying hiphops promising mcs14 longliveaap aap rocky dropping year risk know whats coming whos coming major label debut going hold competition lord flacco aint problem leaking month release date saw industry condemn rockys album poor sales surprise moved 139000 units week lp spawned multiple hits notably drake 2 chainz kendrick assisted fuckin problems earning rocky 2x platinum status 5 million views rap genius notable song 1 train featured host young mcs cypher starting 6 minute song trend 2013 longliveaap functioned necessary spawned multiple hits presented rocky masses cemented asap mob new yorks newest clique watch coming years13 innanetape vic mensainnanetape trip emotions guided narrator mature years infectiously feelgood songs orange soda lovely day introspective ones holy holy fear doubt vic honest detailing observations experiences hops beat effortlessly delivering bars humorously playful intensely sobering vics nimble performance underscored production ably spearheaded likes cam peter cottontale vic himself12 old danny brownthey want old danny brown xxx complicated dark album life detroit danny browns voice frame mind change wildly depending song bunch sex drugs old follow grapples success misconceptions xxxthe return gangster fuck hipster squeeze triggeryou got fucked hood ass nigga old loads songs drug addiction poverty saving festival ready bangers b interesting conceptual approach rewards multiple listens favorite track gritty 25 bucks druggy energetic dip danny brown matured way gives music layers compromising unmistakable pace personality provocation11 magna carta holy grail jay z 2011s watch throne jay z set ask question uniquely wellequipped weigh mean finally black elite class america given countrys long sordid history white supremacy black resistance wtt attempted delve question macro level years magna carta holy grail looked issues micro personal perspective albums repeated evocations ali telling champ jay longer option going blaze glory pal chris wallace epic public funeral evokes futw instead hes determined set legacy turn new blacks new stacks lasting societal force hes successful year talking pretty good shape factsonly10 wolf tyler creatortyler told wolf coming way 2010 april 2nd general unleashed 3rd length body work complete 3 album covers socks track idol pharrell presenting heavy conceptual storyline set camp flog gnaw album takes trials tribulations main characters tyler wolf sam salem weaving intricately narratives weve heard albums prior serving prequel projects wolf conceptual masterpiece evolution tylers music production took alternate direction featured different set sonics heavy influence neptunes tyler crafts drums seasoned vet standout tracks include ifhy treehome95 48 rusty dope features odd future brethren wolf years best album story sonics resonate despite dozen releases came luckily movie look forward to9 watching movies sound mac miller watching movies sound affords listener rare glimpse maturation process man artist macs exploration different philosophies perspectives expressed denser rhyme schemes diversified features introspection tracks remember objects mirror evokes emotion audience dichotomy playfulness surrealism tracks avian effectively captures albums essence albums airy production matches macs experimental tone packaging best release date8 born sinner jcole album light years ahead j coles previous album release 2010s cole world shows unique style voice wasnt beforethis album liberate cole stigma diet drizzy music reviewer bigghost called diversity tone morose confessional tracks let nas rb raveups power trip assisted comer miguel cole finally came shadow jay z work deliver solid album7 doris earl sweatshirtearl sweatshirt came looking extra clean release doris august year thebes album debuted number 5 billboard 200 49000 sales fuckin flow belittles men understandable album got ton love rap genius doris 26 million combined pageviews standout tracks hive chum whoa album includes production rza neptunes tyler creator technically sonically album truly masterpiece earl killed one6 pusha t countless rumors delays hiphop world questioning terrance thronton compete major players minus older brother gene king push gossip rest october 7 36 year old released highly anticipated debut solo project ideal rollout push relied streets internet hype record raw dark described disgusting records hit hood numbers boards nosetaliga suicide 2013s ghetto anthems good music golden child popular rap genius 2 songs featuring 10 best 100 songs managing spot mvp list taking 10 spot captured essence hip hop standout production menacing wordplay classic debut time tell5 drake drizzy shook rap game dropped anticipated albums year follow highly successful sophomore lp care album featured jay z jhené aiko 2 chainz production mainly handled righthand man noah 40 shebib help additional ovo sound producers propelled successes smash singles started hold going home drake debuted 1 billboard 200 chart moving impressive 658000 units week certified platinum month release combined 156 million pageviews rap genius clear nwts popular acclaimed albums 20134 internet childish gambino ludicrous relative security tv paycheck perfect promote musical projects things childish gambino sacrifice bore great fruit internet album showcases greatly improved hooks flow whilst maintaining stellar production dmoneyludwig görransson team btw doesnt feel need stick alongside gambinos lp expands themes gambino previously addressed emotionally dissatisfying relationships questions identityauthenticity theyre framed new contexts life technologies internet new media arguably propelled musical stardom end wrote 76page screenplay filmed 25minute prequel short clapping wrong reasons uploaded web accompany album people argue gambinos arent argue doesnt work seriously shows3 marshall mathers lp 2 eminem lot riding album flop transform em respected veteran 41yearold sellout dye hair blond records mention fact title draw natural comparisons original marshall mathers lp brilliant successful controversial albums time luckily instead trying recreate original em simply revisited themes similar family issues trouble dealing fame difference alteregos sequel showed sides em weve seen differentiate original merit title critics praised best work eminem standout tracks bad guy rap god prove king controversy plenty say2 acid rap chance rapper acid rap finds chance coming lane gaining huge audience highenergy ball start slowing vividly paint picture chicago gun violence remind love despite categorically bomb features likes bronsolino soulo gambino twista vic mensa chances nowsignature sportive flow holds attention listener mixtape set songs effectively blurs line mixtape album led chance country cover multiple magazines1 yeezus kanye west kanyes 6th solo album yeezus stunned yes allaround unique creation promotion project concept creative masterpiece minimalism kanye definitely hit nail head starting promotion album big promotional tools ye posters infamous projections 4th song album new slaves methods outside promotion light potentially culturechanging album delivered yeezus speaking minimalism ye took level releasing 10 songs having rick rubin come minimize yes minimize album contentwise 10 tracks presented sooooo good beginning bombastic earthshattering sight kanye truly proved fuck willing order sure gets best sound possible best sound ranges soulful flashback bound 2 banging blood leaves outstandingly synthesized god addition production handled terrific team producers kanye lyrically brings lot table rapping hedi slimane metaphorical religious journeys mountains having sex kim kardashian process creation content delivered yeezus revolutionary multiple aspects wonder 1 spot list 20 rap albums 59embed
3030,1982,Toni Basil,Mickey,mickey oh mickey youre fine youre fine blow mind hey mickey hey mickey oh mickey youre fine youre fine blow mind hey mickey hey mickey oh mickey youre fine youre fine blow mind hey mickey hey mickey oh mickey youre fine youre fine blow mind hey mickey hey mickey youve night thats little long think youve got right think youve got wrong goodnight home mickey cause means wont youre giving chills baby baby night leave mickey oh mickey pity understand heart hand oh mickey youre pretty understand guys mickey oh mickey mickey break heart mickey hey mickey hooves gonna know time let little use mickey come wanna ill man oh baby leave jam mickey oh mickey pity understand heart hand oh mickey youre pretty understand guys mickey oh mickey mickey break heart mickey oh mickey youre fine youre fine blow mind hey mickey hey mickey oh mickey youre fine youre fine blow mind hey mickey hey mickey oh mickey youre fine youre fine blow mind hey mickey hey mickey oh mickey youre fine youre fine blow mind hey mickey oh mickey pity understand heart hand oh mickey youre pretty understand guys mickey oh mickey mickey break heart mickey oh mickey pity understand heart hand oh mickey youre pretty understand guys mickey oh mickey mickey break heart mickey oh mickey pity understand heart hand oh mickey youre pretty understand guys mickey oh mickey mickey break heart mickey oh mickey pity understand heart hand oh mickey youre pretty understand guys mickey oh mickey mickey break heart mickey4embed
3031,1982,Eddie Schwartz,All Our Tomorrows,tomorrows lyricsbaby baby look yes know know know maybe maybe worth damn things understand tomorrow tomorrows way hear sound distant thunder fading away lonely night yeah brand new delight yes comfort baby baby look yes shows shows nothin worked thought couldve worst know good tomorrow tomorrows way worry baby hear sound distant thunder fading away lonely night yeah brand new delight comfort love strangest place refuge cold night strangers face face babyembed
3033,1982,Huey Lewis & The News,Hope You Love Me Like You Say You Do,hope love lyricswhat girl man cause love baby think ill want ooh yes stubborn hard headed baby love hope love hope love know todays world woman feels free ooh thats ok right love ooh yes strong weak comes lovin hope love hope love let yeah yeah yeah yeah hope hope yeah yeah yeah yeah ooh ooh tell glad love think love said love equal love ooh suspicious jealous comes loving hope love hope love hope love ooh yeah hope love hope love tell baby hope love yeah hope love hope love hope love hope love hope love love hope love yeah hope love yeahembed
3034,1982,Rainbow,Stone Cold,stone cold lyricsevery night old dream bout whats changes lies try run try hide feel inside escape frozen eyes searching darkness fading sight love gone thief night stone cold thought knew stone cold break away spell dark night wrong wanna right distant far away words ice fall ground breaking silence sound oh familiar strangers searching darkness fading sight love gone thief night stone cold thought knew stone cold break away spell leave stone cold searching darkness fading sight love gone thief night stone cold thought knew stone cold break away spell youre stone cold yeah break away spell stone cold baby thought knew youre stone cold ice cold break away spell deep freeze oh baby leave stone cold youre leavin cold stone cold thought knew stone cold break away spellembed
3035,1982,One Way,Cutie Pie,cutie pie lyricscutie pie youre reason love want youre girl makes feel good cutie pie cutie pie brighten day impossible stay away lately hazy girl goin round want know love lately hazy girl goin round want mean youre girl makes feel good cutie pie nothin cutie pie cutie pie pick till hardly youre girl makes feel good cutie pie cutie pie youre reason joy came life lately hazy girl goin round want know love lately hazy girl goin round want mean youre girl makes feel good cutie pie youre girl makes feel good cutie pie nothin cutie pie makes feel good youre cutie pie youre girl makes feel good cutie pie youre nothin cutie pie makes feel good youre cutie pie youre girl makes feel good cutie pie youre girl makes feel good cutie pie youre girl makes feel good cutie pie3embed
3036,1982,Molly Hatchet,Power Play,power play lyricswhat gona youre feelin blue think youre lookin river run dry new old dues aint reason asking chorus cause power play yesterday aint secondguessing way shot youre allowed theres catch22 waitin try talkin way lies eyes ill know ill miss chorus cause power play know way burn bridges way good old track wasting time gona youre feelin blue think youre lookin river run dry new old dues aint reason asking chorus cause power play yesterday aint secondguessing way shot youre allowed chorus cause power play know way burn bridges way good old track wasting time chorus cause power play yesterday aint secondguessing way shot youre allowed chorus cause power play know way burn bridges way good old track wasting timeembed
3040,1982,Janet Jackson,Young Love,young love young love young love young love young love young foolish tell real love game gonna let use heartbreak playmates young love ring roses young love searching heart true young love pocket posies young love adds traded childish treasures burning love true gonna time heartbreaks high game love shake young love ring roses young love searching heart true young love pocket posies young love adds young love ring roses young love searching heart true young love pocket posies young love adds young love young love young love young love young love young love young foolish young love tell real love game young love gonna let use young love heartbreak playmates young love ring roses young love searching heart true young love pocket posies young love adds young love young love yeah yeah young love young love young love ring roses young love searching heart true young love pocket posies young love adds young love young love young love oohooh young love young love searching heart true young love pocket posies young love adds young love young love young love young love young love young loveembed
3041,1982,Toto,Rosanna,rosanna wanna wake morning eyes rosanna rosanna thought girl care rosanna wanna middle evening hold tight rosanna rosanna didnt know looking year went away rosanna yeah shes gone meet way meet way rosanna yeah meet way meet way rosanna yeah face shining window rosanna rosanna didnt know girl feel sad rosanna want tell youll compromise rosanna rosanna thought losing hurt bad year went away rosanna yeah shes gone meet way meet way rosanna yeah meet way meet way rosanna yeah year went away rosanna yeah shes gone meet way meet way rosanna yeah meet way meet way rosanna yeah meet way meet way rosanna yeah meet way meet way rosanna yeah 6embed
3042,1982,Lionel Richie,Truly,truly girl tell ill heart want whispering words ill love forever lover know care need tell theres love love long live ill joy heart soul let hold need near feel arms love forever truly truly love girl truly head heels love need love free truly know youre alright me2embed
3043,1982,O'Bryan,The Gigolo,gigolo lyricshe walked party looked everybody room looked flaming eyes went stood thought moved little soon admit surprise dance stay said got time waste took took bed hes freak love hes wont dance wants body baby hes gigolo think knows ooh yeah hes freak love hes wont dance wants body baby hes gigolo think knows understand know followed home seen man touched body leave left standing phone dance stay said got time waste took took bed hes freak love hes wont dance wants body baby hes gigolo think knows oh hes freak love hes wont dance wants body baby hes gigolo think knows hes freak hes wont dance hes gigolo hes freak hes wont dance hes gigolo hes freak love hes wont dance wants body baby hes gigolo think know ooh yeah hes freak love hes wont dance wants body baby hes gigolo think know hes freak love hes wont dance wants body baby hes gigolo think know oh hes freak love hes wont dance wants body baby hes gigolo think know oh hes freak love hes wont dance wants body baby hes gigolo think know oh hes freakembed
3046,1982,Stevie Woods,Fly Away,fly away lyricsyoure anchor kite youre gets night steady course lost youre sky high pull string pulls lose track fly away oh fly away way places weve fly away sky someday today flying away away reasons dreams perfect tell fortunes tell truth kept crazy youth youre near feel rock roll worry think baby hold cause break fly away oh fly away way places weve fly away sky someday today flying flying away oh fly away fly away today flying oh fly away fly away sky someday nowembed
3047,1982,Carpenters,Beechwood 4-5789,beechwood 45789 lalalalalalala hey hey yeah lalalalalalala oh baby lalalalalalala hey hey yeah lalalalalalala lala dance hold hand whisper ear sweet words love hear whisper sweet words ear oh baby sweet words love hear shy shy time time id know ooh know id ive waiting long sitting patiently patiently come dance number beechwood 45789 date old time lalalalalalala hey hey hey lalalalalalala lalalalalalala lalalalalalala shy shy time time id know ooh know id beechwood 45789 date old time lalalalalalala lalalalalalala shy time id know id number beechwood 45789 date old time beechwood 45789 date old time lalalalalalala lalalalalalala oh baby lalalalalalala hey hey yeah lalalalalalala lalalalalalala lalalalalalala lalalalalalala lalalalalalalaembed
3048,1982,The Manhattan Transfer,Route 66,route 66 lyricsif plan motor west travel way highway thats best kicks route 66 winds chicago la thousand miles way baby kicks route 66 st louie joplin missouri oklahoma city looks mighty pretty youll amarillo gallup new mexico flagstaff arizona forget winona kingman barstow san bernadino wont hip timely tip california trip kicks route 66 st louie joplin missouri oklahoma city looks mighty pretty youll amarillo gallup new mexico flagstaff arizona forget winona kingman barstow san bernadino wont hip timely tip california trip kicks route 66 kicks route kicks route 66 kicks route whoo whoo embed
3050,1982,Little Steven,Forever,forever lyricsi learned young boy turn cheek slapped punches slip right win girl know wont mean want baby thing touch heart love forever pick pieces stumble fall world falls apart want quiet hardest lesson learn girl inside theres leather jewels soothe isnt need theres aching hurt inside kind thing heart love forever pick pieces stumble fall world falls apart want years unwinding feel hurt ive fighting life privilege work ive stopped looked theres left blame hold girl works vain heart love forever pick pieces stumble fall world falls apart want allembed
3051,1982,Sylvia,Nobody,arrupe college interpreting lit spring 1 2016 reading list class roster lyricsa students guide genius tips writing great genius annotations meera naircourse text reading listanne bradstreet 16121672 author book birth children dear loving husband follow verses burning house memory dear grandchild elizabeth bradstreet deceased august 1665 year half old edward taylor 16421729 wedlock death children benjamin franklin 17061790 selection autobiography phyllis wheatley 17531784 brought africa america hymn evening horatio alger 18321899 ragged dick walt whitman 18191892 selections song kate chopin 18501904 story hour pair silk stockings emily dickinson 18301886 madness divinest sense consciousness aware heard fly buzz died f scott fitzgerald great gatsby nella larsen 18911964 passing lorraine hansberry raisin sun gwendolyn brooks lovers poor genius page lovers poor dreams works wait till hell primer blacks real cool paul laurence dunbar wear mask langston hughes negro speaks rivers harlem grew older ts eliot hollow men love song j alfred prufrock wallace stevens modern poetry sylvia plath daddy sandra cisneros selections house mango street gloria anzaldúa selections borderlandsla frontera 2 movimientos la rebeldia 5 tame wild tongueclass rosterdaniel andrea eduardo cesar jacqi richard taylor lisset isaac ana manny liz esme lulu roger lesly adriana ladasia ronnishiaembed
3053,1982,Quincy Jones Featuring James Ingram,Just Once,best guess best wasnt good cause nothin changes strangers wondering ought stay head door figure doin wrong long doin wrong way finally right magic night know break hmm hmmmm gave think cause lord knows getting blowin weve got goin times weve got havent got prayer figure doin wrong good times long goin wrong way finally right magic night know break want understand comes goodbye hand admit good best better way stay way finally right whoa magic night know break whoa oh once2embed
3054,1982,Stray Cats,Stray Cat Strut,stray cat strut ooh ooh ooh ooh black orange stray cat sittin fence aint got dough pay rent flat broke care strut right tail air stray cat strut ladies cat feline casanova hey man thats shoe thrown mean old man dinner garbage meow yeah cross path bother chasing mice oh slink alley lookin fight howlin moonlight hot summer night singin blues lady cats wild stray cat youre real gone guy wish carefree wild got cat class got cat style bother chasing mice slink alley lookin fight howlin moonlight hot summer night singin blues lady cats wild stray cat youre real gone guy wish carefree wild got cat class got cat style4embed
3055,1982,Sammy Hagar,Your Love Is Driving Me Crazy,love driving crazy lyricsi mind act age suits fine treat child deny step outside fears locked inside love driving crazy love takes away love driving crazy takes way youve got offer type mind playing edge love driving crazy love takes away love driving crazy takes way yeah lead forbidden doors know yeah got yeah want know baby right time tight fit right money sublime hot sweet cherries vine love driving crazy love takes away love driving crazy takes way yeah love driving crazy love takes away love driving crazy love takes away oh yeah love love love takes away oh yeah loveembed
3056,1982,Donnie Iris,My Girl,girl lyricshey lucky guy got sunday afternoon ill ride downtown town pretty thing belongs shes baby shes driving crazy shes got want come woman heart oh woman burning desire gotta woman world oh ill girl knew happy digging womans digging oh day got loving mind later tonight shell let know baby shes driving crazy shes got want come woman heart woman burning desire gotta woman world oh ill girl ill girl crazy folks crazy lady everybody trying clue shes floozy shell use youd crazy youd crazy kissing knew loving youre missing holding tight yeah crazy right theres id shes baby shes driving crazy shes got want come woman heart oh woman burning desire gotta woman world oh ill girlembed
3057,1982,Sister Sledge,My Guy,guy lyricsnothing tear away guy cause stuck glue guy sticking guy stamp letter birds feather stick telling start wont torn apart guy untrue guy buy tell lie guy gave guy word honor faithful gonna best believing wont deceiving guy matter opinion think hes tops opinion hes cream crop matter taste exact hes ideal matter fact musclebound man hand guy handsome face place guy movie star comes happy theres man today away guyembed
3061,1982,Yaz,Situation,situation blue eyed dressed situation moving doorway nation pick shake doubt baby mess bring sound remember hour right feel power know whats going scares wont long mess bring sound hes control lover nations stand hes brother long time long time ill mess bring sound mess bring sound mess bring sound hes control lover nations stand hes brother long time long time ill mess bring sound mess bring sound out1embed
3062,1982,Chris Rea,Loving You,loving lyricsthe night black thunder streets wet rain day goes little bourbon strain waiting takehome french fries smiled said away laughed think means dreaming life away loving loving way weekend cars leaving spray wind sound bartalk believing drinks easy allnight takeaway says comes man dreams laugh think means spending time loving loving way doembed
3063,1982,Dionne Warwick,Heartbreaker,heartbreaker lyricsi got hard got crying thought love believing let love aint morning love matter life loving dream follow dying crying rain searching world love everlasting feeling pain meet heartbreaker lesson knew gotta spell love heartbreaker want suddenly wanted passed world end love stronger universe soul crying reversed rules life hurting mind held power love tell try goodbye heartbreaker want suddenly wanted passed oh heartbreaker lesson knew suddenly wanted love ooh heartbreakerembed
3064,1982,Air Supply,Young Love,young love lyricslately thoughts gone know thats true feel word away youll oh miss time tight lost words thats eyes know way feel need young love strong young love hold feeling way meant know ill lose wrong afraid heart line ill know belong thoughts away things word away youll oh feel young love strong young love hold feeling way meant young love strong young love hold feeling way meant young love strong young love hold feeling way meant young love strong young love hold young love strongembed
3065,1982,Cheri,Murphy's Law,murphys law lyricsi hate tell got bit bad news love life circle comes got cha baby murphys law sure got cha baby murphys law sure know car missed payment finance company came towed away towed away money owe best friend owe cause ring bought birthday cashed store got cha baby murphys law sure got cha baby murphys law sure know girl youve foolin got married today happened brand new hifi took away ha ha ha ha ha got cha baby murphys law sure got cha baby murphys law sure got cha baby murphys law sure got cha baby murphys law sure hey murphys law dunno murphys law think lemme think wrong wrong means big trouble ha ha ha ha ha ha murphys law sure got cha baby murphys law sure got cha baby murphys law sure got cha baby1embed
3066,1982,Dr. Hook,Baby Makes Her Blue Jeans Talk,baby makes blue jeans talk lyricsnight falls city baby feels beat slick sexy angel street queen night birds watch walks baby makes blue jeans talk baby makes blue jeans yes makes blue jeans talk baby makes blue jeans yes makes blue jeans talk know shes thinking turns inside baby makes blue jeans talk night time city magic air action starts midnight shell queen night birds player dark baby makes blue jeans talk baby makes blue jeans yes makes blue jeans talk baby makes blue jeans yes makes blue jeans talk know shes thinking turns inside baby makes blue jeans talk baby makes blue jeans yes makes blue jeans talk baby makes blue jeans yes makes blue jeans talk know shes thinking turns inside baby makes blue jeans talk baby makes blue jeans talk wont nothingembed
3067,1982,Karla Bonoff,Personally,personally lyricsive writing letters everyday youve gone talking telephone life long ive got mailman deliver mail phone send closest kin bringing personally personally personally yeah yeah bringing personally personally personally yeah yeah theres feeling oh touching baby theres feeling oh love ive got mailman deliver mail phone send closest friend bringing personally personally personally yeah yeah bringing personally personally personally yeah yeah ive got mailman deliver mail phone send closest friend bringing personally personally personally yeah yeah bringing personally personally personally yeah yeahembed
3068,1982,Billy Joel,Allentown,allentown living allentown theyre closing factories bethlehem theyre killing time filling forms standing line fathers fought second world war spent weekends jersey shore met mothers uso asked dance danced slow living allentown restlessness handed getting hard stay waiting allentown pennsylvania promises teachers gave worked hard behaved graduations hang wall helped taught real iron coke chromium steel waiting allentown theyve taken coal ground union people crawled away child pretty good shot far old man got happened way place threw american flag face living allentown hard good man wont getting today getting hard stay living allentown4embed
3069,1982,Bobby Caldwell,All Of My Love,love fall love fall love need love cares youre feeling youre feeling low reach youve got x2 love baby youve got love word darling love baby youve got love word ill care saw toss coin good luck pond maybe knew needed youre feeling youre feeling low reach youve got love baby youve got love word darling love baby youve got love word ill careembed
3070,1982,Michael McDonald,I Gotta Try,gotta try maybe true maybe ends meet maybe maybe worlds incomplete look truth life searching hope inside hard living desperate world best people change remain live lives gun road clear end hopeless fight gotta try oh ive got try baby maybe think maybe aint nothin left time runnin aint time run away cause destined look truth life searching tearful eyes hard livin desperate world tell born people change remain live lives gun road clear end hopeless fight gotta try lonely living lonely aint late turn people change remain live lives gun road clear end hopeless fight ive gotta try change someones tryin remain someones cryin live lives gun live gun road clear someones livin end someones givin hopeless fight gotta try changeembed
3072,1982,The Kinks,Better Things,better things lyricsheres wishing bluest sky hoping better comes tomorrow hoping verses rhyme best choruses follow doubt sadness know better things way heres hoping days ahead wont bitter ones optimist instead happiness forget happened yesterday know better things way good rocking having fun living begun accept life brings hope tomorrow youll better things know tomorrow youll better things heres wishing bluest sky hoping better comes tomorrow hoping verses rhyme best choruses follow doubt sadness know better things way know youve got lot good things happening ahead past gone said heres future brings know tomorrow youll better things know tomorrow youll better things hope tomorrow youll better things know tomorrow youll better thingsembed
3076,1982,A Flock Of Seagulls,I Ran (So Far Away),ran far away walked avenue thought id meet girl meet girl auburn hair tawny eyes kind eyes hypnotize hypnotize ran ran far away ran ran night day away cloud appears head beam light comes shining shining cloud moving nearer aurora borealis comes view aurora comes view ran ran far away ran ran night day away reached hand touch face youre slowly disappearing view appearing view reached hand try floating beam light beam light ran ran far away ran ran night day ran ran far away ran away19embed
3081,1982,Diana Ross,"Mirror, Mirror",mirror mirror mirror mirror wall said answer told id fall mirror mirror wall turned life paperback novel words come life inside little melodrama chapter young came problems chapter promised love desired tell mirror mirror mirror wall thought said answer told gonna fall tell mirror mirror mirror wall nailed heart wall pleasure cast spell broken eyes grow tired watch picture getting older remain trapped mirror forever tell mirror mirror mirror wall thought said answer told gonna fall tell mirror mirror mirror wall talk night follow advice youve wrong whats price pay fairy tale thing called love let tell mirror mirror mirror wall thought said answer told gonna fall tell mirror mirror mirror wall tell mirror mirror mirror wall thought said answer told gonna fall tell mirror mirror mirror wall mirror mirror let mirror mirror mirror mirror mirror mirror mirror mirror tell mirror mirror wall thought said answer told gonna fall tell mirror mirror wall tell mirror tell mirror tell mirror tell mirrorembed
3082,1982,Dr. Hook,Loveline,loveline lyricsif need phone line youve got number want lifeline youre lonely loveline feel sad need hold knows understands cause means girl time heart youre breaking mind world shaking ill fine sitting window wondering rain remember theres rainbow cause thinks time heart youre breaking mind world shaking ill fine lifeline need phone line youve got number want lifeline youre lonely loveline time heart youre breaking mind world shaking ill fine baby loveline baby loveline oooh baby lifeline baby loveline oooh baby lifelineembed
3083,1982,Air Supply,Here I Am (Just When I Thought I Was Over You),thought playin memories thought time set free thoughts taunting holding feeling outgrew tried space inside theres sense pretending heart mending thought thought stand oh baby memories come crashin ive tried best ive ease pain stop rain live miss thought thought stand oh baby memories come crashin good thought thought stand thought thought stand thought thought stand thought youembed
3085,1982,Al Jarreau,Teach Me Tonight,teach tonight lyricsdid ive got lot learn think trying learn perfect spot learn teach tonight starting abc right xyz help solve mystery teach tonight skys blackboard high shooting star goes ill use star write love thousand times sky thing isnt clear love teacher stand near love graduations love teach tonight shooting star goes ill use star write love thousand times sky thing isnt clear love teacher stand near love graduations love teach tonight ive lost fear love teach tonightembed
3089,1982,Kim Carnes,Does It Make You Remember,remember lyricsive heard talk goin round youve taken somebody new youre crazy crazy remember heart abused heart unused said know id chose run excuse help remember forget bring tear eye pain pleasure regret love passed remember remember saw car window night drivin real slow hid lights bringing hopin remember forget bring tear eye pain pleasure regret love passed ive heard talk goin round youve taken somebody new youre crazy crazy remember remember forget bring tear eye pain pleasure regret love passed remember remember waiting waiting waiting youembed
3090,1982,Paul Carrack,I Need You,need lyricsdont need roller limousine need picture magazine need approval chosen tell need need need fixtures feelings home unfurnished need reminding rent tell need need need fly needs plane need ball needs game need pool needs cue need need need need need covered kisses company want washed dishes soft soapin need cinderella high heeled shoes tell need need need oh need fly needs plane need ball needs game need shot needs shoot need need need need need need need need said want need need need need need want want need yes need need need need need need want want want need youembed
3091,1982,George Harrison,Wake Up My Love,wake love hear knocking wont let want old thing ring ring ring want love wake love let know let clear ive hads run barking hound want love wake love let want love wake love let lifes ways darkness gets crazed people fight christ looking light inside love wake love let friends swing vine sense calling inside love wake love let want love wake love let wake love wake love let oh need lord oh need theres emptiness outside know lord drives wild got tired wrong right need light thats knocking door looking oh lord oh lord wake love let want love wake love let want love wake love let inembed
3092,1982,Marshall Crenshaw,"Someday, Someway",someday someway stand sad bear hear tell need wonder someday someway aww someday someway yeah someday someway maybe ill understand youve want love brought way right someday someway awww someday someway yeah yeah someday someway maybe youll understand youve taken ive taken ill love life youve want love brought way right someday someway aww someday someway yeah someday someway maybe youll understand youve taken ive taken ill love life stand sad bear hear tell need wonder someday someway aww someday someway yeah yeah someday someway maybe ill understand someday someway aww someday someway yeah yeah someday someway maybe youll understand someday someway oh someday someway someday someway maybe ill understand someday someway whoa whoa someday someway yeah yeah embed
3094,1982,Daryl Hall John Oates,Maneater,maneater shell come night lean hungry type new ive seen watching waiting ooh shes sitting eyes door paid think youre getting free woman wild shecat tamed purr jaguar moneys matter youre love aint gonna far ohoh comes watch boy shell chew ohoh comes shes maneater ohoh comes watch boy shell chew ohoh comes shes maneater wouldnt know shes deadly man rip world apart mind matter ooh beauty beast heart ohoh comes watch boy shell chew ohoh comes shes maneater ohoh comes watch boy shell chew ohoh comes shes maneater ooh ohoh comes comes watch boy shell chew whoaoh comes watch shes maneater ohoh comes shes maneater ooh shell chew ohoh comes comes shes maneater ohoh comes watch shell come night ooh ohoh comes comes shes maneater ohoh comes shes maneater woman wild woo ohoh comes comes watch boy watch boy ohoh comes oh watch watch watch watch ohoh comes watch yeah yeah shes maneater ohoh comes shes maneater shes watching waiting ooh ohoh comes oh shes maneater22embed
3099,1982,Barbra Streisand,Memory,memory lyricsmidnight sound pavement moon lost memory smiling lamplight withered leaves collect feet wind begins moan memory moonlight dream old days life beautiful remember time knew happiness let memory live streetlamp beat fatalistic warning mutters street lamp sputters soon morning daylight wait sunrise think new life mustnt dawn comes tonight memory new day begin music interlude burnt ends smoky days stale cold smell morning streetlamp dies night day dawning touch easy leave memory days sun touch youll understand happiness look new day begun2embed
3100,1982,Ringo Starr,Wrack My Brain,wrack brain wrack brain wrack brain till heads filled pain wrack brain dried dried haves cup dried want want got touch way live try best sky pours rain wrack brain theres way theres way coming youd enjoy tv play game old memory lane wrack brain wrack brain till heads filled pain wrack brain wrack brain wrack brain till heads filled pain wrack brainembed
3101,1982,Commodores,Oh No,oh lyricsi want want going crazy knowing lover tonight comes ill let ill pretend walk door oh sleep oh going crazy love need need want hold youre holding arms close eyes face sure heart erase oh think ooh oh going crazy love oh honey oh sugar oh sleep anymore baby oh think anymore baby oh going crazy love youembed
3103,1982,Olivia Newton-John,Physical,physical saying things know youll making good conversation gotta handle right know mean took intimate restaurant suggestive movie theres left talk horizontally lets physical physical wanna physical lets physical let hear body talk body talk let hear body talk lets physical physical wanna physical lets physical let hear body talk body talk let hear body talk ive patient ive good tried hands table gettin hard holdin know mean sure youll understand point view know mentally gotta know youre bringin animal lets physical physical wanna physical lets physical let hear body talk body talk let hear body talk lets physical physical wanna physical lets physical let hear body talk body talk let hear body talk ah oh lets physical physical wanna physical lets physical let hear body talk body talk let hear body talk lets animal animal wanna animal lets animal let hear body talk body talk let hear body talk ahah let hear body talk body talk let hear body talk5embed
3105,1982,Bob & Doug McKenzie,Take Off,okay uh real nice eh okay eh okay uh hit single section album good day good day uh geddy lee rush hi geddy bob mckenzie brother doug hows going geddy oh going pretty good good day eh good day thanks coming hit pleasure eh lawyer yeah um know bucks bucks uh uh hope mind theres photographer thats gonna taking pictures prove uh record yeah case people believe come hes wearing toque oh hes great white north okay youd uh toque headphones hit single okay sure thatd great sheet oh yeah okay memorized oh great beauty fast professional eh oh sit youre singing eh okay eh right thanks guys good luck eh okay okay okay dj talks okay eh coo loo coo coo coo coo coo coo ah beauty coo loo coo coo coo coo coo coo okay good day welcome single bob mckenzie brother doug hows going eh beauty eh yeah okay okay okay record idea youre lying hosehead sort rid coattails idea yeah okay yeah okay agreed aw great white north beauty way great white north decent singing eh yeah yeah hes good okay good day topic today music thats right cause brother experts field eh yeah right cause band uh yeah band aw youre making look bad youre hosehead yeah great white north beauty way great white north hey hosehead yeah yeah listen thats coming know drum solo okay drums oh youre lying stop lying ya eh aw great white north beauty way great white north beauty way coo loo coo coo coo coo coo coo beauty eh magic eh coo loo coo coo coo coo coo coo coming thats sung angels coo loo coo coo coo coo coo coo hey hosehead yeah coo loo coo coo coo coo coo coo guess coo loo coo coo coo coo coo coo yeah hit records short coo loo coo coo coo coo coo coo way yeah theyre long okay thats topic today coo loo coo coo coo coo coo coo good day good day coo loo coo coo coo coo coo coo hey guys hey hey coo loo coo coo coo coo coo coo come eh coo loo coo coo coo coo coo coo look everybodys going cause come wont let coo loo coo coo coo coo coo coo yeah fault yeah fault youre hoser coo loo coo coo coo coo coo coo theres way ill record hoser coo loo coo coo coo coo coo coo okay thats fine ill solo album fine youll looking coo loo coo coo coo coo coo coo label everybodys gone good day good day great white north beauty beauty way jeez hosers hey geddy wed thank coming uh album singing hit single pleasure eh wish guys lots success beauty thanks lot eh thats great oh youre welcome okay maybe uh slow eh okay time right okay push guy eh yeah okay okay sorry know thanks thank sweat yeah good day good day eh good dayembed
