,Year,Artist,song_name,further_clean_text
3253,1984,Howard Jones,New Song,new song lyricsive waiting long come sing song fooled fooled hear whoa song friends challenge hearts challenging preconceived ideas saying goodbye long standing fears crack bend brain sides throw mental chains crack bend brain sides throw mental chains wanna hip cool wanna play rules thumb cynical laden doom crew crack bend brain sides throw mental chains crack bend brain sides throw mental chains ive waiting long come sing song fooled fooled hear song friends challenge hearts challenging preconceived ideas saying goodbye long standing fears crack bend brain sides throw mental chainsembed
3258,1984,Duran Duran,The Wild Boys,wild boys wild boys wild boys wild boys wild boys wild boys wild boys calling way august moons surrender dust cloud rise wild boys fallen far glory reckless hungered razors edge trail theres murder roadside sore afraid new world tried break looks theyll try wild boys lose wild boys chose way wild boys close eyes wild boys shine got sirens welcome theres bloodstain pain telephone ringing youre dancing rain wild boys wonder glory angels figureheads fell lovers war arrows secrets tell prechorus tried tame looks theyll try wild boys lose wild boys chose way wild boys close eyes wild boys shine wild boys wild boys wild boys wild boys wild boys wild boys wild boys lose wild boys chose way wild boys close eyes wild boys wild boys lose wild boys chose way wild boys close eyes wild boys wild boys lose wild boys chose way wild boys close eyes wild boys wild boys5embed
3259,1984,Dan Fogelberg,The Language Of Love,language love lyricsshe says means yes wants know guess want know ask language love cries foul speak claims little victory time know fail language love tooth tooth eye eye hide hearts wont truth truth lie lie language love leave mean stay moves away want know rarely language love loves begins wander knows feel deep inside long shows long shows hem haw balk bluff words simple smile tender touch speaks true language love loves begins wander knows feel deep inside long shows long shows says means yes wants know guess want know ask language love language loveembed
3260,1984,Go-Go's,Turn To You,turn act tough know youre think falling love means falling ruin build walls high act life want let hearts stone explanation feel way world makes rotations want turn come let turn let turn let turn want turn lot fist time met wild dance eyes said gotta message stop spending precious time stop spending precious time know dime explanation feel way world makes rotations want turn come let turn let turn let turn want turn youembed
3262,1984,Bonnie Tyler,Here She Comes,comes lyricsshe begins steal light confusion throws mystery focus eyes wonder dream comes comes shes gonna cause sensation think shell soon temptation bound suppose know shes suspicion maybe kind secret mission better listen theres pieces missing sense feel trust intuition rush decision heres riddle rhyme shes come shes different old eyes shine know youre certain youre doubt comes comes shes gonna beck refuse yeah contend resistance impossible theres pieces missing sense feel trust intuition rush decision comes comes shes gonna beck refuse yeah contend resistance impossible comes comes ladys mistake face face eye eye shell cast spell breakembed
3263,1984,Al Jarreau,After All,lyricsthere time knew matter come love prevail inside dreams knew came question lovers fear true love fail miss childhood wish havent sung knight armour bright faithful true darling hold arms hold hold arms arms know heart mind matter come love survive love author space time keeps galaxies sparrow alive love heals wound war knight armour bright faithful true darling hold arms hold hold arms arms know hold arms telling hold hold arms arms baby hold arms honey hold hold arms armsembed
3264,1984,Teddy Pendergrass And Whitney Houston,Hold Me,hold ill hold touch woman love sweet surrender tonight hearts beat hold touch woman tonight theres eyes pure simple honesty hold arms tonight life pleasure lets waste precious time moments treasure hold arms tonight forever morning sun appears way believe love know wont granted tonight magic begun wont hold touch woman tonight theres eyes wont betray trust hold arms tonight life pleasure lets waste precious time moments treasure hold arms tonight forever morning sun appears way ill hold hold touch touch woman woman tonight tonight hold arms tonight life pleasure lets waste precious time moments treasure hold arms tonight forever morning sun appears way hold arms tonight life pleasure lets waste precious time moments treasure hold arms tonight forever morning sun appears way together2embed
3266,1984,Steve Perry,Foolish Heart,foolish heart lyricsi need love grows want know passing hour ready share need love thats strong tired lonely heart play fool begin foolish heart hear calling stop start falling foolish heart heed warning youve wrong wrong anymore feeling feeling playing game win loves knocking door heart think ill let begin foolish heart hear calling stop start falling foolish heart heed warning youve wrong wrong anymore foolish heart foolish foolish heart youve wrong foolish foolish foolish heart hear calling stop start falling foolish heart heed warning youve wrong wrong anymore foolish heart oh foolish foolish heart youve wrong foolish foolish heart foolish heartembed
3267,1984,Van Halen,Jump,jump gets got tough ive seen toughest know baby feel gotta roll punches whats real oh standing got record machine aint worst youve seen oh mean ah jump jump jump ahead jump jump ahead jump oh hey said baby know wont know begin standing ive got record machine aint worst youve seen oh mean ah jump jump ahead jump jump jump ahead jump jump jump jump ahead jump jump jump ahead jump jump jump jump jump16embed
3276,1984,Spandau Ballet,Communication,communication lyricscommunication leaves incomplete grass greener grown beneath feet love inspiration message wing left words youll sing communication let left communication let left left telex tell secondhand incognito rendezvouss planned dictate relay send home return sender sing phone communication let left communication let left left dictate relay sitting waiting telephone waiting bell ring short change fumble dialaheart trouble aint got time searching rubble oh knowohohohohohoh communication let left communication let left left aleft ahereoh 7x1embed
3278,1984,The J. Geils Band,Concealed Weapons,concealed weapons lyricsburied treasure hidden loot didnt dangerous harmless yeah boot break ice shell turn shes way law yells freeze want thaw shes dead aim sure shot sweet ammo shoe fits right chest shes got aiming right shell sharp inspection head toe shell slap handcuffs honey stick em stick em concealed weapons dangerous saw stick em concealed weapons concealed weapons oughta law covered aint way stop shes got secret weapons theres way drop em change hands turn fancy shot bullet cartridget slot spead em palms wall aint sad army pats best risk speak starts frisk stick em stick em concealed weapons shes gonna beat draw stick em concealed weapons concealed weapons oughta law didnt know packin didnt know heart crackin shootin live ammunition attackin position pinned flat floor blew away hurtin sure concealed weapons concealed weapons oughta law stick em concealed weaponsembed
3279,1984,Dazz Band,Let It All Blow,let blow lyricslet let let let blow heaveho heaveho let blow heaveho heaveho let blow blow let blow oh heaveho heaveho let blow heaveho heaveho let blow blow let let let let blow let blow blow let let let let let blow oh boy heaveho heaveho let blow heaveho heaveho let let let let let blow let blow blow let blow let let let let let blow oh let let let blowembed
3280,1984,John Parr,Naughty Naughty,naughty naughty hand stocking movin nice slow let fingers walking aint far tell wanna girl wanna grown man wanna girl baby time time naughty naughty loud bawdy tttttease easy hug squeeze naughty naughty naughty naughty naughty guy bedroom eyes undress cut bone lace satin pressed chaperon tell wanna girl wanna grown man wanna girl baby time time naughty naughty cute horny tttttease easy hug squeeze love outta line hair hung dress ridin high eyes burning hot sun kiss hard squeeze tight gonna love alright cause naughty naughty naughty guy wanna girl baby time time naughty naughty cute horny tttttease easy hug squeeze naughty naughty naughty naughty naughty guy naughty naughty cute horny tttttease naughty naughty loud bawdy love outta line naughty naughty loud bawdy ttttease meembed
3282,1984,"Evelyn ""Champagne"" King",Action,action lyricsyou promises sound sweet talk knock girl right feet deliver words warm night conversations nice need man hold tight days cause words way lines want action oh tough action want love way think way speak mind want suits fine tell things youd got time love follow set oh tough tough tough tough craving love time head want action real deal face face oh action got know pace thing middle minefield run cover action action action lets action action action action action action action action action action cause everybody needs love want action talked action tell youre action speaks louder words tell gonna know stand looking absurd action got action got follow uh huh uh control temptation surprise youre driving crazy help speak mind fascinated youre making come alive come baby wanna tonight action know wanna talked tell youre ah action action know wanna action talked action tell youre action action action action action action action action actionembed
3283,1984,Midnight Star,Wet My Whistle,wet whistle wet whistle wet whistle wet whistle sweet wine baby loves intoxicatin whyd taste mmh good waste baby let love ill place cause hooked babe love wet whistle kissed lips girl wet whistle little bit baby wet whistle playin look love layin softly pillow little girl ill let love mind thought id better time girl drive crazy youre real fine lady youre fine hooked baby love yes hooked baby said hooked baby love wet whistle kissed lips girl wet whistle little bit baby wet whistle kissed lips girl wet whistle little bit baby wet whistle yeah yeah little bit ooh little bit baby little bit baby little bit little bit love little bit baby little bit baby whoa whoa little bit baby little bit baby little bit baby whoa whoa little bit ooh baby little bit ooh baby yeah little bit baby wet whistle kissed lips girl wet whistle little bit baby wet whistle oh kissed lips baby know drive crazy oh oh wet whistleembed
3285,1984,The Pointer Sisters,Neutron Dance,neutron dance wanna anymore ill stay locked door time stop away cause work hard day whooooh whooooh theres money falling sky cause man took heart robbed blind stole brand new chevrolet rent got place stay whooooh whooooh hard things change hard strength draw line oh burnin doin neutron dance burnin doin neutron dance industry pay price thats fair common people breathing filthy air lord mercy roof caved simple dreams ahead heart starts pumping schemes hard things change hard strength draw line oh burnin doin neutron dance ah ah ah burnin doin neutron dance whooooh whooooh yeah yeah hard things change hard strength draw line oh burnin doin neutron dance ah ah ah burnin doin neutron dance know theres pot gold got believe oh happy doin neutron dance burnin doin neutron dance happy doin neutron dance hands burnin doin neutron dance feet whooooh whooooh happy doin neutron dance happy doin neutron dance whooooh whooooh whooooh whooooh happy burnin hands feet happy burnin help happy burnin happy burnin happy burnin happy burnin1embed
3286,1984,Rickie Lee Jones,The Real End,real end lyricsonce sweet love followed way treated little lamb marquis d sade new clown guess hurt guess hung guess called guess didnt care maybe left maybe woman acts whats matter hey baby baby whats matter want whats matter baby baby whats matter real end dough big car turned money spent know goes thats probably baby went got new boy hes fine wants time tell hes new boy hard whats matter hey baby baby whats matter want whats matter baby baby whats matter real end tell better man treat special time catfish fry bed leave hangin telephone line guessing tell old linen bank account worry iust work whats matter hey baby baby whats matter look funny whats matter baby baby whats matter real real endembed
3287,1984,Billy Joel,Uptown Girl,uptown girl uptown girl shes living uptown world bet shes backstreet guy bet momma told gonna try uptown girl shes living white bread world long hot blood shes looking downtown man thats knows wants time wakes makes mind shell tough love uptown girl know ive seen uptown world shes getting tired high class toys presents uptown boys shes got choice uptown girl know afford buy pearls maybe someday ship comes shell understand kind guy ive ill win shes walking shes looking fine shes talking shell shes shell tough love uptown girl shes living white bread world long hot blood shes looking downtown man thats uptown girl shes uptown girl know love uptown girl uptown girl know love uptown girl uptown girl know love uptown girl uptown girl know love uptown girl26embed
3288,1984,Go-Go's,Head Over Heels,head heels lyricsbeen running long ive nearly lost track time direction warning signs losin cause mind plays tricks looked easy know looks deceive running fast right starting line connections need advice hands reaching ones hangin weaknesses going strong head heels stop control head heels time think looks worlds sync running hard need unwind voice reason left far ive waited long long play remembered id forgotten heart head heels stop control head heels time think looks worlds sync head heels stop control head heels time think looks worlds sync head heels stop control head heels time think looks worlds sync head heels stop control head heels time think looks worlds sync2embed
3290,1984,"Earth, Wind & Fire",Magnetic,magnetic lyricsmagnetic magnetic magnetic magnetic break circuit selfcontrol chain reaction body lets strange kind light tempo takes circuit excites magnetic rhythm dangerous dance lets dance static suck twice fast magnetic rhythm dangerous dance lets dance static suck youll step light spark ignite step light tonight place hide runnin falling new kind beat takes mind takes feet magnetic rhythm dangerous dance lets dance static suck twice fast magnetic rhythm dangerous dance lets dance static suck youll making contact tonight break circuit oh ill making contact tonight break circuit oh magnetic rhythm dangerous dance lets dance static suck twice fast magnetic rhythm dangerous dance lets dance static suck youll magnetic rhythm dangerous dance lets dance static suck twice fast magnetic rhythm dangerous dance lets dance static suck youll making contact tonight break circuit oh ill making contact tonight break circuit oh step light spark ignite step light tonight step light spark ignite step light tonight magnetic rhythm dangerous dance lets dance static suck twice fast magnetic rhythm dangerous dance lets dance static suck youll step light tonight come sparks ignite step light tonight step light spark ignite step light dance static tonightembed
3291,1984,Donna Summer,Supernatural Love,supernatural love lyricswe strangers lovers weve everlasting friends shattered walked boy walking edge friends said looked downhearted left broken heart stable starting mend got living oh love sets soul supernatural love makes flame burn higher supernatural love life tear drops falling eyes broken heart stable oh coming alive fight feeling inside love sets soul supernatural love oh makes flame burn higher supernatural love gets excited supernatural love oh makes true survivors supernatural love friends said looked downhearted left broken heart stable starting mend got living oh love sets soul supernatural love oh makes flame burn higher supernatural love gets excited supernatural love oh makes true survivors supernatural loveembed
3292,1984,Stevie Nicks,Nightbird,nightbird summer fall ready winter makes difference cause wear boots summer long eye makeup dark careless circles eyes real color skin eyes shadow walk gently shadow ones sing night ones sing night ones dream ones walk away capes pulled tight crying night nightbird tonight winters blankets love surrounded love walk gently shadow ones sing night ones sing night ones dream ones walk away capes pulled tight crying night nightbird tonight walk gently shadow ones sing night ones sing night ones dream ones walk away capes pulled tight crying night nightbird tonight walk gently shadow ones sing night ones sing night darkened eyes net lace darkness hard face pulls net feel touch fingers turns eyes eyes nightbird ones dream finally night bird finally night bird tonightembed
3295,1984,Jenny Burton & Patrick Jude,Strangers In A Strange World,strangers strange world love theme beat street new kind rime rhythm new kind poetry road traveled brand new melody know met funny feeling ive known stranger strange world world mystery stranger strange world aint stranger eyes places places ive seen things known know mean different night day words sound strange understand stranger strange world world mystery stranger strange world aint stranger met yesterday met love way coming different directions carrying different dreams brand new river flowing different streams worlds come bridge differences common ground stranger strange world world mystery stranger strange world aint stranger meembed
3298,1984,Adam Ant,Strip,strip lyricsits times great heaven knows wish clothes lets loosen playful tease lovers centuries following ancient history strip strip following ancient history strip strip uhhuhhuh gets hot end day clothes getting way pretty dress hides true desire fold nice slow throw following ancient history strip strip following ancient history strip strip uhhuhhuh need butler saw mirrored room mirrored floor sneaky looks gazing substitute rendezvous following ancient history strip strip following ancient history strip strip uhhuhhuh times great heaven knows wish clothes lets loosen playful tease lovers centuries think cheap bit risqué word ill slip away man believes lies octopus big xray eyes freeze girl youre looking sight generous want tonight following ancient history strip strip following ancient history strip strip meembed
3301,1984,Lindsey Buckingham,Go Insane,insane lyricstwo kinds people world winners losers lost power world cause use insane shes lot kinds trouble world living dying lost power world rumors flying insane shes lot youembed
3302,1984,Lionel Richie,Hello,hello ive inside mind dreams ive kissed lips thousand times pass outside door hello youre looking eyes smile youre ive wanted arms open wide cause know know want tell love long sunlight hair tell time time care feel heart overflow hello ive got let know cause wonder wonder feeling lonely loving tell win heart havent got clue let start saying love hello youre looking cause wonder wonder feeling lonely loving tell win heart havent got clue let start saying love you20embed
3304,1984,ABC,That Was Then But This Is Now,lyricswhy past sacred cow guess youve changed youve changed yeah yeah yeah fruits grown rotten bough reap sow counterfeit plough yeah yeah yeah sacrifices aztec priest standing straining leash fall complain mustnt grumble help peace apple crumble consequently hearts oak charged blistered russians babysitted americans enlisted nowembed
3307,1984,UB40,Red Red Wine,red red wine red red wine goes head makes forget need red red wine ive memories wont memories wont id sworn time thoughts leave head wrong thing makes forget red red wine stay close let love tearing apart blue blue heart id sworn time thoughts leave head wrong thing makes forget red red wine stay close let love tearing apart blue blue heart red red wine feel fine rockin time red red wine feel grand feel million dollar youre hand red red wine feel sad time feel bad red red wine feel fine monkey pack rizla pon sweet dep line red red wine red red wine heap zing heap zing thing red red wine know fi love kind lovin blessing red red wine loved right start right start heart red red wine eighties style red red wine modern beat style yeah id sworn little time help clear mind time little time help clear mind thoughts leave head red wine kind feel fine feel fine time red red wine feel fine monkey pack rizla pon sweet dep line line broke monkey choked burn bad ganja pon little rowing boat red red wine red red wine gonna hold hold cause know love true stay close red red wine gonna love till die love till die thats lie let love red red wine mind ill surely tearin apart ill surely fuss blue blue heart stick id sworn little time help clear mind time little time help clear mind thoughts leave head red wine kind feel fine feel fine time red red wine feel fine monkey pack rizla pon sweet dep line line broke monkey choked burn bad ganja pon little rowing boat red red wine red red wine know fi love kind lovin blessing stay close red red wine loved right start right start heart let love red red wine heap zing heap zing thing red red wine eighties style red red wine modern beat style yeah red red wine feel fine rockin time red red wine red red wine feel grand feel million dollar youre hand stay close red red wine feel sad time feel bad let love red red wine feel fine monkey pack rizla pon sweet dep line16embed
3309,1984,Bananarama,The Wild Life,wild life lyricswhat mother know wont mind good advice waste time wanna live fast cutting fine hay sun shines youre wrong right youve waited lifetime burning bridges tonight wild life wild life wild life wild life stone left unturned jump youre gonna burned lose way come play wild life young ive seen fun gotta end theres time try win lose tired waiting gonna rules wild life wild life wild life wild life stone left unturned jump youre gonna burned lose way come play wild life youre wrong right youve waited lifetime burning bridges tonight wild life wild life wild life wild life stone left unturned jump youre gonna burned lose way come play wild lifeembed
3310,1984,Van Halen,Panama,panama ooh oh yeah uhhuh ah jump whats sound comes blast hot shoe burning avenue model citizen zero discipline know shes coming home youll lose turn ill ah panama panama panama panama aint nothin shiny machine got feel wheel moving parts clean hot shoe burning avenue onramp coming bedroom know shes coming home youll lose turn ill ah uhoh panama panama ow panama ah panama ohohohoh woo related songstop jimmyvan halenjumpvan halenjumpvan halen ah yeah running little bit hot tonight barely road heat coming reach legs ease seat shes blinding flying right rearview mirror got fearing power steering pistons popping aint stopping panama panama panama panama ohohohoh panama panama ohohohoh panama7embed
3312,1984,Laura Branigan,Self Control,self control oh night world city light painted girl day matters night time flatters night control wall somethings breaking wearing white youre walkin street soul self self control got livin night morning comes storys told self self control night day goes stop wonder help forget play role self self control live creatures night havent got try fight new tomorrow guess ill believe tomorrow comes safe night living forest dream know night believe ill believe night ohohoh ohohoh ohohoh ohohoh ohohoh ohohoh ohohoh ohohoh oh night world city light painted girl day matters night time flatters live creatures night havent got try fight new tomorrow guess ill believe tomorrow knows safe night living forest dream know night believe ill believe night ohohoh ohohoh ohohoh ohohoh ohohoh self self control self self control self self control self self control self self control self self control self self control self self control live creatures night havent got try fight world city light painted girl18embed
3314,1984,Rodney Dangerfield,Rappin' Rodney,rappin rodney tell ya alright week rough shape break nothin played hide seek respect respect wouldnt look respect respect ugly kid fun respect respect took dog won respect respect born brought joy respect respect old man said wanted boy respect respect ugly kid respect respect halloween trick treat phone respect respect friends phone ring break whats matter rodney ah death thy sting rappin rodney aint wrapped tight rappin rodney sight rappin rodney mistake poor old rappin rodney break getting old hard face respect respect sex lose place respect respect steak sex favorite pair respect respect em way rare respect respect know old minute respect respect got kidneyshaped pool stone respect respect doctor vinnie boombatz thats respect respect said wanna stop aging gave gun respect respect told got water knee gave sponge raised fee whats matter rodney ah aint easy bein rappin rodney aint wrapped tight rappin rodney sight rappin rodney mistake poor old rappin rodney break gimme break play 40s kinda music stardust man doin thats stardust listen ya mean flutes band ey quit day jobs look drummer carries melody hey tell bass player instrument hey boys going lay groove goes right fight respect respect eastern airlines thanked flying united respect respect got money respect respect bought quicksand deal fell respect respect car broke called triple respect respect left car towed away respect respect getting old respect respect called suicide prevention hold respect respect winter summer spring fall wall whats matter rodney ah respect rappin rodney aint wrapped tight rappin rodney sight rappin rodney mistake poor old rappin rodney break getting worse caving heaviness hey kids somebody help hey bartender hey whos guy daughter wheres wallet outta stop dancingembed
3318,1984,Scandal Featuring Patty Smyth,Hands Tied,hands tied lyricsdarling darling darling ill understand way look tear heart darling darling darling look room cause catch looking know hold turn away things forgot touch hands tied know satisfied explain photo play locked inside hands tied darling darling darling think love blind remember time squeeze hand crush heart oh driving mind darling darling darling ill let long leaving ill fall apart time hold heart away good reason leave reasons stay touch hands tied know satisfied explain photo play locked inside hands tiedembed
3323,1984,Eurogliders,Heaven (Must Be There),heaven oooooh ooh want better place oooooh ooh searching better place oooooh ooh tired living sand oooooh ooh searching better land heaven got ive seen eden wanna live place oooooh ooh trying escape oooooh ooh know road heaven got ive seen eden wanna live place heaven got ive seen eden wanna live place place place tell oooooh ooh want better place oooooh ooh searching better place heaven got ive seen eden wanna live place wanna live heaven got ive seen eden wanna live place heaven got ive seen eden wanna live place embed
3324,1984,Sheena Easton,Strut,strut said baby whats wrong use imagination oh oh nations war women form appreciation come lay clothes chair let lace fall shoulder oh oh standing halflight youre slow daddy told ya strut pout thats want women come baby whatcha takin strut pout cut takin givin watch baby walk door said honey game feel girl hire oh oh fascination leather lace smoke said honey stop speeding train reaches destination oh oh lie oh fun turn away true vocation strut pout thats want women come baby whatcha takin strut pout cut takin givin watch baby walk door wont baby doll baby doll wont baby doll baby doll strut pout thats want women come baby whatcha takin strut pout cut takin givin watch baby walk door strut pout thats want women come baby whatcha takin strut pout cut takin givin watch baby walk doorembed
3325,1984,Julian Lennon,Valotte,valotte sitting doorstep house afford feel thinking reason hard love nearly lost heart explain meaning love fits tight closer glove sitting pebble river playing guitar wondring gonna far know theres wrong cause ive felt face mirrors mind clever think weve got troubles solve bar days drift apart way hold heart sitting pebble river playing guitar wondring gonna far know theres wrong cause ive felt sitting valley watch sun thinking reason hard love nearly lost heart know change gonna come ive got good feeling coming sun sitting pebble river playing guitar wondring gonna far know theres wrong stick cause strongembed
3327,1984,Sergio Mendes,Alibis,alibis lyricsits finger swear somethin imaginin time know ill working late routine know tell doubt sure alibis water tight youre tonight oh know youre slipping away know alibis water tight youre tonight honey tell know pattern fool easily youre slippin away telephone service says youre youve got rendezvous know way work youll someplace check think youre clear forget thats exactly way met sure alibis water tight youre tonight oh know youre slipping away know alibis water tight youre tonight honey tell know pattern fool easily youre slippin away know tell doubt sure alibis water tight youre tonight oh know youre slipping away know alibis water tight youre tonight honey tell know pattern fool easily youre slippin away sure alibis water tight youre tonight oh know youre slipping away embed
3328,1984,KISS,Lick It Up,lick yeah yeah want wait know better lets glad time lifes treat time taste isnt reason earth waste isnt crime good lick lick ohohohh right lick lick ohohohh woo yeah lick lick ohohohh come come lick lick ohohohh uh need wait invitation got live youre vacation theres sweet buy money lick lick need believe honey aint crime good lick lick ohohohh right lick lick ohohohh woo yeah lick lick ohohohh come come lick lick ohohohh come right right ooh yeah ooh yeah ooh yeah ooh yeah yeah yeah oooooooohhhhhh wooo lick lick ohohohh right lick lick ohohohh woo yeah lick lick ohohohh come come lick lick ohohohh aww lick lick ohohohh yeah yeah yeah yeah4embed
3329,1984,Eddie Money,Big Crash,big crash lyricswell shes good good girl shes lived world stealing makeup mommys purse mother said got worse ran kids older things told doin crazy things shes heading big crash shes running white trash girl moving fast shes heading big crash big crash big crash wish shed listen id tell bout things doesnt tell gets late shes heading big crash shes heading big crash shes running white trash girl moving fast shes heading big crash big crash big crash thinks shes grown thinks shes cool realize theyre cutting size big crash girls moving fastheading big crash goin places shouldnt doin crazy things shes heading big crash shes running white trash girl moving fast shes heading big crash big crash big crashembed
3331,1984,New Edition,Cool It Now,cool everybodys saying silly things knowing life brings change theyve checking signs friends love sick cause thinking arms got love wont friends telling cool got cool ooooooh watch youre gonna lose control cool got slow slow youre gonna fall love day walk home school tells feels theres doubt mind girl kind cause thinking arms understand youre kind wont feel friends telling cool got cool ooooooh watch youre gonna lose control cool better slow slow youre gonna fall love cool got cool ooooooh watch youre gonna lose control cool got slow slow youre gonna fall love thinking arms got love ill friends telling got girl takes time slow pace mess mind feels shell let ya know prepare ready hope message stays mind cause lost girl right time theres thing got know cool stay control cool got cool ooooooh watch youre gonna lose control cool better slow slow youre gonna fall love thinking arms understand youre kind ill oh listen let tell coming trying tell life supposed know youre trying help trying life time gonna fellas leave ronnie bobby ricky mike love girl cares cool ooooooh watch cool slow cool ooooooh watch cool slow cool got cool ooooooh watch cause youre gonna lose control cool got slow slow youre gonna fall love cool slow youre gonna lose control cool got slow slow cause youre gonna fall love cool slow cause youre gonna lose control cool got slow slow cool ooooooh watch cool slow down5embed
3333,1984,Dennis DeYoung,Desert Moon,desert moon lyricsis train desert moon said knew id heard strangers voice turned look eyes moved away standing rain trying hard speak love runs dry waiter poured memories tiny cups stumbled words longed hear talked dreams wed lost given whistle cut night shook silence lives train rolled dune summer nights young bragged things wed dreamers dreamers haste grow soon left innocence desert moon dreamers dreamers desert moon desert moon desert moon desert moon hear whisper summer night echoes corners heart night stood waited desert train words meant chances swept away remain road dune summer nights young bragged things wed dreamers dreamers moments pass time moves dreams remain long theres dreamers dreamers desert moon desert moon desert moon desert moonembed
3334,1984,Wham! Featuring George Michael,Careless Whisper,careless whisper time mend careless whispers good friend heart mind ignorance kind theres comfort truth pain youll shouldve known better yeah feel unsure hand lead dance floor music dies eyes calls mind silver screen sad goodbyes gonna dance guilty feet got rhythm easy pretend know youre fool shouldve known better cheat friend waste chance ive given gonna dance way danced time mend careless whispers good friend heart mind ignorance kind theres comfort truth pain youll related songscredit card babywhamlast christmaswhamauntie diarieskendrick lamar gonna dance guilty feet got rhythm easy pretend know youre fool shouldve known better cheat friend waste chance ive given gonna dance way danced love tonight music loud wish lose crowd maybe better way wed hurt things want good lived dance forever whos gonna dance stay gonna dance guilty feet got rhythm easy pretend know youre fool shouldve known better cheat friend waste chance ive given gonna dance way danced youre gone youre gone youre gone wrong wrong leave alone80embed
3338,1984,Lionel Richie,All Night Long (All Night),night long night friends time come raise roof fun throw away work let music play play play everybody sing everybody dance lose wild romance going party karamu fiesta forever come sing going party karamu fiesta forever come sing night long night night night long night night night long night night night long night night people dancing street rhythm feet life good wild sweet let music play play play feel heart feel soul let music control going party liming fiesta forever come sing going party liming fiesta forever come sing song night long night night night long night night night long night night night long night night yeah started sit come join fun merrygoround everyones dancing troubles away come join party play tam bo li moi ya yeah jambo jambo way parti o goin oh jambali tam bo li moi ya yeah jambo jambo oh yes going party night long night night night long night night night long night night night long night night going party karamu fiesta forever come sing going party karamu fiesta forever come sing song night long night night night long night night night long night night night long night night meet theyre jamming street night long yeah said meet theyre jamming street night long feel good feel good16embed
3341,1984,Eddie Money,Club Michelle,club michelle lyricswell know got dark deserted street know time hey driver help lookin club michelle eyes met slowly stared right crowd started dancing played song crazy song hear singing whoooooohoooh played song club michelle went whoooooohoooh remember oh dancing club michelle moved corner lookin little room people started talking played song got confused played kinda loud lost crowd whooooooohooh played song everybody kept singing club michelle everybody kept dancing whoooooohoooh lost little girl called club michelle bridge gonna looking yeah gonna know corner maybe right yes know ive got girl gonna looking cause gonna wait minute hear think hear em singing whoooooohoooh played song club michelle went whoooooohoooh club michelle everybody dancing dancing music whooooohooh girl dancing club michelle whoooooohoooh played song club michelle went whoooooohooohembed
3344,1984,Cheryl Lynn,Encore,encore loves good good love deserves encore deserves encore loves good good love deserve encore deserves encore loves good good love deserves encore deserves encore loves good good love deserve encore deserves encore going tonight working hard 9 5 talking bout movie broadway play live know want tonight wanna tonight ill buy ticket door hey alright performance feel good loves good good love deserves encore deserves encore loves good good love deserve encore deserves encore loves good good love deserves encore deserves encore loves good good love deserve encore deserves encore know want tonight wanna tonight ill buy ticket door hey alright performance feel good rave reviews cause sold heart love time boy control captive audience know want tonight wanna tonight ill buy ticket door hey alright performance feel good loves good good love deserves encore deserves encore loves good good love deserve encore deserves encore loves good good love deserves encore deserves encore loves good good love deserve encore deserves encore ooh gentle loving touch intense drives nuts makes want break feels good feels good deserves encore2embed
3346,1984,Diana Ross,Missing You,missing lyricssince youve away ive lonely youve away ive thinking trying understand reason left going oooh oooh oooh oooh oooh oooh missing tell road turns oooh oooh oooh oooh oooh oooh missing tell road turns oh oh oh oh oh look things remind smile heart filled joy recall dreams shared run boy oooh oooh oooh oooh oooh oooh missing tell road turns tell road turns oooh oooh oooh oooh oooh oooh missing tell road turns wondered didnt understand trying knew plan tried wouldnt let youve gone away boy feel brokenhearted oh knew day started meant youd let ive cried tears oh gotta face fears oh oh let time slip away need boy gave heart soul dreams told hope brighter day flower plucked away oooh oooh missing tell road turns tell road turns oooh oooh oooh oooh missing tell road turns tell road turns tell tell oooh oooh missing tell road turns tell road turns oh understand oooh oooh missing oh oh oh oh oh oh oh tell road turns oooh oooh missing tell road turns tell road turns4embed
3351,1984,The Style Council,My Ever Changing Moods,changing moods daylight turns moonlight best praising way works gazing rest yeah cool warm calm storm cool warm calm storm wish stay forever letting food oh caught whirlwind changing moods yeah bitter turns sugar passive tune day things turn sweet wont soon hush silence winds blast hush silence winds blast wish wed time bosses sued oh caught wilderness changing mood yeah teardrops turn children whove time commit sins pay anothers evil mind love hate love leave late love hate love leave late wish wed wake day feel moved oh caught dailies changing mood yeah evil turns statues masses form line know way id run choice past knowledge present mistake future leave late wish wed come senses truth promote confusion changing mood yeahembed
3353,1984,Michael Jackson,P.Y.T. (Pretty Young Thing),pyt pretty young thing know feel good inside wanted girl pyt pretty young thing ooh come lady ooh wont right away wont baby tenderoni youve got spark nature sugar fly know perfect time right hit city lights tonight ease loving pain let max want love pyt pretty young thing need loving tlc tender lovin care ill girl oohoh want love pyt pretty young thing need loving tlc tender lovin care ill want yes ooh stop burning desire got baby wont come emergency cool yearning honey come set free know perfect time dim lights right night hit loving spot ill ive got want love pyt pretty young thing need loving tlc tender lovin care ill yes yes want love pyt pretty young thing need loving tlc tender lovin care ill yes heeeh pretty young thing uh sing ha ha ha pretty young thing uh sing ha ha ha pretty young things repeat sing nanana nanana nananana nananana sing nanana nanana nananana nananana want love pyt pretty young thing need loving tlc tender lovin care ill want love pyt pretty young thing need loving tlc tender lovin care ill hooooh hooooh want love pyt pyt oh baby want tlc tlc oh baby hold oohooh want love pyt pyt want tlc tlc youre pyt pretty young thing oh baby oh baby hold want love pyt pyt oh baby want tlc tlc ooh wanna love know hahaha ill got46embed
3356,1984,Carol Lynn Townes,99 1/2,99 12 lyricsminus bit love fit said bad love wont reach peak slightest leak took best ninetynine half wont gotta love ninetynine half wont aint babe half percent love incomplete thats knew drop love belong love real ninetynine half wont gotta love ninetynine half wont aint ninetynine half wont gotta love ninetynine half wont aint wont wont wont wont wont wont wont wont wont wont wont wont ninetynine half wont gotta love ninetynine half wont aint gotta ninetynine half wont oh ninetynine half wont gotta love ninetynine ninetynine half ninetynine half wont aint wont ninetynine half wont love gotta ninetynine half wont half wont aint enoughembed
3358,1984,Billy Squier,All Night Long,night long lyricsi upi run world heat upi swim flames desire chase caretake dareits air answer gundance sunrun boy run run lifeyoure movin art survival turnin ill chasin night long dontcha wanna live outi roam streets tiger let outi swing bird wire everybody knowsoh dontcha know everythin doanybody newtheyre fight lifeturn art survival isnt gettin ill chasin night long dontcha wanna liveembed
3359,1984,John Denver & Sylvie Vartan,Love Again,love lyricsi didnt think happen old set ways convinced lonely rest days maybe romance longing pain didnt believe love shut closed windows locked doors afraid dark beat heart knowing sounds great contradiction easiest thing explain afraid love blind man theres meets eye ways magic comes turn song sigh think dreaming maybe going insane maybe falling love standing oh lifes wonderful game look falling love look falling love look falling love againembed
3360,1984,The Cars,You Might Think,think think crazy hang maybe think lucky think youre wild inside child think foolish maybe untrue think think crazy want want think hysterical know youre weak think youre movies everythings deep think youre wild flash fragile smile think foolish think think crazy want want hard hard theres escape scrape kept going till sun fell kept going think delirious way run youre curious ill oh think youre wild uniquely styled think foolish chancy rendezvous think crazy want want want want you3embed
3361,1984,Evelyn Thomas,High Energy,high energy lyricshigh energy love lifting meah hohohohoh high energy love lifting lifting hiiiiiiiiiigher hihihiiiiiiiigher week met awalking street came behiind knew eyes gonna meet thats fell arms imaagine surprise thought happened fairytales loove hit right eyeeyes oh yeah high energy love lifting wohohwohohoh high energy yeah love lifting lifting hiiiiiiiiiigher hihiiiiiiiiigher phone spirits rise glad didnt blessing disguise everytime touchin gives thrill look deep eyes heart stiiiill oh high energy yeah love lifting wohwohwohwohwoh high energy woh yeah love lifting lifting hiiiigh high energy ohhighhigh love lifting woooohhooohooohoo high energy highyeahyeaheah love lifting lifting hiiiiiiiiiigher hiiiiiiiiiigher1embed
3365,1984,The Time,Jungle Love,jungle love ive watching think wanna know ya know ya said little dangerous girl id love ya ya jungle love yeah ohweohweoh think wanna know ya know ya jungle love ohweohweoh girl id love ya ya youve got pretty car think wanna drive drive aint playin said drive little dangerous crib rip huh jungle love look oh ohweohweoh think wanna know ya know ya oh jungle love yeah ohweohweoh uhm girl id love ya ya come baby wheres guts wanna love ohweohweoh wanna cage lock hide key ohweohweoh water babe cause youre hungry bite ohweohweoh oh jungle love yes ohweohweoh mmm think wanna know ya know ya hey jungle love mmm ohweohweoh mmm girl id love ya ya yeah yeah yeah jungle love oh ohweohweoh think wanna know ya know ya jungle love ohweohweoh girl think wanna ya think wanna file nails hey jesse nnnow jerome yes ohweohweoh check ohweohweoh ohweohweoh ohweohweoh ohweohweoh jungle love yeah ohweohweoh think wanna know ya know ya oh jungle love yes ohweohweoh mmm girl id love ya ya eh jungle love ohweohweoh mmm think wanna think wanna know ya jellybean uh whooooo ohweohweoh yeahehehaah jesse em sexy solos right break ugh yeassssss huh whoa eh ha nuh way yeaaaah oh jungle love thats right fuck got bearskin rug ohweohweoh got fireplace ohweohweoh way wild baby ohweohweoh things ohweohweoh whooo heyehehehheh jungle love jungle love jungle love yes yes haha ah thats thats come huhhahahuuuah shit uh huah5embed
3367,1984,Debarge,Time Will Reveal,time reveal feel secure remove doubts know sure apple eye girl fulfillment dreams time value mean precious silver precious diamond rings wouldnt mean thing didnt love guide good know know feel time loves real time reveal special love thats deep inside reveal time tell love wont believe true precious silver precious diamond rings wouldnt mean thing didnt love guide good know aah 1embed
3369,1984,Deniece Williams,Next Love,love lyricsyou love line causing commotion time love line causing commotion time hear youre new lover deserve breakin hearts new past time right cozy sending candy roses hes feeling month love line causing commotion time love line causing commotion time hell love hell leave mark words hes going leave hes hes got heart hell tell forever right things think hes clever thats bad thought smart far smart love line causing commotion time love line causing commotion time hell hell hell fall love hell break hell break hell break break heart la la la la la la la la la la la la la la la la la la la la la la la la la la la la la la la la la la la la la la la la la la la la la la love line causing commotion time love line causing commotion time hell break hell break hell break break heart hell break hell break hell break break heartembed
3371,1984,The Cars,Magic,magic lyricssummer turns upside summer summer summer merrygoround midnight shackles bows high shoes cleats aclicking temperamental glow let oh got hold got hold ive got hold tonight oh got hold got hold got hold thats right uh oh magic uh oh magic little magic know true got hold oh twisted sideways know youre getting twisted calm midnight love darts eyes far till realize theres magic eyes got hold got hold got hold tonight got hold got hold got hold yeah oh yeah oh uh oh magic uh oh uh oh magic uh oh magic little bit magic pulls got hold ive got hold got hold got hold thats right magic uh oh magic uh oh magic uh oh magic little magic inside uh oh magic takes little bit magic thats true uh oh magic gotta magic magic pulls through2embed
3375,1984,Molly Hatchet,Satisfied Man,satisfied man lyricsdont drugs aint got time straight mid cause got love plan satisfied man aint girl turn head cause got better waitin bed wait makes satisfied man chorus oohh satisfied yea satisfied oohh satisfied satisfied man world thats falling face face right end satisfied man chorus oohh satisfied yea satisfied oohh satisfied satisfied man keeps comin keeps comin keeps goin night day keeps goin keeps goin night way world thats falling face face right end satisfied man oh baby mistake satisfied man baby satisfied man sooo right satisfied man oohh satisfied satisfied man oohh yea satisfied satisfied man oohh satisfied satisfied man satisfied man satisfied man satisfied man satisfied man satisfied man satisfied man satisfied man satisfied manembed
3376,1984,Yes,Leave It,leave feel sense measure illusions refuge young mans pleasure breaking dreams real town downtown theyre giving away came phone place know mean intrigue court kings ah leave ah leave macarthur park driving snow uptown theyre digging better lay claim home youre broke danger zone face dreamy day ah leave ah leave ah goodbye goodbye goodbye bad leave hello hello heaven ah goodbye goodbye goodbye bad leave hello hello heaven feel sense measure illusions refuge young mans pleasure breaking dreams real ah leave ah leave ah goodbye goodbye goodbye bad leave hello hello heaven ah goodbye goodbye goodbye bad leave hello hello heaven ah town leave ah town leave itembed
3377,1984,Kim Carnes,Invisible Hands,invisible hands lyricsi photograph hanging wall laugh finding hard forget oh reachin invisible hands touch oh reachin invisible hands feel evening news alibi evidence truth believed lies oh reachin invisible hands touch oh reachin invisible hands feel lie youre asking hold understand lie youre asking fires gungungungun oh reachin invisible hands touch oh reachin invisible hands feel lie youre asking hold understand lie youre asking fires gungungungun oh reachin invisible hands touch oh reachin invisible hands feel youembed
3378,1984,The Police,Synchronicity II,synchronicity ii ooooh ooooh ooooh ooooh suburban family morning grandmother screaming wall shout din rice krispies hear mother chants litany boredom frustration know suicides fake daddy stares distance theres miles away crawls slime dark scottish lake industrial ugly morning factory belches filth sky walks unhindered picket lines today doesnt think wonder secretaries pout preen cheap tarts red light street thinks watch single meeting socalled superior humiliating kick crotch miles away crawls surface dark scottish loch working day ended rush hour hell face packed lemmings shiny metal boxes contestants suicidal race daddy grips wheel stares distance knows break sees family home looming headlights pain upstairs makes eyeballs ache miles away theres shadow door cottage shore dark scottish lake miles away miles away miles away miles away miles away miles away miles away4embed
3379,1984,Matthew Wilder,Break My Stride,break stride night strangest dream sailed away china little rowboat ya said laundry clean didnt want hold mean said aint nothin gonna break stride gonna slow oh got moving aint nothin gonna breaka stride runnin wont touch ground oh got moving youre roll pray lasts road rocky youre feeling cocky look past reason youre runnin fast said aint nothin gonna breaka stride gonna slow oh got moving aint nothin gonna break stride runnin wont touch ground oh got moving let girl work let girl drag meet girl tell want girl oh aint nothin gonna breaka stride gonna slow oh oh got moving aint nothin gonna break stride runnin wont touch ground oh got moving aint nothin gonna breaka stride gonna slow oh oh got moving aint nothin gonna breaka stride runnin wont touch ground oh got moving whoa aint nothin gonna break stride gonna slow oh got moving aint nothin gonna breaka stride runnin wont touch ground oh got moving aint nothin gonna breaka stride gonna slow oh oh got moving18embed
3380,1984,Alabama,When We Make Love,love theres light eyes tonight know id know look got plans lucky man carried away theres ive wanting love affair want know care love oh precious time share hearts souls minds love watching little moves tell gonna long night day long holdin better got finger tips love oh affair want know care love oh precious time share hearts souls minds moments feelings mmmmmm love affair want know care love oh precious time share hearts souls minds lets love sweet loveembed
3381,1984,Huey Lewis & The News,If This Is It,ive phoning anight morning heard tell home youre confessing guessing ive fool long girl lie save feelings girl tell nothings wrong girl try phony reasons id leave believe let know aint love youd better let oohwap want know aint love baby youve thinking ive drinking know right youre pretending ending youll avoid fight girl lie tell need girl tell nothings wrong ill right aone way let want stay let know ooh aint love youd better let want know aint love baby oohwap oohwoah let know ooh aint love youd better let want know aint love baby let know wanna know ooh let know gotta know ooh better let know let know ooh let know ooh let know ooh4embed
3383,1984,John Mellencamp,Pink Houses,pink houses theres black man black cat livin black neighborhood hes got interstate runnin yard know thinks hes got good theres woman kitchen cleanin evenin slop looks says hey darlin remember stop clock oh aint america aint america somethin baby aint america home free yeah little pink houses oh yeah ey theres young man tshirt listen rock n roll station hes got greasy hair greasy smile says lord destination cause told younger sayin boy youre gonna president old crazy dreams kinda came went oh aint america aint america somethin baby aint america home free yeah little pink houses oh baby theres people people know know know work high rise vacation gulf mexico ooh yeah theres winners theres losers aint big deal cause simple man baby pays thrills bills pills kill oh aint america aint america somethin baby aint america home free yeah little pink houses ooh ooh yeah aint america aint america hey somethin baby aint america oh home free yeah yeah yeah yeah yeah yeah little pink houses baby ooh yeah ooh yeah2embed
3386,1984,Rick Springfield,Love Somebody,love somebody lyricsi path youre cutting cost little piece heart doors youre shutting cause open start baby loving hard youre tough little sister looking mr right wrong town better love somebody late better love somebody wait better love somebody tempt fate youre gonna push little far night eyes wild skins white youre undernourished overfed shes got teeth knows bite cause bit bled got perfect image perfect man youre tough little sister youll settle mister tonight youre running time better love somebody late better love somebody wait better love somebody tempt fate youre gonna push little far night saying feel think wrong know thought sleeping wheel thought driving better love somebody better love somebody better love somebody late better love somebody wait better love somebody tempt fate youre gonna push little far night night oh oh oh oh night oh oh oh oh night oh oh oh oh night oh oh oh ohembed
3387,1984,Jermaine Jackson,Do What You Do,lyricsi mind love good filled needs crazy crazy right wrong love sweet love said anymore eyes lie long goodbye close door crazy crazy right wrong love sweet love tell didnt pull steal away thief night love flight play played nights danced remember love endlessly crazy crazy right wrong love sweet love meembed
3388,1984,Yes,It Can Happen,happen lyricsyou fool cheat youre blind cut heart happen mend wires feed soul apart reach happen happen happen eventually constant fight constant fight youre pushing needle red black white knows whos right substitute youre born youre dead fly night created fantasy destination calls look look look look look look theres crazy world outside lose pride happen happen happen eventually happen happen today happens happens way world architects life song sigh developing words linger fields green open eyes look look look look look look theres crazy world outside lose pride happen happen happen eventually happen happen today happens happens way happen happen happens come old boy better thing exactly dentists tell thing look look theres crazy world outside lose pride happen happen happen eventually happen happen happens fool cheat youre blind happen cut heart happen eventually happen happen today happens happens way mend wires feed soul apart touch life bring soul alive happen happen happen eventually happen happen today happens happens wayembed
3389,1984,Joe Cocker,Edge of a Dream,edge dream lyricsif tommorow comes ya belong guess ive known meant took second chance love carried away gettin stronger day day closer gets step reach edge dream know edge dream know weve waitin chance free edge dream know changed feel way know ill cos strong survive weve nearly soon seein dreams come true harder gets harder fall turns edge dream know edge dream know weve waitin chance free edge dream know movin love ya tried knew believed eyes edge dream edge dream edge dream dream lover edge dream know edge dream know know areembed
3391,1984,Dan Fogelberg,Believe In Me,believe lyricsif right reach hostage heart despite doubts harbor come believe life lead kind gives woman peace mind hope someday youll believe loves came mean anymore sure believe hearts broken failing trust feel trust isnt thats spoken loves wrong real thing try write sing song ends questioning makes believe hearts broken failing trust feel trust isnt thats spoken loves wrong real thing try write sing song ends questioning makes believe makes believe oh believe meembed
3392,1984,Johnny Mathis,Simple,simple lyricsi know someones wrong girl youve cried long time live wont try complicate life kind guy think ought tell love chorus simple easy 1 2 3 thats love gotta trust cuz simple birds bees simple biology wanna fall love youve got new place begin time let love girl waiting time therell sad goodbyes teardrops eyes girl gonna beautifies repeat chorus endembed
3393,1984,Berlin,No More Words,words lyricsyoure talking sounds fair promise love care listening unsure actions lacking clear words youre telling love youre looking away words words promises love remember words new carried meaning feeling true looking long romance picture passion onetime chance words youre telling love youre looking away words words promises love fool passion wont satisfy know pretend want want words youre telling love youre looking away words words promises love love eyes lovers flame promise work leave right youre feeling doubt words youre telling love youre looking away words words promises love words youre telling love looking away words promises words promises words youre telling love youre looking away words words promises love words promises words promises love words promises words promises loveembed
3394,1984,Peabo Bryson/Roberta Flack,"Tonight, I Celebrate My Love",tonight celebrate love tonight celebrate love natural thing tonight ones gonna leave world love tonight celebrate love hope deep inside youll feel tonight spirits climbing sky filled diamonds love tonight tonight celebrate love midnight sun gonna come shining tonight therell distance want close tonight tonight celebrate love soon old world brand new tonight discover friends turn lovers love tonight celebrate love midnight sun gonna come shining tonight therell distance want close tonight celebrate love tonightembed
3395,1984,Billy Idol,Rebel Yell,rebel yell night little dancer acame dancin door night little angel came pumpin floor said acome baby got license love expires pray help midnight hour cried rebel yell cried wow midnight hour babe rebel yell slavery wont sit beg tired lonely sees bed awhat set free brought babe set free need midnight hour cried rebel yell cried wow midnight hour babe rebel yell ahe lives ahis heaven collects 7eleven hes night collect fare ajust long long mess hair whoa ah walked world babe thousand miles dried tears pain babe million times id sell soul babe money burn id babe ajust midnight hour cried rebel yell cried wow midnight hour babe rebel yell cried ooh yeah little baby want ooh yeah little angel want more31embed
3396,1984,Twisted Sister,I Wanna Rock,wanna rock wanna rock rock wanna rock rock want rock rock wanna rock rock turn got time time tell play got tell play ask way play theres thing wanna rock rock wanna rock rock want rock rock wanna rock rock theres feelin nothin aint nothin world makes turn power ive waited long hear favorite song lets feel music shootin theres nothin wanna rock rock wanna rock rock want rock rock wanna rock rock wanna rock rock rock rock rock rock wanna rock rock rock rock rock rock want rock rock rock rock rock rock wanna rock rock rock rock rock rock wanna rock wanna rock rock wanna rock rock want rock rock wanna rock rock wanna rock rock rock rock rock rock wanna rock rock rock rock rock rock want rock rock rock rock rock rock wanna rock rock rock rock rock rock7embed
3397,1984,Misiing Persons,Give,lyricswhens time touched feel surprise unselfish unreal pressures beckon turn way results superficial theres way play givewhen live youve got youve given live youve got youve given head feet going cause good outweighs bad knowing realize good going gets little bit tough youve got little bit givewhen live youve got youve given givewhen live youve got youve given youre looking answer fit youve got let heart mirror mind wait cause reason set goal let mind follow feel believe youll dreams dreams come true givewhen live youve got youve given givewhen live youve got youve given givewhen live youve got youve given givewhen live youve got youve given youve got youve got youve got youve got youve got youve got youve got youve got youve got youve got youve got youve got youve got youve got youve got youve got youve got fadeembed
