,Year,Artist,song_name,further_clean_text
3399,1985,Prince And The Revolution,Pop Life,album day baby lyricsalbums 1ma_doom son yvonne masta ace 2mystic stylez 6 mafia 3the ghettos tryin kill master p 4we mean business epmd 5walking panther ll cool j 6kizz black azz mc ren 7juvenile hell mobb deep 8vagina diner akinyele 9war peace vol1 war disc ice cube 10no limit day mercedes fiend silkk 11war peace vol 2 peace disc ice cube 12the dying breed scarface wuweek begins 13tical 2000 judgement day method man 14bobby digital stereo rza 15beneath surface gza 16the pillage cappadonna 17nigga ol dirty bastard 18blackout method man redman 19uncontrolled substance inspectah deck 20golden arms redemption ugod 21immobilarity raekwon wuweek ends moment 22just tryin ta live devin dude 23reloaded smif n wessun 24the hunt gingerbread man mf grimm 25under satans authority flatinerz wuweek sorta returns 26supreme clientele ghostface killah 27the w wutang clan wuweek concludes 28freedom speechjust watch icet 29one day itll sense common 30a prince thieves prince paul 31quik dj quik 32black elvislost space kool keith 33i wish cousin george del tha funkee homosapien 34400 degreez juvenile 35the minstrel little brother 36lacabincalifornia pharcyde 37no poison paradise black milk 38blackout 2 method man redman 3950 cent future 50 cent gunit 40reloaded roc marciano 41oneirology cunninlynguists 42still waters graveyard shift 43the pick sickle shovel gravediggaz 44my worst enemy edo g featuring pete rock 45something tech n9ne 46ridin dirty ugk 47liberation talib kweli madlib 48ghetto pop life danger mouse jemini 49mf ep aka doomsday mf doom mf grimm 5010 summers dj mustard 51uncle sams curse law 52slam dunkn hoes dog 53son sam krizz kaliko 54let truth told zro 55monster killer mike 56never better pos worst review 57no said date masta killa 58some love lost joe budden 59after years edo g 60the true meaning cormega 61i came young thug 62no limit day 63freedom son uyama hiroto 64the life joseph w mcvey zro 65cardboard castles watsky 66ghetto life smooth 7 67ghetto dreams fat pat 68the phantom rapra bushwick 69tha meal snoop dogg 70return magnificent dj jazzy jeff 71illegal business mac mall 72keep hood mc eiht 73deal deal wiz khalifa 74san andreas original mixtape young maylay 75world ultimate nonce 76violent design jedi mind tricks 77high fo xmas west coast bad boyz 78center attention ini 79game related click 80all got iz onyx 81the young og project fabolous 82amerikkkan korruption capital steez 83the nights gambit ka 84 21 tha alkaholiks 85home killers coop mc 86enta da stage black moon 87the green ghost project styles p dj green lantern 88the giancana story kool g rap 89mic tyson sean price 90solitary confinement rhyme asylum 91house pain fine malt house pain bonus snoop dogg adult movie review life death track track review likely 10 reviews ti bakers holy bread end cold experience coup steal double album sassafraz time tell infectious organisms infectious organisms straight jungle jungle bros criminal scientifik fadanuf fa everybody odd squad blunted reality fugees masterpiece justice3embed
3401,1985,General Public,Tenderness,tenderness lyricsi know start stop lucks button stop pushing head feels light dark tenderness theres missing tenderness tenderness know know open mouth pops spiteful words cheap turn expensive words conviction turn sentence held hands rings finger danced danced scared half chance sure night youre night youre leaves searching little tenderness tenderness tenderness whistling graveyard calling girlfriend trying understand youre squeezing telephone hand question questions shes going catch boy underhand shes thing feel man man madman madman tenderness tenderness tenderness tenderness held hands rings finger danced danced scared half chance sure night youre night youre leaves searching little tenderness tenderness youre sick death second best pet morning unimpressed love button stop pushing oh allnight longing long timeembed
3402,1985,Limahl,The NeverEnding Story,neverending story turn look face mirror dreams believe hidden lines written pages answer neverending story ah reach stars fly fantasy dream dream rhymes secrets unfold clouds rainbow answer neverending story ah story ah fear fade away hand birth new day rhymes secrets unfold clouds rainbow answer neverending story ah neverending story ah neverending story ah neverending story ah5embed
3404,1985,Amy Grant,Wise Up,wise lyricsgot situation sure climbing theres temptation answer want hear justifies action says coast clear outside says jump inside telling chorus better wise better think twice leave room compromise better wise better smart use head guard heart gonna rough better wise look intentions choose apprehension telling better heart run thoughts come undone repeat chorus got wise got think twice got wise got got better heart run thoughts come undone repeat chorus better wise better think twice leave room compromise oh better wise better smart use head guard heart gonna rough better wise got wise got think twice hohhhh got wise oh yeah got got better wise got wise got think twice better wise yall got wise got got oh yeah got wise got think twice better got wise oh better wise got got ohhhhh yeah got wise hoo hoo hoo hoo hoooooooohoo got think twice got wise got got oh got yo yeah got wise got think twice hoaa oowwwww got wise got got toembed
3406,1985,REO Speedwagon,One Lonely Night,lonely night lyricsyou baby words today til word left grin boy maybe think youll win boy sun goes boy lonely night lonely night thats takes completely break darkest right dawn oh darkest hours long youre feelin strong boy tellin shes wrong boy longer night boy lonely night lonely night thats takes completely break lonely night lonely night thats takes completely break ooh shes good gone lost mind know shes kind ooh shes good gone lost mind know shes kind lonely night lonely night thats takes completely break youembed
3407,1985,Chaka Khan,This Is My Night,night lyricsah ah tonight putting makeup time wake owners night calling ready willing pull happy feeling specials air night gonna right angel pocket right feels right mirrors telling lie gonna let magic shine night tonight gonna right gonna let magic shine night tonight gonna right gonna let magic shine feel winning know reason telling let ride got rocking reeling know deal special night gonna right way paradise feels fine feels time going way time night tonight gonna right gonna let magic shine night tonight gonna right gonna let magic shine night night night night young let shine come night night night night feels right mirrors tellin lie gonna let magic shine let shine let shine night tonight gonna right gonna let magic shine let shine night tonight gonna right gonna let magic shine let shine night tonight gonna right gonna let magic shine let shine night let shine night tonight gonna right gonna let magic shine let shine night tonight gonna right gonna let magic shine shine night tonight gonna right gonna let magic shine1embed
3408,1985,Kim Carnes,Abadabadango,abadabadango lyricsabadabadango hear rhythm heart beats million years use kind magic time laughter tears place draw line wont try know hard dreams em time abadabadango hear rhythm heart beats million years abadabadango getting loud clear listen close voice inside wait hear time spend awake night dream youve visions pounding head ignore blinded stars eyes break someones heart falling apart start time abadabadango hear rhythm heart beats million years abadabadango getting loud clear listen close voice inside wait hear abadabadango hear rhythm heart beats million years abadabadango getting loud clear listen close voice inside wait hear abadabadango hear rhythm heart beats million yearsembed
3410,1985,The Power Station,Some Like It Hot,hot lyricswe want multiply gonna know qualify gonna circumscribed gonna untied gonna feel heat pushing decide feel heat burning ready hot sweat heat feel heat decide hot tell hot till try hot lets turn heat till fry girl gonna wants bride gonna wants multiply gonna know wont satisfied feel heat pushing decide feel heat burning ready hot sweat heat feel heat decide hot tell hot till try hot lets turn heat till fry feel heat pushing decide feel heat burning ready hot sweat heat feel heat decide hot tell hot till try hot lets turn heat till fry hot hot hot hot hot hot hot hot3embed
3412,1985,Dokken,Alone Again,id morning light id feel comes tonight know feels tried hard words tears fall rain said stay turned away tried ive lost way know feels tried hard words tears fall rain tried hard words tears fall rain youembed
3413,1985,The Motels,Shame,shame lyricsa simple statement simple crime lot grief reflecting spend time want change things want change tired spending time agonizing yesterdays shame shame shame little thing shame shame theres thing day day comes true lot selfish dreams waiting ive got ive got blame left shame shame shame little thing shame shame theres thing shame shame shame shame ive got change things ive got change tired spending time agonizing yesterdays shame shame shame little thing shame shame theres thing shame shame shame shame shame shame youembed
3414,1985,Glenn Frey,The Heat Is On,heat lyricsthe heat street inside head beat beats loud deep inside pressures high stay alive cause heat ohwoho ohwoho caught action ive looking ohwoho ohwoho tell feel tell feel tell feel heat heat heat oh street heat ohwoho ohwoho caught action ive looking ohwoho ohwoho tell feel tell feel tell feel heat heat heat oh street heat shadows high darker doors wilder ride break win lose thats chance heats heat ohwoho ohwoho caught action ive looking ohwoho ohwoho tell feel tell feel tell feel heat heat heat oh street heat street heat heat heat yeah street heat onembed
3415,1985,John Parr,Magical,magical lyricsup attic skeletons hide live fear door whats door dare open cause youll close encounter sexual kind love shadows smoking gun batten baby lock doors got love coming hairs straight curl theres little bit bad good little girl love shadows smoking gun want broken heart lost lonely need broken heart happens itll magical knocking heres magic happens itll magical knocking heres magic pull blankets wont hear sound poundings thunder shakes ground got hunger feed try fight youre deep love shadows love shadows smoking gun want broken heart lost lonely need broken heart happens itll magical knocking heres magic happens itll magical knocking heres magic heat flame embers magical heat flame embers smoking smoking heat flame embers magical heat flame embers smoking smoking keeps burning keeps burning happens itll magical knocking heres magic happens itll magical knocking heres magicembed
3416,1985,The Power Station,Communication,communication lyricsairmail cassettes postcards telex drop line grapevine trying reach communication depends got stay touch lines open whats new exchange facts contact trying communication communication hang communication touch communication hold situation soul soul send word stay tuned real soon time phone youre home weve got stay touch telephone trying reach communication communication baby talk communication information communication hold situation soul soul communication hang communication touch communication hold situation soul soul communication baby talk communication information communication hold situation soul soul communication baby hang communication touch communication hold situation soul soul communication baby talk communication information communication hold situation soul soul communication ahh hang upembed
3417,1985,Til Tuesday,Voices Carry,voices carry dark id read mind frightened things oh hes thinking tear awayaay tell falling love sayaay hush hush voices carry hush hush voices carry uhah try hard upset know trouble ill oh tells tears hide feareheh try hard inside hear hush hush voices carry hush hush voices carry hush hush voices carry uhah oh wants time wants line hush hush voices carry hush hush voices carry oh hush hush shut voices carry oh hush hush voices carry oh hush hush darling overhear voices carry oh voices carry hush hush said shut said shut voices carry oh god voices carry hush hush voices carry wish let talk4embed
3418,1985,Sheila E.,A Love Bizarre,love bizarre b b c d moon shines skin whispering words scream outrageous sin want stuff thats wildest dreams gets kinda rough limousine thats want love bizarre thats want love bizarre strawberry mind body thats built kiss spine things come swallow pride joy ivory tower dance roof love bed flowers thats want love bizarre thats want love bizarre hoo doobiedoobiedoo oh oh doobiedoobiedoo doobiedoobiedoo moon shines skin shines skin whispering words scream outrageous sin whispering words scream scream sin want stuff thats wildest dreams want stuff thats wildest wildest dreams yeah gets kinda rough limousine ow ow ow thats want love bizarre thats want love bizarre thats want love bizarre thats want love bizarre thats want love bizarre thats want love bizarre thats want love bizarre thats want love bizarre thats want love bizarre thats want love bizarre thats want love bizarre thats want love bizarre thats want love bizarre thats want love bizarre thats want love bizarre thats want love bizarre love bizarre love bizarre love bizarre thats want love bizarre bizarre thats want love bizarre love bizarre thats want love bizarre thats want love bizarre thats want love bizarre thats want love bizarre thats want love bizarre thats want love bizarre whew thats want love bizarre thats want love bizarre thats want love bizarre thats want love bizarre thats want love bizarre thats want love bizarre thats want love bizarre thats want love bizarre thats want love bizarre thats want love bizarre thats want love bizarreembed
3419,1985,Daryl Hall John Oates,Some Things Are Better Left Unsaid,things better left unsaid feel run away looking darker day oh pulling shades away eyes true moody manners come better know things better left unsaid strings better left undone hearts better left unbroken lives better left untouched lies better believed words better left unspoken ideas frighten afraid oh guess right reason dealing force thats strong force stringing things better left unsaid strings better left undone hearts better left unbroken lives better left untouched lies better believed words better left unspoken youre livin lie thats thing ooh things better left things better left unsaid strings things better left unsaid lives better things better left unsaid hearts better things better left unsaid lies better things better left unsaid things better left things better left unsaid strings things better left unsaid lives better things better left unsaid hearts better things better left unsaid lies better ooh things better left unsaid things better left things better left unsaid strings things better left unsaid lives better things better left unsaidembed
3420,1985,Cock Robin,When Your Heart Is Weak,heart weak lyricswhats matter way look surely end meant motions clear worry understood seen friends real good beginning right cause heart weak gonna pick lock fingertips wont fail matter love witness dawning twist turn wont loose better forget getting rid hunt downagain mighty patient given look forward day let cause heart weak gonna pick lock fingertips wont fail matter love witness dawning twist turn wont loose gonna prove worthy hanging prayer chance gonna come warning defenses youre desperate need oh bet youll welcome ol companion ol companion remember baby cause heart weak gonna pick lock twist turn wont wont wont loose oh no1embed
3421,1985,Rebbie Jackson,Centipede,centipede centipede centipede love raging youre snake thats loose strike desire centipede hot youre bound feel centipede hot youre bound feel feel longing touch crawled bathroom window love centipede thats hot touch centipede youve got lot loving touch know quiet night snake crawling moon starts glow disappears time right centipede crawling hell crying night tears crawling centipede centipede came strike touch crawled bathroom window bite love centipede thats hot touch centipede youve got lot loving touch know quiet night snake crawling moon starts glow disappears time right centipede crawling hell crying night tears crawling centipede centipede quiet night snake crawling moon starts glow disappears time right centipede crawling hell crying night tears quiet night snake crawling moon starts glow disappears time right centipede crawling hell crying night tears crawling centipede centipede2embed
3423,1985,The Pointer Sisters,Freedom,freedom lyricsfreedom freedom freedom let want know know want talk talk oh oh wanna love trust gonna trust try understand ill understand oh oh wanna love talking freedom want know talking freedom know talking freedom oh let hold know ill prayin come hear saying oh oh wanna love eyes ill watching voice ill hear saying oh oh wanna love youembed
3425,1985,UB40,I Got You Babe,got babe young know wont grow know baby thats true cause youve got baby ive got babe ive got babe ive got babe love wont pay rent earned moneys spent guess thats lot sure weve things weve got babe ive got babe ive got babe got flowers spring got wear ring sad youre scared youre let hairs long care wrong little hand aint hill mountain climb babe ive got babe ive got babe ive got babe got hold hand got understand got walk got talk got kiss goodnight got hold tight got wont let got love got babeembed
3429,1985,Kim Carnes,Invitation To Dance,invitation dance lyricsinvitation dance invitation romance invitation dance invitation dance house lights heart sound spotlight music begins feeling takes close eyes head heels look way whisper come closer leaning shoulder shoulder loving beholder darling invitation dance invitation romance invitation dance need invitation dance lost song ive waiting dreams long street mind seeing picture stopping time tip hat wave heart goodbye given wings fly shoulder shoulder loving beholder darling invitation dance need invitation romance invitation dance invitation dance hot rhythm hot floor thats magic begins need reason beat motion invitation dance invitation romance invitation dance need invitation dance invitation dance invitation romance invitation dance invitation dance hot rhythm hot floor thats magic begins need reason beat motion hot rhythm hot floor thats magic begins need reason beat motion hot rhythm hot floor thats magic begins need reason beat motion hot rhythm hot floor thats magic begins need reason beat motion hot rhythm hot floor thats magic begins need reason beat motion rhythm floor thats magic need beat motion hot rhythm hot floor thats magic begins begins need reason beat motion hot rhythm floor magic need beat motion beat invitation dance invitation romance invitation dance invitation dance hot rhythm hot floor thats magic begins need reason beat motion hot rhythmembed
3430,1985,Lionel Richie,"Say You, Say Me",thats way naturally dream awesome dream people park playing games dark played masquerade walls doubt voice crying thats way naturally lifes lonesome highway hardest thing friend helping hand understands feel youve lost way youve got ill oh thats way naturally think know answers oh world got dancing thats right telling time start believing oh yes believing shining star oh thats way naturally naturally2embed
3432,1985,a-ha,The Sun Always Shines on T.V.,sun shines tv touch believe sun shines tv hold close heart touch love reached inside ease pressure everworrying mind oh power wasted away fear crazed lonely looks mirrors sending days oh touch believe sun shines tv hold close heart touch love ask defend shameful lowlands way drifting gloomily time oh touch reached inside today love thinking theres got way troubles distant touch believe sun shines tv hold close heart touch love hold close heart touch love me8embed
3433,1985,Giuffria,Call To The Heart,heart lyricscan live girl feet lost world theres simple way let youve choose walk separate road believe heart hear calling oh heart calling distant voices silent night memory touched feel right need heart hear times heart calling calling heart love lost way darling ill someday darlin remember dreams id world hold darlin work stay baby need heart hear calling hear heart hear calling calling ill heart heart hear calling heartembed
3437,1985,Go West,Call Me,face face reflection eyes scared perfect strangers perfect worlds apart close touch staring shoes feeling confused shot gun victim hitandrun wont time hesitate oh communicate yeah wont number mesmerised met reconstruction crime track shot success power press wont time hesitate oh communicate yeah wont number want worlds apart worlds apart watch space theres message need read lines inside doubt want identify time hesitate oh communicate yeah wont number ill waiting know girl wont number girl wont time hesitate oh communicate uhh girl girl wont number now4embed
3439,1985,Ray Parker Jr.,Jamie,jamie lyricsjamie girl girl hard imagine mmmm watch jamie girl want kissing youre loving jamie gotta hold tight ah ah ah cause shes kind girl night night wondered know oh let tell jamie girl girl hard imagine hear jamie cause girl stand hear jamie oh babe jamie close girls ive dated loved know got away wish jamie jamie girl girl ow wont girl jamie oh oh girl oooh oooh oooh oooh trained way wanted wanted taught trick book aint fair guy jamie know got hooked hooked hooked love babe ow jamie girl girl stand cause want want jamie girl oh jamie jamie shes girl watch jamie watch youre playing jamie cause youre girl oh jamie jamie jamie jamie girl jamie jamie girl oh jamie jamie ow talk jamie hoo girl talk jamie ahhh ah ah ah jamie girl girlembed
3440,1985,Supertramp,Cannonball,cannonball lyricsyoure tellin lies criticize yeah got messed abused let runnin round pretend try friend word know heard yeah loose got excuse feel rage come age felt cannonball got mad said bad whats use lied thats truth took key drove right knew trust ok thats leaving quit unwise apologize paid price taking advice felt cannonball want day ive outraged washing hands untrue know stand know stand moreembed
3441,1985,John Parr,Naughty Naughty,naughty naughty hand stocking movin nice slow let fingers walking aint far tell wanna girl wanna grown man wanna girl baby time time naughty naughty loud bawdy tttttease easy hug squeeze naughty naughty naughty naughty naughty guy bedroom eyes undress cut bone lace satin pressed chaperon tell wanna girl wanna grown man wanna girl baby time time naughty naughty cute horny tttttease easy hug squeeze love outta line hair hung dress ridin high eyes burning hot sun kiss hard squeeze tight gonna love alright cause naughty naughty naughty guy wanna girl baby time time naughty naughty cute horny tttttease easy hug squeeze naughty naughty naughty naughty naughty guy naughty naughty cute horny tttttease naughty naughty loud bawdy love outta line naughty naughty loud bawdy ttttease meembed
3442,1985,Tom Petty And The Heartbreakers,Make It Better (Forget About Me),better forget lyricshoney want better baby honey want good baby want better girl yeah better honey wait know long long time going alright honey mustnt let drag theres lot fools honey going want better baby listen want good baby good baby believe know going forget forget eyes forget goodbye rain humidity tell honey youre judge aint jury innocent boy guilty forget forget eyes forget love goodbye goodbye forget forget eyes forget love goodbye goodbye forget forget eyes forget love goodbye goodbye gonna better babe cause tonight gonna good yea wanna alright wanna alrightembed
3444,1985,Kate Bush,Running Up That Hill,running hill kate bush cover doesnt hurt want feel feels want know know doesnt hurt want hear deal making id deal god id swap places running road running hill running building oh want hurt deep bullet lies unaware tearing asunder ooh thunder hearts baby hate ones love tell matter wont unhappy id deal god id swap places running road running hill running building oh come baby come come darling let steal moment come angel come come darling lets exchange experience oh deal god id swap places id running road running hill running building oh ohembed
3445,1985,Thompson Twins,Lay Your Hands On Me,lay hands lyricsthis old life long little point going think words vanished haze feeling cold tired yeah kinda sad uninspired face sense grace feel magic touch oh lay hands lay hands oh lay hands woo hoo oh lay hands oh lay hands oh lay hands forth sea chased dreams felt grace felt embrace tired cold yeah hunger soul face sense grace feel magic touch oh lay hands oh lay hands lay hands woo hoo oh lay hands oh lay hands oh lay hands oooh know feel good yeah thought know feel strong laughter goes cmon lay hands cause close wanna gets face sense grace feel magic touch oh lay hands lay hands oh lay hands woo hoo oh lay hands oh lay hands oh lay hands ooh lay hands oh lay hands oh lay hands oh lay hands woo hoo oh lay hands oh lay hands oh lay hands oh lay hands oh lay handsembed
3449,1985,Belouis Some,Imagination,imagination lit cigarette hands thought hungry lack choice saw try said understand way feel toniight blamed excesses merican dream seldom witnessed neverer seen hah hah hah hah hah imagination man imagination love imagination want youou lost virtue write lost night youou youll guide impossible schemes steal unstealable things blamed excesses merican dream seldom witnessed neverer seen hah hah hah hah hah imagination man imagination love imagination want youou blamed excesses merican dream seldom witnessed neverer seen hah hah hah hah hah imagination man imagination love imagination want youou imagination imagination imagination imagination imagination imagination imagination imagination imagination imagination imagination imaginationembed
3450,1985,Alison Moyet,Invisible,invisible lyricsyouve got confused theres words use afraid feel ive boiling mad live time wont spend dime oh know exist wouldnt missed nerve quit invisible feel invisible treat care know romance aint going invisible love treat invisible need flirt works care hurts reach phone rings rings know youre home naïve wanna believe hey baby tell lies alibis knowing promises youll merrygoround going going dead end street invisible love feel invisible treat care know romance aint going know lot wanna lose little got hanging knowing win cause hard start invisible feel invisible treat care know romance aint going invisible love treat invisible need flirt works care hurtsembed
3453,1985,Oingo Boingo,Weird Science,weird science heart hand people understand intentions weird ooo weird science plastic tubes pots pans bits pieces magic hand weird science ooo things ive seen bolted doors talent imagination weird science teacher said makin dreams come true living tissue warm flesh weird science ooo plastic tubes pots pans bits pieces bits pieces creation real creation ooo creation creation weird science weird ooo weird science ooo magic technology voodoo dolls chants electricity makin weird science fantasy microchips shootin hip different makin weird science ooo pictures magazine diagrams charts mending broken hearts makin weird science recipe bits pieces bits pieces creation real creation know hesitation heart gold flesh blood know know heart hand people understand intentions oooh weird science magic technology voodoo dolls chants weird science things ive seen bolted doors weird science teachers said bits pieces bits pieces creation real creation know hesitation heart gold flesh blood know creation creation ooo creation oooo creation creation heart hand people understand intentions oooo weird ooooo weird science ooo weird weird science weird science ooo ooh whoa whoa whoa bits pieces bits pieces bits pieces ooooh weird science shes alive bits pieces weird ooh whoa whoa whoa ooooh weird science science bits pieces bits pieces bits science weird weird science bits pieces creation real creation know ooo creation real flesh blood flesh blood flesh blood weird science weird science weird science weird science weird science weird science bits pieces ooo bits pieces bits pieces ooo bits pieces bits pieces ooo bits pieces bits pieces ooo bits pieces weird science bits pieces ooo bits pieces hes alive alive bits pieces ooo bits pieces hes alive alive bits pieces ooo bits pieces bits pieces ooo bits pieces weird bits pieces ooo bits pieces science ooo science bits pieces bits pieces bits pieces science bits science science6embed
3454,1985,REO Speedwagon,Live Every Moment,live moment lyricslive moment love day cause know precious time slips away live moment love day cause throw love away walked seven miles mornin footprints sand washed away warning water hit land walk til longer stand ill hand live moment love day cause know precious time slips away theres water wind tonight theres chill air coolin skin tonight soakin hair theres warmth tonight share live moment love day cause throw love away wish trip far away leave trouble heartache pain day search place til live moment love day oooh wish trip far away leave trouble heartache pain day search place til live moment love day cause know precious time slips away live moment love day cause throw love away throw love away throw love away got live moment got got got got got live momentembed
3456,1985,Klymaxx,I Miss You,miss thought heard voice yesterday turned loved realized mind playing tricks colder lately night try sleep lights time phone rings pray god believe miss miss theres way deny miss miss easy miss time change minds love feelings share refuse believe care miss miss theres way deny miss miss easy ive got gather senses ive worse kinds weather ill strong believe youre gone ive got carry miss miss oh way deny miss miss easy youre oh way easy youre drivin crazy easy youre youre miss miss drivin crazy want live miss miss easy missin meembed
3457,1985,Wham! Featuring George Michael,Careless Whisper,careless whisper time mend careless whispers good friend heart mind ignorance kind theres comfort truth pain youll shouldve known better yeah feel unsure hand lead dance floor music dies eyes calls mind silver screen sad goodbyes gonna dance guilty feet got rhythm easy pretend know youre fool shouldve known better cheat friend waste chance ive given gonna dance way danced time mend careless whispers good friend heart mind ignorance kind theres comfort truth pain youll related songscredit card babywhamlast christmaswhamauntie diarieskendrick lamar gonna dance guilty feet got rhythm easy pretend know youre fool shouldve known better cheat friend waste chance ive given gonna dance way danced love tonight music loud wish lose crowd maybe better way wed hurt things want good lived dance forever whos gonna dance stay gonna dance guilty feet got rhythm easy pretend know youre fool shouldve known better cheat friend waste chance ive given gonna dance way danced youre gone youre gone youre gone wrong wrong leave alone80embed
3458,1985,Atlantic Starr,Secret Lovers,secret lovers lyricshere taking crazy chance know cause mess happy homes hate think meeting cause soon looked face theyll know weve loving know leave trace sitting home day think hope youre okay hoping youll gets home ill wait anxiously phone wrong right wish didnt love sight yeah living lives aint easy gotta hang fall secret lovers yeah thats trying hard hide way feel belong let cause feel oh real real real fair cruel care tell whats minds maybe theyve secret loves time middle making love notice time nervous cause way 900 hate know time gotta careful know secret lovers yeah thats shouldnt let cause feel oh real real real real realembed
3460,1985,Five Star,All Fall Down,fall fall fall fall wake night feeling lonely knew loved sleep tears pillow didnt think wanted know youve changed world wondering falling youre special boy baby touch fall happy makes feel way taking highest love ive known fall dizzy think star brightest know lead home unsure afraid id discover want friend lover theres fear mind cause love keeps growing bigger picture jump joy sweet thing walk air people staring theyre looking mystery smile fall happy makes feel way taking highest love ive known fall dizzy think ill follow cause lead home youre making dance sing long ive touch ground know inhibitions fall fall happy makes feel way taking highest love ive known fall dizzy think star brightest know lead home fall happy makes feel way taking highest love ive known fall dizzy think ill follow cause lead home fall downembed
3461,1985,Sister Sledge,Frankie,frankie lyricshey frankie walking street day looked saw friend hey frankie remember looked blushed cause remembered loved way friends going left frankie remember frankie remember summer love loved look thrilled touch hey frankie remember frankie remember oh brought runnin youll know loved frankie remember remember frankie walked deli sat booth began looked big eyes said coulda twins hey frankie remember oh brought looked blushed frankie remember remember frankie frankie baby frankie remember frankie remember frankie embed
3464,1985,Mick Jagger,Just Another Night,night lyricsgive night night kiss dawn breaks cause homesick feel little blue hurting hurting baby lonely til saw station thought youd rendezvous baby true night night kiss dawn breaks cause hungry hungry loving baby thirsty thirsty loving baby oneday pass heaven hard onenight pass aint mind need sweet tenderness need soft caress know day coming away loving human youve seen face know stranger town ups downs human hungry thirsty moody need attention need love need love want love night night cause freezing hundreddollar hotel room leave cruelembed
3469,1985,Chaka Khan,Through the Fire,look eyes weve loved dangerously youre trusting heart tell youre gonna play smart start believe weve begun good theres saying want ready limit wall chance id gladly risk come chance loving id way right wire know youre afraid feel need time heal help youll let try touch knew ready kiss dream goodbye sweet theres saying need ready limit wall chance id gladly risk come chance loving id way right wire test time limit wall chance id gladly risk come chance loving id way right wire wire limit limit limit whatever4embed
3470,1985,Stevie Wonder,Part-Time Lover,parttime lover ring hang phone let know home want wrong parttime lover shes ill blink lights let know tonights night parttime lover undercover passion run chasing love sun strangers day lovers night knowing wrong feeling right friends meet pass speak know words discreet parttime lovers theres emergency male friend ask wont peek parttime lover undercover passion run chasing love sun strangers day lovers night knowing wrong feeling right dadadadadada dadadadada dadadadapadadada parttime lovers dehee dapadadadada dadadadadadada padadada papadapapapapadadada parttime lovers undercover passion run yeah chasing love sun strangers day lovers night knowing wrong feeling right ive got tell night rang doorbell parttime lover man called exchange didnt want leave guess play game parttime lovers parttime lovers parttime lovers scatting parttime lovers scatting parttime lovers scatting parttime lovers scatting parttime lovers scatting parttime lovers scatting parttime lovers9embed
3471,1985,Diana Ross,Eaten Alive,eaten alive lyricsanimal stalking night sucker got prey sight lying bed leaves modern times forget let spirit breathe capture blood red victim ritual skin shed ecstacy aint modern world flick tongue changes meaning world thats impossible thats impossible oh digest taste wanna eaten alive cause youre dangerous hearts trust wanna eaten alive eaten alive eaten alive wanna eaten alive got run quicker senses chance faster know universal law primeval times little stimulation itll come thats impossible impossible oh digest taste wanna eaten alive cause youre dangerous hearts trust wanna eaten alive eaten alive eaten alive wanna eaten alive wanna eaten alive cause youre dangerous hearts trust wanna eaten alive eaten alive tie tree crawl rip shirt drag dirt slave wanna eaten alive wanna eaten alive cos youre dangerous hearts trust wanna eaten alive cos youre dangerous hearts trust wanna eaten alive cos youre dangerous hearts trust wanna eaten alive eaten alive tie tree crawl rip shirt drag dirt slave wanna eaten alive2embed
3472,1985,Mr. Mister,Broken Wings,broken wings baby understand hold hands time fear clear need ohh broken wings learn fly learn live free hear voices sing book love open let broken wings baby think tonight wrong right baby know youre half flesh blood makes need broken wings learn fly learn live free hear voices sing book love open let broken wings youve got learn fly learn live love free hear voices sing book love open let yeah yeah let let baby know youre half flesh blood makes yeah yeah yeah yeah yeah broken wings learn fly learn live free hear voices sing book love open let broken wings got learn fly learn live love free hear voices sing book love open let yeah yeah yeah yeah ooh12embed
3473,1985,Patti LaBelle,Stir It Up,stir sit chase dreams polluted air walking wire running time theres room ol heart collectors waiting hall neighbors scream crack bedroom wall nerves jump pavement passion hits street angers cookin city heat worlds crazy wont stay locked door baby stir got break think tomorrow wait stir got shake beg borrow gonna anymore hungry minds stare eye spread lay biggest lies feel play hard time bombs tickin head pressure holdin pack clothes baby ill gone baby stir got break think tomorrow wait stir got shake beg borrow gonna anymore love trapped inside freedom flirting line room ol heart pressure holdin pack clothes baby ill gone baby stir got break think tomorrow wait stir got shake beg borrow gonna anymore got break think tomorrow wait stir got shake beg borrow gonna anymore1embed
3474,1985,Paul Young,Everything Must Change,change lyricseverything change argument wrong id seen ill hide foolishness carry id embarrassed cause happened theyd play corner ill realize theyre gone dream life reason change change world open season change change way disagree wouldnt know faith tell letting cause woke saw note press mirror frame easy angry deep inside know share blame dream life reason change change world open season change change going start somethings need know scarred wrong wont turn let know oh let know oh ooh let right cause right feel wrong late learn love need hand hold dream life reason change change world open season change change oh change ooh ooh ooh ooh dream life reason change world open season change change dream life reason change world open season change oh know dream life reason change oh yeah yeahembed
3476,1985,Dennis DeYoung,Desert Moon,desert moon lyricsis train desert moon said knew id heard strangers voice turned look eyes moved away standing rain trying hard speak love runs dry waiter poured memories tiny cups stumbled words longed hear talked dreams wed lost given whistle cut night shook silence lives train rolled dune summer nights young bragged things wed dreamers dreamers haste grow soon left innocence desert moon dreamers dreamers desert moon desert moon desert moon desert moon hear whisper summer night echoes corners heart night stood waited desert train words meant chances swept away remain road dune summer nights young bragged things wed dreamers dreamers moments pass time moves dreams remain long theres dreamers dreamers desert moon desert moon desert moon desert moonembed
3477,1985,Sade,Smooth Operator,smooth operator hes laughing girl playing heart placing high stakes making hearts ache hes loved seven languages jukebox life diamond nights ruby lights high sky heaven help falls diamond life lover boy moves space minimum waste maximum joy city lights business nights require streetcar desire higher heights place beginners sensitive hearts sentiment left chance place ending start need ask hes smooth operator smooth operator smooth operator smooth operator coasttocoast la chicago western maine north south key largo love sale facetoface classic case shadow box doublecross need chase license love insurance hold melts memories change gold eyes angels heart cold need ask hes smooth operator smooth operator smooth operator smooth operator coasttocoast la chicago western male north south key largo love sale smooth operator smooth operator smooth operator smooth operator smooth operator smooth operator smooth operator24embed
3479,1985,INXS,This Time,time lyricsi believe true girl know need word spoken ive seen turn walk away wont come game hoping yes praying chorus time time fight time time fight wanting things know wasting time hoping yes praying chorus know forget fought ive seen inside heart know breaking hoping yeah praying chorus time timeembed
3480,1985,New Edition,Mr. Telephone Man,mr telephone man mr telephone man theres wrong line dial babys number click time mr telephone man theres wrong line dial babys number click time dialed 611 repair service said hello help told wrong phone cause baby wouldnt hang mr telephone man theres wrong line dial babys number click time mr telephone man theres wrong line dial babys number click time let phone ring 20 times answered let tell happened minute later got operator saying hang place baby mr telephone man theres wrong line dial babys number click time mr telephone man somethings wrong line try dial number click time strange man telephone telephone keeps telling baby aint home shes home aint got party line oh oh situation blowing mind oh oh oh anymore operator dialed right number check line time pretty sure phone wouldnt answered man mr telephone man theres wrong line dial babys number click time mr telephone man somethings wrong line try dial number click time bad connection love affection situation blowing mind blowing mind baby line line tried dialing information mr telephone man cooperation mr telephone man phone telling baby aint home ah baby anymore help mr telephone man help mr telephone man10embed
3481,1985,Toto,Holyanna,holyanna hairs mess better dress feet ground fix eyes city guys wouldnt save drowned hang 42nd street homework bar saint helen says youre missin school wondrin holyanna 2x girl holyanna 2x girl youre blueeyed mystery read books looks slip dark steal love youre sorry penance park fooled mother skipped ballet paint face midnight morning knelt bed prayed shed know holyanna 2x girl holyanna 2x girl youre blueeyed mystery holyanna 2x girl holyanna 2x girl holyanna 2x girl girl youre blueeyed mystery1embed
3482,1985,Cyndi Lauper,Money Changes Everything,money changes said sorry baby leaving tonight new hes waiting car outside aw honey swore everlasting love said yeah know thing werent thinking thats money money changes said money money changes think know mean thing past money changes shake hand smile buy drink friends stick til end ah everybodys looking trust ill tell elses money money changes said money money changes think know youre pull strings past money changes yeah yeah yeah money money changes said money money changes think know know thing past money changes hey yeah yeah money yes money changes yeah money money yes money changes yeah yeah3embed
3485,1985,Commodores,Nightshift,nightshift marvin friend sing song heart line marvin sang joy pain opened minds hear aw talk whats going sing songs forevermore gonna sweet sounds coming nightshift bet youre singing proud bet youll pull crowd gonna long night gonna right nightshift home know youre nightshift home know youre nightshift jackie hey whatyou yesterday working jackie set world came gifted love lifted higher higher sing songs forevermore gonna sweet sounds coming nightshift bet youre singing proud bet youll pull crowd gonna long night gonna right nightshift home know youre nightshift gonna sweet sounds coming nightshift bet youre singing proud bet youll pull crowd gonna long night gonna right nightshift home know youre nightshift gonna miss sweet voice soulful noise nightshift remember songs coming end long day gonna okay nightshift home know youre nightshift4embed
3486,1985,John Waite,Tears,tears lyricsyou left guess ill light turned anothers thumb makes wrongs right different wavelength brings sweetheart tonight know sure ill tears damage youre breaking heart tears ill new start girls ive knees youre bring tears master beat youve got number hands killer streets youve got actions planned heart place cause sweetheart tonight know sure ill tears damage youre breaking heart tears ill new start girls ive knees youre bring tears oh yeah oh yeah looking youre looking wont let wont set free tears damage youre breaking heart tears tonight river gonna tonight gonna river river tonight gonna tonight gonna river ill tonightembed
3487,1985,Wham!,Wake Me Up Before You Go-Go,wake gogo jitterbug jitterbug jitterbug jitterbug boom boom heart send soul sky high lovin starts jitterbug brain yeah yeah goes bangbangbang til feet somethings buggin aint right best friend told night left sleepin bed dreamin shouldve instead wake gogo leave hanging yoyo wake gogo wanna miss hit high wake gogo cause plannin going solo wake gogo dancing tonight wanna hit high yeah yeah grey skies way sun shine brighter doris day turned bright spark flame yeah yeah beats minute cause youre lady fool makes crazy act cruel come baby lets fight dancing right wake gogo leave hanging yoyo wake gogo wanna miss hit high wake gogo cause plannin going solo wake gogo dancing tonight wanna hit high yeah yeah yeah baby jitterbug jitterbug cuddle baby tight dancing tomorrow night cold warm bed dance stay home instead jitterbug wake gogo leave hanging yoyo wake gogo wanna miss hit high wake gogo cause plannin going solo wake gogo dancing tonight wake gogo dare leave hanging yoyoyoyoyo leave hanging yoyo wake gogo dancing wanna miss hit high boomboomboomboom oh wake gogo cause plannin going solo boomboomboomboom yeah yeah yeah wake gogo dancing tonight yeah yeah19embed
3488,1985,Phil Collins,Sussudio,sussudio theres girl thats mind time sussussudio oh oh know think likes sussussudio oh oh ah called id id come running shes need life feel good word sussussudio word oh sussussudio know young life begun sussussudio oh oh ooh chance sign ill anytime sussussussudio oh oh ah ive got ive got closer know makes nervous makes scared feel good word sussussudio word oh ssussussudio oh ah shes need life feel good word sussussudio word oh ssussussudio word oh sussussudio ill word oh ssussussudio oh oh oh word ooh justjustjust word ooh word ssussussudio sussussudio sussussussudio sussussudio sussudio sussussudio word sussussudio word oh word ooh justjustjust word10embed
3489,1985,Jermaine Jackson,(Closest Thing To) Perfect,closest thing perfect lyricswhoa oh whoa oh whoa oh whoa oh shes closest thing perfect ive seen ooh shes ideal lady shes welldefined ooh shes drivin crazy shes got long legs streamlined look anatomy sweetest thing heaven knows heaven knows shes closest thing perfect ive seen believe feeling ooh ive lost control girl know youre doin got burnin inside explain explain kind chemistry heaven knows meant shes closest thing perfect ive seen whoa oh whoa oh whoa oh shes closest thing perfect ive seen oh listen precious mind ive gotta time ooh youre ideal lady youve got heart mind girl youre drivin crazy shes got long legs streamlined look anatomy sweetest thing heaven knows shes closest thing perfect ive seen explain explain kind chemistry heaven knows meant shes closest thing perfect ive seen whoa oh whoa oh whoa oh shes closest thing perfect ive seenembed
3491,1985,Dazz Band,Let It All Blow,let blow lyricslet let let let blow heaveho heaveho let blow heaveho heaveho let blow blow let blow oh heaveho heaveho let blow heaveho heaveho let blow blow let let let let blow let blow blow let let let let let blow oh boy heaveho heaveho let blow heaveho heaveho let let let let let blow let blow blow let blow let let let let let blow oh let let let blowembed
3492,1985,Night Ranger,Goodbye,goodbye lyricsas sun hides head nights rest wind sings old song edge close far needed friend hard living life memorygoround spinning round round round dream good goodbye time far mind beach 4th july remember sand held hand touched lifetime hard leaving schoolboy lost dream good goodbye hard living life memorygoround turning round round round dream good goodbye dream good goodbye goodbyeembed
3493,1985,Don Henley,All She Wants to Do Is Dance,wants dance lyricstheyre pickin prisoners putting em pen wants dance dance rebels rebels know wants dance molotov cocktail local drink wants dance dance mix em right kitchen sink wants dance crazy people walkin round blood eyes wants dance dance dance wildeyed pistolwavers aint afraid die wants wants dance romance feel heat comin street wants party wants wants wants dance government bugged mens room local disco lounge wants dance dance boys sellin weapons scrounge wants dance boys makin buck wants dance dance sell army drugs wants wants dance romance barely airport plane taxied runway hear people shout said come yankee ill bring money cause wants dance romance mind heat comin street wants party wants wants wants dance romance wants dance2embed
3494,1985,John Mellencamp,Small Town,small town lyricswell born small town live small town probably die small town oh small communities friends small town parents live small town job small town provides little opportunity educated small town taught fear jesus small town daydream small town boring romantic thats ive seen small town ball small town married la doll brought small town shes small town forget come forget people love yeah small town people let want got big town hayseed look whos big town bed small town oh thats good born small town breathe small town gonna die small town oh thats probably theyll bury me3embed
3497,1985,Slade,Little Sheila,little sheila lyricsthe boys getting rowdy skies getting cloudy standing rain feet getting wetter feeling better brain theres urban jungle heat rebel street gotta watch meet cos shes little sheila shes right shes little sheila sheilas right yeah hear thunder concrete avenue pointed toe stiletoes ringing ghettoes girls loose theres commotion street emotion heat gotta watch meet cos shes little sheila shes right shes little sheila sheilas right yeah boys getting meaner aint getting cleaner standin rain getting soaking wet drop cigarette floating drain theres urban jungle heat rebel street gotta watch meet theres urban jungle heat rebel street gotta watch meetembed
3498,1985,Boy Meets Girl,Oh Girl,oh girl lyricsoh hold hand diamond left held tight hold hand love let fall right fell love cost painful night time afraid lost fight girl strange lifes rearranged want goodbye oh oh girl strange feelings change real pretend oh girl need want understand oh girl need want understand oh girl need want understand heart walk away thing learned love stay oh love lethal weapon use wrong carry affection true belong girl strange lifes rearranged want goodbye oh girl need want understand oh girl need want understand oh girl need want understand oh girl need want understand oh girl need want understand oh held hand diamond left held tight oh held hand love fell right closing remind callous heart love step youll wait youre smartembed
3500,1985,Mary Jane Girls,In My House,house boy believe girl life ill sugar morning sweet stuff need night best believe comes making love ill satisfy need fantasy think need little peace mind come boy anytime ill happy satisfied house house need love tenderness baby miss heres key unlock door house house wooooh house woooohoohoohooh house woooohoohoohoohooh oohoohooh oohoohoohoohooh boy anytime day night phone need care feel sad blue come anytime ill kiss away tears fears leave need little peace mind come boy anytime ill happy satisfied house house need love tenderness baby miss heres key unlock door house house wooooh house woooohoohoohooh house woooohoohoohoohooh oohoohooh oohoohoohoohooh wooooh house woooohoohoohooh house woooohoohoohoohooh oohoohooh oohoohoohoohooh wooooh house woooohoohoohooh house woooohoohoohoohooh oohoohooh oohoohoohoohooh wooooh house woooohoohoohooh house woooohoohoohoohooh oohoohooh oohoohoohoohooh1embed
3501,1985,Phil Collins,One More Night,night night night night ooh ooh ooh ive trying ooh long let know let know feel stumble fall help night night night cause wait forever ooh ooh ooh night uh night oh night cause wait forever ooh ooh ooh ive sitting long wasting time staring phone wondering thought maybe youre night night oh night cause wait forever ooh ooh ooh night ooh night oh night cause wait forever ooh ooh ooh night night ooh night cause wait forever ooh ooh ooh river sea sail away follow night night oh night cause wait forever ooh ooh ooh know therell time youll feel know words change mind know ill maybe learn night night ooh night cause wait forever ooh ooh ooh night night ooh night cause wait forever ooh ooh ooh 7embed
3502,1985,a-ha,Take On Me,talking away know ill todays day shying away ill coming love okay ill gone day needless odds ends ill stumbling away slowly learning life okay better safe sorry ill gone day things yeah life play worries away youre things ive got remember youre shying away ill coming ill gone day ill gone day94embed
3503,1985,Laura Branigan,Ti Amo,ti amo lyricsti amo god love heart wont let day day holding youre gone ti amo wasnt good want thought loved believe turn leave easily pulled world look youve end way love god wish stayed want ti amo clue losing let know letting oh guess eyes guess sighs guess lies blind face end ti amo thought wed thought strong pulled world look youve end way love god wish stayed want ti amo god love heart wont let day day holding youre gone guess eyes guess sighs guess lies blind face end ti amo thought wed thought strong pulled world look youve end way love god wish stayed want ti amo wasnt good want thought loved believe turn leave easily pulled world look youve ti amo god love heart wont let day day holding youre goneembed
3504,1985,Tears For Fears,Head Over Heels,head heels wanted talk weather traditions trace child face wont escape attention distance touch gentle persuasion lost admiration need oh youre wasting time youre wasting time happens head heels till head heels happens head heels ah heart break heart throw away throw away throw away watching burn yeah thought future foot past long ambition mm whats matter mother brothers breathing clean air changes youre acting age dreaming doctor gets feel baby hard man theres gun hand changes youre acting age oh feel happens head heels till head heels happens head heels ah heart break heart throw away leaf clover line open mind leaf clover la lala la la la lala la la la la lala lala la lala la la la lala la la la la lala lala la lala la la la lala la la la la lala lala la lala la la la lala la la la la lala lala la lala la la la lala la la minds eye la la lala lala little boy little man la lala la la la lala la la funny time flies2embed
3505,1985,Madonna,Angel,angel standing cloud time youre sadness disappears time near angel eyes wonder surprise realize ooh youre angel ooh youre angel ooh youre angel disguise eyes walking crowded avenue faces hear traffic rushing pounding heart thats angel eyes wonder surprise realize ooh youre angel ooh youre angel ooh youre angel disguise eyes ooh youre angel ooh youre angel ooh youre angel disguise eyes youre angel youre angel baby youre angel angel believe dreams come true cause came wished coincidence way makes sense ooh youre angel ooh youre angel ooh youre angel disguise eyes ooh youre angel ooh youre angel ooh youre angel disguise eyes youre angel youre angel baby youre angel angel baby clouds disappear1embed
3506,1985,Chaka Khan,I Feel For You,feel lyricsmelle mel chaka chaka chaka chaka khan chaka khan chaka khan chaka khan chaka khan let rock let rock chaka khan let rock thats wanna chaka khan let rock let rock chaka khan let rock let feel chaka khan let tell wanna feel way feel chaka khan let tell wanna wanna love wanna hug wanna squeeze let arms let charms chaka cause know warm chaka ill physical dream wanna rock chaka baby cause wanna scream let rock rock baby baby look warm feeling inside theres things keeps satisfied wouldnt lie baby mainly physical thing feeling got baby makes wanna sing chorus feel think love feel think love melle mel chaka khan let rock let rock chaka khan let rock thats wanna chaka khan let rock let rock chaka khan let rock let feel feel baby baby lay theres place id believe believe true things wouldnt lie baby physically attracted feeling got baby theres wouldnt chorus feel think love feel think love yes sir time yeah feel think love feel think love melle mel chaka chaka chaka chaka khan chaka khan chaka khan chaka khan chaka khan let rock let rock chaka khan let rock thats wanna chaka khan let rock let rock chaka khan let rock let feel chaka khan let tell wanna feel way feel chaka khan let tell wanna wanna love wanna hug wanna squeeze let arms let charms chaka cause know warm chaka ill physical dream wanna rock chaka baby cause wanna scream let rock rock feel oooh feel feel oooh feel feel oooh feel chorus feel think love feel think love feel think love feel think love feel think love feel think love you4embed
3507,1985,Freddie Jackson,Rock Me Tonight,rock tonight lyricsohhoah come rock ooh girl ohoohohoohoohoh come rock ooh girl hey girl long time little time spend wanna know whats going life huh talk baby hair perfume wear brings memories oh look fine blow mind oohoohoohoohoohooh happened life parted ive got know want right know rock tonight old times sake baby hey roll tonight old times sake oohoohoohohoh ooh girl gonna love real good come let know miss way squeeze moan woowoowooyou baby remember love time mood oohoohoohyes baby remember love time mood oohoohoohyes yeah youre mood shake groove ohohohohohyes girl long weve night miss lovin girl desire burn forever rock tonight old times sake baby hey roll tonight old times sake woowoowould rock tonight old times sake sweet baby yeah roll tonight old times sake oh girl come rock happened life parted oh ive got know want right girl rock tonight old times sake sake wont baby hey roll roll tonight old times sake feels good feels right rock tonight old times sake sweet baby yeah come roll tonight old times sake oh girl come rock come roll baby come rock roll wanna feel want things come lets right wanna feel rock lot lovin way girl remember wanna rock roll baby come hey gonna rock roll hold squeeze ya sweet thing yeahembed
3508,1985,Jules Shear,Steady,steady friends phone cause steady ooh steady talk unhappy homes cause steady ooh steady let got troubles push pull fall apart gonna die broken heart want stop start cause steady ooh steady day day unsure steady ooh steady watch people crash soar steady ooh steady try hard change stay push pull fall apart gonna die broken heart want stop start cause steady ooh steady ooh yeah faced forth need ups downs push pull fall apart gonna die broken heart want stop start cause steady ooh steady oohoohoohoohooh steadyembed
3512,1985,ZZ Top,Sleeping Bag,sleeping bag cold outside want sleep pallet thats nice zip ground spread lay slip inside sleeping bag slip inside sleeping bag youre afraid dark baby need shy talk loving look sky hesitating itll alright tuck clean sight slip inside sleeping bag slip inside sleeping bag lets egypt plan sleep pharaohs shifting sand look pyramids check heads oh whip mattress cause aint beds slip inside sleeping bag slip inside sleeping bagembed
3513,1985,Triumph,Follow Your Heart,follow heart people look happiness state mind rock roll lives breathes hearts young carry youre runnin borrowed time tryin hard survive runnin time comin dreams alive follow heart got follow heart living day forget tomorrow follow heart got follow heart way lead sorrow wait longer follow heart plays keeps try lose live fast live life choose rock roll lives breathes hearts young let ride time roll dice luck finally arrive runnin time comin dreams alive follow heart got follow heart living day forget tomorrow follow heart got follow heart way lead sorrow yes know got let oh listen rhythm heart wont lie rock roll hearts die die follow heart got follow heart living today forget tomorrow follow heart got follow heart way lead sorrow follow heart heart rock roll follow heart gonna die die gonna die follow heart got follow heart way way survive follow heart got follow heart way survive follow heart got follow heart follow heart got follow heartembed
3514,1985,Kenny Rogers & Dolly Parton,The Greatest Gift Of All,greatest gift lyricsdawn slowly breaking friends gone home waiting santa clause come theres present tree stockings wall knowing youre love greatest gift slowly fading chill air gifts waiting children throught window snow begin fall knowing youre love greatest gift sleep hear church bell ring merry christmas song sings silent prayer creatures great small peace earth good men greatest gift peace earth good men greatest gift allembed
3518,1985,Diana Ross,Missing You,missing lyricssince youve away ive lonely youve away ive thinking trying understand reason left going oooh oooh oooh oooh oooh oooh missing tell road turns oooh oooh oooh oooh oooh oooh missing tell road turns oh oh oh oh oh look things remind smile heart filled joy recall dreams shared run boy oooh oooh oooh oooh oooh oooh missing tell road turns tell road turns oooh oooh oooh oooh oooh oooh missing tell road turns wondered didnt understand trying knew plan tried wouldnt let youve gone away boy feel brokenhearted oh knew day started meant youd let ive cried tears oh gotta face fears oh oh let time slip away need boy gave heart soul dreams told hope brighter day flower plucked away oooh oooh missing tell road turns tell road turns oooh oooh oooh oooh missing tell road turns tell road turns tell tell oooh oooh missing tell road turns tell road turns oh understand oooh oooh missing oh oh oh oh oh oh oh tell road turns oooh oooh missing tell road turns tell road turns4embed
3519,1985,Hooters,And We Danced,danced hey hey bebop baby hard days night hangin johnny holdin tight feel coming mile away use talking band began play play danced wave ocean romanced liars love danced swept away moment chance danced danced danced met bebop baby union hall dance night shake paint wall saw smile crowded room knew wed leave party soon band began play tune danced wave ocean romanced liars love danced swept away moment chance danced danced danced yeah danced endless beat shes walkin way hear music fade says getting close dare closer room spinning whispers danced wave ocean romanced liars love danced swept away moment chance danced danced danced wave ocean romanced liars love danced swept away moment chance danced danced danced danced danced danced danced danced danced danced danced danced come man danced danced danced danced danced danced danced danced dancedembed
3520,1985,Maurice White,Stand By Me,stand lyricswhen night come land dark moon light wont afraid wont afraid long stand stand oh stand oh stand stand sea look tumble fall mountains crumble sea know wont wont oh wont shed tear long stand stand darling darling stand stand light shines life reach hands lets believing reason reason smile sky mountains tumble sea ill long stand world come live harmony feel love long stand moon feeds ocean let life baby wont stand sky mountains tumble sea oh baby wont stand world come live harmony baby wont stand meembed
3524,1985,Rick Dees,Eat My Shorts,eat shorts lyricsi look stomach turns hate guts turn whisper youre stupid klutz baby baby memory starts linger reach ooh finger finger finger finger ooh eat shorts eat shorts yes choke polished cotton eat shorts eat shorts rotten baby baby ooh baby ill court eat shorts eat shorts run spit bread declared sex life legally dead baby baby saying single word hand air bird bird eat shorts eat shorts yes choke polished cotton eat shorts eat shorts havе rotten baby oh baby ill court eat shorts eat shorts mmm eat shorts eat shorts yes choke polishеd cotton eat shorts eat shorts rotten baby baby ooh baby court mmm eat shorts eat shorts ooh got got eat shorts eat shorts ooh choke choke eat shorts eat shorts choke polished cotton eat shorts eat shortsembed
3525,1985,Hooters,Day By Day,day day lyricsgive tonight time play tell live tell day day day lasts forever fades away day day tonight tomorrow appreciation day day day chance gotta takes price gotta pay day day break remind yesterday break ill day dayembed
3526,1985,Rod Stewart,All Right Now,right stood street smiling head feet said hey maybe baby maybe youre need kiss said hey whats maybe things wait hesitate lets raise parking rate took home place watching face said look whats game trying shame said slow talk fast think love said love lord youre trying trick love right baby right right baby right whos girl watch girl look girl lives street whos girl wwwwatch girl look girl lives street took home place watching face said look whats game trying shame said slow talk fast think love said love lord youre trying trick love right baby right baby baby baby right baby baby baby right took home place watched smile face moves watch girl watch girl said love tryin trick love whats baby thats good tryin trick love oh baby right right babyembed
3527,1985,James Taylor,Everyday,everyday lyricseveryday agetting closer going faster roller coaster love surely come way yeah everyday little faster friends ask love surely come way oh everyday little stronger everyday lasts little longer come long true love long baby said everyday little closer going faster roller coaster love surely come way yes love surely come way everyday everyday yeah everyday day yeah everyday little stronger know lasts little longer come long true love long baby said everyday little closer going faster roller coaster love surely come way come way oh everyday said everyday baby everyday everyday everyday everyday everyday everyday everyday everyday everyday everydayembed
3529,1985,Vitamin Z,Burning Flame,burning flame lyricswalking tonight street lights arm arm guy look wave hellohow friendly look cars passing understand love making pleasant gestures reason far girl laugh promises went time hurt lights went memories start fade trip annoyed foolish games teased love left naked burning flame burning flame burning flame trip annoyed foolish games teased love left naked burning flame burning flame burning flame felt earth fall apart crumble dreams fell angel mercy devil youre skin know darn walking tonight street lights arm arm guy look wave hellohow friendly look cars passing trip annoyed foolish games teased love left naked burning flame burning flame burning flame trip annoyed foolish games teased love left naked burning flame burning flame burning flameembed
3531,1985,John Waite,Welcome To Paradise,welcome paradise sour milk saucer cat wont come home new york city feels burnin rome lost crazy time id heart sold welcome paradise brave new world paradise waiting certain girl dead flowers darkness red rose wrapped lace icecold vodka tears stainin face hearts growin colder things seen wont come wake dream welcome paradise brave new world paradise waiting special girl paradise waitin new brave new world waitin new hear church bells ringing white rice hits blue skies blind lead blind look paradise oh yeah paradise welcome paradise brave new world paradise waiting special girl looking paradise eyes far away paradise theres price wont pay paradise looking paradise tonight paradise wont paradise ill alright paradise paradise comes sight paradise paradise right paradise looking paradise tonight paradise wont paradise ill alright paradiseembed
3533,1985,Dan Fogelberg,Go Down Easy,easy lyricslinda lost lover early autumn moved country hoping forgotten time saw makin sure winter wouldnt come old door frame door inches ground cold hard ground hard easy hard cryin hard lose lover early autumn learned cook meals learned start learned jewelry stones precious metals sits table friends tries real hard hard easy hard cryin hard lose lover early autumn winter wind blows cold fair gentle soul feels time apassin easy friends lovers theyll thinks night time lays hard easy hard cryin hard lose lover early autumn hard easy hard cryin hard lose lover early autumnembed
3535,1985,New Edition,Cool It Now,cool everybodys saying silly things knowing life brings change theyve checking signs friends love sick cause thinking arms got love wont friends telling cool got cool ooooooh watch youre gonna lose control cool got slow slow youre gonna fall love day walk home school tells feels theres doubt mind girl kind cause thinking arms understand youre kind wont feel friends telling cool got cool ooooooh watch youre gonna lose control cool better slow slow youre gonna fall love cool got cool ooooooh watch youre gonna lose control cool got slow slow youre gonna fall love thinking arms got love ill friends telling got girl takes time slow pace mess mind feels shell let ya know prepare ready hope message stays mind cause lost girl right time theres thing got know cool stay control cool got cool ooooooh watch youre gonna lose control cool better slow slow youre gonna fall love thinking arms understand youre kind ill oh listen let tell coming trying tell life supposed know youre trying help trying life time gonna fellas leave ronnie bobby ricky mike love girl cares cool ooooooh watch cool slow cool ooooooh watch cool slow cool got cool ooooooh watch cause youre gonna lose control cool got slow slow youre gonna fall love cool slow youre gonna lose control cool got slow slow cause youre gonna fall love cool slow cause youre gonna lose control cool got slow slow cool ooooooh watch cool slow down5embed
3536,1985,Animotion,Let Him Go,let lyricsyoure holding tight room youre gonna lose hes feeling hes tied knot time comes home late hes spot trust kind man wants arent gonna long degree let let things hes got freedom needs worries let let faith hell true way sure hell come want life work forget love need understand desire near poison love mix fear trust woman want room grow youll live harmony let let things hes got freedom needs worries let let faith hell true way sure hell come let let things hes got freedom needs worries let let faith hell true way sure hell come let let ooh let ooh let goembed
3537,1985,Shalamar,Amnesia,amnesia dream imagining chance romance reality hear chance love chance play game oh play game night long tried remember said baby touch touch little girl come unglued lose trace time slip mind got right solution right solution got way end confusion mind oh mind brand new feeling strange sensation lose head baby amnesia remember said lose head understand things oh amnesia way sweet love oh price pay ecstasy girl know youre love blind love lose mind lose mind matter sweet darling know love shine night long ill lay holding closer holding tighter loving touchin squeezin baby brand new feeling strange sensation kiss makes lose head oh lost baby amnesia remember said lose head understand things oh amnesia way sweet love oh price pay ecstasy know youre amnesia remember said lose head understand things oh amnesia way sweet love oh price pay ecstasy girl know youre oh amnesiaembed
3540,1985,Bon Jovi,Only Lonely,lonely long sleepless night need hold tight love know wrong right long senseless fight knew theyre theres left blame whats masquerade win losing games play words cutting wounds know run deep leave someday love lonely stop hurting lonely stop loving lonely pain getting know stop afraid let stolen kiss place wipes smile right face feelings start let let games play words cutting wounds run deep leave someday love lonely stop hurting lonely stop loving lonely tell babe pain heart breaks got time bomb ticking head time think shes gonna blow away let games play words cutting wounds run leave someday love lonely stop hurting lonely stop loving lonely tell babe pain heart breaksembed
3541,1985,Melissa Manchester,Mathematics,mathematics lyricsyou ask sure love endure right ill know pen hand set equation understand time line youll mean plus mathematics dividing numbers add minus theres solution simple mathematics sum times ecstatic right amounts thats counts mathematics mathematics oh mathematics night night staying late working slide rule trying calculate good youve whats come tears talk fights fun theyre parts puzzle adding hand heart youre let mean plus mathematics dividing numbers add minus theres solution simple mathematics sum times ecstatic right amounts thats counts mathematics mathematics oh mathematics life happened right place right time little words change mind better mathematics simple mathematics sum times ecstatic right amounts thats counts mathematics oh mathematics plus mathematics dividing numbers add minus theres solution simple mathematics sum times ecstatic right amounts thats counts mathematics mathematics dividing numbers add minus theres solution simple mathematics sum times ecstatic right amounts thats countsembed
