,Year,Artist,song_name,further_clean_text
3542,1986,Thompson Twins,Lay Your Hands On Me,lay hands lyricsthis old life long little point going think words vanished haze feeling cold tired yeah kinda sad uninspired face sense grace feel magic touch oh lay hands lay hands oh lay hands woo hoo oh lay hands oh lay hands oh lay hands forth sea chased dreams felt grace felt embrace tired cold yeah hunger soul face sense grace feel magic touch oh lay hands oh lay hands lay hands woo hoo oh lay hands oh lay hands oh lay hands oooh know feel good yeah thought know feel strong laughter goes cmon lay hands cause close wanna gets face sense grace feel magic touch oh lay hands lay hands oh lay hands woo hoo oh lay hands oh lay hands oh lay hands ooh lay hands oh lay hands oh lay hands oh lay hands woo hoo oh lay hands oh lay hands oh lay hands oh lay hands oh lay handsembed
3545,1986,Debbie Harry,French Kissin,french kissin loves touch comes mean embrasser cest francais embrasser cest francais loves way sabandonner embrasser cest francais embrasser cest francais slip velvet glove parted lips filled love embrasser cest francais embrasser cest francais french kissin usa french kissin usa hey french kissin french kissin usa french kissin usa lips motion ocean ocean woah paris calling falling falling oooh oh oh lips close blossom rose embrasser cest francais embrasser cest francais lips wide holding inside embrasser cest francais embrasser cest francais kisses hard kisses deep kiss wake sleep embrasser cest francais embrasser cest francais lover hand speak tongues understand french kissin usa french kissin usa hey french kissin french kissin usa french kissin usa lips motion ocean ocean woah paris calling falling falling oooh oh oh french kissin usa french kissin usa hey french kissin french kissin usa french kissin usaembed
3548,1986,Aretha Franklin,Jimmy Lee,jimmy lee time shake memory knew sweetest love supposed curse oh baby ive got blame calling calling oh fine jimmy lee oh fine jimmy jimmy lee jimmy lee jimmy jimmy lee jimmy lee rushing school morning care acting crazy laughing running cause knew youd meet got stealing kisses hall bell smelled fine wed met guess knew number heart line maybe knew stuff maybe werent maybe hed seen stole heart ran bandit understand jimmy lee ones ill remember history biology magical december ooh boy jimmy lee song finds wont explain left yeah jimmy lee jimmy average twice week think avenue laughs shakes head way guess got loose screw grew share adventure ive fun oh ive fun need question intentions cause guy rerun maybe knew stuff maybe werent maybe hed seen stole heart ran bandit understand hey hey jimmy lee ones ill remember history biology magical oh december jimmy lee song finds yeah yeah yeah wont explain left oh jimmy lee ones shadeedeedeedee oh oh oh oh oh hey jimmy hey jimmyembed
3549,1986,Bruce Springsteen,My Hometown,hometown years old running dime hand bus stop pick paper old man id sit lap big old buick steer drove town hed tousle hair son good look hometown hometown hometown hometown 65 tension running high high school lot fights tween black white cars light saturday night seat gun words passed shotgun blast troubled times come hometown hometown hometown hometown main streets whitewashed windows vacant stores aint wants come theyre closing textile railroad tracks foreman says jobs going boys aint coming hometown hometown hometown hometown night kate laid bed talking getting packing bags maybe heading south thirtyfive got boy night sat wheel said son good look hometown3embed
3550,1986,Isle Of Man,Am I Forgiven,forgiven lyricsyou wear mask burnin gold heart wild touch cold ask enemy sides soul unfaithful hour vision mind forgiven let forgiven let forgiven wear love push away pull ask faith way reason reason away sides soul unfaithful hour vision mind forgiven let forgiven forgiven let forgiven let forgiven yeah yeah times feel youre yeah forgiven let forgiven way let forgiven compassion said way let forgiven promised land forgiven let forgiven forgiven let forgiven forgivenembed
3552,1986,Paul McCartney,Stranglehold,stranglehold minute time slip answer little mime good dancer id happy bit id happy share beauty id happy lay low inevitably bound duty wait wait wait wait bar wait wait wait car ill waiting stranglehold know youve got want ya stranglehold youve got want want know ya want know ya willing wager little life willing gamble ready walk edge knife think skip preamble wait wait wait wait wait bar wait wait wait car ill waiting ill waiting stranglehold know youve got want ya stranglehold youve got want want know ya want know ya wait wait bar wait wait wait car ill waiting you1embed
3553,1986,a-ha,The Sun Always Shines on T.V.,sun shines tv touch believe sun shines tv hold close heart touch love reached inside ease pressure everworrying mind oh power wasted away fear crazed lonely looks mirrors sending days oh touch believe sun shines tv hold close heart touch love ask defend shameful lowlands way drifting gloomily time oh touch reached inside today love thinking theres got way troubles distant touch believe sun shines tv hold close heart touch love hold close heart touch love me8embed
3555,1986,Joni Mitchell,Good Friends,good friends come maybe twice year think suit better right downtown atmosphere dance halls galleries betting otb synchronized magic good friends sun goes jersey rises little italy talk till block gets swapping stories sitting night zoo watching run movie synchronized magic good friends hearts gold nerves steel blame feel cloak dagger walk eggshells analyze particle difference gets mountains eyes youre unscrupulous youre naïve synchronized magic good friends hearts gold nerves steel blame feel change comes broadside accident chaos order random things prevent trouble corner beauty street synchronized magic good friends hearts gold nerves steel blame feel nerves steel hearts gold blame control good friends good friends meembed
3557,1986,Corey Hart,I Am By Your Side,lyricsi strength youre lost inside count hide shelter coldest night run oh world knocked trapped fears reach high ground oh disappear turn darkest corner ill day calling truth confide count hide oh cause disappear turn darkest corner ill day calling suddenly realize run true know oh oh said oh count count said sideembed
3559,1986,Level 42,Hot Water,hot water tell hard try best little thing wrong feel brain driving insane round round old tune daddys phone know youre turn clean room sons daughters fall hot water sons daughters oughta tell tell music key set free beat street jumping forgetting things said bout comes chugging train round round impeccable groove know getting late wont hesitate slow got sons daughters hot water wasting time crime eyes young time decide need confirmation boyhood extrapolation sure direction groove protection comes chugging train round round impeccable groove know getting late wont hesitate slow got sons daughters fall hot water fall way sons daughters oughta sons daughters fall hot water fall way sons daughters oughta sons daughters fall hot water fall wayembed
3572,1986,Cameo,Word Up,word oh yo pretty ladies world got weird thing tell boys girls tell yo brother yo sister yo momma cause throw youll know wave hands air care glide people start look stare dance dance dance quick mama come baby tell whats word oh word everybody hear youve got underway word code word matter youll know youll heard sucker djs think youre fly theres got reason know reason try airs act real cool youve got realize youre acting fools music use need dance time psychological romance romance romance romance mama come baby tell whats word oh word everybody hear youve got underway dial l low come people word word up7embed
3573,1986,Boston,Amanda,amanda babe tomorrows far away theres think hide feelin inside day knowin love getting close want end tell tonight turn light walk away knowing love going surprise realize amanda going tell right away wait day amanda going man understand amanda love feel todays day lookin words wanna free ready feel way wanna lose soon know feeling takes long grow tell today turn away let want lose going surprise realize amanda going tell right away wait day amanda going man understand amanda love feel todays day lookin words wanna free ready feel way wanna lose soon know feeling takes long grow tell today turn away let want lose know wait swear swear lie girl tomorrow late girl share life tomorrow late feeling way wanna wait life love you2embed
3574,1986,Bob Seger,American Storm,american storm headin uncharted path soon turn happens time time reach end someones street tonight things wrong hell guarantee right price right time look youre fallin fallin beaten wind time turn hes force gale american storm youre buried far beneath mountain cold warm wall mirrors charge em speed cover upyou hear shattering glass bleed feel need everybody casts certain light special gift theirs use wrong right face night choose easy way risks figure games play em pay suddenly pressures fallin fallin skies turned grey suddenly storm heading straight way force gale atop mountain cold tell story gets old face wall mirrors charge em speed cover upyou hear shattering glass bleed face force gale american storm youre buried beneath mountain cold warmno warm face wall mirrors charge em speed cover upyou hear shattering glass bleed feel need feel need feel need feel need feel need oh force gale american storm american stormembed
3575,1986,The Human League,I Need Your Loving,need loving need loving need kissing baby need loving need kissing baby moonlit sky casts shadows romance air strong somethings telling need love need loving need kissing baby thats fact need loving need kissing baby looking glass reflects moon loves missing room baby need love need loving need kissing baby thats fact need loving need kissing baby need loving need kissing baby thats fact need loving need kissing baby oh need love need tonight oh need love oh need love hug squeeze tight oh need love oh need love need tonight oh need love oh need love hug squeeze tight oh need love baby come home need love need loving need kissing baby thats fact need loving need kissing baby need loving need love need kissing baby need loving need love need kissing baby thats fact thats baby need loving need love need kissing baby know ive missing need loving need love need kissing babyembed
3576,1986,George Michael,A Different Corner,different corner id love magical thing id love pain promise life lose cut knife dare dare cause ive come close years stop tears scared scared time maybe forget turn different corner met care understand breeze little little youve brought knees care ive come close years stop tears scared love fear lonely confused swear2embed
3577,1986,Duran Duran,Notorious,notorious nononotorious notorious ah nononotorious read burns skin eyes ill fine heres compromise lies come hard disguise need fight wild lay seedy judgements says theyre lives money control witness ill leave lonely monkey business pay prophets justify reasons heard promise believe thats ive nononotorious girls secrets uh long boys noise fools run rings break theyll destroy grand notorious slam bam gives damn flaky bandit ask bleed need blood survive money control witness ill leave lonely monkey business pay prophets justify reasons heard promise believe thats ive notorious notorious money control witness ill leave lonely monkey business pay prophets justify reasons heard promise believe money control witness ill leave lonely monkey business pay prophets justify reasons heard promise believe thats ive thats ive nonotorious yeah thats ive nononotorious yeah thats ive nonotorious nononotorious yeah thats ive nonotorious nononotorious2embed
3578,1986,Bad Company,This Love,love lyricsi know youre pretty face youve got style youve got grace need know little ive seen picture little girl woman uncurled need little love forever love gonna stay true know youve got gonna youve got heart wont break need little ive got feelin pain youve got reelin explain wanna baby little love forever love gonna stay true love love long overdue yeah child girl woman dream knows know love live love forever love gonna stay true love love long overdue yeah loveembed
3580,1986,Icehouse,No Promises,promises lyricsa winter palace arabian nights white waves ocean gems golden age life new world turning round round making sense theres sense promises fall stars die silence arabian nights wind washes seasons days golden age life new world turning round round making sense theres sense promises fall shape things break word begin white sheet pure lace shot passion love lies bleeding hands heaven sends promises arabian nights white waves ocean gems golden age life new world turning round round sense theres sense promises fall promises fall fall promises fall promises fall fall life new world turns round round promises fall2embed
3582,1986,Dan Seals,Bop,bop boppin socks baby roll old blue jeans theres band playin armory knows rock roll means want ride 55 tbird drive old memories aint body baby want dance want bop ya baby night long want bop night away want night hearts young souls free want bop baby night long want bebop baby till break dawn want bop baby night long got old photograph pocket teens lord knows feel lot older look honey laugh wanna blue aint busy tonight think alright want lets twist shout oh good old days baby watch know stand look way want bop baby night long want bebop baby till break dawn want night hearts young free1embed
3584,1986,Billy Ocean,Love Is Forever,love forever lyricsi live old dream day night memories love knew live life heart cried oh believe love believe things falling love broken heart mend given time know love forever love forever passing day realize time heal pain youre ive thinking fall love believe love believe things falling love broken heart mend given time know love forever love forever road lead love oh cried tears ive facing days tell care oh believe love believe things falling love tried let wouldnt die know love forever love forever you1embed
3586,1986,Madonna,True Blue,true blue hey listen ive guys ive looked eyes knew love walked door ive lips ive sailed thousand ships matter youre baby know cause true love youre dreaming heart fits glove gonna true blue baby love ive heard lines ive cried ohsomany times teardrops wont fall excited cause youre best friend doubt wonder love think remember dear words whispered ear said true love youre dreaming heart fits glove gonna true blue baby love cause true love time know true love youre dreaming dreaming heart fits glove heart fits glove gonna true blue baby love sadness kiss goodbye sun bursting right sky searched world know know true love oh baby true love oh baby true love oh baby true love true love baby true love oh baby true love oh baby true love oh baby true love true doubt wonder love think remember dear words whispered ear said sadness kiss goodbye sun bursting right sky searched world know know true love time know true love youre dreaming dreaming heart fits glove heart fits glove gonna true blue baby love love time know true love la la lala lalala dreaming la la lala lalala heart fits glove gonna true blue baby love cause true love baby true love oh baby true love oh baby true love oh baby true love true love baby true love oh baby true love oh baby true love oh baby true love true love baby la la lala lalala true love baby3embed
3587,1986,Madonna,Open Your Heart,open heart watch street walk wanna hang head gave half chance youd desire burning inside choose look way ive work harder want try resist open heart baby hold lock hold key open heart darling ill love turn key think youre afraid look eyes look little sad boy wonder follow youre wrapped notice choose look way ive got try run stop trying youve got open heart baby hold lock hold key open heart darling ill love turn key open heart key lonely number ah ah ah ah open heart ill love hard turn key try run stop trying youve got open heart baby hold lock hold key open heart darling ill love turn key open heart key lonely number ah ah ah ah open heart ill love hard turn key try run stop trying youve got open heart baby hold lock hold key open heart darling ill love turn key open heart key open heart ill love come baby hard turn key gonna open heart ill love ow come baby hard turn key watch watch watch open heart ill love ow come baby hard turn key watch watch watch open heart ill love gonna hard turn key mmm come baby2embed
3588,1986,Starship,We Built This City,built city built city built city rock roll built city built city rock roll know recognize face care goes kind place knee deep hoopla sinking fight runaways eating night marconi plays mamba listen radio remember built city built city rock roll built city built city rock roll built city built city rock roll playing corporation games cares theyre changing corporation names want dance stole stage irresponsible write page marconi plays mamba listen radio remember built city built city rock roll built city built city rock roll built city built city rock roll sunday tired old street police got choke hold oh lost beat counts money underneath bar rides wrecking ball guitars tell need cause ship fools looking america coming schools looking golden gate bridge gorgeous sunny saturday seeing bumper bumper traffic remember member member favorite radio station favorite radio city city bay city rocks city sleeps marconi plays mamba listen radio remember built city built city rock roll built city built city rock roll built city built city rock roll built city ooho built city rock roll built city built city rock roll built built city yeah built city built built city built built city yeah built city built built city built built city yeah built city built built city built built city yeah built city built built city built built city yeah11embed
3589,1986,Roger Daltrey,Let Me Down Easy,let easy lyricsby brian adamsjim valance 1985 irving music adam communications calypso toonz proc saw avenue usual youre new guess theres left turn away growing tired alibis aint justify aint gonna anymore ill tell think doesnt figure let youre gonna let let easy time got straight know hard youre gonna let let easy weve going changes aware dangers look leaves cold youve gone blown covers know temporary lovers aint taking day thats sure think doesnt figure let youre gonna let let easy time got straight know hard youre gonna let let easy oh look believe youre leaving years youve got turn walk away think doesnt figure let youre gonna let let easy time got straight know hard youre gonna let let easy think doesnt figure let youre gonna let let easy time got straight know hard youre gonna let let easyembed
3590,1986,Lionel Richie,Ballerina Girl,ballerina girl ballerina girl lovely standing aware care dreams come true away feel theres hold want love ballerina girl joy bring day night holding tight ive waited love ive wondered youd come way ive finally heart stay whoa going break heart drift apart want share life feel theres guess finally realized theres loving ballerina girl lovely dreams come true away ballerina girlembed
3591,1986,Phil Collins,Take Me Home,home look worry ordinary man tell theres thats burning right outside door feel helps warm mind mind long ive waiting know theres point escaping worry anymore come outside turn feelings theyre turning light mind mind oh mind mind home cause remember home cause remember home oh lord cause ive prisoner life look worry mines ordinary life working daylight sleeping night ive got far horizons wish star think listen oh know mind mind oh mind mind home cause remember home cause remember home cause remember home oh lord ive prisoner life remember home cause remember home cause remember home cause remember home cause remember home cause remember home cause remember home cause remember home cause remember9embed
3592,1986,Scritti Politti,Perfect Way,perfect way lyricsi took backseat backhander took room better basics oh yeah gotta conscience compassion got way word gotta heart complacency purpose mission definition got lack girl youd love wanna diva deduction wanna wanna damage undo apart away love belongs apart hurt got perfect way new proposition got perfect way justification got perfect way certain maybe got perfect way girls crazy took day job amendment took liking took page rulebook wanna message confession wanna martyr wanna margin error maybe tomorrow letter weather gets better ive got wait moon turn blue offer exception sense took good look book knew times tenderness terms baby true time understand things got perfect way new proposition got perfect way justification got perfect way certain maybe got perfect way girls crazy want forgive things wanna forget remember maybe tomorrow letter weather gets better ive got wait moon turn blue apart away love belongs apart hurt got perfect way new proposition got perfect way justification perfect way certain maybe perfect way girls crazy perfect way perfect way got perfect wayembed
3593,1986,Bruce Hornsby & The Range,The Way It Is,way standin line marking time waiting welfare dime cause buy job man silk suit hurries catches poor old ladys eyes fun says job thats way thingsll change thats way ha believe said hey little boy cause look said hey old man stand think way think rules said thats way thingsll change thats way ha believe thats way thats way passed law 64 aint got little goes far cause law change anothers mind sees hiring time line color bar knows thats way thingsll change thats way thats way is7embed
3594,1986,Elton John,Wrap Her Up,wrap ladies illegal xs mona lisas connected shady english roses blue blooded turned noses money talks catches postage paid strings attached shes honey shes tramp roaring twenties molls vamps wrap ill home wrap need wrap chance beasts beauties dance wrap ill taker home wrap need wrap wrap foreign legs italian girls heaven pretty babies paris france crazy horses love dance marlene dietrich marilyn monroe brigitte bardot doris day billie jean samantha fox joan collins kiki dee katharine hepburn vivian leigh grace jones priscilla presley vanessa williams dusty springfield nancy reagan rita hayworth petula clark julie andrews superwoman annie lennox mata hari shirley temple tallulah bankhead linda lovelace little eva natassia kinski princess caroline monaco miss pat verness elsie tanner wrap upembed
3596,1986,Klymaxx,I Miss You,miss thought heard voice yesterday turned loved realized mind playing tricks colder lately night try sleep lights time phone rings pray god believe miss miss theres way deny miss miss easy miss time change minds love feelings share refuse believe care miss miss theres way deny miss miss easy ive got gather senses ive worse kinds weather ill strong believe youre gone ive got carry miss miss oh way deny miss miss easy youre oh way easy youre drivin crazy easy youre youre miss miss drivin crazy want live miss miss easy missin meembed
3597,1986,Genesis,Invisible Touch,invisible touch ive waiting waiting long thinking wrong ooh know builtin ability sees falling falling invisible touch yeah reaches grabs right hold heart invisible touch yeah takes control slowly tears apart know know crawls skin youre know shes got trust mysterious falling falling invisible touch yeah reaches grabs right hold heart invisible touch yeah takes control slowly tears apart invisible touch yeah reaches grabs right hold heart invisible touch yeah takes control slowly tears apart losing game mess life youll want know builtin ability sees ive fallen fallen invisible touch yeah reaches grabs right hold heart invisible touch yeah takes control slowly tears apart invisible touch yeah invisible touch oh invisible touch yeah invisible touch oh invisible touch yeah invisible touch oh invisible touch yeah invisible touch oh3embed
3598,1986,Jack Wagner,Too Young,young lyricshello love way long realized youre important thing life ive gotta need tell know wrong feel whats goin know love girl didnt started spreading fool thought didnt know childish games played fooled touch time taught grown young thats excuse soon wanted room restless youth space feel face treated kind walk away sweet smile face hangs heavy mind way turn hands precious time let slip gotta try young thats excuse soon wanted room restless youth space feel face treated kind walk away true love comes lifetime true youll mineembed
3600,1986,Janet Jackson,Nasty,nasty gimme beat sittin movie thinkin nasty thoughts ha better gentleman youll turn thats right let tell nasty nasty boys mean thing huh oh nasty boys nasty nasty boys change huh oh nasty boys nasty car nasty food ooh ooh yeah nasty thing nasty groove ha uhhuh know sing nasty nasty boys mean thing huh oh nasty boys nasty nasty boys change huh oh nasty boys nasty nasty boys nasty groove huh oh nasty boys nasty nasty boys let nasty body huh oh nasty boys learn listen prude want respect thats right close door want respond ooh ooh yeah cause privacy middle control aint baby janet miss jackson youre nasty nasty nasty boys mean thing oh nasty boys nasty nasty boys change huh oh nasty boys nasty boys mean thing oh nasty boys mean thing uh nasty mean thing uh oh nasty boys uh love hey whos thinkin nasty thoughts nasty boys whos nasty car nasty boys whos eatin nasty food nasty boys whos jammin nasty groove nasty boys ladies nasty boys mean thing oh nasty boys6embed
3601,1986,Carly Simon,Coming Around Again,coming baby sneezes mommy pleases daddy breezes good paper romantic bewildering know stays youre willing play game coming mind fall apart theres room broken heart broken heart pay grocer fix toaster kiss host goodbye break window burn souffle scream lullaby know stays stays youre willing play game play game coming mind fall apart theres room broken heart believe love love know stays stays youre willing play game play game coming baby sneezes believe love mommy pleases believe love daddy breezes believe love know stays youre willing play game coming believe believe believe love believe love believe love believe love believe love coming coming know stays believe love youre willing play game believe love coming believe love believe love believe love believe love believe love coming oooh2embed
3602,1986,Mick Jagger,Ruthless People,ruthless people lyricshey stand ruthless people hey stand ruthless people real evil love smell killing flesh gorging til theyve success dealing mother paradise pay jesus special protection aint wise hey stand ruthless people deceitful wanna tell hey come stand upget feet ruthless people real evil greedy forever success greedy clever mess given right creep paradise theyll blackmail st peter pay price hey stand upget feet ruthless people greed evil oh yes want rest life want balancing act knife want think cheap price want sweat sweet soul lives ruthless people ruthless people ruthless people ruthless people better watch hey ruthless people ruthless ruthless ruthless ruthless people hey stand upembed
3603,1986,Jeff Lorber & Karyn White,Facts Of Love,facts love lyricsthese facts love facts love youve heard reputation think cold ice know secret hard satisfy ill accept invitations men play game foolish lies dozen ive got mind need conversation takes half away facts love waste time temporally passion facts love need ordinary satisfaction want halfway lover ive played game times ill open heart love walking door need conversation takes half away facts love waste time temporally passion facts love need ordinary satisfaction facts love waste time oh baby need temporally passion facts love ive played game times need conversation takes half away temporally passion need love facts love imitation love facts love need need love facts love time open heart love sight ill facts loveembed
3606,1986,Mr. Mister,Is It Love,love lyricsi love hold near scare thats fear know message heart sending read guessing love love youre love love broken record goes round round circle sound water overdrive hide laughter whats mind love love youre tell love love love love youre tell love love solo love love youre tell love love love love youre hey girl got know love love love hey love love youre tell love love love love youre everybodys lookin magic love come hope love love fadeembed
3609,1986,Belinda Carlisle,Mad About You,mad mad youre mad babe couple fools run wild arent pushing day nighttime start mad mad lost eyes reason aside mad love mad bout right touches touched believe pushing night daytime watching skys light city sleeps mad mad lost eyes reason aside mad love mad mad mad lost eyes reason aside mad love mad mad youre mad babe couple fools run wild arent mad mad lost eyes reason aside mad love mad mad mad lost eyes reason aside mad love mad mad mad lost eyes reason aside mad love mad mad mad lost eyes reason aside mad love mad you1embed
3610,1986,Phyllis Nelson,I Like You,lyricshey everybody feel good yeah time feel holler mean yeah yes yes yes ooh wine taking rhythm divine friendship share wine mellow sweet let mesmerize joy later need hesitate phone yes care love way id day yes got know know feel real feel feel real got let know youembed
3612,1986,Talking Heads,And She Was,lyricshey lying grass hear highway breathing nearby factory shes making sure dreaming lights neighbors house shes starting rise minute concentrate opens eyes world moving right world moving floating drifting backyard taking dress moving slowly rising earth moving universe shes drifting way touching ground shes yard world moving right hey hey world moving floating hey hey hey glad doubt isnt sure shes time think tell time think shes hey hehey hey looking things looking movie pleasant elevation shes moving directions oh oh oh hey hey hey hey hey hey hey hey hey hey hey hey hey hey hey hey hey hey hey hey hey hey hey hey hey world moving right world moving floating joining world missing persons hey hey hey hey hey hey hey missing feel alright ha ha hey hey was4embed
3613,1986,El DeBarge,Love Always,love got secret believe youve gone think ive tried forget know hard true summer skies ill write book thousand times day youre away driving crazy ill write night ill sign love sun falls forever darling wait time celebrate rest lives love lots people know try shape mind happen jealous kind change feel best lives love rest lives faithfully hang forever ill write night ill sign love oh havent guessed add ps rest lives love best lives love ill sign letter love oh know oh oh oh love baby oh sign end rest lives love love ooh girl sounds good mmm rest lives love oh rest lives love oh da da oh gotta secret wanna stop sounds good oh day ill love day ohembed
3615,1986,Tears For Fears,Head Over Heels,head heels wanted talk weather traditions trace child face wont escape attention distance touch gentle persuasion lost admiration need oh youre wasting time youre wasting time happens head heels till head heels happens head heels ah heart break heart throw away throw away throw away watching burn yeah thought future foot past long ambition mm whats matter mother brothers breathing clean air changes youre acting age dreaming doctor gets feel baby hard man theres gun hand changes youre acting age oh feel happens head heels till head heels happens head heels ah heart break heart throw away leaf clover line open mind leaf clover la lala la la la lala la la la la lala lala la lala la la la lala la la la la lala lala la lala la la la lala la la la la lala lala la lala la la la lala la la la la lala lala la lala la la la lala la la minds eye la la lala lala little boy little man la lala la la la lala la la funny time flies2embed
3616,1986,The Alarm,Strength,strength love hope strength live light need survive lifeblood coursing veins river flowing change need depend oh woah woah oh wont love love hope hope strength live love love hope hope strength live need need write letter need know alive telephone need hear human sound open door let place ive caged oh long know living dying oh woah woah oh better love love hope hope strength live love love hope hope strength live love love hope hope strength live need nowembed
3617,1986,El DeBarge,Someone,running accidental touch turned gentle kiss love finally come close thats feel worlds asleep sharing sweet solitude gave trying love long walk soft talk believe odds long ago care ones dreams share agree nights rough love long walk soft talk hard believe odds thats favorite time night finding ways hold tight imagine embed
3618,1986,Kansas,All I Wanted,wanted lyricsyou time stay wanted hold wanted touch need blame cause wanted love thats wanted times hurting way times till break youre hurting way loving way strange change wanted love thats wanted times hurting way times till break youre hurting way loving way doembed
3619,1986,Electric Light Orchestra,Calling America,calling america somebody told place heaven cross water 747 yeah living modern world dumdeedoodoodoodum pretty soon shed got notion flying big blue ocean yeah living modern world ooh modern world talk cheap satellite information redial automatic calling america message calling america thats said calling america thats calling america left number calling america talking satellite 20000 miles sky night yeah living modern world dumdeedoodoodoodum pick phone space trying talk yeah living modern world ooh modern world left number ones going wrong number rings calling america message calling america thats said calling america thats calling america left number calling america dumdeedoodoodoodum said shed shed gone guess shes missing miles yeah living modern world calling america message calling america thats said calling america thats calling america left number calling america calling america calling america calling america calling america calling america1embed
3620,1986,James Taylor,Everyday,everyday lyricseveryday agetting closer going faster roller coaster love surely come way yeah everyday little faster friends ask love surely come way oh everyday little stronger everyday lasts little longer come long true love long baby said everyday little closer going faster roller coaster love surely come way yes love surely come way everyday everyday yeah everyday day yeah everyday little stronger know lasts little longer come long true love long baby said everyday little closer going faster roller coaster love surely come way come way oh everyday said everyday baby everyday everyday everyday everyday everyday everyday everyday everyday everyday everydayembed
3622,1986,The Fabulous Thunderbirds,Tuff Enuff,tuff enuff walk miles hands knees aint doubt baby aim id wrestle lion grizzly bear life baby care aint tough aint tough aint tough aint tough baby swim sea nothin id thats tough id burnin building shovel dirt worry getting hurt aint tough aint tough aint tough aint tough id work hours seven days week come home kiss cheek ill love mornin ill love noon ill love night moon aint tough aint tough aint tough aint tough id lay pile burnin money ive earned worry getting burned id climb empire state fight muhammad ali baby close aint tough aint tough aint tough aint tough aint tough aint tough aint tough aint tough aint tough aint tough enoughembed
3623,1986,Prince And The Revolution,Mountains,da mystery chessboxin game chess swordfight think toad style immensely strong immune nearly weapon properly invincible raw ima ya trivia raw cocaine straight bolivia hiphop rock shock nation emancipation proclamation weak mcs approach slang thats dead run wall bang head pushin force force youre doubtin makin devils cower caucasus mountains sire set microphone rap styles vary carey mariah come shaolin slum isle comin nuff niggas nuff guns wanna come sweatin stressin contestin youll catch sharp sword midsection talk talk walk walk phony niggas outlined chalk mad vexed projects rebel grain theres way barricade steamrollin niggas 18 wheeler drunk driver drivin theres survivin rough timberland wear yeah clan yota landcruisers peace crooks niggas bad looks bald heads braids blow hook pack chrome tecs nickelplated macs black acs drugdealin styles phat stacks good nigga minute cause gots props win yo got beef commercialass niggas gold teeth lampin lexus eatin beef straight bother got 40 niggas kill niggas fathers peoples killa beez attack peoples smokin meth hittin cats block gats deep type flow jacques cousteau low cherry bombin shits boom warmin little bit vroomvroom rappinin whats happenin pockets stacked hands clap party body gotta somebody grab microphone strength bone duh duh duh enter wutang zone sure rock stuff huff puff gonna catch bluff tuff rough kickin rhymes jim kelly alex haley nuh beetle bailey rhymes comin raw style hardcore niggas comin hiphop store comin buy grocery pretendin hiphop mc law order enter wutang bring ol dirty bastard type slang represent gza abbot rza shaquan inspectah deck dirty ho gettin low flow introducin ghostface killah iller peoples killa beez attack peoples smokin meth hittin cats block gats speakin devil psych god ya shit right mega trife yo killed past life mic kickin fast shit reneged tried got blasted halfmasteredass style mad ruff task struck timbs black mask remember shit know remember jack night yo hittin spiked bat thought bugged crazy strapped nonsense lazy yo budge shot slugs shot thugs runnin thugs flood mugs grab eightplusone start flippin trippin niggas jettin lickin son wu tang wu tang wu tang wu taaang homicides illegal death penalty justifies homicide dies iniquity master mantis rapture comin ya apb mc killa looks work masta evidence indicates stature merciless terrorist hard capture flow changes chameleon plays friend stabs dagger technique attacks immune disguised lie paralysin victim scream enters bloodstream erupts brain pain thoughts contain movin nigga speed centipede injure motherfuckin contender peoples killa beez attack peoples smokin meth hittin cats block gats immune nearly weapon properly invincible toad style immensely strong immune nearly weapon properly invincible properly used84embed
3624,1986,Starship,Before I Go,turn let walk forever theres chance slightest chance darling know hands cos way head wont long blink ill gone dark oversight breath love theres half way tell theres tell angel pride girl wont come release crime oh crime surrender easy know hard ive tried maybe ive tried damn hard wont long break liaison theres half way tell theres tell know road ends point existence diehard resistance know shoulder begins gravity crumbles tenacity tumbles wont long blink ill gone dark oversight breath life theres half way tell theres tell theres half way tell ooh tell theres half way tell tell theres oh baby turn aroundembed
3625,1986,INXS,What You Need,need hey story forget troubles life know easy gotta walk line thats need oooo thats need ill need oooohh sad lonely need change day aint sense crying pick throw shape ooo yeah thats need oooo thats need ill need hey wont listen end rhythm ill need beembed
3632,1986,Honeymoon Suite,What Does It Take,lyricsthe kind combination aint easy feeling things aint right need new knowing live leaves little chorus grow wings fly high sky mistake ive mean ive got better life live youll understand fly wed land easy live hard fast inside know wont oh yeahhhhhhh chorus knowing live leaves little yeahhhhhh chorus x2 takeembed
3633,1986,GTR,The Hunter,hunter lyricsit come easy thats understood faint hearted loser thats good lesson great mohammed said said pick rifle strong title long believe wrong said said listen hes fighter hes friend winning end hes angel hes fool plays rule glory steal prize hunter hunter took chances hurt pride sense failure hard hide crossed limit broke code road remember hes rival hes friend winning end hes tiger hes swan hes counting glory steal prize hunter hunter survives outside looking lenses film ive got target set sights vision truth look gonna fight drop gonna gonna line winners til end time hunter hunter survivesembed
3634,1986,Stevie Wonder,Part-Time Lover,parttime lover ring hang phone let know home want wrong parttime lover shes ill blink lights let know tonights night parttime lover undercover passion run chasing love sun strangers day lovers night knowing wrong feeling right friends meet pass speak know words discreet parttime lovers theres emergency male friend ask wont peek parttime lover undercover passion run chasing love sun strangers day lovers night knowing wrong feeling right dadadadadada dadadadada dadadadapadadada parttime lovers dehee dapadadadada dadadadadadada padadada papadapapapapadadada parttime lovers undercover passion run yeah chasing love sun strangers day lovers night knowing wrong feeling right ive got tell night rang doorbell parttime lover man called exchange didnt want leave guess play game parttime lovers parttime lovers parttime lovers scatting parttime lovers scatting parttime lovers scatting parttime lovers scatting parttime lovers scatting parttime lovers scatting parttime lovers9embed
3635,1986,Don Johnson,Heartbeat,heartbeat lyricsi care away money mean ive going cause thats way got everybody tells beat odds ive standing feel heat feel heat heartbeat looking heartbeat heartbeat looking heartbeat beating looking easy think know feel wrong wont long restless heart heal looking love love tell hard feel rhythms heartbeat streets heartbeat looking heartbeat heartbeat looking heartbeat beating beating tell feel weve got heartbeat baby real weve got heartbeat heartbeat heartbeat looking heartbeat heartbeat looking heartbeat heartbeat2embed
3636,1986,Peter Gabriel,Sledgehammer,sledgehammer hey hey tell steam train lay tracks aeroplane flying bring blue sky ill need big dipper going bends bumper car bumping amusement ends wanna sledgehammer oh let sledgehammer testimony round fruit cage cause honey bee open fruit cage fruit sweet wanna sledgehammer youd better sledgehammer mind rest going sledgehammer testimony sledgehammer let doubt sledge sledge sledgehammer right kicked habit kicked habit kicked habit shed skin shed skin new stuff new stuff dancing dancing oh wont oh yeah yeah yeah yeah yeah mean coming gonna build power build build power hey ive feeding rhythm ive feeding rhythm gonna feel power hey build come come help come come help yeah yeah yeah yeah yeah yeah yeah yeah ive feeding rhythm ive feeding rhythm day night come come help come come help yeah yeah yeah yeah yeah yeah yeah yeah ive feeding rhythm12embed
3638,1986,Giuffria,I Must Be Dreaming,dreaming lyricsyoure blood help love pull away tell love cursed walk earth youre blood live hand place come little bit closer id hurt feel love slowly learning heart burning dark nights loved live want look feel touch ooh dreaming dreaming dreaming hand place come little bit closer id hurt slowly learning heart burning dark night loved live want look feel touch ooh dreaming dreaming dreaming solo youre blood help love pull away tell love cursed walk earth believing dreaming dreaming dreaming dreaming dreaming dreaming dreaming dreaming dreaming dreamingembed
3639,1986,The S.O.S. Band,The Finest,finest finest life goes learn hold learn learn appreciate finer things life appreciate finest learned choice id choose love good bad mind long real friends lucky good loves understanding standing standing understanding hold weve time wont change way feel loves youre finest ive known finest choose id wanna love time flies youre goes slow youre away mind positive better love better love come way weve mmm mmm time wont change way feel mmm mmm loves mmm mmm youre finest ive known finest weve weve time wont change way feel loves youre finest ive known finest know know love love lost youre lost ill come ill come love love little oh theres substitute loves finest love ive known oohoohooh oh baby youre finest finest ive seen oh baby youre finest finest oh baby youre finest finest ive seen oh baby youre finest finest oh baby youre finest finest ive seen oh baby youre finest finest oh weve ooh weve time wont change way feel change loves hmm finest love youre finest ill know uhhuh finest weve ooh weve time wont change way feel loves loves youre finest ill know yes finest oh baby youre finest finest ive seen oh baby youre finest finest oh baby youre finest finest ive seen oh baby youre finest finest meembed
3642,1986,Janet Jackson,Control,control story control control control control time gonna way way hope enjoy ready cause control control ive got lots seventeen people told uh father said let mother mold long ago control gonna stop control want control lot control grown ah time fell love didnt know hit young naive thought easy know ive got control ive got lot control want control gonna stop control grown upnow grown jam woowoo rebel thats right ill shots thank got mind wanna decisions life life wanna control let hand lead dance control ive got took chance wanna rule world wanna run life ooh life little easier chance control oohooh ive got lot ooh control want oh control gonna stop control grown ooh free oohoohooh yeah hee control uh control thats right control career moves control whats right control wants groove okay yeah ooh control ive got mind ooh baby yeah yeah yeah yeah ive got mind wanna decisions life wanna control hop control love hahahaha thats right control ive got lot control grown control uh control ah control uh lose it6embed
3643,1986,Wax,Right Between The Eyes,right eyes lyricstrue love mystery captured dream oh suddenly hitting right eyes wasnt looking love explosion target oh cause expected took direct hit right eyes shattered resistance yes true battered defence running heat hit million volts nailed lightning bolt oh baby knocked cold love zapped right eyes nothings going cool desire cause jumpin fat love bug bitten youre hitting right eyes time think know spin round ill feet ground hit million volts nailed lightning bolt oh baby knocked cold love zapped right eyes oh power love strong turn hit million volts nailed lightning bolt oh baby knocked cold yeah love zapped right eyes hit million volts nailed lightning bolt oh baby knocked cold love zapped right eyes dig dig dig yeah yeah yeah dig dig yeah yeah yeah dig dig itembed
3644,1986,Mike + The Mechanics,Silent Running (On Dangerous Ground),silent running dangerous ground 2013 remaster lyricstake children hide cellar fighting close hand believe church state tell believe high command hear hear running hear running hear calling hear hear running hear running hear calling theres gun ammunition inside doorway use emergency better pray god father spirit guide protect hear hear running hear running hear calling hear hear running hear running hear calling swear allegiance flag flag offer hint feel teach children quietly day sons daughters rise fight stood hear hear running hear running hear calling hear hear running hear running hear calling hear running hear calling hear hear calling hear running hear running babe hear running hear running calling calling youembed
3645,1986,David Foster And Olivia Newton-John,The Best Of Me,best lyricsso years gone remember let heart believe gave years gonelove wrong forget way changed taste love chance thought id romance ive known mind touch hope return saved best ending hold think ive come far love chance thought id romance ive known mind touch hope return saved best touch hope return matter learn saved best youembed
3646,1986,Til Tuesday,What About Love,love living silence living book science living good look fires blow away smoke getting pretty tired living hope love baby making room love baby living daydreams walking sleep youre deep fires blow away smoke youre getting tired living hope love baby making room love baby love baby making room love baby love baby making room love baby oh meembed
3648,1986,Oran 'Juice' Jones,The Rain,rain saw walking rain holding hands ill tossing turning sleepless night rain crashes window pane jumped car didnt drive far moment knew cause saw walking rain holding hands ill saw walking rain holding hands ill begging love try girl love darling right ive got goodbye cause saw walking rain holding hands ill saw walking rain holding hands ill hey hey baby doin come got hot chocolate stove waitin ya listen things let hang coat yeah n hows day today ya miss oh yeah missed missed followed today thats right close mouth cause cold busted thats right sit sit upset know impulse run rambo whip jammy flatblast aint wanna mess 3700 dollar lynx coat instead chilled thats right chilled went bank took dime went canceled credit cards yeah charge accounts yeah stuck piece jewelry bought yeah thats right didnt fly naw looking closet cause aint got came packed waiting guest room thats right thinking huh tryin prove huh yous juice n gave silk suits gucci handbags blue diamonds gave things pronounce nothin advice cause youre young thats right youre young hope learn valuable lesson know gonna days know gotta gotta outta alleycatcoat wearin hushpuppyshoewearing crumb cake saw cause dismissed thats right silly rabbit trix kids know cornflake milk world squirrel tryin nut outta ah touch coatembed
3651,1986,Jean Beauvoir,Feel The Heat,feel heat knew wasnt right standing sound losing sight play game isnt fair partners left standing know dream feel hearts stone try chessmen right feelings youre trying fight start feel heat feel heat feel time turnin mind starts feel heat feel heat feel time turnin mind starts feel heat listen confusion lonely game answered things left understand explain starting feel heat feel heat feel time turnin mind starts feel heat feel heat feel time turnin mind starts feel heat feel theres wrong life feel youre fight hold head high come bang bang shoot em reality dignity start feel heat feel heat come feel yeah feel heat feel heat gotta feel heat yeah feel heat feel feel heatembed
3654,1986,Twisted Sister,Leader Of The Pack,leader pack lyricshey goin lets ask hey man ring shes wearin uh huh man great ridin pickin school today uh uh way whered meet met candy store turned smiled picture yeah thats fell leader pack folks putting said came wrong town told bad knew sad thats fell leader pack day dad said new new new tell stood asked sorry hurt leader pack small kissed goodbye tears beginning drove away rainy night begged slow heard ill know look look look look felt helpless remembering things wed gang stop stare hide tears care ill forget leader pack leader pack shes gone leader pack shes gone leader pack shes gone leader pack shes gone leader pack shes gone leader pack shes gone leader pack shes gone leader pack shes gone leader pack shes gone leader pack shes gone leader pack shes gone leader pack shes goneembed
3656,1986,Stacy Lattisaw,Nail It To The Wall,nail wall lyricsdont think tomorrow tonight mind gonna rip boy piece time machine automatic pull plug gets control loves strong dangerous wait turn loose nail wall want education come nail wall perfect situation come theres secrets cover place lovers lie gonna open boy let look inside afraid damage youre curious lets tonight turn oh right wait turn loose nail wall want education come nail wall perfect situation come nail wall want education come nail wall perfect situation come nail nail wall want education nail wall nail wall want education come nail wall perfect situation come onembed
3657,1986,Orchestral Manoeuvres In The Dark,Secret,secret secret secret ive got secret explain time ive waited day doubt knew things tell things know damn getting hard guess youd better wait oh secret heard message message clear time wipe away tear want hold hand sun walk sand sad glad secret love love love secret love day youre comfort feel worth look youre day care ill beware secret oh ive got secret explain secret want hold hand oh doubt secret sun walk sand oh secret ive got secret explain secret want hold hand ohembed
3661,1986,The Bangles,Manic Monday,manic monday oclock middle dream kissin valentino crystal blue italian stream late cause guess wont paid days wish bed manic monday oohoh wish sunday oohoh cause thats fun day oohoh run day ooh manic monday catch early train got work aeroplane time cause takes long figure gonna wear blame train boss manic monday oohoh wish sunday oohoh cause thats fun day oohoh run day ooh manic monday nights lover pick night night night doesnt matter feed employments tells bedroom voice cmon honey lets noise resist time goes fast youre having fun manic monday oohoh wish sunday oohoh cause thats fun day oohoh run day ooh manic monday oohoh wish sunday oohoh cause thats fun day oohoh manic monday4embed
3662,1986,Bananarama,Venus,venus goddess mountain burning silver flame summit beauty love venus shes got yeah baby shes got venus desire venus desire weapons crystal eyes making man mad black dark night got wow shes got yeah baby shes got venus desire venus desire venus shes got yeah baby shes got venus desire venus desire goddess mountain burning silver flame summit beauty love venus wow shes got yeah baby shes got venus desire venus desire venus yeah baby shes got yeah baby shes got yeah baby shes got yeah baby shes got yeah baby shes got yeah baby shes got yeah baby shes got yeah baby shes got yeah baby shes got yeah baby shes got yeah baby shes got it4embed
3665,1986,Bobby Brown,Girlfriend,girlfriend remember time picture love heart girl holding hands lady wont understand need girlfriend need right loving kissing holding tight letting need girlfriend need right right maybe friday saturday night girl think time cause need girl youre mind need girlfriend need right loving kissing holding tight letting need girlfriend need right loving kissing holding tight keeping warm oh yeah need girl feels help girlfriend gotta love loving kissing holding tight letting need girlfriend need right loving kissing holding tight keeping warm baby oh girl want girl need right need yeah baby want girl want right need need baby want love kiss hold tight whoa baby yeah sweetheart wanna love kiss hold tight whoa baby know mean girl need girlfriend need girlfriend need girlfriend need girlfriend need girlfriend girl bobby talking need girlfriend la la la la la woo need girlfriend la la la la la need girlfriend need girlfriend la la la la la need girlfriend said la la la la la need girlfriend oh girl know need girlfriend know need need need girlfriend need girlfriend um lets time lets slow need girlfriend surely need girlfriend gotta answer time today baby cause wait love you1embed
3667,1986,Oingo Boingo,Just Another Day,day theres life underground feel feel bones life line away home step door jungle alive trust ears believe eyes fall lovei risk bet cause hearts fragile toysso easy forget day theres murder air drags walk smell day people cling light drive away fear comes night day day day day day day day people wake dreams voices ears away dream night world set ran wasnt water temperature increased sky crimson red clouds turned smoke dead theres smile face theres golden coin reflects sun theres lonely place thats cold theres place stars old theres razors bed come late night disappear morning light dreaming life underground doesnt doesnt sound think things place heavens securethe thing explodes face day day day day day day theres smile face day day theres golden coin day reflects sun day theres lonely place day thats cold day theres place stars day old day day day day day day day day day day day day day day day day day1embed
3670,1986,John Eddie,Jungle Boy,jungle boy lyricswhoa whoa whoa whoa whoa whoa whoa yeah yeah yeah yeah yeah yeah yeah whoa whoa whoa whoa whoa whoa whoa yeah yeah yeah yeah yeah yeah yeah mama sheds tears daddy spits hey kicked wilds deep inside man rattling cage love ma respect pa way chorus cause jungleboy turn radio jungleboy hear growling low jungleboy hey mrs jackson daughter away hey cause definite threat purity uhhuhhuh whoa whoa whoa whoa whoa whoa whoa yeah yeah yeah yeah yeah yeah yeah theres mean old cop burger king lot hey years aint got got mean set wheels lord catch lay wheel man gone real cool breeze chorus hey mrs jackson man know late daughter wait boy approve town toots cause jungleboy jungle boy got daughter jungle boy got plan jungle boy got bullets jungle boy think ill jungle man whoa whoa whoa whoa whoa whoa whoa yeah yeah yeah yeah yeah yeah yeah repeat endembed
3671,1986,Journey,Be Good To Yourself,good running selfcontrol getting close overload win situation shoulder shoulder push shove hangin boxing gloves ready long vacation good oh good youre walking high wire caught cross oh good want gotta turning noise makes crazy lookin regrets forgive forget want little peace mind turn good oh good youre walking high wire caught cross oh good good willembed
3672,1986,Bruce Hornsby & The Range,Every Little Kiss,little kiss lyricsway working docks sees long day nights phone chance talk oh heyjust talk thousand miles away wouldnt night little relief sight someday times werent tight day goes water town sun sinks low thats know need yes youre miss little kiss little little everybody heres number guess thats right sit long day absence company oh let mind wander hey yeaha thousand miles away wouldnt night little relief sight someday times werent tight day goes water town sun sinks low thats know need yes youre miss little kiss little little hey yeah hey yeah wouldnt night little relief sight someday times werent tight day goes water town sun sinks low thats know need yes youre miss little kiss little little hey yeah dododo dodo doo yeah yeah yeah yeah yeah yeah yeah3embed
3679,1986,James Brown,Gravity,gravity lyricsin 21st century dance feet ground jump believe fly man dream defy hit gravity yeah huh ow horns wait minute look gravity big g gravity gravity gotten hold huh verse sun ive trying funky job pull work funk listen wrong honky tonk got sense dance fast burn night youll man dream defy gravity gravity wow big g gravity gravity ha gravity wait minute small town big city theres fat cat sitting pretty watch break cold sweat jump aint seen shake dance fast real man dream defy gravity big g let loose let loose hey gravity big g gravity gravity gotten hold leit explain dream fly gravity love defy ow gravity gravity gravity big g gravity gravity ha big g told ha gravity big g gravity gravity gravity good god gotten hold wont let gravity ha big g ow hit gravity gravity gotten hold wait minute hit fred got 20 gs going got 40 gs yeah release pressure push button man ha got 60 gs yeah hey sam push button sell gs yeah got 80 gs 90 oh big g gravity gravity throwing gravity gravity gravity funky gravity yeah everybody gravity gravity haembed
3680,1986,Force M.D.'s,Tender Love,tender love lay tossin turning longing tender love waiting right moment come thank tender love youve given tender love love tender pulling close baby surrender candles light dark lovely feelings tender love youve given want resist ooh feel touch tender love loving straight heart hold nearer let tender love youre giving tender love love tender holding close baby surrender ooh yeah surrender baby tender love let tender love1embed
3681,1986,Prince And The Revolution,Anotherloverholenyohead,anotherloverholenyohead gave love gave life gave body mind inseparable guess gave time plead insanity know score learn play game baby know need need lover need hole head baby baby know aint duty bed yeah brothers sisters united love sudden sudden try fight try fight youve youve big fun big fun want want happily sure theres sun sure theres sun going going understand understand face face face face baby ill tell knee yeah need lover need hole head baby baby know aint duty bed yeah need lover know aint need lover need hole head hole head hole head need lover need hole hole hole hole ah need lover know aint theres going riot clap hands funky stand everybody know aint other5embed
