,Year,Artist,song_name,further_clean_text
3682,1987,Shirley Murdock,As We Lay,lay morning slept night away happened turn hands time yes weve stolen moment forgot face simple fact belong slept night away morning sunlight shines sleeping face new day brings reality separate ways lovely night yeah yeah shared love forgot pain wed cause slept night away lay forgot tomorrow lay mhm hey hey lay didnt think price wed pay oh morning time goodbye goodbye baby youre leaving know got hurry home face wife whoaohoh want hurt understand belonged night slept night away want hurt shed understand belonged night slept night away lay forgot tomorrow lay mhm oh oh lay didnt think price wed pay oh hey counted cost instead got lost second minute hour hey hey hey lay forgot tomorrow lay morning morning morning morning ooh ooh morning morning morning1embed
3683,1987,Hooters,Satellite,satellite lyricshush little baby gods gonna buy cadillac hes chosen spread word coupe ville jump river learn swim gods gonna wash away sins light gods gonna buy satellite look heavens shine heals sick leads blind tune hear countin judgment day jump river learn swim gods gonna wash away sins light gods gonna buy satellite hey hey satellite man time come word received fall thats ok love ones betray jump river learn swim gods gonna wash away sins light gods gonna buy satellite jump river learn swim gods gonna wash away sins light gods gonna buy satellite yeah light gods gonna buy satellite hey hey hey hey gods gonna buy satellite look heavens shine1embed
3684,1987,Carly Simon,Give Me All Night,night lyricsi need half half time half mans attention earth sky time add new dimension half truth use stand strong way night moon night till star fades t heart soul fountains need waterfalls tears ocean pain love ill accept long youll join emotion half lovin fun stand strong way night moon night till star fades t heart soul leave guessing walk half way home tomorrow night night moon night till star fades t heart soul anywayembed
3685,1987,Icehouse,Crazy,crazy 000 018 ive got pocket holes head clouds king fools youve got ribbon rainbows sun eyes burning happy sad losing head youve gotta crazy baby woh woh want guy woh woh yeah youve gotta mind mind woh woh crazy dreaming wake tonight wrong want right cause youre sure thing lost game hey lucky guy reason understand youve gotta crazy baby woh woh want guy guy woh woh yeah youve gotta mind mind woh woh crazy crazy crazy crazy woh woh kind mistake woh woh heart away heart away woh woh yeah youve gotta mind mind woh woh crazy 212 229 youve gotta crazy baby woh woh want guy guy woh woh yeah youve gotta mind mind woh woh crazy crazy crazy crazy kind mistake woh woh fall love fall love woh woh yeah gotta mind mind woh woh youre crazy crazy youve gotta crazy baby woh woh want guy guy yeah youve gotta crazy baby1embed
3689,1987,David Bowie,Never Let Me Down,let believed called trapped highdollar joint place called days slipping nights cruel thought id die danced little dance til shaking honey needed soul revival called falling pieces screamed pain soothing hand turned round love real swept danced little dance til shaking honey let let let let faith failing youve got coming ill strong takes ill cover head bad stuff breaks dance little dance til makes smile shaking honey let ill let ill let ill let oh no1embed
3694,1987,Lionel Richie,Ballerina Girl,ballerina girl ballerina girl lovely standing aware care dreams come true away feel theres hold want love ballerina girl joy bring day night holding tight ive waited love ive wondered youd come way ive finally heart stay whoa going break heart drift apart want share life feel theres guess finally realized theres loving ballerina girl lovely dreams come true away ballerina girlembed
3695,1987,Frozen Ghost,Should I See,lyricscover eyes ears til dissapears judge hear away freedom choice away right voice beliefs views away right choose chorus na na na na na naaaah na na na na na naaaah mind na na na na na naaaah na na na na na naaaah censor thought right decide feel inside quoting god discuss right wrong inundate views away right choose repeat chorus away freedom choice away right voice beliefs views away right choose repeat chorus mind seeembed
3696,1987,Europe,Carrie,carrie lights reason weve time season god knows ive tried ask eyes goodbye carrie carrie things change friend whoa carrie carrie maybe meet read mind intentions unkind wish explain takes time lot patience crime come feel pain eyes goodbye oh oh oh carrie carrie oh things change friend whoa carrie carrie maybe meet oh eyes goodbye oh oh oh oh carrie carrie oh things change carrie carrie carrie carrie carrie maybe meet oh lights down4embed
3698,1987,Squeeze,853-5937,8535937 8535937 angela phone care leave number shell ring home time called got message listened voice coming line speak tape recording redialed number times 8535937 angela phone care leave number speak clearly tone shell ring gets home rang morning early old message came phone house maybe shes poorly shes home 8535937 angela phone care leave number speak clearly tone shell ring gets home shes hill bermondsey end earth northern line makes hard love called close friend lives right got message got suspicious ive got isnt true oh 8535937 8535937 8535937 8535937embed
3700,1987,Peter Wolf,Come As You Are,come lyricsthey hung sign sign seven hive youre busy bee sign honey sign heaven tonight come come come ball aint gonna masquerade come come therell high time high time lakeside barry boys going free jump moon joyride stuck come come come ball aint gonna masquerade come come bluebird bluebird window sure youre pretty sight lifes short know youre come come come come ball aint gonna masquerade come come allembed
3702,1987,Aretha Franklin & George Michael,I Knew You Were Waiting (For Me),knew waiting warrior fights wins battle know taste victory went nights consumed shadows crippled emotionally heartache yes oh escaped aha ha way darkness kept faith know kept faith river deep didnt falter mountain high believed valley low didnt stop knew waiting knew waiting uh huh endless desire kept searching sure time eyes meet bridge thats hurt touch set free regret single moment know looking think disappointments laugh know laugh river deep didnt falter mountain high believed valley low didnt stop oh knew waiting hey knew waiting drawn destiny ooh boy ooh know love share meant oh knew waiting ooh yeah knew waiting knew waiting knew waiting didnt falter didnt falter believed valley low didnt stop stop knew waiting knew waiting didnt falter mountain high believed oh valley low didnt stop didnt stop knew waiting knew waiting didnt falter oh oh yeah believed oh believed didnt stop know stop knew waiting someday someday didnt falter valley low believed believe believed believed didnt stop yeah stop knew waiting knew waiting meembed
3706,1987,Sheila E.,Hold Me,hold ive tried times erase memory mind doesnt long picture hear voice love stronger time eyes touch touch hold time hear voice touch hold stand defenseless look eyes theres left head promises pretty lies wrong want time eyes touch touch hold time time hear voice touch touch hold captured senses lost reverie love stronger time eyes touch oh hold babe hold time hear voice touch touch hold time eyes touch wanna hold baby hold time hear voice hold touch kiss time hear voice touch hold kiss hold time eyes touch kiss baby hold meembed
3709,1987,Lionel Richie,Se La,se la se la know sit wonder world people laughing everybody living harmony wed se la se la talking people se la se la time se la sela living desperation hatred deceit tell imagine children playing dancing street se la se la talking se la se la talking everybody yeah se la se la know play people yeah people time come know hard dream come tonight big celebration talking things right se la se la se la se la baby counting everybody se la se la know se la se la sela selaembed
3710,1987,Laura Branigan,Shattered Glass,shattered glass lyricsi gave took heart broke bad kind ive got want somebody needs ive given boy chasing joy youre cause time come shatter glass heart stone wont far running hot blowing cold hold falls apart shattered glass doesnt matter youre going know time doesnt matter anymore youve gone walked door new start true heart gonna fun cause time come shatter glass heart stone wont far running hot blowing cold hold falls apart shattered glass shatter glass shatter glass time come youre fun cause time come shatter glass heart stone wont far running hot blowing cold hold falls apart shattered glass shatter glass heart stone wont far running hot blowing cold hold falls apart shattered glassembed
3711,1987,Wang Chung,Everybody Have Fun Tonight,everybody fun tonight lyricsill drive million miles tonight youre feeling low turn radio words use strong reality musics oh baby dance yeah rip rip ground rip cool rip hang borderline everybody fun tonight everybody fun tonight everybody wang chung tonight everybody fun tonight everybody wang chung tonight everybody fun deep world tonight hearts beat safe sound ill hold close let rip rip ground rip cool rip whats inside everybody fun tonight everybody fun tonight everybody wang chung tonight everybody fun tonight everybody wang chung tonight everybody fun tonight everybody everybody fun edge oblivion word babylon love ship fools sailing everybody everybody fun tonight everybody everybody fun tonight nation world everybody fun tonight celebration spread word everybody everybody tell wang chung everybody everybody fun tonight everybody fun tonight everybody wang chung tonight everybody fun tonight everybody wang chung tonight everybody fun tonight everybody fun everybody everybody everybody everybody everyone1embed
3714,1987,Expose,Come Go With Me,come lyricsfeels day come home work late work hard play wait far away know know got got pressure builds day away away come way come way day begins end youre come oh feel alive night everlasting time come oh fears bring memories away misery hand fly away world today feel feel real real hold night right right hold tight hold tight look eyes light come oh feel alive night everlasting time come come oh fears hearts eternal night worry bout tomorrow come let end sorrow love destiny come come ill hand land come come oh leave world world come come come come oh feel alive yeah night everlasting time night come oh night fears night hearts eternal night hey hey hey hey come oh away tonight feel alive stay tonight night everlasting time love come oh fears love hearts eternal night come oh away tonight feel alive stay tonight night everlasting time love come oh fears love hearts eternal nightembed
3715,1987,Samantha Fox,Touch Me (I Want Your Body),touch want body ah touch touch night touch touch wanna feel body moon city night young hungry love hungry fun hunting bait saw didnt need hesitate night night time weve got right night touch touch wanna feel body heartbeat night touch touch quick flash disappeared night hurt boy didnt treat right feel good feel youre somebody night night time weve got right night touch touch wanna feel body heartbeat night touch touch touch touch touch touch hot cold emotion confusing brain decide pleasure pain tramp night begging treat body wanted oh begging night touch touch wanna feel body heartbeat night cause want body time night touch touch wanna feel body heartbeat night cause want body time touch touch touch night touch touch wanna feel body touch touch touch night touch touch wanna feel body touch touch touch nightembed
3718,1987,Loverboy,Notorious,notorious lyricshey hey hey theres lone wolf prowl tonight lurkin shadows sight said little girl hesitate cause youre usin live bait senorita solitaire got certain kind savoirfaire cause youre notorious notorious want need cause youre notorious notorious mothers nightmare schoolboys dream everybody trick book goes gets dirty looks said little girl hesitate cause youre usin live bait senorita solitaire got certain kind savoirfaire cause youre notorious notorious want need cause youre notorious notorious mothers nightmare schoolboys dream lock want prisoner lock want slave said little girl hesitate cause youre usin live bait senorita solitaire got certain kind savoirfaire cause youre notorious notorious want need cause youre notorious notorious mothers nightmare schoolboys dream cause youre notorious notorious want need cause youre notorious notorious mothers nightmare schoolboys dream schoolboys dream oh yeah lock upembed
3719,1987,Starship,Beat Patrol,beat patrol lyricschorus heaven soul comes beat comes beat patrol dance help change way feel today world turns upside time break dance day music starts time streets dance lose control heaven soul comes beat comes beat patrol dance dance heaven soul comes beat comes beat patrol dance dance age win cos gold streets today music brings dream machine way feeling starts time streets dance lose control heaven soul comes beat comes beat patrol dance dance heaven soul comes beat comes beat patrol dance dance yeah yeah yeah yeah come come beat come beat patrol come beat dance heaven soul comes beat comes beat patrol dance dance heaven coming wont long come beat come beat patrol dance dance heaven soul comes beat comes beat patrolembed
3720,1987,Duran Duran,Skin Trade,skin trade working weekend baby shes working night jump deep end gave evidence required takes shes got pearls fake comes making money smiles thats cruel know thinks knew wonders laughs frustration explain reason strange behavior exploitations working skin trade doctors revolution gave medicine desired absolutely painless question compromise got steel cool angry weekend school big deal rule comes making money yes thank wonder ask question explain reason strange behavior exploitations working skin trade explain reason strange behavior exploitations working skin trade know answer asking question explain reason strange behavior exploitations working skin trade explain reason strange behavior exploitations working skin trade explain reason strange behavior exploitations working skin trade explain reason strange behavior exploitations working skin trade2embed
3723,1987,Stryper,Honestly,honestly honestly believe trust patiently stand stand faithfully years friend forever ill friend true love love honestly ill friend true love love honestly betray trust love love honestlyembed
3724,1987,The Human League,I Need Your Loving,need loving need loving need kissing baby need loving need kissing baby moonlit sky casts shadows romance air strong somethings telling need love need loving need kissing baby thats fact need loving need kissing baby looking glass reflects moon loves missing room baby need love need loving need kissing baby thats fact need loving need kissing baby need loving need kissing baby thats fact need loving need kissing baby oh need love need tonight oh need love oh need love hug squeeze tight oh need love oh need love need tonight oh need love oh need love hug squeeze tight oh need love baby come home need love need loving need kissing baby thats fact need loving need kissing baby need loving need love need kissing baby need loving need love need kissing baby thats fact thats baby need loving need love need kissing baby know ive missing need loving need love need kissing babyembed
3725,1987,Duran Duran,Notorious,notorious nononotorious notorious ah nononotorious read burns skin eyes ill fine heres compromise lies come hard disguise need fight wild lay seedy judgements says theyre lives money control witness ill leave lonely monkey business pay prophets justify reasons heard promise believe thats ive nononotorious girls secrets uh long boys noise fools run rings break theyll destroy grand notorious slam bam gives damn flaky bandit ask bleed need blood survive money control witness ill leave lonely monkey business pay prophets justify reasons heard promise believe thats ive notorious notorious money control witness ill leave lonely monkey business pay prophets justify reasons heard promise believe money control witness ill leave lonely monkey business pay prophets justify reasons heard promise believe thats ive thats ive nonotorious yeah thats ive nononotorious yeah thats ive nonotorious nononotorious yeah thats ive nonotorious nononotorious2embed
3726,1987,Aretha Franklin,Rock-A-Lott,rockalott rock rock rock time jam yall freeze wall lets rock hey ooh ooh yeah longer things stood innocence love big girl big needs desires come higher rock lot love wont wait oh wont boy rock lot thats lately hey hey yeah rock lot ill pair spare oh yes rock lot big boy rock rock rock oh yeah party yeah ooh think turn time soul gets burned games place jamming concern good man satisfied gone underground hide sweet thing hey rock lot love wont wait oh wont rock lot thats lately yeah baby rock lot ill pair spare oh baby rock lot big boy step funk raise funk yall time rock rere yes rocking souls desire going set tried warn tried warn yeah yeah itembed
3731,1987,Depeche Mode,Strangelove,strangelove therell times crimes unforgivable sin life livable think ive sea love ill riverful yes ill worthwhile ill heart smile strangelove strange highs strange lows strangelove thats love goes strangelove pain return therell days ill stray appear constantly reach sin practice preach trying ill way willing learn youve got teach oh ill worthwhile ill heart smile pain return ill pain pain return ill pain pain return ill pain pain return wont strangelove strange highs strange lows strangelove thats love goes strangelove strangelove strange highs strange lows strangelove thats love goes strangelove strangelove strange highs strange lows strangelove thats love goes strangelove ill thats love goes ill in13embed
3736,1987,Stacey Q,Shy Girl,shy girl shy girl shy girl shy girl shy girl wanna let drive senses little girl youve broken defenses gonna love tenth degree hey little girl dark things tear apart know way heart turn light baby know told twice shy slow trying baby baby way little girl dark things tear apart know way heart shy girl shy girl shy girl shy girl tell love baby tell love tell tell didnt know boys tell love ill tell girl shy hey little girl dark things tear apart know way heart little girl dark things tear apart know way heart shy girl shy girl shy girl shy girlembed
3737,1987,Bruce Hornsby & The Range,Every Little Kiss,little kiss lyricsway working docks sees long day nights phone chance talk oh heyjust talk thousand miles away wouldnt night little relief sight someday times werent tight day goes water town sun sinks low thats know need yes youre miss little kiss little little everybody heres number guess thats right sit long day absence company oh let mind wander hey yeaha thousand miles away wouldnt night little relief sight someday times werent tight day goes water town sun sinks low thats know need yes youre miss little kiss little little hey yeah hey yeah wouldnt night little relief sight someday times werent tight day goes water town sun sinks low thats know need yes youre miss little kiss little little hey yeah dododo dodo doo yeah yeah yeah yeah yeah yeah yeah3embed
3738,1987,Lou Gramm,Midnight Blue,midnight blue aint got regrets aint losin track way going aint gonna double want misplay display angel know way oh yeah oh follow yeah thats true following days gotta follow remember father said said son life simple cherry red midnight blue oh oh midnight blue oh oh restless care trouble boy lookin double dare wont apologize things ive said win heart gonna paint cherry red want talk live think soon far midnight blue oh oh midnight blue oh oh things different thatd shame coz feel sun right pouring rain wont know soon theres gonna come day baby ill yeah ill saving love midnight blue oh oh midnight blue oh oh midnight blue oh oh deepest midnight blue oh oh midnight blue oh oh midnight blue tonight oh oh midnight blue oh oh oh midnight blue oh oh midnight blue oh oh midnight blue midnight blue oh oh midnight blueembed
3740,1987,Tina Turner,What You Get Is What You See,boys got look greek adonis boys try talk feet boys think theyre gods gift woman boys think theyre sweet eat change habit lifetime try cause cut deeper icing realize aint wanna love woman takes man want kind love guys got lips help kissing guys got smile resist guys got build reputation wanna add list got lot physical attraction deny guarantee satisfaction waiting waiting waiting waiting waiting oohhh aint wanna love woman takes man want kind love let cards table buy read writing label reason believe theres meets eye aint wanna love woman takes man want kind love aint doesnt matter doesnt matter want kind love aint want kind love oooohh seeembed
3742,1987,Tesla,Little Suzi,little suzi lyricsow little suzis looking getaway ruby tries bring looking way little suzis heading spotlight ruby finally gets looking quiet nights music makes feel hot ooh shell smile camera shes got bring shes lot shell richer far dreams come true little suzis little suzis suddenly game rubys got cause suzis plenty set fame little suzis casting couch appointments rubys gonna hang sure suzis okay music makes feel hot shell smile camera shes got bring shes lot shell richer far dreams come true bring shes lot shell richer far dreams come true little suzis oh music makes feel hot oh shell smile camera shes got oh bring shes lot shell richer far dreams come true woah bring shes lot shell richer far dreams come true little suzis oh yes ow shes little suzis heading spotlight oh little suzi oh music makes feel hot little suzi yeah uh huh yeah yeah oh yeahembed
3744,1987,Level 42,Running In The Family,running family dad send room hed voice doom said thank later day solid rock oclock wed crumbling night brother joe climbed family tree grew outside bedroom window ran knew running past things born looking bizarre runs family things seat car joseph emily far daddys eyes looking bizarre dad rang officer charge man large barely fit circumstances said kids street picked beat station theres emily joe daddy driving home heading direction knew matter breaks wed mistakes eyes joe looking bizarre runs family things seat car joseph emily far daddys eyes looking bizarre runs family things looking bizarre dream dream drummer plays drum father son youre gonna face music oh yeah face music hey hey running family hey hey coming family looking bizarre runs family things seat car joseph emily far cause daddys eyes looking bizarre whoa yeah running family running family daddys eyes looking bizarre whoa yeah running familyembed
3745,1987,Cher,I Found Someone,know things come words rang true love thought remember thunder talking bout eyes walked away needed maybe baby maybe baby away heartache away loneliness ive feelin youve gone youve gone dry eyes bear someday love shine feelings knew baby loose thunder talking bout eyes youre lookin believe maybe baby maybe baby away heartache away loneliness ive feelin youve gone youve gone long border line wondering love left open eyes realized baby away heartache away loneliness ive feelin youve gone baby away heartache away loneliness ive feelin youve gone youve goneembed
3746,1987,Peter Cetera,Big Mistake,big mistake lyricskeeps waiting theyre standing line worry hes taking sweet time mans mighty hot believe womans big boys got know lie theyre taking shot smoothtalking man want let hell gone morning comes theyll know big mistake big mistake wont definitely wont big mistake sooner later theyre gonna cares hearts hes breaking tonight hes letting hang mans mighty tough better leave starts rough smoothtalking man want let hell gone morning comes theyll know big mistake big mistake wont definitely wont big mistake big mistake big mistake big mistake think oughta mr right baby big surprise tonight think oughta mr right baby big surprise tonight morning gone big mistake know youve lied morning know youre wrong big mistake theres morning gone big mistake know youve lied morning youre big mistake youre morning gone morning know youre wrong morning gone morning youll alone1embed
3749,1987,Steve Winwood,Valerie,valerie wild standing hands hair help remember touched theres face place cool jazz summers day music high sweet blew away warm wind arms valerie valerie come boy love songs night tell lovers theyre dying cries hang time someday good wind blow night hear warm wind arms valerie valerie come boy cool jazz summers day music high sweet blew away warm wind arms valerie valerie come boy boy be3embed
3751,1987,Carly Simon,Coming Around Again,coming baby sneezes mommy pleases daddy breezes good paper romantic bewildering know stays youre willing play game coming mind fall apart theres room broken heart broken heart pay grocer fix toaster kiss host goodbye break window burn souffle scream lullaby know stays stays youre willing play game play game coming mind fall apart theres room broken heart believe love love know stays stays youre willing play game play game coming baby sneezes believe love mommy pleases believe love daddy breezes believe love know stays youre willing play game coming believe believe believe love believe love believe love believe love believe love coming coming know stays believe love youre willing play game believe love coming believe love believe love believe love believe love believe love coming oooh2embed
3752,1987,Al Jarreau,Moonlighting (Theme),moonlighting theme lyricssome walk night fly day change set sure way charming bright laughing gay stranger love blues braves sun moon facing old sweet tune watch dawn sharing space walk night fly day sweeter meet long way sun moon facing old sweet tune watch dawn sharing space come walk night come fly day sweeter cause met long way walk night fly day moonlighting strangers met way met way1embed
3753,1987,Fleetwood Mac,Everywhere,calling calling hear calling know falling know ill speak little louder ill shout know proud words oh wanna oh wanna wanna somethings happening happening friends acting peculiarly come baby better start better soon break heart oh wanna oh wanna wanna hear calling know falling know come baby better start better soon break heart oh wanna oh wanna oh wanna oh wanna wanna everywhere13embed
3754,1987,Pretenders,My Baby,baby lyricsi want love thats want want love day know peasant dressed princess doesnt mean clothes away happiness feel real princess success baby seen dancin natural beauty dive sublime heart music youre poetry time theres method writing song come getting wrong write beautiful songs baby cmon cmon cmon baby hand cmon cmon cmon love land happen day age suddenly turn page walking stage babyembed
3756,1987,Mick Jagger,Throwaway,throwaway lyricsused play casanova smoother bossa nova love play romeo need home greasy slick leave traces quick use cheap champagne brief affairs backstage love love good throwaway love good throwaway ive played fool ive played clown easy lover come town fashion buyers market bust started incurably romantic leave ill frantic cheap champagne brief affairs backstage love love good throwaway yes love good throwaway glove fits quits throw life away cause love good throwaway money play casanova faster roller coaster gave best years life kick gutter cause love good throwaway yes love good throwaway yes theres slip cup lip let slide away cause love good throwaway come come come come come come come ah yeah good good goodembed
3757,1987,Heart,Alone,leave kitten better leave kitten better leave kitten told big fat bulldog better leave better leave kitten better leave kitten dog going leave mister dog going hit head child going miss youre going wish dead leave kitten told big fat bulldog better leave alright hey hey hey hey hey hey hey hey hey yeah hey better leave better leave better leave yeah better leave better leave oh got leave hey hey told big fat bulldogembed
3758,1987,Levert,Casanova,casanova aint casanova romeo aint friends love ya gonna sing ya time time ohh casanova casanova ohh casanova casanova man deserves good woman want wife time better spended baby woman life let love ya inside want hold ya babe let squeeze ya dontcha know ill knees ya baby time wanna ya words tell ya love love love love love babe got let ya know need ya mean day baby let hold ya safe warm ill sweetheart babe baby baby baby told ya girl average guy know feel cause givin need want stay right baby knew lovetill came casanova tell casanova away ohh casanova tell aint casanova wanna listen baby wanna hold wanna squeeze ya wanna sweet love wanna ya feel letcha casanova man baby want love love love love baby ohhh casanova 1embed
3759,1987,Debbie Gibson,Shake Your Love,shake love shake love shake love shake love shake love shake love shake shake love shake love spell boy wondering game love emotional tie trying figure heart heart offer proof apart truth oh know stop stare smile walk night hang phone got know knew maybe fine baby know tell oh ooh know youre thinking eyes want love try glad realize shake love shake shake love embed
3760,1987,Cyndi Lauper,Boy Blue,boy blue knew ah knew stolen innocence nonot soul tell little boy blue youll standing step ahead oh fast little shy little boy blue woah wise blood runs warms deep street kids walking kid walking kid send letter photographs ah ill tuck dreams wake old years brave pain disappears tell little boy blue youll standing step ahead oh fast little shy little boy blue woah wise blood runs warms deep street kids walking kid walking kid ooh stolen innocence nonot soul tell little boy blue youll standing step ahead oh dance little little boy blue woahwoah wise blood runs warms deep street kids walking kid walking kid walking kid boy blue oh youre walking step ahead youre walking step ahead ooh boy blue1embed
3762,1987,Eddie Money,Take Me Home Tonight,home tonight lyricsohhh yeah feel hunger hunger tries man awake night answer shouldnt wonder feel whet appetite power youre releasing isnt safe walk city streets anticipation running lets keys turn engine feel breathe feel heart beat faster faster home tonight want let til light home tonight listen honey ronnie sang little baby oh ho oh frightened darkness nightmares hate sleep need company guardian angel warm cold winds blow feel breathe feel heart beat faster faster home tonight want let til light home tonight listen honey ronnie sang little baby little baby uhhuh ronnie sang said ronnie sang little baby baby darlin uh uh oh oh oh feel hunger hunger home tonight want let til light home tonight listen honey ronnie sang little baby oh ho oh home tonight want let til light home tonight listen honey ronnie sang little baby oh ho oh home tonight want let til light home tonight listen honey ronnie sang little baby oh ho oh8embed
3764,1987,Cameo,Candy,candy yeah hm candy feel walk talk takes youre dandy wanna know feel hoo stuff starting feeling theres mistaking clearly taken simple mere thought oh stuff starting stuff starting stuff starting oh stuff starting hoo eyes roll head toss turn bed morning think yes simply youre reason real shy real shy attempt look best cause affect fascinate thank heaven things things candy candy oh sure sweet sweet sweet youre dandy dandy youre taking appetite right candy candy ooh vanilla oh chocolate look real nice real nice wrapped tight youre dandy dandy mind little bit time giving heart attack kind oh candy candy youre dandy dandy youre brand new feeling feeling special way surprise package bright clear sunny day youre dandy dandy wrapped tight good good yeah strawberry strawberry raspberry raspberry good things violets gumdrops thats youre saying oh sweet candy candy candy candy sure good candy good candy oh baby oh youre dandy baby oh yeah yeah oh babe babe candy candy youre dandy dandy oh dandy oh dandy youre youre youre sweet7embed
3765,1987,Squeeze,Hourglass,hourglass feel pounding big door hear knocking feel falling flat floor catch falling hourglass grains sand watch stopped turning hands crew abandoned ship lights bridge throw overboard swim shore ones house lights blinds bridge throw overboard swim shore ones house lights blinds feel calling telephone hear ringing feel running steep hill stop running hourglass grains sand watch stopped turning hands little hand shakes fist face hanging spring bridge throw overboard swim shore ones house lights blinds bridge throw overboard swim shore ones house lights blinds bridge throw overboard swim shore ones house lights blinds bridge throw overboard swim shore ones house lights blinds hourglass grains sand little red grains sand watch stopped turning hands little green neon hands bridge throw overboard swim shore ones house lights blinds bridge throw overboard swim shore ones house lights blinds feel calling shore hear calling feel falling floor catch fallingembed
3768,1987,Company B,Fascinated,fascinated want play tonight hold thats thats mind baby feels right maybe play tonight want love want want want got dream true cause fascinated love boy fascinated love toy fascinated way feel cause fascinated love boy fascinated love toy fascinated way feel love morning light feel alright kiss let love loving come come want come come wont want want got dream good cause fascinated love boy fascinated love toy fascinated way feel cause fascinated love boy fascinated love toy fascinated way feel fascinated love boy fascinated love toy fascinated way feel cause fascinated love boy fascinated love toy fascinatedembed
3769,1987,Expose,Seasons Change,seasons change dreams night time yesterday leaves turn brown fade ships sail away long thousand words seasons change feels forever reason emptiness time runs away day day dream vain seasons change want want feel need know need baby seasons change feelings change long yesterday seasons change people change ill sacrifice tomorrow today forever far away theres time love play dream today feeling slips away winds blow away seasons change want hide feelings inside need ive got love baby seasons change feelings change long yesterday seasons change people change want want feel need ive got love baby seasons change feelings change long yesterday seasons change people change ill sacrifice tomorrow today today seasons change feelings change long yesterday seasons change seasons change people change people change seasons change seasons change feelings change feelings change change season seasons change people change seasons change feelings changeembed
3770,1987,The Cure,Just Like Heaven,heaven trick makes scream said makes laugh said threw arms neck promise promise ill run away ill run away spinning dizzy edge kissed face kissed head dreamed different ways glow far away said wont know love love soft lost lonely strange angels dancing deepest oceans twisting water youre dream youre dream daylight licked shape asleep days moving lips breathe opened eyes raging sea stole girl loved drowned deep inside soft lost lonely heaven52embed
3771,1987,Surface,Happy,happy happy happy happy thought id feel hypnotized things ill let youre right let know forever heaven sent sent life compliment baby baby love thats strong true true way want day happy happy happy happy happy happy happy happy happy yeah hello baby know thinking know glad come right beautiful baby ill waiting love youre need life need need embed
3772,1987,Alexander O'Neal,Criticize,criticize talk song sing makes look better things value opinion criticize friends criticize ideas criticize lifestyle fed cause wanna criticize close mind ooh ooh criticize yeah realize wanna criticize want right criticize start cause conversation aint right love stronger think twice criticize friends criticize ideas criticize lifestyle fed cause wanna criticize close mind ooh ooh criticize yeah realize wanna criticize want right criticize close mind wanna criticize ooh ooh criticize yeah realize wanna criticize want right criticize criticize motive criticize feeling criticize business fed cause wanna criticize close mind ooh ooh criticize yeah realize wanna criticize want right criticize criticize yeah close mind wanna criticize ooh ooh criticize yeah realize wanna criticize want right criticize oohwee yeah gotta man stand baby walking door baby close mind baby criticize ooh ooh oh criticize realize oohwee baby gotta love want right criticize close mind ooh ooh realizeembed
3774,1987,Atlantic Starr,Always,girl woman dedicate life love rare sent know youll stay way know love grow forever hey ooh youre sun chasing rain away come bring brighter days youre perfect forever love come sweet lets family bring joy oh boy love ways let know sure know love grow forever hey yeah ooh youre sun chasing rain away come bring brighter days youre perfect forever love hey yeah ooh youre sun chasing rain away come bring brighter days youre perfect forever love ooh ooh love ooh ooh love ooh ooh love always1embed
3775,1987,The Kane Gang,Motortown,motortown lyricsthe paintworks gleaming rising sun hopes rising high battles won brothers sisters gather change luck lose dice everybodys glory bound bowing motortown spread news theyve got motortown theres new age dawning friend revolution latest style left desperate trust kiss chrome wish turns rust everybodys glory bound got motortown spread news come motortown cars roll old steelyard weeds grow high miracle miracle miracle business booming come good zone cash gone theres hope loan everybodys glory bound got motortown forget whats lost cheer whats build cheap cars motortown everybodys glory bound got motortown spread news work pennies motortown1embed
3776,1987,Daryl Hall,Someone Like You,lyricsonly know hard let hard face nights suffer fools advice bad try kind love oh need romance grows strong got chance youre gone away left carry aint gonna bear comparison real thing ive got got need theres pain plain know satisfied came hope come today somebody way somebody place somebody spaceembed
3779,1987,El DeBarge,Someone,running accidental touch turned gentle kiss love finally come close thats feel worlds asleep sharing sweet solitude gave trying love long walk soft talk believe odds long ago care ones dreams share agree nights rough love long walk soft talk hard believe odds thats favorite time night finding ways hold tight imagine embed
3780,1987,Bobby Brown,Girlfriend,girlfriend remember time picture love heart girl holding hands lady wont understand need girlfriend need right loving kissing holding tight letting need girlfriend need right right maybe friday saturday night girl think time cause need girl youre mind need girlfriend need right loving kissing holding tight letting need girlfriend need right loving kissing holding tight keeping warm oh yeah need girl feels help girlfriend gotta love loving kissing holding tight letting need girlfriend need right loving kissing holding tight keeping warm baby oh girl want girl need right need yeah baby want girl want right need need baby want love kiss hold tight whoa baby yeah sweetheart wanna love kiss hold tight whoa baby know mean girl need girlfriend need girlfriend need girlfriend need girlfriend need girlfriend girl bobby talking need girlfriend la la la la la woo need girlfriend la la la la la need girlfriend need girlfriend la la la la la need girlfriend said la la la la la need girlfriend oh girl know need girlfriend know need need need girlfriend need girlfriend um lets time lets slow need girlfriend surely need girlfriend gotta answer time today baby cause wait love you1embed
3781,1987,Jeff Lorber & Karyn White,Facts Of Love,facts love lyricsthese facts love facts love youve heard reputation think cold ice know secret hard satisfy ill accept invitations men play game foolish lies dozen ive got mind need conversation takes half away facts love waste time temporally passion facts love need ordinary satisfaction want halfway lover ive played game times ill open heart love walking door need conversation takes half away facts love waste time temporally passion facts love need ordinary satisfaction facts love waste time oh baby need temporally passion facts love ive played game times need conversation takes half away temporally passion need love facts love imitation love facts love need need love facts love time open heart love sight ill facts loveembed
3782,1987,U2,With or Without You,stone set eyes thorn twist ill wait sleight hand twist fate bed nails makes wait wait storm reach shore want waiting ahah live away away away hands tied body bruised got win left lose away away away ohh live ohh live you48embed
3783,1987,Fleetwood Mac,Little Lies,little lies turn page time id rearrange day close close close eyes way ill settle day believe tell tell tell lies tell lies tell sweet little lies tell lies tell tell lies oh disguise disguise disguise tell lies tell sweet little lies making plans hope understand theres reason close close close eyes broken hearts better apart lets try tell tell tell lies tell lies tell sweet little lies tell lies tell tell lies oh disguise disguise disguise tell lies tell sweet little lies bridge turn page time id rearrange day close close close eyes way ill settle day believe tell tell tell lies tell lies tell sweet little lies tell lies tell tell lies oh disguise disguise oh disguise tell lies tell sweet little lies tell lies tell tell lies oh disguise disguise disguise tell lies tell sweet little lies tell tell lies14embed
3784,1987,Toto,Without Your Love,love lyricsits late night nothins feelin right youve gone away think know left time hard nearly lost came holdin inside killin meet old café chitown hear wind stop heart pound remember girl learning knew love night day girl love afraid love night day girl love saw door motor runnin hear sound knew asked let guard youre talking soft tell know youre called tell love night day girl love doesnt way love night day girl love love oh night day love way love got way love love night day night love love love1embed
3787,1987,Julian Cope,World Shut Your Mouth,world shut mouth shes flying face fashion shes flying face fashion chromed time going frequently said try harder shes flying face fashion sells world annually friend sings world shut mouth shut mouth head clouds shut mouth world shut mouth shut mouth head clouds shut mouth live secretly id seen sound taking role winds having tea crowd shes flying face fashion yeah lieu youre saying frequently adds sings world shut mouth shut mouth head clouds shut mouth world shut mouth shut mouth head clouds shut mouth world shut mouth shut mouth head clouds shut mouth world shut mouth shut mouth head clouds shut mouth world shut mouth shut mouth head clouds shut mouth world shut mouth shut mouth head clouds shut mouth world shut mouth shut mouth head clouds shut mouth world shut mouth shut mouth head clouds shut mouthembed
3788,1987,Ana,Shy Boys,100 best albums 2018 lyricsamen dunes freedomparquet courts wide awakebig red machine big red machineyoung fathers cocoa sugarbeach house 7dear nora skulls examplenap eyes bad nowstephen malkmus jicks sparkle hardnoname room 25janelle monáe dirty computersoccer mommy cleankamasi washington heaven earththe internet hive mindice age beyondlessadrianne lenker abysskisssaba care methe carters lovesnail mail lushthe dirty projectors lamp lit prosemewithoutyou epcourtney barnett tell feelkali uchis isolationspiritualized hurtwye oak louder faster runsmac miller swimmingbuddy harlan alondrakendrick lamar black panther soundtrackyves tumor safe hands lovejeff tweedy warmearl sweatshirt rap songsrolling blackouts coastal fever hope downspusha t daytonabonny doon longwavejid dicaprio 2shy boys bell houseserpentwithfeet soiljorja smith lost foundkurt vile bottle innyeusi nyeusiyo la tengo theres riot going onlump lumpagainst logic 20122017bat fangs bat fangsthe beths future hates metierra whack whack worldhookworms microshiftlil wayne tha carter vczarface mf doom czarface meets metal facejean grae quelle chris everythings finej cole kodmitski cowboyanderson paak oxnardmewithoutyou nils frahm melodysalad boys gluesun kil moon dinnerus girls poem unlimitedphospherescent cest la viekids ghosts kids ghostssaintseneca pillar nacaroline rose lonerthe glands double codakanye west yenas nasirmouse mars dimensional peoplemakaya mccraven universal beingsdenzel curry ta13oolupe fiasco drogas waveblood orange negro swanmoses sumney black deep red 2014fucked dose dreamsambrose akinmusire origami harvestsuperchunk time aliveking tuff otherdj koze knock knockjenny hval long sleepjon hopkins singularity tirzah devotionsuperorganism superorganism flasher constant imagepaul mccartney egypt stationrhye bloodfoxwarren foxwarrendeath cab cutie thank todayjoey purp quarterthingkruangbin todo el mundofather john misty gods favorite customerboygenius boygeniusblack thought streams thought vol 2mgmt little dark ageteyana taylor ktsesmino noirrobyn honeydeafheaven ordinary corrupt human lovevince staples fmarctic monkeys tranquility base hotel casinoelvis costello look nowtitus andronicus productive coughaminé onepointfivethe decemberists ill girl1embed
3789,1987,REO Speedwagon,In My Dreams,dreams lyricsthere time time ago sunrise meant sunny day oh sunny day morning light shines disturbs dreamland lay oh lay thank lord id wake life love golden sky pray stars shinin dreams love daybreak joyful time listen songbird harmonies oh harmonies wish dawn come wish silence trees oh trees stay asleep pretend youre thinkin cause night time time happy dreams climb climb fly let world lost time know means know love dreams hopin day ill awaken shell lying wonder dawn breakin touches suddenly alive climb climb fly let world lost time know means know love dreams climb fly let world lost time know means know love dreams oho dreams3embed
3791,1987,Swing Out Sister,Twilight World,twilight world lyricsits twilight world twilight world time world hurry theres love money changing hands lights thinking loud turn world outside night thoughts share darkness breaks day secrets talking loud silence waits dream away forget lonely crowds unfriendly faces theyll soon familiar places long long fooled love songs lonely hearts youre living twilight world fooled love songs lonely hearts twilight world time world hurry theres love money changing hands lights thinking loud turn world outside forget lonely crowds unfriendly faces theyll soon familiar places long long fooled love songs lonely hearts youre living twilight world fooled love songs lonely hearts twilight world inst break fooled love songs lonely hearts youre living twilight world fooled love songs lonely hearts twilight worldembed
3793,1987,Motley Crue,"Girls, Girls, Girls",girls girls girls friday night need fight motorcycle switchblade knife handful grease hair feels right need tight girls girls girls long legs burgundy lips girls girls girls dancing sunset strip girls girls girls red lips fingertips trick treat sweet eat halloween new years eve yankee girls beat theyre best theyre feet girls girls girls dollhouse fort lauderdale girls girls girls rocking atlanta tattletale girls girls girls raising hell seventh veil read news soho tribune know broke heart good good boy need new toy tell girl dance ill overemployed tell story know mean crazy horse paris france forgot names remember romance got photos menage trois mustve broke frenchies laws girls girls girls bbbody shop marble arch girls girls girls tropicanas lost heart girls girls girls girls girls girls girls girls girls girls girls girls girls girls girls girls girls girls whoo7embed
3794,1987,The Jets,You Got It All,got game play brought clouds day ray light came way night look knew clear clouds disappear fears rest love best know know got got honey true theres heaven sent hearing went limb youre hes look got cause got let worry met let oh surely youre look knew clear clouds disappear youre better rest love best know know embed
3797,1987,Suzanne Vega,Solitude Standing,solitude standing lyricssolitude stands window turns head walk room eyes shes waiting standing slant late afternoon turns hand extended palm split flower flame solitude stands doorway struck black silhouette long cool stare silence suddenly remember time weve met turns hand extended palm split flower flame says ive come set twisted thing straight says ive come lighten dark heart takes wrist feel imprint fear ive thought finding turn crowd theyre watching theyre sitting dark warm wanted eyes gathered turns hand extended palm split flower flame says ive come set twisted thing straight says ive come lighten dark heart takes wrist feel imprint fear ive thought finding solitude stands doorway struck black silhouette long cool stare silence suddenly remember time weve met turns hand extended palm split flower flameembed
3800,1987,Cameo,Word Up,word oh yo pretty ladies world got weird thing tell boys girls tell yo brother yo sister yo momma cause throw youll know wave hands air care glide people start look stare dance dance dance quick mama come baby tell whats word oh word everybody hear youve got underway word code word matter youll know youll heard sucker djs think youre fly theres got reason know reason try airs act real cool youve got realize youre acting fools music use need dance time psychological romance romance romance romance mama come baby tell whats word oh word everybody hear youve got underway dial l low come people word word up7embed
3801,1987,Billy Vera & The Beaters,At This Moment,moment lyricswhat think moment youre standing tears eyes trying tell love think moment faced knowledge love think curse things hurt cause love think hate raise hands come know hurt darling love know id hurt youoowoooooo think moment youd stay id subtract years life id fall knees kiss ground walk hold id fall knees kiss ground walk baby hold pause hold pause hold againembed
3802,1987,Bruce Willis,Respect Yourself,respect lyricsif disrespect everybody run world think anybody sposed respect heck man bible hand way let gentleman thing youre kind gentleman wants way sheet face boy brand new day respect respect respect aint gonna good cahoot na na na oh oh respect youre walking thinking world owes cause youre youre going world backwards came talking president wont stop air pollution hand mouth cough thatll help solution cuss women folk know youre dumb think makes big ol man respect respect respect aint gonna good cahoot na na na oh oh respect respect respect respect aint gonna good cahoot na na na oh oh respect yourselfembed
3803,1987,Lisa Lisa And Cult Jam With Full Force Featuring Paul Anthony & Bow Legged Lou,All Cried Out,cried sunday morning outside rain falling inside slowly dying rain hide crying crying crying know tears burn pillow set place cause tired lies needed simple hello traffic noisy hear gave love vain body knew pleasure heart knew pain leave confused cried oh ooh wanted things way astray oh fool grass greener late way home wrong leaving know hurt cause inferno romance flames blame left neglected sorry apology accepted add broken hearts youve collected oh gave gave know weaken easily know cried cried gave love vain body knew pleasure heart knew pain left confused cried cried youembed
3805,1987,Mr. Mister,Something Real (Inside Me/Inside You),real inside meinside lyricseveryones looking real everyones taking steal brother sister look face face theres missing human race hey inside want real forever know inside world feel yeah person person place place run lost race brother sister hold got time coming youre ready youre ready oh gimme real want real gimme real forever inside world feel yeah yeah brother sister hold got time coming oh youre ready youre ready oh gimme real want real real forever inside world feel world feel want real real forever inside world feel togetherembed
3808,1987,Paul Simon,Graceland,graceland mississippi delta shining national guitar following river highway cradle civil war going graceland graceland memphis tennessee going graceland poor boys pilgrims families going graceland traveling companion years old child marriage ive reason believe received graceland comes tell shes gone didnt know didnt know bed id noticed way brushed hair forehead said losing love window heart everybody sees youre blown apart everybody sees wind blow going graceland memphis tennessee going graceland poor boys pilgrims families going graceland traveling companions ghosts sockets looking ghosts empties ive reason believe received graceland girl new york city calls human trampoline falling flying tumbling turmoil whoa means means bouncing graceland losing love window heart everybody sees youre blown apart everybody feels wind blow ooh graceland graceland going graceland reasons explain theres wants graceland obliged defend love ending maybe theres obligations maybe ive reason believe received graceland ooh woah graceland graceland graceland going graceland 9embed
3809,1987,Herb Alpert,Keep Your Eye On Me,eye eye eye watch look watch watch meembed
3814,1987,Lionel Richie,Love Will Conquer All,love conquer reaching stand trying fall theres need worry love conquer want know long love bad times pass things right ooh world unkind surely peace mind light reaching whoa stand trying fall oh theres need worry love conquer somebody tell dreams wrong belong ooh start oh tell learn theres turn truth hearts road gets hard travel pains bear life unravel thats time oh going reaching stand trying fall theres need theres need worry love conquer love chance1embed
3815,1987,Donna Allen,Serious,lyricsbaby tell hey boy got delirious oh uh stop playing games ooh boy think youll change baby know sure feel loving ha sure come baby tell heart belongs baby killing got going round round honey settle baby know sure feel loving ha sure come baby talk talk talk talk breaking hearts claim fame know gonna change gonna man gotta change ways talk talk talk talk right start fine broke heart telling told lovers lets friends baby know sure feel loving huh sure come baby breaking hearts claim fame know gonna change gonna man gotta change ways talk talk talk talk talk right start talk fine broke heart talk telling told talk lovers lets friends talk talk talk talk seriousembed
3818,1987,Fleetwood Mac,Big Love,big love looking love night oh ill build kingdom house hill looking love big big love said love oh beg house hill looking love big big love ooh ah ooh ah ooh ah ooh ah wake wake fall looking love big big love looking love big big love ooh ah ooh ah ooh ah ooh ah ooh ah ooh ah ooh ah ooh ah ooh ah ooh ah ooh ah ooh ah ooh ah ooh ah ooh ah ooh ah ooh ah ooh ah ooh ah ooh ah ooh ah ooh ah ooh ah7embed
3820,1987,4 By Four,Want You For My Girlfriend,want girlfriend lyricswanna time gotta position way weve hanging obvious admit baby want girlfriend nervous shout turn baby inside satisfied youre feeling youre gonna turn secret got let know heart youve weakness ive loving right start want baby want girlfriend want girlfriend fellas think youre number stop theyre thinking truth having fun honestly want boyfriend nervous shout turn baby inside satisfied youre feeling youre gonna turn secret got let know heart youve weakness ive loving right start want baby want girlfriend want baby baby wont girlfriend girlfriend girlfriend want baby want girlfriend want baby baby wont girlfriend want baby want girlfriend want baby baby wont girlfriend cause love need girl got baby girlfriend listen ha want baby girl baby want girlfriend girlfriend babyembed
