,Year,Artist,song_name,further_clean_text
3823,1988,Rob Base & D.J. E-Z Rock,It Takes Two,takes right youre possessed sounds emcee rob base dj ez rock hit takes thing right takes outta sight takes thing right takes outta sight wanna rock right rob base came internationally known known rock microphone stupid mean outrageous stay away youre contagious cause winner loser mc choosea ladies love girls adore mean ones saw way rhyme reason man know lets cause takes thing right takes outta sight takes thing right takes outta sight rob got real funky concept listen cause gonna step got idea wanna share care number uno comp bring suckers cause ill stomp bold black wont protect followers cause want respect doctor rapture slick brother easy outfox ya cause rob base yes mic known freshest lets start shouldnt hard sucker need bodyguard wont fess wear bulletproof vest smoke buddha stand sess yes takes thing right takes outta sight takes thing right takes outta sight situation base kinda stingy thats wanna lend funky rhyme foe good friend listen cause want comprehend cause leader man superior care ya ya wearier sit rhymes counterfeit record sells makes hit wont hurt listen red alert shirt sure hit dirt kids guys girls want ducats cause rob bases world mission ya better listen rhymes cause dissin cause takes thing right takes outta sight takes thing right takes outta sight stand need cause rob came fun need friends act foes cause rob base knows things ya weary cheer hear cause got clout shout ho turn party wont stutter project voice speak clearly choice stage record wiz select rack wack whopper fuck big mac want static lets throw hands know bro got ego yo talkin oh cause rob ez rock backup soft better slack cause cool calm breeze rock mike help ez rock set music plays cuts records takes thing right takes outta sight takes thing right takes outta sight right ez rock count want busy ready loose takes takes takes takes takes takes takes takes takes takes takes takes takes takes takes takes takes takes a14embed
3825,1988,Stevie Wonder & Michael Jackson,Get It,miss lady girl putting love shelf cause want hurt shes taken heart away lock key high time miss lady girl sets heart free gives love yeah think diamond rings fancy cars big impression yeah ha dah know needs tender love affection cause says ones gonna dah ones gonna oh someones gotta feel heehee heehee aaow ones gonna dah dadada ooh ones gonna oh dadada someones gotta dadada know heehee heehee aaow gonna love gonna kisses gonna heart gonna miss lady girl ha dah buried feelings deep inside cause want ah dah taken ride shes sick tired ha lonely merrygoround know dah ultimate love life hoo think ready cash flashy clothes life laughter ive got thing needs true love forever ones gonna ones gonna oh someones gotta feel ones gonna got ones gonna oh someones gonna know gonna gonna gonna aint gonna gonna aint gonna gonna gonna gonna gonna gonna aaow gonna gonna gonna gonna gonna gonna gonna hoo hoo gonna gonna gonna aint gonna know dah ah hoo aaow gonna gonna gonna gonna gone gonna it1embed
3826,1988,Pebbles,Mercedes Boy,mercedes boy wanna ride baby let tell ive watching dancing dreams feel heartbeat inside feel coming catch getting mood boy ill cruisings wanna ride mercedes boy tell youre gonna cause wanna ride mercedes boy things gonna baby let tell ive wanting scene good looks possessing feel coming catch getting mood boy ill cruisings wanna ride mercedes boy tell youre gonna cause wanna ride mercedes boy things gonna wanna ride mercedes boy tell youre gonna cause wanna ride mercedes boy things gonna wanna ride ride ride gonna ride ride gonna wanna ride mercedes boy tell youre gonna cause wanna ride mercedes boy things gonna wanna ride mercedes boy tell youre gonna cause wanna ride mercedes boy things gonna wanna ride mercedes boy tell youre gonna cause wanna ride mercedes boy things gonna wanna ride mercedes boy tell youre gonna cause wanna ride mercedes boy things gonna wanna ride1embed
3829,1988,Tony Terry,Forever Yours,forever lyricsforever forever sweet forever forever forever forever number number forever girl share world theres need forever forever forever lonely man lonely world love stood test time need girl came running forever forever sweet forever forever worry worry babe mans forever lonely man lonely world love stood test time need girl came running forever forever forever forever worry bout thing worry baby mans forev forever yoursembed
3833,1988,Michael Bolton,Wait On Love,wait love lyricsnow shes gone life nearly drove mind thinking meant left afraid startin gotta start livin youre drownin loneliness hurtin ends night rolls search piece mind wrong wont burned desire time gonna wait love holdin till wait love wont hold promised till comes gonna wait love wanna close somebody voice says movin fast hard know walk away try night rolls secrets safe dark stayed long gonna lie heart gonna wait love holdin till wait love wont hold promised till comes gonna wait love run know right trust heart soul rest lifeembed
3834,1988,Stryper,Honestly,honestly honestly believe trust patiently stand stand faithfully years friend forever ill friend true love love honestly ill friend true love love honestly betray trust love love honestlyembed
3835,1988,The Cars,Coming Up You,coming lyricshow leave standing holding air hope landing didnt know cared youre finding youre finding dreams didnt connected things upside feeling somewhat neglected turning tide youre finding youre finding dreams keeps coming youre hard keeps coming theyre taking time keeps coming coming keeps coming coming want streamers violet forsake stifles etiquette youre finding youre finding dreams keeps coming youre hard keeps coming theyre taking time keeps coming coming keeps coming coming keeps coming coming coming keeps coming coming coming coming youembed
3836,1988,When In Rome,The Promise,promise need friend look stranger know end ill youre doubt youre danger look ill sorry thinking right words promise know sound way planned promise wait ill fall promise promise day temper know gonna shout whats intended words come cross bear sorry thinking right words promise know sound way planned promise wait ill fall promise promise sorry thinking right words promise know sound way planned promise walk world id fall promise promise gotta tell need tell gotta tell ive gotta tell sorry thinking right words promise know sound way planned promise wait ill fall promise promise promise sorry thinking right words promise know sound way planned promise walk world id fall promise promise will7embed
3837,1988,Tracy Chapman,Baby Can I Hold You,baby hold sorry years gone words come easily sorry sorry forgive years gone words come easily forgive forgive baby baby hold tonight maybe told right words right time youd love years gone words come easily love love baby baby hold tonight maybe told right words right time youd baby hold tonight maybe told right words right time youd youd youd mineembed
3838,1988,Cheryl Pepsii Riley,Thanks For My Child,thanks child lyricsooh yeah came life right man left regret thing having thanks child thanking man thanks child brought joy bundle love thanks child father ran away free love baby love ooh oh ill stay watch grow yes ill raise onewoman life worth singing song right ill strength thanks child thanking man thanks child brought joy bundle love ill hold arms hold close rock bye baby ill rock sleep understand language baby talk forgot crawl walked looking beautiful youre wrapped blankets love child thanks child today years gone thanks child grew eyes time time thanks child daddy ran away free love baby love inside love oh know ill let oh yeah cause youre sweet baby papa preach papa rolling stone left beautiful cause left thats okay cause mother baby carried months gonna carry carry love sweetheart love mommy2embed
3839,1988,Def Leppard,Hysteria,hysteria touch reach yeah try closer love deep yeah hypnotized shaking knees got know tonight youre tonight stop feeling stop oh hysterical hysteria oh feel believe magical mysteria feeling better start believing miracle oh ooh babe hysteria youre near yeah hide way street oh believe yeah open wide thats right dream feet oh believe got know tonight youre tonight stop feeling stop oh hysterical hysteria oh feel believe magical mysteria feeling better start believing miracle oh ooh babe hysteria youre near got know tonight youre tonight stop feeling stop oh hysterical hysteria oh feel believe magical mysteria feeling better start believing miracle oh ooh babe hysteria youre near hysterical hysteria feeling youd better believe better start believing miracle oh oh babe closer closer baby baby closer closer closer me6embed
3842,1988,Swing Out Sister,Breakout,breakout breakout explanations sense answers wrong youre fighting lost confidence expectations gone time come break hesitate breakout stop ask youve break youve got way want breakout situations change tomorrow looks unsure leave destiny chance waiting time come break breakout stop ask youve break youve got way want breakout stop ask youve break youve got way want breakout people stop youre searching lay law shout breakout shout day day breakout breakout stop ask youve break youve got way want breakout stop ask youve break youve got way want breakout stop lay law shout ask breakout shout day day youve break ooh breakout youve got way breakout want breakout stop lay law shout ask breakout shout day day youve break youve got way2embed
3843,1988,Brenda K. Starr,I Still Believe,believe look eyes emotional inside know crazy touch heart time youd think wouldnt feel time melts nothings changed believe someday love dream someday love day life filled joy know desperate type theres spark hope left grasp ill hold hands worth risk burning second chance need baby believe believe true love end know love believe yeah someday love oh baby yeah dream someday love believe oh baby someday try love dream miss love someday love believe yeah believe someday baby love againembed
3845,1988,Michael Jackson,The Way You Make Me Feel,way feel heehee ooh gon girl aaow hee hey pretty baby high heels fever ive known youre product loveliness groove walk talk dress feel fever miles ill pick car paint town kiss baby tell twice youre way feel way feel turn turn knock feet knock feet lonely days gone lonely days gone uh uh feelin youre givin hold baby ecstasy oh ill workin buy things ive felt love promise baby youll love forever swear keepin satisfied cause youre way feel way feel turn turn knock feet baby knock feet lonely days gone lonely days gone achaooh gon girl gon heehee aaow gon girl wooh wooh ive felt love promise baby youll love forever swear keepin satisfied cause youre way feel way feel turn turn knock feet baby hee knock feet lonely days gone ah ah lonely days gone way feehee way feel turn turn knock feet baby hee knock feet lonely days gone lonely days gone aint nobodys business aint nobodys business way feel aint nobodys business aint nobodys business baby turn heehee knock feet heehee ooh lonely days gone time way feel come girl wanna turn aint nobodys business knock feet aint nobodys business baby gon girl aaow lonely days gone heehee hoo choocoo choocoo choocoo choocoo choocoo gon girl way feel heehee heeheehee turn knock feet lonely days gone time way feel come girl wanna turn aint nobodys business knock feet aint nobodys business baby gon girl lonely days gone time way feel come girl wanna turn aint nobodys business knock feet43embed
3848,1988,Pet Shop Boys,Domino Dancing,domino dancing day day know know thought loved sure ive seen look strangers times love want different kind remember felt sun love paradise hot burned threat distant thunder sky red walked turned head day day watch fall day day domino dancing day day watch fall day day domino dancing thought fought blame know play different game ive watched dance danger wanting add number score day day watch fall day day domino dancing day day watch fall day day domino dancing look wonder play win bad loser day day day day day day watch fall day day domino dancing day day day day know know thought loved sure hear thunder crashing sky dark storm breaking heart day day watch fall day day domino dancing day day watch fall day day domino dancing day day day day day day day day domino dancing day day day day day day watch fall day day domino dancing day day watch fall day day domino dancing day day watch fall day day1embed
3849,1988,Phil Collins,Two Hearts,hearts reason believe shed faith believe getting cause hurts let look look cause shes remind hearts believing mind know hearts believing mind cause theres easy way understand theres life blinded teaches let theres love youll know reach matter far hearts believing mind beating till end time know hearts believing mind forever till end time knows knows special place heart knows knows knows yeah knows knows matter far apart knows right hearts believing mind beating till end time know hearts believing mind forever till end time 2embed
3850,1988,Orchestral Manoeuvres In The Dark,Dreaming,dreaming born heaven girl id understand ive met child youve life hell day passes fall nearer ground ive looking wont dreaming dreaming trying catch eye trying catch eye wishing notice instead said goodbye new answer dreams weve solution rid grace single second held arms build raised killed charms dreaming dreaming trying catch eye trying catch eye wishing notice instead said goodbye dreaming trying catch eye wont stay tonight wont feelings start ask dreaming dreaming trying catch eye trying catch eye wishing notice instead said goodbye dreaming dreaming trying catch eye trying catch eye wishing notice instead said goodbyeembed
3851,1988,Fairground Attraction,Perfect,perfect lyricsi want halfhearted love affairs need cares life short play silly games ive promised wont got perfect got worth yeah people second best wont got yeah perfect young hearts foolish mistakes theyre eager love away foolish times determined gonna right got perfect got worth yeah people second best wont got yeah perfect young hearts foolish mistakes theyre eager love away foolish times determined gonna right got perfect got worth yeah people second best wont got yeah perfect got yeah worth got perfect1embed
3853,1988,Glenn Frey,True Love,true love lyricsout blue night came changed life got feeling things swear felt looked thats took read heart open book true love right start true love straight heart true love aint doubt baby true love live met baby thought happy livin realize world everythings fine aint mountain sugar climb got true love thats need true love got lifetime guarantee true love hard true love heart line true love makes day little brighter true love makes burden little lighter true love itll better man true love youd understand blue night came changed life got feeling things swear felt lift strong lovin lastin night long true love right start true love straight heart true love need baby true love need love guide true love deny feelin matter hard try know feel true love shes baby shes girl changed life oh changed world shes buttercup oh talkin love talkin love gotta true loveembed
3854,1988,Icehouse,Crazy,crazy 000 018 ive got pocket holes head clouds king fools youve got ribbon rainbows sun eyes burning happy sad losing head youve gotta crazy baby woh woh want guy woh woh yeah youve gotta mind mind woh woh crazy dreaming wake tonight wrong want right cause youre sure thing lost game hey lucky guy reason understand youve gotta crazy baby woh woh want guy guy woh woh yeah youve gotta mind mind woh woh crazy crazy crazy crazy woh woh kind mistake woh woh heart away heart away woh woh yeah youve gotta mind mind woh woh crazy 212 229 youve gotta crazy baby woh woh want guy guy woh woh yeah youve gotta mind mind woh woh crazy crazy crazy crazy kind mistake woh woh fall love fall love woh woh yeah gotta mind mind woh woh youre crazy crazy youve gotta crazy baby woh woh want guy guy yeah youve gotta crazy baby1embed
3855,1988,Morris Day,Fishnet,fishnet lyricstrapped glance double victim chance pulled bait caught fishnet black pantyhose big legs holes fishnet black pantyhose shes catch fishnet pantyhose closer drawers pass turned things moving kinda fast kinda fast saw fishnet black pantyhose big legs holes fishnet black pantyhose shes catch fishnet pantyhose fishnet black pantyhose waist toes fishnet black pantyhose catch goes know wondered itd feel hunted kinda makes feel fish sea way youre looking fishnets mama trap fishnet black pantyhose fishnet black pantyhose fishnet big legs fishnet black pantyhose ah gonna remember famous words look biglegged woman wondering lose cool fishnet black pantyhose big legs holes fishnet black pantyhose catch fishnet pantyhose fishnet black pantyhose big legs holes fishnet black pantyhose catch goes women let big legs let lose control time fishnet black pantyhose big legs holes fishnet black pantyhose shes catch fishnet pantyhose fishnet black pantyhose big legs holes fishnet black pantyhose catch goes fishnet1embed
3858,1988,Sade,Paradise,paradise id wash sand shore world blow right door feels fine feels youre feels right fine youre paradise id world feels fine feels youre fine paradise id wash sand shore world blow right door feels fine feels youre feels right fine youre paradise ooh life ooh life ooh life ooh life wanna share life wanna share life wanna share life wanna share life wanna share life wanna share life wanna share life wanna share life ooh life wanna share life wanna share life paradise wanna share life wanna share life wanna share life wanna share life youembed
3859,1988,Midnight Oil,Beds Are Burning,beds burning river broke bloodwood desert oak holden wrecks boilin diesels steam fortyfive degrees time come fairs fair pay rent pay share time come facts fact belongs lets dance earth turnin sleep beds burnin dance earth turnin sleep beds burnin time come fairs fair pay rent pay share wheels scare cockatoos kintore east yuendemu western desert lives breathes fortyfive degrees time come fairs fair pay rent pay share time come facts fact belongs lets dance earth turnin sleep beds burnin dance earth turnin sleep beds burnin time come fairs fair pay rent pay share time come facts fact belongs gonna dance earth turnin sleep beds burnin9embed
3860,1988,David Lee Roth,Just Like Paradise,paradise lyricsrockin steady daddys car got stereo big guitars thats right yeah right got itch restless soul gone wind gonna broke tonight yeah thats night girl weve meant born born problems coast clear ooh calm ooh storm livin paradise paradise wanna home wanna livin paradise wanna home dig dig suzy suzy girl cryin loud got right moves eat heart nightly aw thats right yeah special favors cash spend later got romance thats thats folks easy come easy folks night aint girl hang tight let livin paradise paradise hey wanna home aint goin home livin paradise paradise wanna home wow ho ho ho aw yeah whoo livin paradise paradise paradise wanna home wanna livin paradise goin home wanna home wow 1800seeya ho livin paradise paradise wanna home wow hey hey paradise livin paradiseembed
3861,1988,Basia,New Day For You,new day lyricshello shoulders sit half sees silent partnership helping hand far away clear view stand ill need helping hand words youve heard sake love gonna new day new day stars played past gone faith love best come hear deserve break time think new mistake helping hand gonna new day new day new day new day stars played past gone faith love best come words youve heard sake love stars played past gone faith love best gonna new day new day new day new day gonna new day new day new day new day hello meembed
3866,1988,White Lion,Tell Me,tell lyricswe held tight ran away night oh baby afraid knew stay parents didnt understand love teenagers far away home cold tell baby night youll let tell baby cause want world know place dreams hearts broken said wed leave know turn face left young love run cold tell baby night youll let tell baby cause want world know tell baby need tell baby youll let solo tell baby night youll let tell baby cause want world know tell baby need tell baby youll let oh baby know turn cause young world tell tell youll let cause need love need timeembed
3872,1988,Tony Toni Tone,Little Walter,little walter lyricshey little walter hey little walter walter listen hey little walter somethings gonna getcha little walter got roommate walter liked play strange games certain hobby liked thought cool started making money pay rent didnt sense tried ask nicely planned pay said doubt itll today hey little walter hey little walter walter listen hey little walter somethings gonna getcha little walter started coming clothes buy taking girls dinner time didnt pay mind saw driving brand new fancy car knew hed gone far tried ask pay today walter said today way hey little walter hey little walter walter listen hey little walter somethings gonna getcha little walter things getting set straight landlord wait sat told played fool cause knew things things start getting nasty broke fight thought short lasted half night time finished knock door walter went open blown floor hey little walter hey little walter walter listen hey little walter somethings gonna getcha little walter hey little walter hey little walter walter listen hey little walter somethings gonna getcha little walter hey little walter hey little walter walter listen hey little walter somethings gonna getcha little walterembed
3875,1988,Kingdom Come,Get It On,lyricsweve come long long way easy lonely times theres happiness time gonna best oh theres electric feeling air night young love share feel storm feel raging ooh shake know come life boys pushing hard playing best time let body rest oh onembed
3879,1988,Europe,Superstitious,superstitious lyricskeep walkin road ill follow callin ill mirror break easy cause deep know care superstitious oooh oh superstitious doubt theres reason things turn things changin day day ill feelin way want know youre mind day time walkin road ill follow callin ill yeah mirror break easy cause deep know care superstitious oooh oh times wonder tryin love gone difference bring superstition gonna turn things want know youre mind day time walkin road ill follow callin ill yeah mirror break easy cause deep know care superstitious nooo walkin things right yeah dreamin night gonna thats right end girl gonna walk walk walkin road ill follow callin ill yeah mirror break easy cause deep know care walkin road ill follow callin ill yeah oh ill mirror break easy cause deep know care superstitious superstitiousembed
3882,1988,Sammy Hagar,Eagles Fly,eagles fly lyricssunday morning 9 saw sky felt heart pound chest heard eagle alive breathe air feel wind smell earth air watch eagle rise trees project sees hey away come fly away high eagles fly dream sail sky ive wished fly simple life bird wing oh lord sing hey away come fly away pick high eagles fly oh yeah oh yeah alive breathe air wash earth face catch glimpse dream turn look theres trace away come fly away wanna fly away pick high eagles fly oh yeah eagles fly oh away eagles fly oh away come lets fly away eagles fly wanna fly away ooh eagles fly yeahembed
3883,1988,Barry Manilow with Kid Creole & The Coconuts,Hey Mambo,hey mambo lyricsbarry got shout hey mambo mama teach hey mambo know begat away hey mambo mama teach hey mambo know begat away hey mambo hey mambo hey mambo hey mambo hey mamboembed
3884,1988,Chicago,Look Away,look away called morning told new love said happy happy guess wont coming guess baby baby whoa saying know youve gotten itll way got way worry baby news okay walking tears eyes look away baby look away meet streets someday know look away baby look away look want way agreed lovers better friends thats yeah thats tell fine pretend wish holding wish holding whoa thought replaced soon wasnt prepared hear words know wanted free yeah baby wanted walking tears eyes look away baby look away meet streets someday know look away baby look away look want way walking tears eyes look away baby look away meet streets someday know look away baby look away look want walking tears eyes look away baby look away look want called morning told new love said happy happy you2embed
3885,1988,Amy Grant,Lead Me On,lead shoulder wheel elses selfish gain choosing working clay wearing anger ball chain field underneath blazing sun soon sun faded freedom song heard singing day singing holy lead lead place river runs keeping oh lead lead awaited deliverance comforts seeking lead waiting train labeled golden star heavy hearted boarding whispers dark goingis far bitter cold terrain echoes slamming door chambers sleeping forever voices thunder mighty roar cryin lord lead lead place river runs keeping oh lead lead awaited deliverance comforts seeking lead man hurts man time time time drown wake power somebody tell lead lead place river runs keeping oh lead lead awaited deliverance comforts seeking lead lead lead place river runs keeping oh lead lead awaited deliverance comforts seeking oh lead lead lean lead lead lead comfort seeking lead onembed
3886,1988,George Michael,Monkey,monkey set monkey free givin love monkey love share baby monkey monkey monkey monkey oh count know know open eyes kiss ive rest time best tell wont anymore id write heart letter think know better askin baby maybe ill askin set monkey free givin love monkey love share baby monkey monkey monkey monkey oh hate friends know know open eyes yes monkeys want tried best head mess guess want anymore care dancin baby til monkey floor set monkey free givin love monkey love share baby monkey monkey monkey monkey monkey monkey look theres monkey look theres monkey look theres monkey look theres monkey tell wont anymore askin baby maybe ill askin set monkey free givin love monkey love share baby monkey monkey monkey monkey set monkey free givin love monkey love share baby monkey monkey monkey monkey monkey monkey monkey monkey monkey monkey monkey monkey monkey monkey monkey monmonmonmonmonkey2embed
3887,1988,Rick Astley,She Wants To Dance With Me,wants dance lyricsshe wants dance wants dance oh yeah dance theres girl ive waiting feeling likes cos said words ive got tell ive heard want wild romance shes wants dance wants dance cos ill hold tight wants dance cos ill let wants know ive touch meant hurt baby oh cos love think love thats way got fight weve got better things tonight wants dance cos ill hold tight wants dance cos ill let wants wants dance wants dance wants dance cos ill hold tight wants dance cos ill let wants beembed
3889,1988,Bananarama,"Love, Truth & Honesty",love truth honesty lyricsnever trust emotions theyll let thats closest bridge 1 questioned promises time gave heart betrayed chorus 1 fool believe love truth honesty time hurting maybe everyones stranger watch come think everyones danger let feelings bridge 2 theres lesson price pay heart let betrayed chorus 1 chorus 2 fool time deceived love truth honesty wont bring home bridge 2 chorus 1 2 ad libembed
3891,1988,Michael Jackson,Smooth Criminal,smooth criminal ow cha shoochachoocha came window sound crescendo came apartment left bloodstains carpet ran underneath table unable ran bedroom struck doom annie okay annie okay okay annie annie okay annie okay okay annie annie okay annie okay okay annie annie okay annie okay okay annie annie okay tell youre okay theres sound window struck crescendo annie came apartment left bloodstains carpet ran bedroom struck doom annie okay annie okay okay annie annie okay annie okay okay annie annie okay annie okay okay annie youve hit youve hit smooth criminal ow came outway sunday black day mouthtomouth resuscitation sounding heartbeats intimidations annie okay annie okay okay annie annie okay annie okay okay annie annie okay annie okay okay annie okay annie okay okay annie annie okay annie okay okay annie annie okay tell youre okay theres sound window struck crescendo annie came apartment left bloodstains carpet ran bedroom struck doom annie okay annie okay okay annie youve hit youve struck smooth criminal choocha choocha ow okay want everybody clear area right ow hoo hoo hoo hoo ow annie okay know tell youre okay know theres sound window know struck crescendo annie know came apartment know left bloodstains carpet know baby ran bedroom help struck doom annie dag gone annie okay dag gone baby tell youre okay dag gone baby theres sound window dag gone baby struck crescendo annie hoo hoo came apartment dag gone left bloodstains carpet hoo ran bedroom hoo hoo struck dag gone doom annie ow ow ow shoochachoo shoochachoo ow ow110embed
3893,1988,Elisa Fiorillo,Forgive Me For Dreaming,forgive dreaming know cause long ive seen look way know feel eyes tell want believe real forgive dreaming thought saw look loving eyes way forgive dreaming good loving eyes living knew lost best known long wait seeing believing know late forgive dreaming thought saw look loving eyes way forgive dreaming good loving eyes best thought wed fall apart rest oh fast time slow watch grow forgive dreaming thought saw look loving eyes way forgive dreaming good loving eyes forgive dreaming thought saw look loving eyes way forgive dreaming good loving eyes forgive dreaming thought saw look loving eyes way forgive dreaming good loving eyes againembed
3894,1988,Barbra Streisand & Don Johnson,Till I Loved You,till loved lyricsnothing lived grew till loved sky gray blue friend good friend wonder save possibly lost blind till loved wouldnt new friend dear friend held close heart thought id feel way certain moment loved imagine living spend time thinking dreamed dream thought dream come true curtain lifted parted drifted certain moment loved certain moment certain moment loved loved lived grew till loved sky gray blue days nights wonder save possibly ooooohh lost blind till new came stole heart completely thought save possibly youembed
3895,1988,Dino,Summergirls,summergirls lyricssummertimes air summergirls raise excitability things summergirls day long summergirls sing song summergirls set pace sunglasses face excuse stop stare kind clothes wear summergirls day long summergirls sing song wish summergirls summergirls beach sexy suits hard bodies golden brown bodies sweat soaking wet summergirls sun day long summergirls having fun sing song wish summergirls summergirls theyre turning look good summergirls sweet wanna home summergirls sun day long summergirls having fun sing song summergirls way walk talk wish summer wish summergirlsembed
3901,1988,Book Of Love,Pretty Boys And Pretty Girls,pretty boys pretty girls lyricswhen youre away close eyes drift away warm body close eyes dream pretty boys pretty girls pretty boys pretty girls pretty boys dream pretty girls strangers night exchanging glances sex dangerous chances boys meet look lonely walk theyre pretty boys pretty girls pretty boys pretty girls pretty boys dream pretty girls day age city fear care spreading joy world boy girl pretty boys pretty girls pretty boys pretty girls spreading joy worldembed
3903,1988,Great White,Save Your Love,save love wake night mind deep dream youll till end time look eyes touch soul love hard hide apart feel heart know lock door throw away key save love save love night youre wake dream belong holding feels right heart weve far lock door throw away key save love save love night youre save love save love turn youre know weve come far baby stay save love save love turn youre need save love save love save love save love save love baby save love save loveembed
3904,1988,Good Question,Got A New Love,got new love lyricsverse 1 think perfect id watch id dreams mind wish end time said called real thing know took away key gave heart somebody new hes gone tell youre gonna chorus cause ive got new love turns ive got new love baby youve gone ive lost thank everyday leaving way nanananahey verse 2 time id id walk mile pouring rain knew played game kiss thats fell signs gave way knew youd come day chorus ive got new love turns ive got new love baby youve gone ive lost thank everyday leaving way nanananahey bridge want let know baby thats way goes time lies lets goodbye chorus ive got new love turns ive got new love baby youve gone oooh yeah ive got new love turns ive got new love baby youve gone ive lost thank everyday leaving way nanananahey nanananahey nanananahey ive got new love baby nanananahey ive got new love baby nanananahey nanananahey nanananahey nanananahey nanananahey nanananahey nanananahey nanananahey nanananahey nanananahey nanananahey nanananaheyembed
3907,1988,Luther Vandross,Any Love,love lyricsverse 1 speak oh lot ways youre lucky guy need chance try love heart theres need shout dying screaming crying let feelings want touch love world lonely guy feel gonna lose mind anybody tell love love needs love doubt love love everybody feels love love know theres love waiting enter life enter life day live try think positive pray good come love love sweet divine wait love life shine anybody tell love love know theres waiting enter life come life suddenly clear blue skies lonely tears start eyes weep refuse ive got holding think love strong holding know know know know shell come life come life embed
3908,1988,Dan Reed Network,Ritual,ritual lyricsbaby want things want baby need things need comes lovin relate kind know operate baby ritual burnin soul let ritual ritual baby love things love baby long things long night comes lovin relate kind honey know operate baby ritual burnin soul let ritual ritual baby ritual burnin soul let ritual night worship love got theres bond night pray gods love theres certain passion covers night desire bond keeps tight images love burning soul ritual let comes lovin relate want things care wait kind honey know operate baby ritual burnin soul let ritual ritual baby ritual burnin soul let ritual ritualembed
3909,1988,Crowded House,Better Be Home Soon,better home soon lyricssomewhere deep inside somethings got hold pushing aside stretch forever know right time life thats tell youd better home soon stripping coats lies deceiption nothingness week desert know right time life thats tell youd better home soon nothings wrong cos home maybe ill gone nights youve theres left cause pain end start depend know right time life thats tell youd better home soon thats tell youd better home soonembed
3910,1988,Four Tops,Indestructible,indestructible lyricswe friends brothers lookin world dreams broken apart world tries beat hang tough aint way theyll defeat survive strong heart heart storm weather weve united forever hearts beat aint single thing overcome indestructible indestructible weve got power love strong generate wall solid love penetrate indestructible theres power deep inside aint divide wont fall em stand strong united forever hearts beat aint single thing overcome indestructible indestructible weve got power love strong generate wall solid love penetrate indestructible heart heart storm weather weve untied forever hearts beat aint single thing overcome indestructible indestructible weve got power love strong generate wall solid love penetrate indestructibleembed
3911,1988,The Kane Gang,Motortown,motortown lyricsthe paintworks gleaming rising sun hopes rising high battles won brothers sisters gather change luck lose dice everybodys glory bound bowing motortown spread news theyve got motortown theres new age dawning friend revolution latest style left desperate trust kiss chrome wish turns rust everybodys glory bound got motortown spread news come motortown cars roll old steelyard weeds grow high miracle miracle miracle business booming come good zone cash gone theres hope loan everybodys glory bound got motortown forget whats lost cheer whats build cheap cars motortown everybodys glory bound got motortown spread news work pennies motortown1embed
3912,1988,Ivan Neville,Not Just Another Girl,girl place jammed music loud face standing crowd winked feeling good didnt care standing crowd got band playing mind hear saying love bet girls seen world girl met folks surprise old mans ways mothers eyes silver spoons shе shed lеave hear sing crowd got band playing mind hear saying love bet girls seen world girl gotta way inside lovely world gotta day sure shell girl royal blood didnt mean thing firstborn king crowd got band playing mind hear saying said love bet girls seen world girl place jammed music loud face bet girl bet girl bet girls seen world hey woman getting home tonight girl girl royal blood didnt mean thing girl firstborn king girlembed
3913,1988,Taylor Dayne,Prove Your Love,prove love lyricsprove love got prove love hear got know true telling trust believe promised talk cheap tell youre gotta know sure want ive heard prove love gotta prove love want tonite stuff cause words want hear body talk boy feel love rise message revealed eyes know wait know passion late action youre ill know love baby ive patient ready chorus tell gotta know sure want ive heard prove love gotta prove love want tonight stuff cause words want hear body repeatembed
3914,1988,Johnny Kemp,Just Got Paid,got paid got paid friday night party hunting feeling right body shaking know thing getting check mirror looking fly round posse jump ride radio rocking monster jam feel rhythm pump sound feeling good know grooving beat grooving grooving yeah yeah yeah yeah yeah yeah got paid friday night party hunting bass right booty shaking poured drink getting floor rocking beat ohwee sure look sweet fine young lady standing come baby sweet eye delight love way look sweet youre moving beat tired boring parties come lets getting ho hoho hoho ho floor rocking beat rocking baby ohwee sure look sweet fine young lady standing come come baby look eye getting yeah getting ho hoho hoho hohoho ho teddy play shake shake got paid feeling feeling right got paid friday good time having good time baby having good time baby getting getting getting getting getting down4embed
3915,1988,The Escape Club,"Wild, Wild West",wild wild west lyricsforty seven deadbeats living street north east west south house sitting room waiting big boom bedroom waiting baby shes mean care love eyes wild wild hair dance beat love best heading nineties living wild wild west wild wild west wild west mandys backroom handing valium sheriffs airwaves talking djs seven heartbeats beating drum got live live ronnies got new gun shes mean care love eyes wild wild hair dance beat love best heading nineties living wild wild west wild wild west wild west yeow flags air march live live town turn left turn right care long comes tonight shes mean care love eyes wild wild hair dance beat love best heading nineties living wild wild west wild wild west wild wild west wild west yeow wild west brrr come musical disc cause people akeep waitin ones called outlaw wow bout ride rhythm aridin bike jah know murder chatter chat mic shorties thought rockin til broad daylight comes escape club rock alright live live live live living wild wild west wild wild west wild wild west wild wild west wild west heading nineties living eighties screaming room waiting big boom wild west safe sex love love time live flags air march live live town turn left turn right care long comes tonight shes mean care love eyes wild wild hair dance beat best heading nineties living wild wild west wild wild west wild wild west wild west yeow wild westembed
3920,1988,Denise Lopez,If You Feel It,feel lyricstheres overtone feelin youre near thats appealin youre makin imagination think fascination wanna thinkin bout youve got tell tendency amorous magnetic fields pullin direction ill objection hesitate feel feel love wait feel feel let feel feel feel feel radiates heart skip beat accelerate fusion ill let draw conclusion wasting time insist shy know wanna satisfy know way miss meanin aint question anymore way leanin hesitate feel feel love wait feel feel let feel feel feel feel feel feel feel feel love wait feel feel satisfy wasting time insist shy know wanna satisfy know way miss meanin aint question anymore way leanin hesitate feel feel love wait feel feel feel feel feel feel hesitate feel feel feel feel feel feel feel itembed
3922,1988,Sting,Be Still My Beating Heart,beating heart beating heart better cool time open lesson learned hard forget beating heart ill taken fool healthy run pace blood runs red face ive single book know soothe thoughts plague sink stone thats thrown ocean logic drowned sea emotion stop start beating heart beating heart beating heart beating heart restore broken dreams shattered falling glass ready broken lesson learned hard forget beating heart learn stand ground healthy run pace blood runs red face ive single book know soothe thoughts plague stop start beating heart wrong promises break singing wind writing surface lake wriggle fish caught dry land struggle avoid help hand sink stone thats thrown ocean logic drowned sea emotion stop start beating heart beating heart beating heart beating heart2embed
3926,1988,Icehouse,Electric Blue,electric blue lyricsif boy chance chance gonna break heart let moon hiding eyes freeze freeze time electric blue knees knees help baby tell electric blue oh dream moment believed true oh id given hiding eyes freeze freeze time electric blue deep deep standing waiting breaking electric blue vision electric blue knees knees help baby tell electric blue help baby hiding eyes eyes freeze time electric blue deep deep standing waiting breaking electric blue vision electric blue knees knees help baby tell electric blue eyes freeze time electric blue deep deep standing waiting breaking electric blue vision electric blue knees knees help baby tell electric blue electric blue electric blue electric blueembed
3930,1988,Erasure,A Little Respect,little respect try discover little sweeter oh baby refrain breaking heart love ill forever blue reason work hard soul hear calling oh baby little respect falter open arms love war live peace hearts love ill forever blue religion reason drive man forsake lover tell tell tell tell soul hear calling oh baby little respect love ill forever blue reason know work hard soul hear calling oh baby little respect little respect soul soul hear calling calling oh baby little respect little respect me9embed
3931,1988,Transvision Vamp,Tell That Girl To Shut Up,tell girl shut lyricswell got girl lives want want phone says youre know youre home better tell girl shut better tell girl gonna beat better tell girl better tell girl better tell girl best friends thats gonna end theres thing shes got got hanging better tell girl shut better tell girl gonna beat better tell girl better tell girl better tell girl guess youre time takes lose mind know care maybe hit maybe pulled hair oh oh hey yey yeah likes intellectual musician goes school way acts uncool stand better tell girl shut better tell girl gonna beat better tell girl better tell girl better tell girl ooh better tellyeah better tell oh better tell girl better tell girl better tell girl girl girl girl girl girl girl better tell girl shut better tell girl gonna beat better tell girl better tell girl better tell girl shut upembed
3932,1988,Cher,We All Sleep Alone,sleep lyricssomebody turns lights somebody faces night youve got strong youre cause sooner later sleep holds key heart loves possession itll tear apart lovers roam sooner later ooh sleep oh young young heart wait wait ends soul feel love gone away independence come night promises wont prisoner somebodys needs lovers roam sooner later ooh sleep ooh sleep yeah yeah sleep yeah know know feel ive taken youre saying cause sleep yes sleep alone1embed
3933,1988,James Taylor,Never Die Young,die young lyricswe ringaroundtherosy children circles sun slow grow old die young synchronized rising moon evening star true love written stone far apart bear believe got close eyes cut losses doable doses ration tears sighs oh street saturday night run theyre little sweet theyre little tight tough town touch tenfoot pole didnt rattle glued body soul backs wall oh hold hold let fall prey dust rust ruin names claims shames guess happen someday soon wasnt hold rise big balloon sky forsake ground oh yes hearts broken yeah dreams ran dry golden ones sail sail land beneath sky let hearts broken let dreams run dry golden ones sail sail land beneath sky beneath sky hold hold hold hold hold hold hold let fall1embed
3934,1988,Aerosmith,Angel,angel lyricsim yeah know face night tears cryin want love lets break walls tough ill away pride enoughs ive suffered ive seen light baby youre angel come save tonight youre angel come right know going feeling inside yes true loneliness took ride love begger love dog bone sleeping bed youre angel come save tonight youre angel come right youre reason live youre reason die youre reason break need reason baby baby youre angel come save tonight youre angel come right come save tonight 8embed
3938,1988,Pat Benatar,All Fired Up,fired lyricslivin eyes closed goin day day knew difference cared way lookin reason searchin sign reachin hands gotta feel kick inside fired believe comes time fired falls line fired live learn mistakes fired fired fired hey aint livin perfect world everybodys cryin heard got new burnin eyes lightin darkness movin meteorite fired believe comes time fired falls line fired live learn mistakes fired fired fired deepest cuts healed faith believe comes time falls line live learn mistakes deepest cuts healed faith believe comes time falls line live learn mistakes deepest cuts healed faith believe comes time falls line live learn mistakes deepest cuts healed faith believe comes time falls line live learn mistakes deepest cuts healed faith believe fired believe comes time fired falls line fired live learn mistakes fired fired fired deepest cuts healed faith fired believe comes time falls line live learn mistakes deepest cuts healed faithembed
3940,1988,Stevie Wonder,You Will Know,know lonely young brokenhearted traveling rigid road life pharmaceutical extractions paradise finds high comes feeling lower gets knees starts pray looking heaven answer hear voice says know troubled heart youll know problems solutions trust oh know troubled heart youll know life reason single parent trying raise children reaches special house home finds right gets knees starts pray looking heaven answer hear voice says know troubled heart youll know problems solutions trust hey know lonely heart youll know life reason youll know troubled heart youll know problems solutions trust know troubled heart youll know life reason oh know lonely heart youll know problems solutions trust yeah know know lonely heart youll know know know know life reason youll know lonely heart youll know1embed
3941,1988,U2,Desire,desire lyricslover streets gonna bright lights big city meet red guitar desire shes candle burnin room yeah needle needle spoon counter shotgun pretty soon everybodys got fever desire desire fever gettin higher desire desire burning burning shes dollars shes protection yeah shes promise year election sister let preacher stealin hearts travellin love money money money fever gettin higher desire2embed
3945,1988,Whitesnake,Is This Love,love known better let times wasted days sleepless nights wait spend time waiting tell babe backs wall need tell alright cause think anymore love feeling love ive searching love dreaming love cause got hold hold stop feeling ive way ive key open door feel love growing stronger day day wait hold arms love feeling love ive searching love dreaming love cause got hold hold love feeling love ive searching love love dreaming love ive searching love love dreaming love ive searching love love dreaming love ive searching love love dreaming love ive searching love love dreaming love ive searching love love2embed
3947,1988,Rick Astley,Never Gonna Give You Up,gonna desert oohoohoohooh hurt strangers love know rules commitments thinking wouldnt guy wanna tell feeling gotta understand gonna gonna let gonna run desert gonna gonna goodbye gonna tell lie hurt weve known long hearts aching youre shy inside know whats going know game gonna play ask feeling tell youre blind gonna gonna let gonna run desert gonna gonna goodbye gonna tell lie hurt gonna gonna let gonna run desert gonna gonna goodbye gonna tell lie hurt ooh oohooh oohooh gonna gonna oohooh gonna gonna weve known long hearts aching youre shy inside know whats going know game gonna play wanna tell feeling gotta understand gonna gonna let gonna run desert gonna gonna goodbye gonna tell lie hurt gonna gonna let gonna run desert gonna gonna goodbye gonna tell lie hurt gonna gonna let gonna run desert gonna gonna goodbye gonna tell lie hurt you120embed
3948,1988,Aerosmith,Rag Doll,rag doll rag doll living movie hot tramp daddys little cutie youre fine theyll leaving door man hot time easy mind come rag doll baby wont feeling bad boy mmm bad boy ripping rag doll throwing away old toy babes talking real loud talking new crowd try tell old dream new version old scene speak easy grape vine shuffling shoe shine old tin lizzy youre dizzy got youre misery rag doll living movie hot tramp daddys little cutie youre fine theyll leaving door man hot time easy mind come rag doll baby wont yes moving yes moving ready big time tap dancing land yes moving yes moving old tin lizzy youre dizzy got youre misery rag doll living movie hot tramp daddys little cutie youre fine theyll leaving door man hot time easy mind come rag doll baby wont yes moving yes moving ready big time crazy moonshine yes moving moving sloe gin fizzy youre dizzy got youre misery rag doll living movie hot tramp daddys little cutie youre fine theyll leaving door man hot time easy mind come rag doll baby wont rag doll living movie hot tramp daddys little cutie youre fine theyll leaving door man hot time easy mind come rag doll baby wont before5embed
3950,1988,Belinda Carlisle,I Feel Free,feel free lyricsi feel free feel free feel free feel free feel free feel free feel free feel free feel dance sea youre want know feel free feel free feel free walk street theres pavements huge crowd drive road eyes mind wants loud yeah mind wants loud feel free feel free feel free walk street theres pavements huge crowd drive road eyes mind wants loud yeah mind wants loud far ceiling sky youre sun shine feel free feel free feel free feel free feel freeembed
3953,1988,Terence Trent D'Arby,Wishing Well,wishing kissing bandit stealing time underneath sycamore tree cupid hour sends valentines sweet lover slowly surely appetite knew sweetly softly falling love wish love wishing kiss tell wishing butterfly tears wish love wishing kiss tell wishing crocodile cheers sing funky boys hugging monkey monkey right riverboat gambler hahaha erotic images float head wanna midnight rambler wanna midnight rambler quickly quickly blood races veins quickly loudly wanna hear sugar bells ring wish love wishing kiss tell wishing butterfly tears wish love wishing kiss tell wishing crocodile cheers beat uh come wish love wishing kiss tell wishing butterfly tears come wish love wishing kiss tell wishing crocodile cheers uh wish love wishing kiss tell yeah feel goin feel goin wish love wishing kiss tell come come erotic images float midnight rambler baby uh wish love wishing kiss tell yeah hoo dig follow know care wish love wishing kiss tell know gotta midnight rambler baby uh1embed
3954,1988,Europe,Cherokee,cherokee lived peace long ago mighty indian tribe winds change realize promises lies white mans greed search gold nation bleed lost faith learn place return turn x2 cherokee marching trail tears driven hard plains walked moons cause winds change realize promises lies bear pain left despair lost faith learn place return turn x2 yeah oh oh oh x41embed
3955,1988,Julio Iglesias Featuring Stevie Wonder,My Love,love lyricsmy love warmer smile love gives needing child ask whos true love tell love true letting love come love sees love face lives love time space love fits tune love let love shine world mountain steeple let felt soul til loves let reach heart disenfranchised people til present pain love sees loves key peace pray til world wars ceased know feel let universal song free let love shine world mountain steeple let felt soul til loves let reach heart disenfranchised people til present pain words love rich poor love equal let lift humanity spead love let forces join rebuke signs evil valley land sea loves peopleembed
3958,1988,Tiffany,I Saw Him Standing There,saw standing lyricsi saw standing saw standing seventeen way compare seventeen know mean way looked way compare danced whoo saw standing looked long id fall love danced whoo saw standing heart went boom crossed room held hand oh danced night held tight long fell love danced whoo saw standing heart went boom crossed room held hand oh danced night held tight long fell love danced whoo saw standing saw standing saw standing ow saw standing saw standing seventeen way compare saw standing saw standing dance dance nobodyembed
3959,1988,Cheap Trick,The Flame,flame night slowly closes feel lonely touching heat freezing skin pretend hold going crazy losing sleep far way deep believe youre gone youll ill want ill need lay heart head remember rain flame flame watching shadows wall feel frightened wanna run wanna ive hit lightning stand fallin apart veil heart youll youll ill want ill need lay heart head remember rain flame flame going crazy losing sleep far way deep youll youll ill want ill need lay heart head remember rain flame flame want ill ill want ill oh want ill you1embed
3962,1988,Pebbles,Girlfriend,girlfriend believe believe question takes street degree youve lied lie ive cried door babe theres fish sea girl list new bad thing girl need trip cause hes worth misery pain remember tell lies pretend sweet sacrifice youre satisfied hes canine runnin round heat girlfriend let treat bad oh girlfriend know best oh oh ohwoah woah girlfriend let treat bad treat ya treat ya treat ya oh girlfriend know best oh oh ohwoah girl resist let squirm way heart girl insist youve got stop fool starts remember untrue tacky things need signify cause hes worth time need thats true girlfriend let treat bad oh girlfriend know best oh oh ohwoah girlfriend let treat bad treat ya treat ya baby sad oh girlfriend know best oh oh ohwoah believe believe question takes street degree youve lied lie ive cried door babe theres fish sea yeah yeah yeah cute cute cute cute hey deele sing believe believe question takes street degree youve lied lie ive cried door babe theres fish sea girlfriend let treat bad girlfriend know best girlfriend let treat bad oh girlfriend know best oh oh ohwoah girlfriend let treat bad oh girlfriend know best oh oh ohwoah girlfriend let treat bad oh girlfriend know best oh oh ohwoah girlfriend let treat bad treat ya treat ya baby sad oh girlfriend know best oh oh ohwoah let girl hes messing youve abused baby youve learned lesson turn hurt fool cause youve got bust loose girlfriend yeah let treat bad oh oh girlfriend know best know best girl oh oh ohwoah let girl hes messing youve abused baby youve learned lesson turn hurt fool cause youve got bust loose girlfriend yeah let treat bad oh girlfriendembed
