,Year,Artist,song_name,further_clean_text
3963,1989,Skid Row,I Remember You,remember woke sound pouring rain wind whisper id think tears cried called needed came paint picture days gone love went blind id stare lifetime eyes knew time time remember yesterday walking hand hand love letters sand remember sleepless nights endless day id wanna hear remember oh woah spent summer rolled wished said love babe sound said id life kiss id live smile die kiss remember yesterday walking hand hand love letters sand remember sleepless nights endless day id wanna hear remember oh weve share hard times thats price paid kept promise swear youll lonely oh woke sound pouring rain washed away dream away cause youll dream come true woah darling love remember yesterday walking hand hand love letters sand remember sleepless nights endless day id wanna hear remember remember yesterday walking hand hand love letters sand remember sleepless nights endless day id wanna hear remember remember oh yeah9embed
3964,1989,White Lion,Little Fighter,little fighter lyricsare cryin tonight feelin right told world luck kind whod price head heard tales tell seen scars wear speak fell anybody care rise little fighter let world know reason shine little fighter let em end things cause reason fighter peace earth afraid life line sea weapon hand came fight war took life didnt know die rise little fighter let world know reason shine little fighter em end things feelin alright cause care care run little fighter oh cause stop believing rise rise rise rise little fighter let world know reason shine little fighter em end things rise little fighter stop believing let world know reason shine little fighter moving em end things yeah let em end things doembed
3965,1989,Paul McCartney,This One,arms look eye tell open heart let look inside waiting better moment didnt come better moment swan gliding ocean god riding calm water bright rainbow fade black touch cheek thank smile knock door try inside waiting better moment didnt come better moment swan gliding ocean god riding calm water bright rainbow fade black opportunities allow flow feeling timing wasnt right kind magic worked stayed calm given better life arms look eye tell open heart let look inside waiting better moment didnt come better moment swan gliding ocean god riding calm water bright rainbow fade black swan gliding oh god riding oh calm water calm water bright rainbow1embed
3968,1989,The Jets,You Better Dance,better dance lyricshey heartache cure broken ive heard leave trouble walk door aint sense crying loud better dancing crowd better dance dance troubles away better dance dance day better dance dance troubles away better dance better dance hey work eat aint sense crying loud better dancing crowd better dance dance troubles away better dance dance day better dance dance troubles away better dance better dance dance troubles away better dance dance day better dance dance troubles away better dance dance dance danceembed
3969,1989,Martika,More Than You Know,know lyricsif theres eyes come surprise ive shown twice feel truth know true wanted tell times feel youre know destiny love know feelings strong inside wont let afraid cuz wanna blow love know know youve got hypnotized thats hide feel mesmerized things things wish read mind id know feel send signal tell feelings real mean pressure control id world afraid let know cuz wanna lose loveembed
3970,1989,Steve Winwood,Holding On,holding lyricsused live danger zone day rough glad kept holding glad soul turned night day showed soul sing took hurt away showed love conquers hearts feel theres way beat game holding standing light holding time ive got right holding day night holding fall asleep lovers arms ought thankful keeps warm world theres free love day pay attention dreams shell good cause love hearts feel theres way beat game mountain water running streams holds forever holding forever people soulsearching night long reason help live hope hear song smile touch warms world awhile love muchembed
3971,1989,Seduction,Two To Make It Right,right takes takes takes takes takes thing right takes sight takes thing right takes sight start plain youre suffering broken heart know shame ease pain theres need feel seriously sure happening thing know takes thing right takes sight takes thing right takes sight eyes feel way feel chemistry cause know turn mother mind doubt equals know takes thing right takes sight takes thing right takes sight believe fairy tales believe things meant arms hold cause know turn mother mind doubt equals know takes thing right takes sight takes thing right takes sight takes takes takes takes takes takes takes takes takes takes takes takes takes takes takes takes youembed
3977,1989,Waterfront,Cry,lyricsplease apologize let wipe tears away mean act surprised right id stay yeah know child theres thing love style know youre sixteen looking twentyone twentyone youll married gun daddy jail thought having wrong sort fun know child theres thing love style moment youve gone know talk theyre wrong makes happy youve gone know ill carry cos strong makes happy know child theres thing love style cryembed
3979,1989,Was (Not Was),Anything Can Happen,happen took bedroom computer asked liked told cuter wasnt great getting kind late getting kind late talked father said liked said shed married schizophrenic biker thought id goodbye saw start saw start danced light video screen looked eyes said oh given night happen underdog hungry favorite fall favorite fall people yelling clapping happen drove baby blue ferrari silk diamonds living need social climbing asked ride said right went place overlooking bay said theres bed okay oh given night happen underdog hungry favorite fall favorite fall people yelling clapping happen oh yeah successful romance comes leave chance theres burns low heart turns cold comes blue given night happen underdog hungry favorite fall favorite fall people yelling clapping happen given night happen happen underdog hungry favorite fall favorite fall people yelling clapping happen oh happen oh favorite fall people yelling clapping happen oh happen oh favorite fall oh yeah happen allembed
3980,1989,Karyn White,The Way You Love Me,way love hey baby youre driving crazy special loving feeling proud want lady know feels live fantasy dream love sure thats dream cause got stand lover man got baby thats waiting love way love place true love love way love baby matter love love way love oh ohoh ohoh oh oh baby baby baby face ive fallen deep control doubt greatest youre bit man hoped youd dream love sure thats dream oh cause think loving good thing excited feeling giving wont coming baby cause love joy bring oh oh love love way love love love love place yeah true love yeah love way love baby matter love love way love oh ohoh ohoh oh love way love oh oh oh oh got love oh oh stop love way special love sensitive tender touch bring best cause think loving got good thing excited feeling giving wont coming baby cause love joy bring oh oh love oh ohoh ohoh oh love way love oh ohoh ohoh oh love way love way love love love love place yeah true love yeah love way love baby matter love love way love oh baby coming uh oh baby coming uh oh baby coming uh special love sensitive tender touch bring best cause think loving got good thing excited feeling giving wont coming baby cause love joy bring oh oh love way love place true love love way love baby matter love love way love oh oh love oh oh love oh oh love way love oh oh love oh oh love oh oh love way love way love love place true love loveembed
3984,1989,Paul Shaffer,When The Radio Is On,radio lyricsradio wake morning sound hear clock radio radio singing ear bathroom brush teeth big city big beat jump shower bring box cause know words songs dj stops music announce time time come today grabbed coat grabbed hat train seconds flat time listening radio block corner hear night long roof broadway radio rock clock know beat goes theyll dancing streets radio life long big song parents said turn homework blasting cool jerk living latest sound special event particular tune thats way remember romance ooh dance man blue suede shoes eastside westside uptown funk downtown soul downtown listening radio block corner hear night long roof broadway radio rock clock know beat goes theyll dancing streets radio radio radio sit air waves howl way wolfman growled jitterbug twist watussi swim pony boogalo sounds changed radio rules moondance electric avenue breakin snakin worm new york radio makes world turn block corner hear night long roof broadway radio rock clock know beat goes theyll dancing streets radio block corner hear night long roof broadway radio rock clock know beat goes theyll dancing streets radio onembed
3989,1989,Cutting Crew,(Between A) Rock And A Hard Place,rock hard place lyricsbetween rock rock hard place theres beating heart watching lights world stoney faced letting rope slip fingers aint nothin straight riddle caught middle party line got brick window shelter rock rock hard place better lay money youll stop started place rock gotta roll punches baby rock hard place theres words place bet chances dealer pays hell let leave table theyre gonna lock stock barrel knuckle luck theyve stripped resistance place rock rock hard place gotta lay money youll stop started place rock gotta roll punches baby rock hard place itll money think rock gotta roll punches baby rock hard placeembed
3991,1989,Van Halen,Feels So Good,feels good lyricsyesterday saw love light shine straight ahead know love come yesterday suddenly walked home knew love ill send message bottle trust mercy sea stormy weather oh yeah waitin love set free everyday watch tide roll stay rolls away nothings shore running ill send message bottle pray mercy sea stormy weather oh yeah waitin love rescue feels good feels nice love comes feel good good good good feels nice nice feels good feels good feels nice love comes feel good gonna feel nice love comes feel good good good good come baby feel goodembed
3993,1989,The Escape Club,"Wild, Wild West",wild wild west lyricsforty seven deadbeats living street north east west south house sitting room waiting big boom bedroom waiting baby shes mean care love eyes wild wild hair dance beat love best heading nineties living wild wild west wild wild west wild west mandys backroom handing valium sheriffs airwaves talking djs seven heartbeats beating drum got live live ronnies got new gun shes mean care love eyes wild wild hair dance beat love best heading nineties living wild wild west wild wild west wild west yeow flags air march live live town turn left turn right care long comes tonight shes mean care love eyes wild wild hair dance beat love best heading nineties living wild wild west wild wild west wild wild west wild west yeow wild west brrr come musical disc cause people akeep waitin ones called outlaw wow bout ride rhythm aridin bike jah know murder chatter chat mic shorties thought rockin til broad daylight comes escape club rock alright live live live live living wild wild west wild wild west wild wild west wild wild west wild west heading nineties living eighties screaming room waiting big boom wild west safe sex love love time live flags air march live live town turn left turn right care long comes tonight shes mean care love eyes wild wild hair dance beat best heading nineties living wild wild west wild wild west wild wild west wild west yeow wild westembed
3994,1989,Great White,Once Bitten Twice Shy,bitten twice shy times getting hard little girl humming strumming gods world remember got meal know woman feels didnt know rock roll met drummer grey tour bus got nick time got hands state line middle night open road heater work oh cold youre looking tired youre looking kind beat rhythm street sure knocks feet didnt know rock roll looked caught sister guys group half way home parking lot look eye giving got bitten twice shy baby bitten twice shy baby bitten twice shy baby woman youre mess going die sleep theres blood amp les pauls beat home youre messing best friend told youre best lick town didnt know rock roll burned bought candle lived learned got rhythm got speed mamas little baby likes short sweet bitten twice shy baby bitten twice shy baby bitten twice shy baby didnt know rock roll record saw picture guys jacket told look dark dumb bitten twice shy baby bitten twice shy baby bitten twice shy baby bitten twice shy baby shy shy shy shy shy shy shy shyembed
3996,1989,Neneh Cherry,Buffalo Stance,buffalo stance stop gigolo scratching gimme beat ouch ladies gentlemen id introduce high hat mmmm thats good tambourine right mmmm woo yeah dj whos gigolo street hands pockets crocodile feet hanging curb looking disturbed boys home came running making noise manhandling toys theres girls block nasty curls wearing padded bras sucking beers straws dropping drawers gigolo huh sukka gigolo gigolo huh sukka gigolo whos looking good today whos looking good way style rookie better watch mess moneyman win love sweetness thinking hang buffalo stance dive time dance ill love baby romance ill left chance fresh funky yeah timmy tell check dj wanted money know funny shoes worn theres rumble tummy style gold tooth smile girl corner pile committed crime went inside coming way survive lost babe lost race youre looking place whos looking good today whos looking good way style rookie better watch mess moneyman win love sweetness thinking hang buffalo stance dive time dance ill love baby romance ill left chance fresh smokin cokin funky sax looking good hang wild bunch looking good buffalo stance looking good comes crunch looking goods state mind state mind look state mind youll dead state mind remind bomb bass rock place whats anway yo man expect guys gigolo man know mean moneyman win love sweetness thinking hang buffalo stance dive time dance ill love baby romance ill left chance fresh moneyman win love sweetness thinking hang buffalo stance dive time dance ill love baby romance ill left chance fresh wind face sound ears water eyes mind sink diving deep deeper soul moneyman win love sweetness thinking moneyman win love sweetness thinking moneyman win love moneyman win love moneyman win love moneyman win love moneymanembed
3997,1989,The Smithereens,A Girl Like You,girl lyricsthe following tone reference tone 700 hertz remainder tones recorded level exception tone reference tone operating level travel shadows nerve try walk man know theres time waste theres lose girl know ill right love heartbreak tough luck big mistake ill want hear ill ill win love girl girl people talk people stare tell care place think strange girl love wanna tell hell thats way way girl girl oh yeah yeah little wild theres holding trying message wont wont walk wont run believe london washington ill run inside outside got pride wont let girl girl girl girl oh yeah ill ill ill ill ill goodbyeembed
3998,1989,Poison,Every Rose Has Its Thorn,rose thorn lie silently dead night lie close feel miles apart inside said words come right tried hurt tried guess thats rose thorn night dawn cowboy sings sad sad song rose thorn yeah listen favorite song playing radio hear dj loves game easy come easy wonder know felt know youd right let know guess rose thorn night dawn cowboy sings sad sad song rose thorn feel pain knife cuts wound heals scar scar remains know saved love night id known instead making love separate ways hear somebody new meant hear tears inside cuts knife guess rose thorn night dawn cowboy sings sad sad song rose thorn17embed
3999,1989,John Mellencamp,Pop Singer,pop singer wanted pop singer wanted write pop songs weird hair songs wanted hang pop singer pop songs wanted apicture taken whod want look eyes want realgood bad indifferent thats way live way ill die pop singer pop songs pop singer pop songs pop singer wanted pop singer didnt wanna write pop songs wanted manager dinner wanted hang pop singer pop songs pop singer writing pop songs wanted pop singer pop songs pop singer wanted write pop songsembed
4001,1989,Eighth Wonder,Cross My Heart,cross heart lyricscross heart hypnotised look paralysed explain touch drives insane youve got head heels better believe baby know feels cross heart hope die lightning strike telling lie cross heart swear true ive loved loving cross heart true heavenly happens youre chills ask baby youve got control better believe baby head toes cross heart hope die lightning strike telling lie cross heart swear true ive loved loving cross heart true youre valentine month year baby shine happy youre want time making clear loves gonna forever cross heart cross heart ive loved loving cross heart hope die lightning strike telling lie cross heart swear true ive loved loving cross heart true cross heart hope die lightning strike telling lie cross heart swear true ive loved loving cross heart trueembed
4002,1989,D-Mob Introducing Cathy Dennis,C'mon And Get My Love,cmon love lyricsdmob introducing cathy dennis miscellaneous cmon love cmon love dmob introducing cathy dennis written d poku cmon love cmon love break times ive know dream time theres magic air feel shy approach youre know day ill way ill cmon love cmon love cmon love cmon love dreams dance silhouette times ive tried squeeze dreams wont forget long weve way knew loved youd turn lets love right kiss hold tight cos want hold squeeze tell love night lets love strong know belong teach hold belong cmon love cmon love cmon love cmon love theres time needed time want hour think hear cmon love cmon love cmon love cmon love repeat rap chorus fadeembed
4003,1989,The Doobie Brothers,The Doctor,doctor lyricsim man lives city man lives street fla frisco bay coast coast theres question everybodys askin people want know answer music doctor makes feel want listen doctor ought music doctor soul travel road freedom need freedom leave good time rock roll theres healing guitars spirit song matter condition rhythm message goes music doctor makes feel want listen doctor ought music doctor soul wonder shake blues follow prescription cure whats ailin music doctor makes feel want listen doctor ought music doctor soulembed
4005,1989,Sharon Bryant,Let Go,let lyricshey yeah ohohoh ive searching searching long special guy realized love hard ooh need lover lover steady hand need somebody somebody understand wanna know need need feel alright night feelings let wanna lose selfcontrol wanna let let emotions explode ive got let ive waiting wait longer ive patient need stronger want kind feeling deny got right close dynamite tough want need release feeling inside need feel alright night feelings let wanna lose selfcontrol wanna let let emotions explode ive got let got let got let mmm yeah let let let let got let got let let mmmmmmmmm let let got let got let need feel alright night feelings let let let emotions explode ive got let got let wanna lose selfcontrol wanna let let emotions explode ive got let got let wanna lose selfcontrol wanna lose wanna let let emotions explode let wanna lose selfcontrol need help let feel free let free easy let emotions explode oh wanna let wanna afraid wanna lose selfcontrol let let let emotions explode let goembed
4006,1989,The Jets,The Same Love,love love forever thats thought remember words said said wed tonight changed feel ill understand love happy sad understand eyes laughing night doesnt right remembering nights held times told youll love remembering needed need summer days left standing rain somebody tell heart blind fool believe promises went wrong went wrong doesnt right allembed
4008,1989,Melissa Etheridge,Similar Features,similar features close eyes imagine got similar features longer hair thats takes close eyes shouldnt bother wait life guess wanting steel blue knife night night scent passion linger jewels wrapped finger running road midnight state mind curiosity kills read signs close eyes imagine got similar features longer hair thats takes close eyes shouldnt bother dancing wall bitter sweet aint lay feet tell song wanted listen damage paints wet doitbynumber dream gonna tell felt tell means close eyes imagine got similar features longer hair thats takes close eyes shouldnt bother want desire smoke doesnt rip apart lied sorry dear hands tied close eyes imagine got similar features longer hair thats takes close eyes shouldnt bother close eyes imagine shes got similar features longer hair thats takes close eyes shouldnt bother shouldnt bother yeah shouldnt bother yeah shouldnt bother shouldnt bother youembed
4010,1989,Anita Baker,Giving You The Best That I Got,giving best got aint exchange read mind feel fine think peace mind reach scales unbalanced bear weight hope lean calm stormy sea love strong unselfishly tell vow giving best got baby yes tell vow giving best got honey everybodys got opinions bout way think storys gonna end folks feel superficial thrill everybodys gonna think love strong unselfishly bother gonna giving best got baby bother said gonna giving best got listen baby somebody understands somebody gave heart stumbled life long home weary mind rested feel home arms fears gone sound song think want sing forever love strong unselfishly vow tell giving best got listen baby bet wedding ring giving best got giving baby giving best got2embed
4011,1989,Midge Ure,Dear God,dear god lyricsdear god somebody hear prayer simple man simple words point asking asking got today lost afraid love lonely food hungry peace restless world hope children worldwide religion peace restless world dear god hear crying world crying looking threw away somebody watching somebody watching mess weve lost afraid love lonely food hungry peace restless world hope children worldwide religion peace restless world need know theres good years solitude love lonely food hungry peace restless world oh oh hope children worldwide religion peace restless world oh oh love lonely food hungry peace restless world oh oh hope children worldwide religion peace restless world dear god somebody hear prayerembed
4012,1989,Adrian Belew,Oh Daddy,oh daddy lyricsoh daddy gonna write big hit oh daddy gonna hit real big real big thats tall request small little girl ill try try till right cause gonna maybe twice oh daddy gonna big time gig oh daddy gonna blow lid backstage pass paradise theres long lonely waiting list gonna ive got oh daddy gonna big star got suit pink guitar oh daddy gonna break wide open know hopin oh daddy gonna million bucks takes lotta luck yeah yeah yeah yeah oh daddy gonna fat cadillac said oh daddy gonna stretch pants yeah hold breath cause itll blue operas aim fat lady sweat oh daddy gonna know gonna stop oh daddy ya gonna buy little girl hey gonna getcha disney world oh daddy hit jackpot told hold breath oh daddy daddy oh daddy daddy oh daddy daddy gonna buy disney worldembed
4013,1989,Mica Paris,My One Temptation,temptation lyricslife tough got youre satisfied people try lead astray aint gonna fall games play know dangers foolin strangers temptation ive resistance yeah honey temptation thrill addicted oh youre temptation look touch free pay theres talk street pressure hot want got hear theyre saying day day temptation ooh ive resistance knows temptation ooh thrill addicted youre temptation oh happens till face let turn world love lines grow strong lead youre youre temptation ooh ive resistance yeah honey temptation thrill addicted oh baby temptation ive resistance oh yeah yeah honey temptation thrill addicted temptation ive resistance toembed
4014,1989,Will To Power,Fading Away,fading away lyricsoh want near touch silver eyes blue oh need faithful true oh love sweet possession leave away tell deep confessions forever stay oh miss oh feel love fading away fading away fading away fading away oh come eyes shining heart gold oh hear love burning growing cold try wake listen chance think time winds heaven let spirits dance oh miss oh feel love fading away fading away fading away fading away believed id crawl words youre saying new id crawl knees beg time door oh miss oh feel love fading away fading away fading away fading away fading awayembed
4015,1989,The Graces,Lay Down Your Arms,lay arms lyricsyour words quick cut deep walls waiting wishing wishing waiting forget know tender spots hurt loving come love lay arms lay whyd want shoot love ground lay arms lay lay close moments shattered mattered pushing pulling pulling pushing want tear love apart want heart start living giving lay arms lay whyd want shoot love ground lay arms lay lay love war lay arms lay whyd want shoot love ground lay arms lay lay meembed
4018,1989,The 2 Live Crew,Me So Horny,100 n clip selfmade wellpaid twelfth grade gauge ks 1212s getting ways v12 inhale haze baddest female chanel shades tell j better play smart write script play aint shark ill heart buck air mark need damn gimmick try listens kitchen supplying fixing favorite rap spitter lying snitching bunch basicass niggas trying different addiction know g got gun yelling load load load read cause niggas ovaries yeah red dot leave em red hot portfolio block bunch head shots man mayhem watch gon need ace ban damn somebody avoid chris farley od tommy boy almond joy jr annoyed aint heard weed lot noise loud pack bout smoke pound loud telling hold hold hold mad blowing illest smoke roll clowns navigate know town thataway hey shots mean shots talk lot aint got kidding got shitty weed portapot corner block cop hit em dough got hit load throp run blickers coca spot rearrange pictures nigga photoshop live point way limit hope ticket known sickest writers shit mean bars sixteen got mad bout grab desi separate real guys imaginary nines heavy gotta catch flurry fronting pass nigga makaveli leave dude ill bulletproof dome ill hit internet thugs google chrome aint new holmes doobie blown dead smith wesson thats new cologne beans sweep crew clean dudes liver ustream lose steam let dude scheme shot sleeping nigga hoop dreams claim better amazing heifer fly nigga harlem aint mason betha paper stretcher tell cake fuck niggas checking aint playing checkers check spill mo got biggest bottle rose club got flow drugs equipped dime dub known scrub gonna learn motherfucker veterans turn don aint concerned raps got condoms burn little cake youll return aint heard money straight cheddar perms nigga eating spring cleaning showroom picking spring season misleading lying people g boo aint gotta g higher eagle riding regal speed acting kidding yall need aint true religion yall got evisu duke know corny ill school notes shorty swing new ride hoes bumping 2 live crew horny got team salty send uptown nemos niggas real fake real cake waiting deal nigga imma deal weight figgys writer deal straight 360 better signed gates thats laughing loud nigga thinking come skinny diesels looking got styled village people bout village peoples guess thats new trend thats let em supercute twins new benz ho dash trying 2102embed
4020,1989,Madonna,Oh Father,oh father funny way tears pain child believe loved hurt got away thought power felt good yesterday lay boots prayed anger end oh father sinned hurt got away thought power felt good oh father wanted live way wanted hurt running away oh father wanted live way wanted hurt running away maybe someday look ill able didnt mean cruel somebody hurt hurt got away thought power felt good hurt got away thought power felt good myself7embed
4021,1989,Cheryl Pepsii Riley,Thanks For My Child,thanks child lyricsooh yeah came life right man left regret thing having thanks child thanking man thanks child brought joy bundle love thanks child father ran away free love baby love ooh oh ill stay watch grow yes ill raise onewoman life worth singing song right ill strength thanks child thanking man thanks child brought joy bundle love ill hold arms hold close rock bye baby ill rock sleep understand language baby talk forgot crawl walked looking beautiful youre wrapped blankets love child thanks child today years gone thanks child grew eyes time time thanks child daddy ran away free love baby love inside love oh know ill let oh yeah cause youre sweet baby papa preach papa rolling stone left beautiful cause left thats okay cause mother baby carried months gonna carry carry love sweetheart love mommy2embed
4024,1989,BulletBoys,Smooth Up,smooth lyricssmooth ya momma whoa oh baby oh oh oh baby know want know want try ive said ill youre trapped looks youre harder kind aint got kind time oh send shivers smooth ya smooth ya ya gonna break ya wont know try nows time mind ill woman kind let lovin waste takes date send shivers smooth ya smooth ya smooth ya smooth ya wanna smooth ya yeah yeah yeah yeah yeah ohh ooh ooh wanna wanna wanna ohh wanna wanna wanna ohh oh yeah yeah yeah let lovin waste gonna taste whoa send shivers smooth ya smooth ya smooth ya smooth ya smooth ya said ill smooth ya whoa smooth ya whoa wanna smooth ya smooth ya wanna wanna yeah yeah yeah yeah yeah smooth ya yeahembed
4025,1989,The Pasadenas,Tribute (Right On),tribute right lyricstribute rhythm mama hey want tell story groove right look hope hope makes gets rhythm yeah oh yeah theres music past music young old music revelation rock roll soul ref right right right repeat little richard tutti fruti elvis shook shook shook way fifties way way way know way music songs blood let play cos happening today ref right right right repeat clear music need everyday doubt way talking sam cooke jackie wilson names things aint aint otis redding god rest soul play james brown slides know bram theres motor city gave motown tunes laid foundation lord detroit thing new yeahwere talking marvin gaye whats going little stevie life smokey tears clown supremes baby love ref right right right repeat ike tina right right aretha franklin right right jimmy hendrix right right sound philly jackson sounds alive whoo blow horacle blow right rigtembed
4026,1989,Bee Gees,One,feel heartbeat run fingers hair yeah tell feel youre yeah life fades darkness light search pay price pay price tell someday baby brighter eye hide sun taste love sweet honey vine wind feeds souls entwined someday baby standing round corner tall touch new york sky oh yes love blind hear world oh yes love completely kiss break seal truth stranger fiction love real love real tell someday baby brighter eye hide sun ah follow count ill let oh yes devotion love ocean surely drown oh yes youll possession ill slave hold power tell someday baby brighter eye hide sun tell someday baby know life hands breath planned love goes forever tell someday baby someday baby someday baby tell someday baby someday baby someday baby oneembed
4029,1989,Cheap Trick,Ghost Town,ghost town streets crowded lots people theres music playing hear sound sound rain falling silently livin aint livin yeah life goes day half million miles away ghost town ghost town love ghost town ghost town love ghost town ghost town baby ghost town ghost town come oo oo till come wish baby baby leave oh world keeps turnin turn life life aint place theres lonely days nights aint baby nothin feelin right nothings feeling right ghost town ghost town love ghost town ghost town love ghost town ghost town baby ghost town ghost town come oo oo till come darlin wanna leave town wanna gonna leave town ghost town ghost town ghost town love ghost town ghost town love ghost town ghost town baby ghost town ghost town come ghost town oo oo till come ghost town ghost town ghost town ghost town ghost town hey hey ghost town ghost town ghost town ghost town til come till come ghost town oo oo oooooo ghost town til come till come meembed
4030,1989,Janet Jackson,Rhythm Nation,rhythm nation yeah yeah yeah yeah yeah yeah yeah bass bass bass bass nasty music break color lines lets work improve way life join voices protest social injustice generation courage come forth people world today looking better way life sing rhythm nation people world unite strength numbers right time sing rhythm nation test struggle progress lend lend hand help brother best things getting worse better time damn lets work come people world today looking better way life sing rhythm nation people world unite strength numbers right time sing rhythm nation everybody people world today looking better way life rhythm nation people world unite strength numbers right time rhythm nation bass bass bass bass bass bass bass babababass bass bass bass bass bass bass babass bass bass nasty nation sing people children sing want better way life nation sing people children sing want better way life nasty nasty nasty bababababass bababababass nasnasty nasty nasnasty nasty nasnasty nasty nasnasty everybody sing people world today looking better way life sing rhythm nation people world unite strength numbers right time sing rhythm nation people world today looking better way life sing rhythm nation people world unite strength numbers right time sing rhythm nation nation nation nation nation nation nation nation4embed
4031,1989,Billy Ocean,Licence To Chill,licence chill lyricsyeah billy yo billy way billy woah woah feeling stop feeling oh perfect lover thats baby heaven heaven fly angel lucky star baby ooh transmissions imagination high resistance low yo gotta yeah billy billy way worry alright billy billy gimme got exciting right stop cause girl hot ready billy billy billy yeah billy yo billy ill licence chill ooh feeling rocking reeling seeing believing got key transmissions imagination high resistance low yo gotta yeah billy yo billy way worry alright billy billy gimme got exciting right stop cause hot ready billy billy billy yeah billy yo billy ill license chill youve got baby ive got youve got love baby ive got transmissions yeah billy yo billy way gotta yeah billy yo billy way worry alright billy billy gimma got exciting right stop cause gonna loving ought billy billyembed
4033,1989,Donny Osmond,Hold On,hold lyricshold weve got let weve got lot hold weve got let love walk love bring know whats wrong right gets tough turn maybe worth fight think twice throw away open heart ive got hold weve got let weve got lot hold weve got let love walk love calls place hide heart falls feel pain tearing inside theres reason feel way love stay hold weve got let weve got lot hold weve got let love walk youve got loves understands hold love let slip right hands everybody needs lover know worth fight youve got hold think twice throw away open heart ive got sayembed
4034,1989,Depeche Mode,Personal Jesus,personal jesus reach touch faith personal jesus hear prayers cares personal jesus hear prayers whos feeling unknown youre flesh bone telephone lift receiver ill believer second best test things chest need confess deliver know forgiver reach touch faith reach touch faith personal jesus hear prayers cares personal jesus hear prayers whos feeling unknown youre flesh bone telephone lift receiver ill believer deliver know forgiver reach touch faith personal jesus reach touch faith reach touch faith reach touch faith reach touch faith reach touch faith reach reach reach touch faith20embed
4036,1989,Debbie Gibson,We Could Be Together,lyricsif child lonely child baby weve got lose standing tall shoes ill chance ill choice ill right wrong ill raise voice means doubt ill time ill push love far away ill completely free ill security possibility taken strength ive thought great length thought happy things happiness means greater things ill sit til telephone rings said jump id high said run id run fly chance moment moment pass ask ill tell twice ill ignore worlds advice waitll tell guy waitll tell waitll tell friends theyll think crazy know depends cause crazy love everyones best wont theyll hopes come true taking chance live live live said jump id high said run know id fly chance moment moment pass ask ill tell twice ill ignore worlds advice guarantees means theres possibility ill takes know ive mistakes closed door said jump id high said run id run fly chance moment moment pass ask ill tell twice know ill ignore worlds advice said jump id high said run id run fly chance moment moment pass ask ill tell twice ill ignore worlds advice know whileembed
4037,1989,Edie Brickell & New Bohemians,What I Am,aware things know know know mean philosophy talk cereal box religion smile dog aware things know know know mean choke shallow water deep aware things know know know mean philosophy walk slippery rocks religion light fog aware things know know know mean choke shallow water deep choke shallow water deep choke shallow water deep let deep what6embed
4039,1989,Motley Crue,Dr. Feelgood,dr feelgood rattailed jimmy second hand hood deals hollywood got 65 chevy primered flames traded powdered goods jigsaw jimmy hes game hear hes doin okay got cozy little job selling mexican mob packages candy cane hes dr feelgood hes makes ya feel right hes dr feelgood cops corner ignore somebodys getting paid jimmys got wired laws hire got shade got little hideaway business day night hell sellin sugar sweet people street jimmys town hes dr feelgood hes makes ya feel right hes dr feelgood hes gonna frankenstein ive got thing youll understand dr feelgood hes youd glamorous man dr feelgood got thing thats easily understood dr feelgood hes dr feelgood oh yeah hell tell hes king barrio streets moving shangrila came wealth matter luck says broke law time loser running juice time quick heard rumor going round jimmys going time gonna stick hes dr feelgood hes makes ya feel right hes dr feelgood hes gonna frankenstein let soothe soul hand dr feelgood people evil man dr feelgood let introduce real good dr feelgood hes feelgood guitar listen jimmy come play dr feelgood ive got thing youll understand dr feelgood hes youd glamorous man dr feelgood got thing thats easily understood dr feelgood hes dr feelgood oh yeah dr feelgood dr feelgood dr feelgood dr feelgood dr feelgood dr feelgood dr feelgood dr feelgood feelgood feelgood feelgood feelgood11embed
4041,1989,Poco,Call It Love,love lyricsweve got night lets time tell secrets ill tell makes feel better love wont crazy want makes feel better love tell truth live lie feeling good makes words look eye tell love play hand bluff push til weve youve got love didnt money want look real close fit want time tell tell truth live lie feeling good makes words look eye tell love weve got night lets time tell secrets ill tell makes feel better love love love love youve got loveembed
4044,1989,"Crosby, Stills, Nash & Young",Got It Made,got lyricsknow friend babe gone awful long time remember tried set soul free glad got finalize trade ive seen gun gonna missing understand youre day day lost glad got finalize trade ive seen gun came save world caused dreams fade rained parade glad got glad got hard set changes know youre gonna better know forget ill youre meantime meantime youll know judge doesnt matter mind sure youll remember need worry bout glad got finalize trade ive seen gun glad got madeembed
4046,1989,INXS,Never Tear Us Apart,tear apart ask know true tell love precious heart standing worlds collided tear apart live thousand years hurt id wine tears told fly cause wings know standing worlds collided tear apart standing worlds collided tear apart standing worlds collided tear apart standing there11embed
4049,1989,Debbie Gibson,No More Rhyme,rhyme fear sets burns place theres turn evening sings eerie song longing day wrong place fit youve left know youve light gone waiting long long long know right clear ive felt fear stay good forever time ive felt rhythm happens theres rhyme face face weve felt wait longer feel danger hope living lifetime know right clear clear ive felt fear stay good forever time ive felt rhythm happens theres rhyme hard waiting shoe drop ill stop believing struggle came easy hope felt felt start weve suffered broken heart weve blinded best love test test ive felt rhythm happens theres rhyme mmhmmembed
4050,1989,Rob Base & D.J. E-Z Rock,Joy And Pain,joy pain come joy pump pump pump pain come come sunshine rain ah yeah joy come come pain pump pump pump pump sunshine yeah rain em rob base new kid comin lot rappers think tear ima em ignore em think aint lookin floor em mean em groovin slick bassline beat movin fake wonder rob base ill know deal cause rob base feels joy come come pump pain pump pump sunshine come rain joy pump pump pain goin goin sunshine yeah rain pump pump em rob base smokin hot turn retire talk new jack cause fresher youre wack tryin lyin number flyin wont slow cause new kid devastatin sound hits house practice knew rob exists gettin greedy lead wrong way cause bring ill fight away cause wont slack joy pump pump pain come come sunshine rain goin goin joy yeah yeah pain pump pump sunshine rain em rob base shows watch mcs rock theyre good knock way perform cause good play ceelo yknow cause leader follower mcs swallow em look try judge think mc new kid moved mean rip town boys noise hate mcs think toys hittin harder mc try come joy pump pump pain goin goin sunshine rain pump pump joy goin goin pain yeah goin sunshine pump pump rain let em rob base time old school new applaud boo want talk try cool hang friends foes ask man knows maybe jealousy fame money goin care cause spotlight rob base share headliner youre kid need grow joy pump pump pain come come sunshine goin rain everybody sing come joy pump pump pain come sunshine rain em rob base everybody clap hands joy pump pump pain yeah goin sunshine rain listen sing joy pump pump pain yeah sunshine pump pump rain yeah4embed
4051,1989,Paula Abdul,Cold Hearted,cold hearted hes coldhearted snake look eyes uhoh hes tellin lies hes lover boy play play rules uhoh girl play fool youre givin love anytime needs turn hes runnin crowd youre sacrifice think thinks hes hes coldhearted snake look eyes uhoh hes tellin lies hes lover boy play play rules uhoh girl play fool late night sneakin called check waiting phone worlds candy store hes trick treatin comes true love girl theres home hes coldhearted snake look eyes uhoh hes tellin lies hes lover boy play play rules uhoh girl play fool somebody better girl deserve somebody better girl hes ccold ice hes cold ice hes cold ice stay away girl ccccoldhearted oohahah ccccoldhearted snnnnnake ccccoldhearted oohahah ccccoldhearted snnnnnake hes coldhearted snake look eyes uhoh hes tellin lies hes lover boy play play rules uhoh girl play fool ooh ahh look eyes ooh ahh hes tellin lies ooh ahh play rules ooh ahh girl play fool hes coldhearted snake look eyes uhoh hes tellin lies hes lover boy play play rules uhoh girl play fool hes coldhearted snake look eyes uhoh hes tellin lies25embed
4052,1989,Chuckii Booker,Turned Away,turned away turned away turned away turned away turned away love times feel losing time shared youre ecstasy care didnt worry speak think happy baby love locked shelf remember love place game went way deep girl choice turned away turned away shouldve giving turned away oh started believing turned away living turned away love discovered untrue unfortunate wouldnt gave best let sympathy face girl lets pretend longer race youve got space hurts turned away turned away oh shouldve giving turned away oh started believing yeah yeah turned away oh living turned away love ooh ooh turned away shouldve giving turned away oh everythings today turned away oh living turned away love turned away love turned away love oh turned away love turned away love oh oh oh oh turned away love turned away oh shouldve giving turned away oh start believing turned away oh living turned away love turned away turned away love turned away oh shouldve giving turned away oh start believing turned away oh start believing turned away love ooh ooh turned away turned away oh shouldve giving turned away oh start believing turned away love turned away oh love oh love turn away turned away oh love oh love turn away turned away oh love oh love turn away turned away love1embed
4055,1989,Camouflage,The Great Commandment,great commandment people suppress parch reap disaster reeducation enfants demanded innocent instance great commandment shows contempt world embarrassing pavement believe scholars read readings realize man says great commandment needies believe treat survivors disaster reeducation enfants demanded innocent instance great commandment shows contempt world embarrassing pavement believe scholars read readings realize man says great commandment shows contempt world embarrassing pavement believe scholars read readings realize man says great commandmentembed
4057,1989,SaFire,Gonna Make It,gonna girl papa told baby youre gonna big day know youll sticking let way searching star ive dreaming hey listen world day gonna watch gonna theres way ill stop oh feel need sermon cause determined control destiny souls desire good fate comes knocking door ill walk right knowing whats store ready time comes time lives finish time near wont let slip away oh oh corner maybe knows wants knows shocking soon ill rocking knowing ive best reaching star ive dreaming hey listen world gonna day watch gonna day way ill stop gonna day shout gonna day embed
4061,1989,Tracie Spencer,Imagine,imagine imagine theres heaven easy try hell sky imagine people living today yeah yeah imagine theres countries isnt hard kill die whoa religion imagine people living life peace yeah yeah dreamer oh know hope someday join world imagine possessions wonder need greed hunger whoa brotherhood man want imagine people sharing world sharing woo sharing dreamer oh know hope someday join world world live world world brothers sisters world world gonna walking hand hand ooh world world live world live oneembed
4062,1989,The Outfield,My Paradise,paradise lyricsthink lucky tonight let hair little crazy yeah reflections alright introduce suggestion everbodys got thing mind set wheels cranked radio town hide town left right paradise know paradise lucky got deal know wont break yeah afford money buy theres better small town lady different boy door good times need chance sure day born ive felt secure cos left right paradise know paradise reputations got price people want pay everybody needs place come everybody needs place belong everybody paradise left right paradise know paradiseembed
4064,1989,Paula Abdul,Forever Your Girl,forever girl hey baby gotta remember forever girl baby forever know baby pick head head come look face cause tell somethin bringin rumour boy wants place hear hes heart hearin stories theyre goin friends talkin baby remember gave heart aint gonna tear apart promise moon stars promised world remember forever girl promise world gotta remember forever girl honey listen love need know need nothin money buy lie boy come try leave girl id mind thered need worry tellin need hear love baby know love ya id ya promise moon stars promised world remember forever girl promise world gotta remember forever girl forever baby remember forever girl promise world hey baby remember forever girl mountains crumble sea thats day someonell come baby remember gave heart tell aint gonna tear apart baby promise diamonds promised pearls honey know aint lyin listen tell world remember baby remember remember baby forever forever girl baby forever forever girl baby forever forever girl hey baby promise world girl know love hey baby live til forever ill lovin ill lovin remember forever girl forever girl remember forever girlembed
4065,1989,Jody Watley,Real Love,real love lyricsi said trying live life wanna come need brand new lies listen want love thats time play love games wanna nobodys fool wanna gotta real love know wanna real love gonna try real love everybody needs real love got real love friends telling try need opinions deal mind listen want love thats time play love games wanna nobodys fool wanna gotta real love know wanna real love gonna try real love everybody needs real love got real love real love oh oh ah oh oh ah oh oh ah oh yeah oh oh ah oh oh ah oh oh ah oh oh ah oh oh ah real love know wanna real love gonna try real love everybody needs real love got real love real love know wanna real love gonna try real love everybody needs real love got real love real love ow ow ow real love know wanna real love gonna try real love everybody needs real love got real love real love real love huhuhuh real love need opinions need advice real love got real love real loveembed
4066,1989,New Kids On The Block,Cover Girl,cover girl morning face girl youre looking good everythings place know leave girl wont stay bride know youre kind youre girl youre know youre alright girl ive needed long oh ohoh shes cover girl oh ohoh ohoh oh ohoh shes cover girl oh ohoh ohoh look pages magazine pretty face prettiest ive seen know want girl feel way youre oh ohoh shes cover girl oh ohoh ohoh oh ohoh shes cover girl oh ohoh ohoh oh ohoh shes cover girl oh ohoh ohoh oh ohoh shes cover girl oh ohoh ohoh bass alright oh yeah sight let alright ah yeah know want girl feel way youre oh ohoh shes cover girl oh ohoh ohoh oh ohoh shes cover girl oh ohoh ohoh oh ohoh shes shes cover girl oh yeah yeah cover girl youll stay oh yeah cover girl ohoh ohohoh ohoh cover girl ohoh ohohohembed
4070,1989,Moving Pictures,What About Me,theres little boy waiting counter corner shop hes waiting waiting half day gets pushed knocked ground gets feet says isnt fair ive want share wanna live theres pretty girl serving counter corner shop shes waiting waiting dream dreams walk stop shes proud loud runs street screams isnt fair ive want share wanna live step little people young theyre ones big people big listen whisper standing corner worlds gone home nobodys changed nobodys saved feeling cold guess lucky smile lot wish ive got isnt fair ive want share wanna live isnt fair ive want share wanna live meembed
4071,1989,Howard Jones,Everlasting Love,everlasting love wasnt looking pretty face wasnt searching latest style didnt want walked straight tv needed interior smile wasnt looking cuddle seat wasnt looking fiveminute thrill wasnt thinking tomorrow week vacancy meant permanently need everlasting love need friend lover divine everlasting precious love wait wait time world disposable emotion climate temporary dreams wasnt looking notch bedpost love push pull burst seams need everlasting love need friend lover divine everlasting precious love wait wait time love worth waiting special pure need everlasting love need friend lover divine everlasting precious love wait wait time wait wait time love worth waiting bitterness die sure special pure love worth waiting love worth waiting need everlasting love bitterness die sure special pure need friend lover divine love worth waiting need everlasting love need friend lover divine everlasting precious love wait wait time need everlasting love need everlasting love need friend lover divine need friend lover divine everlasting precious love everlasting precious love wait wait time wait wait time need everlasting love need everlasting love need friend lover divine need friend lover divine everlasting precious love everlasting precious love wait wait time wait wait time need everlasting love need friend lover divineembed
4072,1989,Anita Baker,Just Because,think loving limitations set regimented rules amazed love touched life commitment share welcome sacrifice sweet fatal attraction lifelong date destiny love strong brings passion knew love love darlin emotions words help love love love baby youre youre youre youre diamond mind treasure precious gem youre nice glad took path led amazin loving doin things thought id know aint explanation sharin love way wont try work reasons iii use words simply love love darlin emotions words help love love love baby love love darlin emotions words help love love love know baby theres meets eye maybe thats reason know arms feels right hold tight come alive love love surely darlin emotions words help love love love hey aheyhey ahey hey love love oh yeah darlin wanted love love love hey hey love baby love love aint nothin darlin nothin nothin love love love love love love love wanted darlin thats way baby thats way baby love love oh hey love love love youembed
4073,1989,Tiffany,Radio Romance,radio romance lyricsfrom uh loves baby baby single day holding best friend request single night going dedication line wonder youre listening words wishing day ill kissing wo wo wo radio radio romance radio radio romance radio radio romance radio romance secret admiration wont reveal wouldnt want hurt tellin feel dj knows voice knows choice says says loves baby radio radio romance radio radio romance radio radio romance radio romance night youll hear song youll know rap baby single day holding best friend wonder youre listening words wishing day ill kissing wo wo wo radio radio romance radio radio romance radio radio romance radio romanceembed
4074,1989,The Jacksons,Nothin (That Compares 2 U),nothin compares 2 u ill woman let wrong ill heart soul hope let woman fine love completely love return heart youll worry cause ill cause aint nothin ooh mean nothin nothin compares youre fine scared aint nothin ooh mean nothin ooh nothin compares youre fine scared ill fell love youve promise lover love sound heart completely let love girl sweetly worry cause ill cause aint nothin ooh mean nothin nothin compares youre fine scared aint nothin ooh mean nothin nothin compares youre fine scared aint nothin mean nothin oh baby nothin compares youre fine scared nothin ooh mean nothin nothin compares youre fine scared hey jackie want hey randy love jermaine need hey tito love completely love return heart worry cause ill cause aint nothin ooh mean nothin nothin compares youre fine scared aint nothin ooh mean nothin nothin compares youre fine scared aint nothin mean nothin oh baby nothin compares youre fine scared aint nothin ooh mean nothin nothin compares youre fine scared you3embed
4075,1989,Winger,Hungry,hungry lyricsi hear tickin clock countin day ive long youre coming face ill turn stone holdin way day hear girl hungry love girl hungry baby let hungry love hungry loves color heart look eyes everythings clear apart begin die youre holdin way day hear girl hungry love girl hungry baby let hungry love hungry lie awake night stop remembering youve got right hold hungry hear tickin clock countin day ive hungry hungry love girl hungry hungry skin hungry baby let hungry love hungry hungry love hungry oh hungryembed
4076,1989,Metallica,One,remember tell true dream deep inside feel scream terrible silence stops war waking theres left real pain hold breath wish death oh god wake womb real pumps life feel look forward reveal look time ill live fed tube sticks wartime novelty tied machines cut life hold breath wish death oh god wake world gone oh god help hold breath wish death oh god help related songsthe shortest strawmetallicaeye beholdermetallicanothing mattersmetallica darkness imprisoning absolute horror live die trapped body holding cell landmine taken sight taken speech taken hearing taken arms taken legs taken soul left life hell 128embed
4077,1989,Christopher Max,Serious Kinda Girl,kinda girl lyricsoh chris ooh searching remember mother told someday youll searching searching world yeah kind girl searching searching world kind girl listen story pain glory boy heart cause baby think ready start king day fame fortune money id good money buy love oh searching searching world yeah kind girl searching searching world kind girl places plenty girls trendy willing friend long porsche benz remember mama told day girl love feeling right day single night oh searching searching world yeah kind girl searching searching world yeah looking baby searching baby ive searching oh long vain know hearts wrong shes ill someday searching searching baby searching darling searching world kind girl yeah yeah searching searching baby searching darling searching world kind girl yeah yeah oh chris oh chris yes baby oh chris oh chris yes girl oh chris oh chris yes baby oh chris oh chris yes girl oh chris oh chris yes baby oh chris oh chris yes girl searching world yeah searching baby kind girl world searching world kind girl searching baby searching world yeah searching darling kind girl world searching world kind girlembed
4078,1989,After 7,Heat Of The Moment,heat moment lyricsla reid babyface comes time mans life youre gonna wrong mistake girljust let let explain believe ive kinda man admit wasnt best ive right going changes ive thought faithful kind man thought tempted baby licked lips said right nowright heat moment baby lost head lost mind didnt know heat moment baby fell lust ive oh want ive got stronger man love lady lose baby cause knew id lose want changes promise better man temptin baby lick lips said right right repeat chorus2x baby baby youve got slow promise better man nownow know know carry girl stopjust stop baby kissed lips said right nowright repeat chorus 3xembed
4080,1989,The Escape Club,Walking Through Walls,walking walls lyricssome things change things know walking rocky road far mind id stars sky love love turn head sun way chorus hope mind dreams stars sky love theres way home walking walking walls days end days slow walking rocky road far mind id stars sky love love lost fight turn head light way chorusembed
4081,1989,New Kids On The Block,You Got It (The Right Stuff),got right stuff right stuff right stuff time great time second time blast time fell love hope lasts walk tell talk thoughts got right stuff baby love way turn got right stuff baby youre reason sing song needed oh girl youre right said wanted dreams come true oh oh oh oh oh oh oh oh oh oh oh oh oh oh right stuff oh oh oh oh oh oh oh oh oh oh oh oh oh oh right stuff kiss sweet kiss second kiss twist fourth kiss want miss walk tell talk thoughts got right stuff baby love way turn got right stuff baby youre reason sing song needed oh girl youre right said wanted dreams come true oh oh oh oh oh oh oh oh oh oh oh oh oh oh right stuff oh oh oh oh oh oh oh oh oh oh oh oh oh oh right stuff oh oh oh oh oh oh oh oh oh oh oh oh oh oh right stuff oh oh oh oh oh oh oh oh oh oh oh oh oh oh right stuff girl yeah baby yeah know got right stuff girl yeah baby know know got girl life youre right know oh oh oh oh oh oh oh oh oh oh oh oh oh oh right stuff oh oh oh oh oh oh oh oh oh oh oh oh oh oh right stuff got right stuff baby love way turn got right stuff baby youre reason sing song oh oh oh oh oh oh oh oh oh oh oh oh oh oh1embed
4082,1989,Grayson Hugh,Talk It Over,talk lyricsharsh words spoken promises broken old wounds opened love walks door proud youre ready break late wake love walks door baby oh sweet baby didnt mean word said know love talk bed meant hurt head tell want talk bed talk talk talk harsh words spoken promises broken old wounds opened love walks door proud youre ready break late wake love walks door come little closer forgive forget work meant hurt head tell want talk bed let let slip away oh baby oohembed
4083,1989,Guns N' Roses,Nightrain,nightrain loaded freight train flyin aeroplane feelin space brain time tonight west coast struttin bad motherfucker got rattlesnake suitcase arm said mean machine drinkin gasoline honey motor hum got chance left lives cat got dog eat dog sly smile got molotov cocktail match togo smoke cigarette style tell honey money tonight wake late honey clothes credit card liquor store thats tonight ill loaded freight train flyin aeroplane feelin space brain time tonight nightrain bottoms nightrain cup nightrain ready crash burn learn nightrain love stuff nightrain nightrain return loaded freight train flyin aeroplane speedin space brain time tonight nightrain looking nightrain leave slum nightrain ready crash burn nightrain bottoms nightrain cup nightrain ah ah ah whoa yeah nightrain love stuff nightrain ridin nightrain guess guess guess guess learn nightrain float home oh nightrain ridin nightrain return nightrain10embed
4084,1989,Pet Shop Boys,Domino Dancing,domino dancing day day know know thought loved sure ive seen look strangers times love want different kind remember felt sun love paradise hot burned threat distant thunder sky red walked turned head day day watch fall day day domino dancing day day watch fall day day domino dancing thought fought blame know play different game ive watched dance danger wanting add number score day day watch fall day day domino dancing day day watch fall day day domino dancing look wonder play win bad loser day day day day day day watch fall day day domino dancing day day day day know know thought loved sure hear thunder crashing sky dark storm breaking heart day day watch fall day day domino dancing day day watch fall day day domino dancing day day day day day day day day domino dancing day day day day day day watch fall day day domino dancing day day watch fall day day domino dancing day day watch fall day day1embed
4086,1989,Surface,Closer Than Friends,closer friends know feel time let feelings love ill let baby right friends pray someday youll surrender love tender wont push long know love true closer baby hey closer friends want closer baby hey closer friends hard explain youre close warm sensation inside deny want try time come girl wanna lose love putting cards table know thankful feelings inside theyre strong hide closer baby want closer friends closer baby yeah closer friends know youre probably thinking heard times girl youre want stay youre gone want day girl wanna lose love putting cards table know thankful feelings inside theyre strong hide closer baby baby closer friends theyre strong hide closer baby closer baby closer friends closer friends oh oh oh oh oh baby closer friends closer baby yeah baby baby whoa oh oh lady hey yeah closer friends woo want bout bout whoa whoaoh theres wont close closer friends baby yeah hoo closer baby closer friends wont close ooh baby yeahembed
4088,1989,U2,Desire,desire lyricslover streets gonna bright lights big city meet red guitar desire shes candle burnin room yeah needle needle spoon counter shotgun pretty soon everybodys got fever desire desire fever gettin higher desire desire burning burning shes dollars shes protection yeah shes promise year election sister let preacher stealin hearts travellin love money money money fever gettin higher desire2embed
4090,1989,Samantha Fox,I Wanna Have Some Fun,wanna fun hello know hard good woman maybe fun sasasasasamantha fox aint funny lets youre saying whats girl fun youre jealous let come leave comes prove know love thinking tonight ive got wanna fun body night long wanna fun body night long momma work play know think ill crew course love naughty girls need fun feel guilty buy try ive got place wanna fun body night long working hard day aint staying home way need want got flaunt prisoner unlock door breathe comes dear stay learn turn want stay fun yeah come loads fun yeahembed
4094,1989,Warrant,Down Boys,boys lyricsoh yeah certain things mad confess way streetlight silhouettes thighs inside dress wild child streets think seen know knows million miles hour headed boys whoa rewind weve ooh wish youd look shape boys boys boys yeah wanna boys baby comb hair shades look real cool youre giving runaround feel fool got lot nerve cheap true care tonight rewind weve ooh wish youd look shape boys boys boys yeah wanna boys baby certain things mad confess way streetlight sihlouettes thighs inside dress ooh yeah whoa rewind weve ooh wish youd look shape boys boys boys yeah wanna boys boys boys boys goembed
4095,1989,Inner City,Good Life,good life let place know want good life wanna stand beg got feeling youre gonna ill want love shining life thriving good life good life feeling good life good life feeling let tell away bad times glad times good life good life grooves rocking feels good good life want want want good life night rainy days sun chase clouds away good life good life sorrow borrowed good life good life1embed
4097,1989,Taylor Dayne,With Every Beat Of My Heart,beat heart lyricsi getting closer love know ready willing getting control win lose stay game know youll feel burned flame youll answer day beat heart getting closer beat heart know getting closer love beat wanna know day wont long till hear boy matter time know youll feel burning deep inside youll answer eyes beat heart getting closer beat heart know getting closer love beat heart feel moving closer oh beat heart baby know reality beatembed
4098,1989,Kylie Minogue,The Loco-Motion,locomotion locomotion locomotion everybodys brand new dance come baby locomotion know youll chance come baby locomotion little baby sister ease easier learning abcs come come locomotion gotta swing hips come baby jump jump oh think got knack oh lets chain come baby locomotion chuga chuga motion railway train come baby locomotion nice easy lose control little bit rhythm lot soul come come locomotion locomotion come come locomotion come come locomotion floor locomotion come baby locomotion holding hands got notion come baby locomotion theres dance thats easy makes happy youre feeling blue come come locomotion come locomotion come locomotion come locomotion everybodys brand new dance come baby locomotion know youll chance come baby locomotion little baby sister ease easier learning abcs come come locomotion come come locomotion come come locomotion gotta swing hips yeah come baby jump jump back2embed
