,Year,Artist,song_name,further_clean_text
4241,1991,Johnny Gill,Wrap My Body Tight,wrap body tight fell bed morning oh bugging sleep cause hadnt loving ive got solve problem baby darling know remedy night turn lights want wrap body tight lover body warm need woman wrap body tight day goes thought weighs heavy mind thing think tonight lights ooh hope tonight tonight day night want love hold sweet sweet love telling problems know know exactly need woo ooh come come squeeze girl wrap wrap body wrap wrap body real tight yeah yeah girl solve problem baby know remedy need hold need woman right right come work hold love meembed
4244,1991,Starship,Good Heart,good heart lyricsooh good heart good heart good heart good heart hope gone called friends arent rely darkness makes hard lift eyes yeah chorus ill good heart hold strong ill shoulder lean yeah gonna good heart thats solid true stand ones turn everyones stranger passing thats left broken dream hold hand reach yeah ill good heart hold strong ill shoulder lean yeah good heart thats solid true stand theres need dance arms home ooh whoa oh oh good heart good heart good heart good heart ill good heart hold strong ill shoulder lean yeah gonna good heart thats solid true stand good heart hold strong shoulder lean gonna good heart hold youre head lift youre head lift ill love believe yeah stand good heart good heart hold strong shoulder lean gonna good heart solid true stand youembed
4245,1991,Metallica,Enter Sandman,enter sandman prayers little forget son include tuck warm free sin til sandman comes sleep eye open gripping pillow tight exit light enter night hand nevernever land somethings wrong shut light heavy thoughts tonight arent snow white dreams war dreams liars dreams dragons things bite yeah sleep eye open gripping pillow tight exit light enter night hand nevernever land yeahhah lay sleep lay sleep pray lord soul pray lord soul die wake die wake pray lord soul pray lord soul hush little baby word mind noise heard beasts bed closet head exit light enter night grain sand exit light enter night hand nevernever land yeah haha haha oh yeahyeah yooh nevernever land hand nevernever land hand nevernever land nevernever land nevernever land nevernever land92embed
4247,1991,D.J. Jazzy Jeff & The Fresh Prince,Ring My Bell,ring bell yo baby know whats girl talk hours hours time invitation conversation things bad know ill soothe mind telephone youre ill verbal massage man gets home want know hop car come ring bell come ring bell ring bell bell dingdong dingdong come ring bell ring bell bell ringalingaling girl way treats crying shame youre toy life silly game long gonna live situation cause youre princess baby deserve prince plain day right eyes telling truth man insists telling lies stays night id home 8 oh loving hmm grrrrrrreat mean insult man trying plan rest lives forever got stand pick cause girl feel tell ill ring bell break ring bell ring bell ding dong ding heyhey ring ring bell anytime anyplace ring ring ring ring ahhh open mind trying happy said 1000 times didnt love wouldnt calling night wipe tears cause man fight loves ya baby know doesnt care let wheres know laying hooold wait let chill need ill cause time heart gets knocked know ill wipe spill know sounds fairy tale aint childrens book dear open eyes look future holds _ ruin great big mistake pay attention youre life pitfalls ups sort mission youre rocky road decision want love adore hold treat youre ready treated way baby ring bell repeat till fadeembed
4248,1991,Blue Train,All I Need Is You,need lyricsits got standing correspondent shoes need place feel making plans stay know ive idea world stage original actors actors making entrances learning lines want feel alive need satisfied want want need built reputation lived proxy little glamour life denying youre walking miracle mile want feel alive need satisfied want want need standing correspondent shoes need place feel making plans stay know want feel alive need satisfied want want need want feel alive need satisfied need want feel alive need satisfied want want need x3embed
4250,1991,Sting,All This Time,time looked river today saw city fog old church town seagulls play saw sad shire horses walking home sodium light priests ferry october geese cold winters night time river flowed endlessly sea priests came round house tonight young old offer prayers dying serve final rite learn teach way cold wind blows fussing flapping priestly black murder crows time river flowed endlessly sea way id boat river id bury old man id bury sea blessed poor shall inherit earth better poor fat man eye needle words spoken swear hear old man laughing good world worth having time river flowed endlessly silent tear time river flowed father jesus exists come lives teachers told romans built place built wall temple edge empire garrison town lived died prayed gods stone gods sound empire crumbles till left stones workmen time river flowed falling light northern sun way boat river men crazy congregations better one4embed
4251,1991,T.P.E.,Then Came You,came lyricsall dreams reality day love came pain disappeared sight want need day night came came time light day hard face cause heart space feeling needing tell girl waited girl love knew took hand understand wanted man came dreams reality came day love came came pain disappeared sight came want need day night came know baby instead false love true love theres want emotions way sure heart safe hands ask questions demands come baby way loves supposed words true life girl came dreams reality came day love came came pain disappeared sight came want need day night came dreams reality came day love came came pain disappeared sight came want need day night man ive fed search yo let mama told thered days love line risks colorblind trying new heart dying hearts broken drained need jumpstart looking love love true life came lets lets girl life know true searching true love came dreams reality came day love came came pain disappeared sight came want need day night came dreams reality came day love came came pain disappeared sight came want need day nightembed
4252,1991,Tony Toni Tone,Feels Good,feels good play record frequently possible easier play record day needed feels good yeah feels good woah feels good feels good sho feels good rhythm feels good baby let hear oh oh baby rhythm feels good baby let hear oh oh baby rhythm feels good baby let hear oh oh baby rhythm feels good baby let away oh oh baby moments share special times change cause know feels good yeah know feels good woo know feels good yeah know wanna feels good know love rhythm sho feels good rhythm feels good baby let hear oh oh baby rhythm feels good baby let hear oh oh baby rhythm feels good baby let hear oh oh baby rhythm feels good baby let away oh oh baby night fun lovin 101 holding tight wife cause know feels good know care feels good know relax feels good know feels good having rhythm sho feels good know love yeah know want feels good know need ahhh know care feels good yeah feels good rhythm feels good baby let hear oh oh baby rhythm feels good baby let hear oh oh baby rhythm feels good baby let hear oh oh baby rhythm feels good baby let away oh oh baby mocedes mellow nice fellow met 3t hit rhyme acapello rhythm rhyme hit time worked worked tony toni toné feels good yeah feels good feeeeels good feels good feels good feels good yeah feels good feel hands feel feet feel bones feel bones feel feet feel heart feel soul know feels good yeah feels good adoodoo doo doo doo feels good yeah feels good feel feel girl feel feel feel feel feel got feel yeah got feel feel feel adoodoo doo doo doo doo doo adoodoo doodoo doo doo doo doo doo doo doo feel good woo feel good feel good feel hands feel feet feel feel goodembed
4253,1991,Happy Mondays,Step On,step youre twistin melon man know talk hip man youre twistin melon man cops hey rainmaker come away man know hes gonna away promised land hey good lady wants got know hell stop hes taken lot hey hey hey hey hey hey gonna stamp change desire know forget youre man gonna stamp change desire know forget youre man youre man youre twistin melon man speak hip hey rainmaker got golden plans tell hell stranger land hey good lady hes got god got double tongue think lie oh lied oooh hes twistin melon man oh lied oooh hes twistin melon man gonna stamp change desire know forget youre man gonna stamp change desire know forget youre man hes gonna step hes gonna step hes gonna step hes gonna step hey rainmaker got golden plans tell hell stranger land hey good lady hes got god got double tongue think lie gonna stamp change desire know forget youre man gonna stamp change desire know forget youre man hes gonna step again4embed
4255,1991,Warrant,Blind Faith,blind faith darlin know youre sleepin theres ive got wonder youll hear youre dreamin lifetime day thanks know dreams come true blind faith oh yeah got blind faith oh yeah eyes things wellhidden hint youre holding inside day met consider day life thanks know dreams come true blind faith oh yeah got blind faith oh sure deserve woman true love think faith feelin stronger day blind faith oh yeah got blind faith true oh yeah blind faith oh yeah got blind faith sure deserve woman true love think doembed
4256,1991,Breathe Featuring David Glasper,Does She Love That Man?,love man lyricsendlessly walking winter thats bitterly cold christmas coming stores wrapped neon glow feel festive oh ive lost woman held dear reflective think happy years brush stranger turn apologize saw man sparkle eyes love man way loving love man broken survive walked cafe sat stared wall waitress talked hear words sound hear screaming soul world revolved single thing wish know love man way loving love man broken survive weather changing snow began falling sky dark mood heart watched lovers sharing smiles laughter painful reminders recapture moment held swear shed left sorrow fear tomorrow soon wake theres pain shake heart love man way loving love man broken love man way loving love man broken love love love manembed
4258,1991,Sheena Easton,What Comes Naturally,comes naturally lyricslets comes naturally ive holding love long time nobodys come want phones ringing heart wont answer pretend cause love ive looking prepared saw eyes saw ive waiting long time lets met know youre stranger tell hearts danger ive looking youve looking lets comes naturally theres time wild theres time free lets comes naturally play hard good youd look eyes right powerful feeling feeling deny heart youre stealing ive looking want tell afraid ill let walls come tonight feeling brave lets risk worth chance taking turn love making ive looking youve looking lets comes naturally theres time wild theres time free lets comes naturally ive looking youve looking lets comes naturally theres time wild theres time free lets comes naturally oh oh baby set love free falling love come naturally comes naturally comes naturally crazy crazy getting kind wild yes seeing smile know feel connected look baby affected tell youre reading thoughts let tell afraid getting caught risk worth chance takin cause turn love makin ive looking youve looking lets comes naturally theres time wild theres time free lets comes naturally ive looking ive looking youve looking youve looking baby set love free set love free lets comes naturally ive looking youve looking lets comes naturally theres time wild theres time free lets comes naturally ive looking youve looking lets comes naturally theres time wild theres time free lets comes naturallyembed
4261,1991,Celine Dion,(If There Was) Any Other Way,way sorry know late guess lost track time started walking stop turning mind trying sense trying pieces fit thought covered tracks says knew start yeah knew way love think ive tried think want stay way love theres way aint way maybe id better leaving theres want understand choice play break rules darlin time goodbye cause knew time way love think ive tried think want stay way love theres way aint way wanted meant thought losing takes getting way love think ive tried think want stay way love theres way aint way way love think ive tried think want stay way loveembed
4262,1991,Gloria Estefan,Seal Our Fate,seal fate lyricshey hey late case sad truth opportunity wont knock twice tomorrow tomorrow come gotta think future today soon long gone years line youve dreamed youve dreamed harder right bad decision mess life seal fate choices second thought chances come anytime better wide awake cause seal fate choices seal fate seal fate seal fate seal fate choices surely bad sound mistake turn turn straight narrow having fun decision hurting know gotten way hand ways dreamed dreamed worth price pay end instead ahead started seal fate choices second thought chances come anytime better wide awake cause seal fate choices seal fate yes seal fate seal fate seal fate choices hey hey hey hey hey hey instrumental break know gotten way hand ways dreamed dreamed worth price pay end instead ahead youre started seal fate choices second thought chance come anytime better wide awake cause seal fate choices hey fate seal fate thats step seal fate yes seal seal fate seal fate choices seal fate fate seal fate comes seal fate seal fate seal fate choices seal fate yeah seal fate yes seal fate seal seal fate yes seal fate choices makeembed
4263,1991,Bob Seger & The Silver Bullet Band,The Real Love,real love think ive real love genuine true think come way today babe think remember moments looking eyes sworn saw spark love babe flickering inside ive round track thing lack real love time time touch feel way feel babe means time look way real love oh darlin darlin darlin stay stay long morning sun everyday everyday moment hand gonna try best babe prove man gonna best gonna rest weve got real love real love weve got real love weve got real love unh weve got real love unh huh weve got real love weve got real love weve got real love weve got real love weve got real love weve got real love weve got real loveembed
4264,1991,Vanilla Ice,Ice Ice Baby,ice ice baby yo vip lets kick ice ice baby ice ice baby alright stop collaborate listen ice brand new invention grabs hold tightly flow harpoon daily nightly stop yo know turn lights huh ill glow extreme rock mic vandal light stage wax chump candle dance rush speaker booms killing brain poisonous mushroom deadly play dope melody best felony love leave better gangway better hit bullseye kid play problem yo ill solve check hook dj revolves ice ice baby vanilla ice ice baby vanilla ice ice baby vanilla ice ice baby party jumpin bass kicked vegas pumpin quick point point fakin cookin mcs pound bacon burnin em youre quick nimble crazy hear cymbal hihat souped tempo roll time solo rollin 50 ragtop hair blow girlies standby wavin hi stop drove kept pursuin stop busted left headin stop block dead yo continued a1a beachfront avenue girls hot wearing bikinis rockman lovers driving lamborghinis jealous cause getting shay gauge vanilla 9 ready chumps wall chumps acting ill theyre ball gunshots raged bell grabbed 9 heard shells falling concrete real fast jumped car slammed gas bumper bumper avenues packed trying away jackers jack police scene know mean passed confronted dope fiends problem yo ill solve check hook dj revolves ice ice baby vanilla ice ice baby vanilla ice ice baby ice ice baby heed cause lyrical poet miamis scene case didnt know town created bass sound shake kick holes ground cause styles chemical spill feasible rhymes vision feel conducted formed hell concept hype want step shay plays fade slice ninja cut razor blade fast djs damn rhyme drug id sell gram composure time loose magnetized mic kick juice problem yo ill solve check hook dj revolves ice ice baby vanilla ice ice baby vanilla ice ice baby ice ice baby vanilla ice yo man lets word mother ice ice baby cold ice ice baby cold ice ice baby cold ice ice baby cold cold ice ice baby cold cold ice ice baby cold cold ice53embed
4265,1991,Winger,Miles Away,miles away lyricsso love tell youre walkin door months know certain love lookin times moment reach hope youre miles away youre turnin wait anymore miles away nothin left needed miles away hard tell youre goin kept feelings locked inside open heart chances youre feelin feelin moment hold dreams miles away youre turnin wait anymore miles away nothin left needed miles away times tough youve gone tired bein promises lonliness fades away thoughts memories cryin missin time wont forget meant hold moment hold dreams miles away youre turnin wait anymore miles away nothin left needed whoaoh miles away youre turnin wait anymore miles away nothin left needed miles away1embed
4272,1991,Surface,The First Time,time know wont forget times shared holding hands walking park happy regrets tell look face love today time looked eyes cried remember time fell love looked eyes wiped tears away time fell love time passed remember yesterday time moving fast love time wont change ill feel end memories share live forever deep inside heart know ill forget time looked eyes cried remember time fell love looked eyes wiped tears away time fell love time looked eyes cried remember time fell love looked eyes wiped tears away time fell love oh fell loveembed
4274,1991,Phil Collins,Who Said I Would,said know says wants hear day know knows keeps aint way shes got heart stone tell shell miss gone says said knows aint easy simple boy fills loving oh sets free shes got heart stone tell shell miss gone says said tell said said said fine suit purpose kind think think tell said said shes got heart stone tell shell miss gone says youre fine suit purpose youre kind think think said said knows calls ill come running time knows gets hot know body mind shes got heart stone tell shell miss gone says said tell said said said said said said said would1embed
4275,1991,Daisy Dee,Crazy,crazy lyricsbabyyy x2 hi daisy dee wanna party mc b bass pumpin body think cmon started doesnt matter youre infirm dance rhythm concern crazy healling jack youre chilling dance rhythm crazy think leavin dance rhythm crazy think leavin dance rhythm shake body gimme attention wanna party yeah cmon lets time black color skin deny rap way express rimes youre trouble youre ill body pumpin movin sound dance rhythm crazy think leavin dance rhythm crazy think leavin stop moving mic case comin strong free mind time lets hell forget daisy operations house crazy direction wont tell actually way tell dance rhythm crazy think leavin dance rhythm crazy think leavin dance rhythm crazy think leavin dance rhythm crazy think leavinembed
4276,1991,Kym Sims,Too Blind To See It,blind honey let tell man world wait cause wont time boy leaving blind blind blind blind baby thats thought fun tried play youre caught ive tried ive tried hide hide way feel thats real ive tried ive tried deny wrong moving moving honey let tell man world ive tried ive tried deny wrong moving moving believe realize baby blind blind realize believe oh baby embed
4277,1991,Dino,Gentle,gentle lyricsgirl promise ill gentle night catch falling love theres pain soon love falling gentle gentle youre loving ill gentle yeah daze confused stopped running ill time ill wait cause know youll coming ill gentle baby gonna gentle loving loving loving holding wanting youre lying baby girl youve got calling calling yeah ill gentle gentle loving loving baby loving holding wanting youre lying baby youve got calling baby yeah hey baby baby baby baby youve got yeah calling calling calling baby youve got calling calling calling babe calling calling calling yeah calling calling calling calling calling calling wanna stop loving girl stop world wanna quit loving boy stop giving joyembed
4279,1991,Whitney Houston,My Name Is Not Susan,susan night long ago fell easy let past said didnt romeo know believe tongue slip easily know think oughta let right time thats end susan watch need way want hear susan shes got respect love receive susan right night asleep deep dream heard turned embrace froze place romeo know knew heart bust easily know think oughta let right time goodbye boy susan watch need way want hear susan shes got respect love receive susan susan watch need way want hear susan shes got respect love receive susan want girly know kind girl lonely let damn shame forgot susan watch need way want hear susan shes got respect love receive susan want hear susan aint susan ya better right1embed
4280,1991,Erasure,Chorus,chorus ahead dreamin worth youll stricken bound kickin dirt dark know night bring ahead schemin shop home youll treasure cookin bones knife sharp youd better watch cut hands covered sun birds flown away fishes sea gone sleep covered sun birds flown away fishes sea gone sleep ahead dreamin worth youll stricken bound kickin dirt dark know night bring ahead schemin shop home youll treasure cookin bones knife sharp youd better watch cut hands covered sun birds flown away fishes sea gone sleep covered sun birds flown away fishes sea gone sleep holy moses hearts screaming souls lifting dreaming waiting praying time ones cheating sunlight rising horizon distant memory dawn chorus birds singing bells ringing hearts minds covered sun birds flown away fishes sea gone sleep oh covered sun birds flown away fishes sea gone sleep oh covered sun birds flown away oh fishes sea gone sleep oh covered sun birds flown awayembed
4283,1991,Jesse Jaymes,Shake It (Like A White Girl),shake white girl white women oh man hot girls theyre hard saw girl kind white girl blew mind looked good better real nice body snotty chick hottie cleared throat went cause look wanna know better wigglin gigglin shakin jiggilin movin grovin dancin wigglin said ya doin chance honor dance said oh yes swing dеath wont ya floor rock jеss stutterstep earl pearl cause shake white girl date wait yo hold wait saw blonde lookin great wanted diss girl forget cause freak looked times better body great legs fantastic moves spazztic didnt care cause love date saw starin pull club date freakin wouldnt let speak pled case said geekin come honey wasnt bein flirt double hurt yelled quiet try told love nah didnt buy ran blonde curls way offbeat shake white girl shake baby body work baby shake shake baby body work baby shake high school classes shouldve wore glasses cause girl makin passes cause wanted help test obviously wanted jess lida fly cheerleader seen girl lookin sweeter asked said okay took party way party pumpin gear somethin showin stomach bellybutton asked dance said sure thing ya know dance floor shoulda seen baby shakin crazy movin hips bionic lady dance floor rocked world cause knew shake white girl shake baby body work baby shake shake baby body work baby shake white girl shake shake shake white girl prom night hip scene cause took high school homecomin queen picked white limousine pulled joint 1115 date fly cute asked dance said shy told shes dancin type shed sit talk night grabbed hand said aw man gotta grove cause heres jam everyones dancin got excuse wanna loose started sway okay lets got carried away got speaker nasty twirl rhythm shake white girl shake baby body work baby shake shake baby body work baby shake downembed
4284,1991,The Shamen,Move Any Mountain,mountain lyricsi fail falter shall succeed perception altered believe faith strong shall bar way firm conviction fiction day mountain mountain mountain walk tall ascending stand high earth revolving sky feel fear oh fine shining brightly sunlight inside mind know mountain capable moving shamen new generation proving want let soul body mind free kind going way delivery smooth water fountain thats mountain mountain mountain mountain mountain mountain mountain mountain mountain future feeling new sensation body rockin mind reeling rolling racing changing motion flowing river ocean better ready transition cause time right new vibration vision nation tribe dayll come mountain mountain mountain mountain walk tall ascending stand high earth revolving sky feel fear oh fine shining brightly sunlight inside mind mountainembed
4285,1991,Oleta Adams,Get Here,reach railway reach trailway reach airplane reach mind reach caravan cross desert arab man care reach sailboat climb tree swing rope rope sled slide slow arms jump speedy colt cross border blaze hope care hills mountains way surely closer need closer musical break hills mountains way surely closer need closer windsurf life carpet ride big balloon better soon reach caravan cross desert arab man care care care need right right need right right right yeahyeah yeah yeah care can1embed
4287,1991,The Righteous Brothers,Unchained Melody,unchained melody whoa love darling ive hungered touch long lonely time time goes slowly time need love need love god speed love lonely rivers flow sea sea open arms sea lonely rivers sigh wait wait ill coming home wait whoa love darling ive hungered hungered touch long lonely time time goes slowly time need love need love god speed love me16embed
4288,1991,Mariah Carey,Someday,someday blind let know youll closer dreams believing grass greener told need know youll soon discover youre satisfied someday ooh someday gave away youre wishing someday hey hey boy youre going pay cause baby whos keeping score youll change mind soon theyre come crying shoulda known believe pretending hard predict ending know youll soon discover youre needing spite someday ooh someday gave away youre wishing someday hey hey boy youre going pay cause baby whos keeping score someday ooh someday gave away youre wishing someday hey hey boy youre going pay cause baby whos keeping score maybe conceive therell come time youre cold lonely baby believe replace time need youre thinking coming think wont need love anymore someday someday ooh someday gave away youre wishing someday someday someday hey hey boy youre going pay cause baby whos keeping score someday ooh someday gave away youre wishing someday hey hey boy youre going pay cause baby whos keeping score someday someday someday ooh someday gave away youre wishing someday hey hey boy youre going pay cause baby whos keeping score6embed
4289,1991,Elton John,You Gotta Love Someone,gotta love lyricsyou win fight grab piece sky break rules try gotta love gotta love stop world steal face moon beat clock high noon gotta love gotta love youve got life reason need hearts stand theres share way feels inside baby cheat devil slice piece sun burn highway run gotta love gotta love youre gonna play let share heat youre theres cool flames beneath feet baby win fight grab piece sky break rules try gotta love gotta love gotta love gotta love someoneembed
4291,1991,Extreme,Hole Hearted,hole hearted oooh yeah wooh hey hey hey hey hey yeah lifes ambition occupy time priorities confuse mind happiness step inner peace ive rivers flow sea sea blind circle fit square theres hole heart filled hole heart filled things hole hearted hole hearted heart stone hide feet clay warm inside day day satisfied fade away die rivers flow sea sea blind ooh circle fit square theres hole heart filled hole heart filled things theres hole heart filled known start id fall short things hole hearted hole hearted hole hearted hole hearted hole hearted hole hearted yeah yee haw2embed
4293,1991,Jomanda,Got A Love For You,got love lyricsfirst day met heart stood man doubt tired playing love games came life changed thats glad ya wanna build world ya ooh ya gonna true gonna true ive got love cause youre special ive got love listen babe ive got love feel ive got love gonna true youre lonely ill ill hug kiss better girl feel way ive got thing explain ill leave ya know ya ooh ya gonna true gonna true remember games play hearts break makes feel way thats baby gonna true embed
4295,1991,Candyman,Melt In Your Mouth,melt mouth lyricsmmhmm goes suckers thought soft dropped knockin boots ladies ima come correct time little bit different gonna cook man mmm ladies melt mouth hand ndy man man cause know man undercover lover soul brother man hand introduce mother wouldnt surprised shes number fan stand sixfeetthree perfect match meet palm tree middle beach bring towel sheet boots sand feet eat brought pier hear earrings jingle chandelier premiere hear simile meant poetry king therell candyman melt mouth hand melt mouth melt mouth melt mouth melt mouth hand lip smacking good good drop didnt know stop list best french kiss assist wish type fall love sight ima let hold tight night write rhymes world sing doesnt mean thing king bells wont ring til walk aisle smile wont long itll killer change mind blind know time kind write rhyme laugh ha ha ha girl half need wedding band cause melt mouth hand melt mouth melt mouth melt mouth melt mouth hand thirst quenching mention chick inch shell want extension pictured heiny right man house suggesting burn hell begin count doubt cellular phone melt mouth snow cone saga continues heres page menu candyman hot hor doeuvre got lot nerve come served usual procedure tell need featured kind line think whats best wanna sex small plan melt mouth hand melt mouth melt mouth melt mouth melt mouth hand melt mouth hand ndy man man cause know man undercover lover soul brother man hand introduce mother wouldnt surprised shes number fan stand sixfeetthree perfect match meet palm tree middle beach bring towel sheet boots sand feet eat brought pier hear earrings jingle chandelier premiere hear simile meant poetry king therell candyman melt mouth hand melt mouth melt mouth melt mouth melt mouth handembed
4296,1991,Yasmin,Wanna Dance,wanna dance lyricsna na na na na wanna dance theres reason shouldnt try try makes feel right groove night mmm feels perfect tonight searching searching guy wonder night try cool forget baby lets saw way looked theres reason hide want started cool forget baby hide wanna dance theres reason shouldnt try try makes feel right groove night mmm feels perfect right cause time let feelings flow lose control moving let cool forget baby lets saw way looked theres reason hide want started cool forget baby hide wanna dance theres reason shouldnt try try makes feel right groove night wanna dance theres reason shouldnt try try need groove makes feel right groove night wanna dance theres reason shouldnt try try makes feel right groove nightembed
4297,1991,The Outfield,For You,lyricsim sad feeling blue left ive missing need love oh bad realize chorus day night want love right know live life wrong mistake regret look price paid words understand try forgiving broken man chorus sad feeling blue left ive missing words understand try forgiving broken man chorus want doesnt matter sun shineembed
4300,1991,D.J. Jazzy Jeff & The Fresh Prince,Summertime,summertime drums summer summer summertime time sit unwind groove slightly transformed bit break norm little somethin break monotony hardcore dance gotten little bit control cool dance groove soothes moves romance soft subtle mix aint broke try fix think summers past adjust bass let alpine blast pop cd let run rhyme car cruise lay cause summertime summer summer summertime time sit unwind school sort buzz didnt know way people respond summer madness weather hot girls dressin checkin fellas tell em whos best riding jeep benzos nissan sittin lorenzos philly park place called plateau everybody goes guys huntin girls doin likewise honkin honey light eyes turn beepin summers natural aphrodisiac pen pad compose rhyme hip equipped summertime summer summer summertime time sit unwind late day aint court hustle mall short set yeah got sneaks need new pair cause basketball courts summer got girls temperatures 88 hop water plug old times sake break ya crib change clothes cause youre invited barbecue thats startin 4 sittin friends cause yall reminisce days growin person kissed think makes wonder smell grill spark nostalgia kids playin little boys messin round girls playing doubledutch djs spinnin tune old folks dance family reunion oclock rolls finished wipin car time cruise summertime hangout looks car everybody come lookin real fine fresh barber shop fly beauty salon moment frontin maxin chillin car spent day waxin leanin speed miles hour everybody sees theres air love happiness fresh princes new definition summer madness summer summer summertime time sit unwind11embed
4301,1991,Mr. Big,To Be With You,hold little girl hes stand little girl broken heart bad fate twist come baby come let wants deep inside hope youll feel feel waited line greens blues waited line build confidence wake cares little boys talk ive seen game love rained come baby come let hold wants yeah deep inside hope youll feel feel waited line greens blues waited line yeah baby life worth start smile fate twist come baby come let wants deep inside hope youll feel feel waited line greens blues waited line yeah wants deep inside hope youll feel deep inside feel waited line greens blues waited line yeah ooh7embed
4303,1991,The Rembrandts,Someone,lyricsweve long time trial wed care look believe people know years spent pretending didnt need makes harder imagine life id livin hadnt hold way needs way need way true love methe way love left turn world knew fallin oh times face mornin everythings changed day hold way needs way need way true love methe way love come oncome oncome oncome hold way needs way need way true love methe way love hold way needs way need way true love methe way love youembed
4307,1991,Lisette Melendez,Together Forever,forever long weve friends need love share hearts try apart took build trust youre inside want best love away thoughts share feel pain feel youre want faith forever forever facing feel inside ready stand test time ive seen come dreams felt kiss makes love took feel way feel thats know forever away thoughts share feel pain feel youre want faith come wait forever come yeah yeah forever come wait forever come yeah yeah forever come wait forever come yeah yeah forever come wait love 1embed
4308,1991,Cartouche,Feel The Groove,feel groove lyricsthink better let know time cause youre gonna break heart think better let know time cause youre gonna break heart drop ghetto blaster bat cave lets head numb thought heart numb thought look mirror takes place cause face know whats going cause think ive wrong tell babe whats going feeling thats strong think better let know time cause youre gonna break heart think better let know time cause youre gonna break heart house music night long house music night long house music night long drop ghetto blaster house music night long house music night long house music night long bat cave lets knew love game thought felt felt time way waiting phone cause live love thats sure think better let know time cause youre gonna break heart think better let know time cause youre gonna break heart drop ghetto blaster batmobile lets head numb thought heart numb thought look mirror takes place cause face know whats going cause think ive wrong tell babe whats going feeling thats strong think better let know time cause youre gonna break heart think better let know time cause youre gonna break heart think better let know time cause youre gonna break heart think better let know timeembed
4309,1991,Tony Terry,With You,lyricsyeah ahhahaha ooh ooh ooh oohhoohoo ooh ooh ooh yeah yeah hear sound makes laugh smile sing feel free love love going control real real feel feel uhhuh wonder people stop stare smile sun shines way baby love reflects rays light world real real feel feel hey hey hey oh special touch warm embrace sweet tender kiss smile whoa body warm heart pure chills look look eyes wonder people stop stare stare smile smile sun shines way baby love reflects rays light world real real feel feel hey hey hey oh girl love baby yeyeyeyes yeyeyeyes id world baby whoababy real real feel feel yeah yeah eah hey everythings alright real real feel feel youre heavy mind okay okay gonna pray day day nice nice right right honey love you2embed
4310,1991,Pretty In Pink,All About You,lyricsyou know know love forever know baby baby baby know tried heart dreams come true chances boy got hanging hanging honey got news want love forever oh pocket wouldnt loving stop wanted chances youre gonna miss sweet girl honey got news want love forever oh know love forever chances oh boy got hanging honey got news want love forever oh know know know love forever love forever love forever love foreverembed
4311,1991,Lisa Stansfield,Change,change lyricsif change way live life today wouldnt change single thing cos change world place wouldnt smiling face honey worry theres nothin worry cos didnt love wouldnt didnt want turned youve got believe babe believe love cos didnt love turned didnt want want love love filled ooh love ill cos ill want love change way live life today wouldnt change single thing cos change world place wouldnt smiling face believing answer answer fears said loved went kill love mean love love filled ooh love ill cos ill want love change way live life today wouldnt change single thing cos change world place wouldnt smiling face love love filled ooh love ill cos ill want love change way live life today wouldnt change single thing cos change world place wouldnt smiling faceembed
4312,1991,Bad English,Straight To Your Heart,straight heart lyricsi reach eyes look away hide alibis change mind day day theres ill outside broken world youll cares straight heart cause times real real lasts forever know cause know ive straight heart watch watch dance watch drift away id know thats bad gets way wanna fight damn anymore right wrong youre gonna let straight heart cause times real real lasts forever know cause know ive straight heart time time baby know cause know ive maybe ill break walls love straight heart inside inside yeah straight heart cause times real real lasts forever know cause time goin way straight heart time time baby straight yeah yeah yeah yeah time straight heart oh yeah cause time realembed
4313,1991,Boyz II Men,Motownphilly,motownphilly boyz ii men boyz ii men boyz ii men boyz ii men motownphilly doin little east coast swing boyz ii men going hard soft long overdue philly slammin boyz ii men abc bbd east coast family skipped beat nah cooling south street jet black benz plenty friends philly steaks eat school dream day happen dreams fade away started singing said sounds smooth started group kickin motownphilly doin little east coast swing boyz ii men going hard soft boyzboyz yo new jacks real smooth harmony tip nate mike shawn wan know mentality flippin gift spotlight watch da da daaa da da da da da da da da live direct phillytown rap hype ready roll world know school dream everyday happen dreams fade away started singing said sounds smooth started group kickin oh oh motownphilly doin little east coast swing boyz ii men going hard soft boyz ii men boyz ii men boyz ii men boyz ii men boyz ii men boyz ii men started singing said sounded smooth check day philly guys wanted sing came said whats boyz ii men hey know sayin said alright fellas let smile wanya said yo mike check moves doom doom doom da da doom doom doom da da da di da di da da da da daa daa oh doom doom doom da da doom doom doom da da da di da di da da da da daa daa oh motownphillys doin little east coast swing boyz ii men going hard soft boyz ii men boyz ii men boyz ii men boyz ii men boyz boyz boyz boyz ii men abc bbd6embed
4316,1991,Madonna,Rescue Me,rescue talking talking believe power love singing singing believe rescue little girl man hurt inside comes understand ferocious weak silly pretentious freak feel strange know exactly think love pure try understand reasons prefer mystery cancels misery gives hope person loves rescue rescue hard believe love given hope rescue rescue hard believe drowning baby throw rope fascist play toy need dominate youre little boy hungry life understanding forgive angry little heart shes demanding bring knees scratching eyes world want conquer deliver despise right kneeling suddenly begin care understand person loves rescue rescue hard believe love given hope rescue rescue hard believe drowning baby throw rope love understanding hard believe life demanding sending sos stop drowning baby ill rest rescue love given hope love given hope rescue drowning baby throw rope baby throw rope rescue love given hope love given hope rescue drowning baby throw rope baby throw rope ooh ahh ooh ahh love understanding ooh ahh ooh ahh love understanding love understanding hard believe life demanding sending sos rescue rescue business decide good valuable world try understand courage love believe believe power believe rescue believe rescue believe believe power believe rescue believe rescue singing believe believe power believe rescue believe rescue singing singing singing believe power believe rescue believe rescue talking talking believe power believe power love believe rescue talking talking believe power believe power love believe rescue singing singing believe believe power believe rescue believe rescue hey hey hey hey believe power rescue rescue believe rescue hey hey hey believe power believe rescue believe power believe rescue me2embed
4317,1991,Stevie B,Forever More,forever lyricsyeah yeah yeah girl ill cause dream come true id know better looked eyes took surprise saw love emotion girl lets run away today girl want total devotion let love girl forever love baby let love girl forever love baby baby theres kissing thats want girl youre priceless treasure holdin close girl know turn baby know love real cause girl know deal want love devotion let love girl forever love baby let love girl forever love baby sittin thinkin girl wont believe tell love girl forever girl wanna looked eyes took surprise saw love emotion girl lets run away today girl want total devotion let love girl forever love baby let love girl forever love baby sittin thinkin girl wont believe tell love girl forever girl sittin sitsitsit sittin sitsitsit woo oh oh remember love girl ill baby oh yeah hey yeah let love girl forever ill baby love baby let love girl forever oh wanna live life lovin love baby let love girl forever forever forever baby love baby let love girl forever ill baby yeah love babyembed
4318,1991,Voice Of The Beehive,Monsters And Angels,monsters angels lyricsim nobodys wife nobodys baby way maybe nobodys valentine nobodys pearl girl singing monsters angels theres peacefulness rage inside sugar salt ice single heart monsters angels nobodys promise nobodys chore aint got feel gotta live live nobodys work nobodys company time turn singing monsters angels theres peacefulness rage inside sugar salt ice single heart monsters angels nobodys wife nobodys baby way maybe maybe nobodys valentine nobodys pearl right girl girl singing monsters angels theres peacefulness rage inside sugar salt ice single heart monsters angels singing monsters angels singing monsters angels nobodys wife nobodys baby singing monsters angels nobodys mother singing monsters angels nobodys child singing monsters angelsembed
4320,1991,House Of Lords,Remember My Name,remember lyricsi heard radio somebody reaching tonight soul sleeps shadows touch morning lights know ive holding weak strong right wrong number know sure whoawhoawhoa wanna fall love chance feel inside dies burns end wanna talk night love rain ask remember remember oh moment said hello face voices midnight phone time space know ive holding tight day night wrong right number know sure whoawhoawhoa wanna fall love chance feel inside dies burns end wanna talk night love rain ask remember remember wanna fall love talk night love rain ask remember remember wanna fall love yeah yeah remember wanna wanna fall wanna fall love talk night love rain wanna wanna fall love yeah wanna fall love yeah remember wanna remember nameembed
4322,1991,Gloria Estefan,Live For Loving You,live loving lyricsooh la la la la la la la love love love love love love love ooh la la la la la la la lying awake turn softly sleeping think id dreaming feel happy oh wonder wonder wonder hard words feeling love alive know youre reason happy time oh wonder wonder wonder need life hold oh deep need sleep baby baby live loving ooh la la la la la la la live loving wanna love love cross mind lover cause having touching satisfied oh wonder wonder wonder need life hold oh deep need sleep need baby live loving ooh la la la la la la la live loving wanna love love love love love wonder wonder wonder love love baby live loving ooh la la la la la la la live loving wanna wanna love love love youembed
4326,1991,Color Me Badd,All 4 Love,4 love glad youre girl ill night flowers thank lord think time ask everyday youll forever wanna hold hand ill things let know care sing lullaby cause girl look eyes youre beautiful oh girl think love ya thinkin ya want ya know 4 love love girl need forever want know love leave sugar guarantee look future knight shining armor fairy tale wanna care girl ill serve ya catch fall ill hold arms thats belong sing lullaby cause girl look eyes youre beautiful beautiful yeah oh girl think love ya thinkin ya want ya know love love girl need forever want know love yo come sweetheart want know alright everyday life years distance ocean tears things love dig lovin love lovin oh girl think love ya thinkin ya want ya know love love girl need forever want know love oh girl think love ya thinkin ya want know love love girl need forever want know love oh girl think love ya thinkin ya love love girl need foreverembed
4327,1991,Ralph Tresvant,Sensitivity,sensitivity listen baby waste tears insensitive man theres better things mean need cares thats gonna baby sensitivity hoo understand feel hey ooh na na na na girl know hard went away left sad day let kiss tears erase doubts cause wont love need man thatll money come let need honey got need need man thatll treat funny need man sensitivity man love need treat right girl hold night stable life ah baby need man sensitivity man baby honey baby man ah know know honey baby hang hang baby need man sensitivity man need whos gentleman anybody fit description baby cares dares completely got need man sensitivity need man man warm sensitive thats need man man warm sensitive thats need man man gentleman warm sensitive thats man man man sensitivity man yeah baby man need man thatll money need man hoo come let need honey oh got need baby need man thatll treat funny gentleman heart need man sensitivity man save little love save baby sensitivity baby got need got sensitivity save little love save love yeah sensitivity man hold sensitivity hold baby man hoo hold darling hang baby gon alright let ill erase doubts hold darling baby matter man smooth sensitivity silky silky man need man thatll money need man thatll nah oh sugar need man thatll treat funny need man thatll ah sugar need man thatll money need man thatll gentleman ah sugar no5embed
4328,1991,Huey Lewis & The News,Couple Days Off,couple days lyricsi job mind work bound hurt pays pretty good benefits fine got little girl wanna mind telling little mad bit ahead takes time misunderstand getting soft want couple days wait weekend ah baby wait need high song sing need shiny new diamond ring need meet need little time cause human machine need little rr know mean misunderstand getting soft want couple days couple days aww let catch breath thank god weekend ahh old grind need long coffee break ive coffee man need change disposition change point view need time figure want believe tell gets little rough work little harder afraid total loss want couple days wait weekendembed
4329,1991,Robbie Nevil,For Your Mind,mind lyricsverse philosophy political views think learn lot noticed way dress main chorus mind mind verse meditate analyse dreams know guys want thing b section body thats good fine want body want want chorus mind mind lookin good crime want mind b section body thats good fine want body want want chorus mind mind lookin good crimе want mind mind guys want mе satisfied mindembed
4330,1991,Marc Cohn,True Companion,true companion baby ive searching everybody different angel cruel comes love fool yes ill climb mountain gonna swim sea aint act god girl safe arms reaching canyon asking true companion true companion true companion dare try walk away ive got heart set wedding day ive got vision girl white decision alright hand ill watch heart set sail ill trembling fingers ill lift veil ill home wild abandon love true companion true companion got true companion whoa true companion years irreparable harm walking slowly arm arm couple corner cause girl love look eyes ill spark shadows fall room grows dark leave earth ill angels standin ill waiting true companion true companion true companion true companion1embed
4331,1991,Heavy D & The Boyz,Now That We Found Love,love love gonna love gonna tell got let slip quarters inside slot hit jackpot rev rev little buttercup tug sheets snuggle stuck believe comes brother glow strugglin bubblin overweight lover hug pro whats gonna tv let time set mind body free stretch stretch sec lay problems cop quick wreck shake shake baby baby bake need fake come wind body baby body slip sliding come hottie sure going feeling hunkydory thing love gonna love gonna way wiggle jingle jiggle spread open love cause heavy middle mover wanted groove grooved wanted learn played school schooled mary little lamb toss turn rumble tumble twist want ill fantasies live lay relax lover lady lady lover baby girl spread wings fly world harmony charming fingertips calming dropped kisses suzie q dropped bomb stretch stretch flex flex gimme permission okeydokey ill bless bless buddha buddha bless lay loving head chest love gonna love gonna gonna roses red violets blue love good plenty plenty good lovin kiss youre hot got bubblin right right lonesome dove tell ya man time thing called love sure going feelin hunkydory thing love gonna love gonna love gonna love gonna funky hands yall come bring time money earning mount vernon ones dedicated know saying brooklyn bronx queens manhattan new york city said love ya death ya stop ya quit ya gotta dddo ya stop ya quit ya gotta yeah alright oh yeah3embed
4332,1991,Divinyls,I Touch Myself,touch love want love feelin want search want forget want remind want anybody think touch ooh want anybody oh oh oh youre makes come running youre sun makes shine youre laughing wanna close eyes think die ignore fool adore knees id want anybody think touch ohoh want anybody oh oh oh yeah love want love feelin want search want forget want remind want anybody think touch ohoh want anybody oh oh oh want want anybody think touch ooh oooh oooooh aaaaaah want anybody think touch ohoh want anybody think touch touch touch touch touch touch touch touch honestly touch touch touch honestly touch touch touch myself8embed
4333,1991,Wilson Phillips,Impulsive,impulsive secret love thought understood way supposed imagined blow theory apart youre running away heart wanna think wanna think clear analyze wanna impulsive reckless lose kiss arrows hearts drawn misty window youre taking home rain heart beating head keeps saying slow wanna think wanna think clear analyze wanna impulsive reckless lose kiss youre giving feeling sudden rush acting moment spontaneous ooh follow heart easily reckless impulsive imagined blow theory apart youre running away heart heart wanna think wanna think clear analyze wanna impulsive reckless lose kiss youre giving feeling sudden rush acting moment spontaneous wanna impulsive reckless lose kiss impulsive wanna impulsive gonna impulsive reckless lose lose myselfembed
4335,1991,Corina,Temptation,temptation lyricsbaby theres think know baby think ill needing anymore things sure youll understand weve long meant wrong ive new theres try change mind waste time lets separate ways theres try ease mind cause mean hurt knows treat special lady time look away knows touch maybe someday youll understand temptation life temptation doesnt matter wrong right temptation life temptation doesnt matter wrong right makes love knows resist ooh perfect lips looks eyes feel ive hypnotized ive wanted long felt ohso strong time feelings changed things try ease mind cause mean hurt knows treat special lady time look away knows touch maybe someday youll understand temptation life temptation doesnt matter wrong right temptation life temptation doesnt matter wrong right temptation life temptation doesnt matter wrong right temptation life temptation doesnt matter wrong right makes love feel good temptation temptation temptation life temptation yeah doesnt matter wrong right doesnt matter baby temptation life doesnt matter baby doesnt matter wrong right life temptation life temptation doesnt matter wrong right doesnt matter temptation life doesnt matter wrong right makes love love meembed
4338,1991,Whitney Houston,Miracle,miracle throw away miracle face day choice today pay heart pain understand way feel relate pain comfort today pray listen matter love grows inside choice theres miracle store matter love grows inside voice love crying throw love away theres miracle store let miracle cold place thought looking pain gained wonder miracle wonder spare pain comfort lord today pray come listen matter love grows inside choice theres miracle store matter love grows inside voice love crying throw love away theres miracle store throw away miracle let slip away matter matter love grows inside choice theres miracle store matter love grows inside voice love crying throw love away theres miracle store1embed
4339,1991,Smokey Robinson,Double Good Everything,double good lyricsits paradise paradise ecstasy ecstasy awful nice awful nice having loving wonderful wonderful true true double good loved whatd deserve makes stop wonder want serve ordinary guy twice good feeling known said paradise paradise know ecstasy ecstasy awful nice awful nice baby having loving know wonderful wonderful wonderful wonderful oh true true true true double good double good loved loved got abundant need gotta know youre follow lead loving coming let bit quit paradise paradise oh ecstasy ecstasy awful nice awful nice baby having loving oh know wonderful wonderful yeah true true double good loved loved loved loved loved loved loved loved loved loved loved oh loved loved double good double good loved double good double good loved loved youembed
4340,1991,Cathy Dennis,Everybody Move,everybody lyricseverybody floor everybody everybody gold chains shiny rings eyeopening sight fading night knows theyre watching hips breathe second skin somebody better warning somebody better start making room everybody floor deep night hear calling tigers eyes running everybody let love come body everybody everybody theres youre gonna bombay frontiers know youre telegram party man dance night cause feels right somebody better warning somebody better start making room everybody floor deep night hear calling tigers eyes running everybody let love come body everybody everybody theres youre gonna ive got feeling hes looking peoples idol envy ive gotta tell way feeling ohoho way feel yeah good good somebody better warning somebody better start making room everybody floor deep night hear calling tigers eyes running everybody let love come body everybody everybody theres youre gonna everybody let love come body everybody everybody theres youre gonna mineembed
4341,1991,George Michael,Waiting For That Day,waiting dayyou want lyricsnow day face crack smile talk try place memory serves far sit mountain thinking youre fool boy somebody somebody memory serves far broke yesterday explain needs pain know ill face cmon ive got strong everybodys talking new decade magic numbers goodbye stupid mistakes oh memory serves far know years come change lives baby memories wounds self inflicted know poor heart protected carry pain share blame deserve face cmon strong come come darling worth come baby miss kiss miss smile peace search aint gonna waiting day know hear words wantembed
4342,1991,David Hallyday,Ooh La La,ooh la la lyricsblack silk satin skin late night hot sin gonna hotta red velvet rockingchair gonna build rhythm wont forget got chemistry fantasy reality got attitude mood ooh la la la said ooh la la baby ooh la la love ooh la la want want ooh la la little harder ooh la la ah easy ooh la la coming closer ecstacy time whet appetite eat lot tonight feed asleep dawn noon waking double spoon turn carousel got chemistry fantasy reality got attitude mood ooh la la la said ooh la la baby ooh la la love ooh la la want want ooh la la little harder ooh la la ah easy ooh la la coming closer ecstacy ya know feels good ya know feels right girl come come come onembed
4343,1991,Amy Grant,Every Heartbeat,heartbeat ooh ooh hear speak whats mind let testimony reaffirm exception rule simple fool ive got witness happy hour day heartbeat bears loud clear stake claim red blood runs true blue heartbeat belongs ah classic case boy meets girl moving direction youre asking world asking perfection love thats designed passing test time tell stay hour day heartbeat bears loud clear stake claim ask theyll tell true heartbeat belongs heartbeat bears loud clear stake claim yeah red blood runs true blue heartbeat belongs ooh ooh yeah sure maybe edge love baby said tell stay hour day heartbeat bears loud clear stake claim ask theyll tell true heartbeat belongs heartbeat bears loud clear stake claim yeah red blood runs true blue heartbeat belongs heartbeat bears loud clear stake claim yeah heartbeat oh heartbeat belongs heartbeat bears loud clear stake claim ask theyll tell true1embed
4345,1991,Warrant,I Saw Red,saw red lyricsooh magic inside eyes destiny time kiss feel breathe love deep inside moon stars fall theyd easy replace lift heaven place saw red opened door saw red heart spilled floor didnt need face saw saw red closed door think gonna love anymore day wake thank god weve opened door people key sun fail send light burn thousand candles right saw red opened door saw red heart spilled floor didnt need face saw saw red closed door think gonna love anymore ive hurt ive blind sure ill fine thought end way cause saw red opened door saw red heart spilled floor didnt need face oh saw saw red closed door think gonna love anymore ooh magicembed
4347,1991,Londonbeat,A Better Love,better love lyricsi remember sun came shining trees shadows road driving home morning taste tongue safety zone live breathe ill better love minute ill better love minute better love better love harbour bridge rain gently falling lazy summer day face appeared windscreen smiled slipped away safety zone live breathe ill better love minute ill better love minute better love better love safety zone live breathe belong live breathe ill better love minute embed
4348,1991,B.G. The Prince Of Rap,This Beat Is Hot,beat hot lyricsbass bass 007 mission makin people dance droppin suckas dissin crowd movin cause beat kinda soothin ear yo wanna hear dance shout cause money doubt wont stop rock understand dance dance dance dance beat know hittin floor wanna sittin cause flow mic dance simple calculation wont stop rock understand dance beat hot rhythm rhythm rhythm mind beat hot rhythm rhythm rhythm mind bass bass bass lets powerful force course runnin race horce strong fast try pass got way youll speed usin sellin fresh rhymes provin raw saw music par wont stop rock understand dance dance dance rappin educator bustin rhyme devastator clock likes tock bust rap rock day night theres rhyme recite know clue slow bit time let hit cigarette wont stop rock understand dance beat hot rhythm rhythm rhythm mind beat hot rhythm rhythm rhythm mind heres thats cool crazy improved super sincerely yeah boy bg listen story playboy girls adore romeo dead bg live rockin til byebye didnt come teach listen learn beat ears body yearns muse score rap allow clap dance dance dance terminator innovator battle eliminator hot sweat emcees upset control soul body wanna roll type hype write bite excite highest height cause right mic wont stop rock understand dance beat hot rhythm rhythm rhythm mind beat hot rhythm rhythm rhythm mind bass bass force course runnin race horce strong fast try pass got way youll speed usin teller fresh rhymes movin raw saw music par wont stop rock understand dance dance dance rappin educator bustin rhyme devastator clock likes tock bust rap rock day night thats rhyme recite know clue slow bit time let hit cigarette wont stop rock understand dance beat hot rhythm rhythm rhythm mind beat hot rhythm rhythm rhythm mind heres thats cool crazy improved super sincerely yeah boy bg listen story playboy girls adore romeo dead bg live rockin til byebye didnt come teach listened learned beat ears body yearned muse score rap allow clap dance dance dance terminator innovator battle eliminator hot sweat emcees upset control soul body wanna roll type hype write bite excite highest height âcause right wont stop rock understand dance beat hot rhythm rhythm rhythm mind beat hot rhythm rhythm rhythm mind beat hot rhythm rhythm rhythm mind beat hot rhythm rhythm rhythm mind hey song said hey1embed
4352,1991,Bad Company,If You Needed Somebody,needed somebody lyricsshould told words oh nerve oh yeah looking love blind notice sooner later come time baby needed somebody way need wanted somebody way want oh yeah way want hold tonight forever times right oh understand youre maybe come time sooner later baby needed somebody way need wanted somebody way want ooh tell way feel ooh know lovin oh real needed somebody way need wanted somebody way want needed somebody need want gotta tell way need wanted somebody way want youembed
4353,1991,Daryl Braithwaite,Higher Than Hope,higher hope lyricsi remember long ago things didnt know hear time people change world live know theyll run time hear voice getting stronger know higher hope wont wait longer stand let know wont let stone thats placed empire ancient grounds day theyll fall youll goodbye united stand today land knows wholl goodbye hear voice getting stronger know higher hope wont wait longer stand let know wont let hear voice getting stronger know higher hope wont wait longer stand let know wont let hear voice getting stronger know higher hope wont wait longer stand let know wont let stand let know wont let hear voice getting stronger know higher hope wont wait longer stand let know wont let goembed
4355,1991,K.M.C. KRU,The Devil Came Up To Michigan,devil came michigan devil came michigan lookin soul steal trouble mind drove line looking deal brand new nissan truck convertible portable phone kenwood deck bumpin loud stopped noparking zone devil stepped beeper hip black fila suit turned head eyes got red heard scratchin sound walked boy turntables boy rippin cut devil jumped truck said boy let tell rock beat pretty good boy naw aint nothin new cause yo town bout crown aint nothin wanna bad mad little bet true turntable gold soul think better boy said names butcher baddest city start messin sure youll youre gonna feel real ittyittybitty ill bet youre gonna regret butcher started flexin wrist devils posse jumped broke hit devils house devil got scratchin knew wasnt joke records caught turntables went smoke devils posse got circle gave highfives thought butcher lost partyparty time live butcher started stretchin yawned looked devil dropped arms kind giggled laughed fellow double mint gum mouth guess enjoyed taste threw gum wrapper devils face stepped hollered bass devil bowed head knew beat laid fresh turntable gold butchers feet butcher told devil town laughed dead face butcher started cuttin stepped hollered bassembed
4357,1991,TKA Featuring Michelle Visage,Crash (Have Some Fun),crash fun lyricscrash come come come come crash crash watch flash light shines bright night rhymes recite rhymes maybe fact care came hyped body filled desire start dance lets party lets fun knocks feet makes wanna funky beat crash funky sound funky crash crash sounds thunder lightning electricity exciting thats way sounds know gotta step jump shake check groove jam underground youth whatcha gonna lets party lets fun knocks feet makes wanna funky beat funky sound funky lets party lets fun knocks feet makes wanna funky beat funky sound crash need introduction blonde bombshell seduction come crash breakin aint mistakin gonna body starts groove know youre clockin feel watchin time start stompin vanilla childs coming gonna tka drops rhymes harmonize ectasy know complete woman speaks piece time yo got yeah got come got got got got got got got yeah got come got got got got got got crash thats music time use groove improve miss dance floor chance thinkin doubt dance fun thats youre slammin t k lets party lets fun knocks feet makes wanna funky beat funky sound funky funky crashembed
4358,1991,Heavy D & The Boyz,Is It Good To You,good alright goes lovers house knowimsayin gonna express feelings right way things tr bring good good ooh good good ooohooh boy feel worked head spin merrygoround control charles charge wait lets stay garage oops let run whipped cream ice cream whipped cream plus ice cube swing main man eh right thing cmon let tickle right places eyes open watch ya faces feelin dandy comfortable cozy let draw curtains cos neighbours nosey little room comes big daddy big truck satisfyin caddy chosen wanna know good good good ooh good good good ooohooh boy lollipop cutie lay cover let lover duty looks rain rain doesnt matter time hold hands chitchatter love loves possibility lets sure share mentality close door dim lights okeydokey cos set alright bout oil warm heat slick ya body head feet ya smile simple kiss close eyes ill grant wish open arms wrap tight teddy bear fingers run hair chosen wanna know good good good ooh good good good ooohooh boy yeah yeeaah lay little know kiss wanna ya feel right mean good cos believe tell feels good check roll lover sun beaming hot waters runnin bathrooms steaming champagne bottle corner half rooms bright morning sun yeah snuggled time buckle later cutie ill pick manyll chosen wanna know good good good ooh yeah good good good ooohooh yeah good good wanna know good ooh yeah good good yeah id know good got singin oooohhhh cmon sing baby cmon lemme hear honey cmon sing baby cmon lemme hear honey cmon sing baby cmon lemme hear honey cmon sing baby cmon lemme hear honey good good good ooh yeah good good yeah yeha yeaheh yeah good good yeah good good oooh yeah tell bout baby good oooh yeah good good yeah feel good tell baby tell baby bout good good babyembed
4359,1991,Mariah Carey,Love Takes Time,love takes time let slip away treated wrong wander feeling cold trying believe youre gone love takes time heal youre hurting blind let escape pain inside cause love takes time wanna wanna losing mind hollow heart suddenly incomplete lord need tell stop rain tears falling endlessly love takes time heal youre hurting blind let escape pain inside cause love takes time wanna wanna care miss need know feel inside love takes time heal youre hurting blind let escape pain inside cause love takes time wanna wanna alone8embed
4360,1991,Surface,Never Gonna Let You Down,gonna let lyricswe good bye love forever girl forever love forever true forever ill right morning ill open eyes chorus gonna let ill ill love gonna let ill ill love wont let sounds good wanna hear youll look need friend ill hold ill tender loving care chorus oh ive waited long love ive waiting yes took surprise opened eyes know chorusembed
4361,1991,EMF,Lies,lies said said lie said said crime ive bled lie telling ive bled time time harder fall closer feel blue said said lie lie said lie time fall time time time feel blue ive got gun got hollow point bullets thats way destiny works question right nowembed
4363,1991,Salt-N-Pepa,Do You Want Me,want lyricsartist salt n pepa album blacks magic song want said loud heard tried hurt oldfashioned time slow know flow try rush ride horse let nature course know friend lover share thoughts love mind body baby chorus want baby let know cuz suggest tell got time silly games aint came cuz kind guy understand way feel trust theres deal emotions aint played given free appreciate greatly way toleratered act flaky wouldnt blame hate butt wouldnt yeah know sucks wait awhile ill chorus tease brother youre having bad memories skeeze squeeze hands knees look telling straight thats id playing spent night house wrong didnt mean turn havent known long life song chorusembed
4364,1991,Tone-Loc,All Through The Night,night whoa lord mercy aah baby cmon yeah doin sweetheart long time man past weeks ive somethin times life ive fool tell nothin cool played games know guess bein guy love comes straight heart love losin girl tearin apart miss beautiful smile touch love day long reason feelin strong wanna man want ill change lifestyle street chest promise ill serve ya love life thatll die hand squeeze real tight love baby night love love baby nothin wanna love baby wanna wanna baby wanna goes squeeze tight love wanna night night fall asleep mind picture perfect blind fact wanted mr smith tone loc man knows true lady past girl love thing girl respect pay tribute special kind breathe ones youve given manerismembed
4366,1991,Wilson Phillips,You're In Love,youre love open door come glad friend know long having feelings youre happy ooh sets free id good friends ahmy loveah youre love thats way cause want happy youre love know youre love ooh know youre love ill let cause know youre love hard believe youre coming ive dream youd oh couldve died youre happy ooh sets free id good friends ahmy loveah youre love thats way cause want happy youre love know youre love ooh know youre love let cause know youre love tried far away praying fate bring someday someday someday ooh youre love ooh know youre love ill let cause know youre loveno oohembed
4367,1991,Jermaine Jackson,Word To The Badd!!,word badd lyricswhat yo word badd yo word badd yo word badd yo word badd yo word badd yo word badd yo word badd gave love gave love thought wed said love left broken heart think love think number forgot started think want care think throne right wrong aint world aint things care care cause thinkin bout aint takin pie takin long time care care aint thinkin bout yo word badd changed ways told lies trust loved mind worried overtime know tried lover cared didnt matter play care want care think throne right wrong aint world aint things care care cause thinkin bout aint takin pie takin long time care care aint thinkin bout oh aint thinkin bout oh whats yo word badd thinkin pie youve takin love lover hard believe lost know givin harder receive glass gotten shady clearer starin mirror constantly fakin aint mistakin grip cause youre far breakin thinkin time close shouldnt past tense cause knows future hold tomorrow bring guaranteed youll spreadin wings funny times needed lean youre standin wanna act girl aint thinkin gone far better turn know know sad true pick phone step throne come home aint world aint things care care cause thinkin bout aint takin pie takin long time care care aint thinkin bout aint thinkin bout aint thinkin bout aint thinkin bout aint thinkin bout aint world aint things care care cause thinkin bout aint takin pie takin long time care care cause aint world aint things care care cause thinkin bout aint takin pie takin long time care care word baddembed
4368,1991,Daryl Hall John Oates,So Close,close lyricsthey met dance floor old high school gym fell rock kinda liked heart beat thunder moved cross floor music slipped arms door yeah man loves woman understand shes sad stares ring hand sits club long shadows fall drops coin jukebox phone wall close far away close far away believe tomorrow maybe today close close far away people think believe thats need solve mysteries yea know heads sun says wanna wise wanna stay young close far away close far away believe tomorrow stuck today baby close close far away theres restless look eye tonight theres secret hurt heart dream pulls girl dream thats gonna tear tear apart theres restless look eye tonight oh lookin way gotta fight girl dream keeps close far away close far away thought girl wed end way getting close close far away living dream world livin today girl baby gotta try gotta try gotta try gotta try gotta try gotta try gotta tryembed
4369,1991,Metallica,The Unforgiven,unforgiven new blood joins earth quickly hes subdued constant pained disgrace young boy learns rules time child draws whipping boy wrong deprived thoughts young man struggles hes known ooh vow unto day theyll away yeah ive felt ive known shined ive shown wont ive felt ive known shined ive shown free dub thee unforgiven dedicate lives running tries bitter man life hes battled constantly fight win tired man longer cares old man prepares die regretfully old man yeah ive felt ive known shined ive shown wont ive felt ive known shined ive shown free dub thee unforgiven ive felt ive known shined ive shown wont ive felt ive known shined ive shown free dub thee unforgiven whoa free dub thee unforgiven labeled ill label dub thee unforgiven ah free dub thee unforgiven labeled ill label dub thee unforgiven free dub thee unforgiven76embed
4371,1991,Michael W. Smith,For You,lyricssittin rain water brain got hole boat trying stay afloat got ive got wind sail rubber boots pail ill throw line rest assured wont let drown cause youre wall know ill rise fall ill plans fall loop bird flown coop left stranded lean carry load understand cause youre wall know ill rise fall ill cause youre wall know ill rise fall ill youembed
4373,1991,Damian Dame,Right Down To It,right lyricsmmm baby drive crazy aint personal girl way baby shaky confuse lose cause way oh lately ive thinking thinking thinking think guy somebodys telling care aint single word true cause gets right love baby know gets right wanna girl need loving right frankly crazy know good thing got damn lady let em play let ear baby stand man oh baby influenced girlfriends jocking know good want piece snatch bat eye gets right gets right love baby know whoa gets right gets right wanna baby girl need loving right right right baby gets right love baby know gets right wanna girl need loving right love touch touch want want kiss kiss miss diss want want diss miss love love diss baby ooh baby yeah wanna baby oh know know baby cause gets right gets right gets right love gets right baby yeah yeah yeah yeah yeah yeah baby know baby gets right gets right gets right gets right wanna gets right yeah yeah yeah yeah yeah girl need loving right gets right love know gets right love yeah gets right love know gets right wanna yeah gets right love wanna yeah baby know know yeah gets right wanna wanna gets right gets right gets right love gets right baby yeah yeah yeah yeah yeah yeah baby know nowembed
4375,1991,Vanessa Williams,The Comfort Zone,comfort zone theres need loved need loved oh ill let know hey welcome comfort zone need loved need welcome comfort zone feels right turns hard day work theres thing certain old familiar love oh unusual sensual hold need let theres need fight compromise settle outside love thing heed message seek comfort zone comfort zone oh need loved need welcome comfort zone feels right turns hey welcome comfort zone ooh need loved need welcome comfort zone know turns hey welcome comfort zone need loved need welcome comfort zone feels right turns hey welcome comfort zone ooh need loved need welcome comfort zone know turns hey let comfortable let control mind break day lets turn lights low oh rest know ill cause stepped comfort zoneembed
4376,1991,Mariah Carey,Emotions,emotions youve got feeling emotions deeper ive dreamed youve got feeling emotions higher heavens feel good feel nice ive felt satisfied love alive intoxicated flying high feels dream touch tenderly know real way feel inside youve got feeling emotions deeper ive dreamed youve got feeling emotions higher heavens morning rise thing mind middle night feel heartbeat feels dream love tenderly know youre real way feel inside youve got feeling emotions deeper ive dreamed youve got feeling emotions higher heavens youve got feeling emotions deeper ive dreamed youve got feeling emotions higher heavens know way lose control youre looking eyes feel high youve got feeling emotions deeper ive dreamed youve got feeling emotions higher heavens youve got feeling emotions deeper ive dreamed youve got feeling emotions higher heavens above23embed
4377,1991,EMF,Unbelievable,unbelievable lyricsoh burden questions youd tell lies youre asking listen replies talk fool times ive spent ive realized going shoot leave things purple prose away things youre unbelievable oh burden problems telling concerned way stop think know time realize going shoot leave things purple prose away things youre unbelievable woah seemingly lastless mean ask pushing relative bringing higher self think fine times pushing better instead bringing clues world anger brace grace ease know world aint fuck woah man unbelievable burden questions youd tell lies youre asking listen replies talk fool times ive spent ive realized going shoot leave things purple prose gives away things love things purple prose gives away youre unbelievable youre unbelievable youre unbelievable unbelievable youre unbelievable4embed
4378,1991,Alice Cooper,Hey Stoopid,hey stoopid hey bro slow aint livin video youre flying low high velocity doubt youre stressin aint rock n rolls way trip lonely street know youve kicked aint ugly town stick needle arm bite dust buy farm hey hey hey hey hey stoopid ya tryin hey hey hey hey hey stoopid win lose hey hey hey hey hey stoopid cmon girl better day foot grave let love tear world apart cmon babe kick stuff street aint tough quit lyin crippled broken heart know youve seeing red pistol head answers heaven sent way damn permanent hey hey hey hey hey stoopid ya tryin hey hey hey hey hey stoopid win lose hey hey hey hey hey stoopid aint daddy talkin know know story aint shocking know know blow steam cmon scream hey hey hey hey hey stoopid ya tryin hey hey hey hey hey stoopid win lose hey hey hey hey hey stoopidembed
4379,1991,Richard Marx,Keep Coming Back,coming lyricsyou know hurt pain away girl devil disguise times think knew afraid theres kind madness eyes know place buried deep heart taken kind hold chorus know coming baby know coming baby shouldnt lovers friends talking makes want youve got way confusing heart try want repeat chorus love love games play love away youve got way confusing heart try want know coming tell coming youembed
4380,1991,Nirvana,Smells Like Teen Spirit,smells teen spirit load guns bring friends fun lose pretend shes overbored selfassured oh know dirty word hello hello hello low hello hello hello low hello hello hello low hello hello hello lights dangerous entertain feel stupid contagious entertain mulatto albino mosquito libido yeah hey yay worse best gift feel blessed little group end hello hello hello low hello hello hello low hello hello hello low hello hello hello lights dangerous entertain feel stupid contagious entertain mulatto albino mosquito libido yeah hey yay forget taste oh yeah guess makes smile hard hard oh mind hello hello hello low hello hello hello low hello hello hello low hello hello hello lights dangerous entertain feel stupid contagious entertain mulatto albino mosquito libido denial denial denial denial denial denial denial denial denial407embed
