,Year,Artist,song_name,further_clean_text
4382,1992,Richard Marx,Take This Heart,heart lyricsive understands fear step sure heart break story ends youll feet baby time aint gonna heart away goodbyes aint gonna heart away pains alive man puts called need place run wont let baby time aint gonna heart away goodbyes aint gonna heart away dream locked outside door believe love afraid anymore come come need strong ive waited long baby time aint gonna heart away long nights aint gonna heart away time aint gonna heart away goodbyes aint gonna heart away aint gonna heart away heyyeahyeahembed
4383,1992,Cher,Save Up All Your Tears,save tears figure heart thing born ive wastin time know ill sleep tonight ahead try live baby save tears need someday tears start fall wont wipe away youre cryin night love need baby save tears cause youll cryin got touch got feelin winter set eyes time melt castle ice think wont feel pain eyes cryin rain baby save tears need someday tears start fall wont wipe away youre cryin night love need baby save tears cause youll cryin youll cryin know know know know know wounds deeper time feel till need burns knife turns heart bleeds baby save tears need someday tears start fall wont wipe away youre cryin night love need baby save tears cause youll cryin baby save tears need someday tears start fall wont wipe away youre cryin night love need baby save tears cause youll cryin youll cryin cause youll cryin youll cryin youll cryin know know youll cryin know know feel feel feel youll cryin meembed
4384,1992,Roxette,How Do You Do!,lyricsi comb hair gimme grin makin spin spinning melt snow hello love way undress baby begin caress honey hearts mess love blue eyed voice tiny tim shines crackin jokes corner mouths feel laughin dream young wait outside school cause face cover magazine things know sense bye bye bye chair perfect skin baby livin sin hey gotta know hello spending time louder town feels everythings surreal old wait outside house cause hands got power meant heal things know sense bye bye byeembed
4386,1992,Tom Cochrane,Washed Away,washed away lyricswe live desert time stands face foolish pride trade love ambition tell time time moves river leaves summer rain gets washed away chorus round round round stops know love better let em know washed away round round round stops know love better hold fast washed away watch wind blow maybe hear distant laughter look outside hotel window soul wanders time mentioning wont soon forget proud beauty lingers storm lifted fortune fast cold outside youll trade love ambition youll washed away chorus love cliché tell things better change things wont best itll work end storm love day round round round stops know love better hold fast washed away round round round stops know love better let em know washed away round round round stops know love better hold fast washed away round round round stops know love better hold fast washed away time spend pass waywe hold tight got tomorrowembed
4387,1992,Lidell Townsell,Nu Nu,nu nu lyricswhen saw walking street looks fine speak asked turned away walked mmm mmm yeah yeah mmm mmm yeah yeah mmm mmm yeah yeah mmm mmm yeah yeah mmm mmm yeah yeah mmm mmm yeah yeah oh wo nu nu mind oh wo nu nu mind nu nu tells treat know let youre fine sexy ways heart sings sounds way mmm mmm yeah yeah mmm mmm yeah yeah mmm mmm yeah yeah sounds way mmm mmm yeah yeah mmm mmm yeah yeah mmm mmm yeah yeah sounds way oh wo nu nu mind oh wo nu nu mind chance want oh want nu nu hes today want sing sing special way mmm mmm yeah yeah mmm mmm yeah yeah mmm mmm yeah yeah sing special way mmm mmm yeah yeah mmm mmm yeah yeah mmm mmm yeah yeah sing special way oh wo nu nu mind oh wo nu nu mind oh wo nu nu mind oh wo nu nu mindembed
4388,1992,Shanice,I Love Your Smile,love smile sitting class drifting away staring windows world yeah hear teacher books bad boys trying catch play cause love smile love smile clock work says wanna free free scream free bathe free paint toes day woo boss lame know pay gonna new black mini charge cause love smile hey said love smile time came showed direction know ill taught better girl love rock world dig showin life living life given yeah true ladeeda twinkly dee believe girl shanice caught start fessing state depression thunder clouds doubt begin wonder love world beautiful blow branford blow time came showed direction know ill taught better girl love rock world smile sike ooh love smile smile yes boy hee love smile love smile baby heee heee heeee heeeee love smile hahahahahaha4embed
4389,1992,Elton John,The Last Song,song yesterday came lift light straw brittle bird today weigh shadow wall whisper voice unheard tomorrow leave windows open fear grows hold arms wont help shake anger need gentle hands calm thought id lose thought id win dreamed id feel beneath skin believe love thought youd come guess misjudged love father son things said come hidden truth longer haunting tonight touched things spoken kind understanding sets free thought id lose thought id win dreamed id feel beneath skin believe love thought youd come guess misjudged love father sonembed
4393,1992,Lisa Stansfield,Change,change lyricsif change way live life today wouldnt change single thing cos change world place wouldnt smiling face honey worry theres nothin worry cos didnt love wouldnt didnt want turned youve got believe babe believe love cos didnt love turned didnt want want love love filled ooh love ill cos ill want love change way live life today wouldnt change single thing cos change world place wouldnt smiling face believing answer answer fears said loved went kill love mean love love filled ooh love ill cos ill want love change way live life today wouldnt change single thing cos change world place wouldnt smiling face love love filled ooh love ill cos ill want love change way live life today wouldnt change single thing cos change world place wouldnt smiling faceembed
4394,1992,Jody Watley,I Want You,want lyricswhen night falls surrounds gently sexy atmosphere light candles play music ooh want feel intimacy loving kissing passionately sharing feelings caress body ooh baby let whisper ear want love ill love need love want love want love ill love need love want love turn lights low baby come close wanna youve unplug phone disturb groove want concentrate loving kissing passionately sharing feelings caress body ooh baby let whisper ear want love ill love need love want love want love ill love need love want loveembed
4395,1992,Big Audio,The Globe,globe lyricsbreak bless whoo bless whoo oh bless whoo bless going beautiful friend road til end break left highway mankind axis spins round round goin knows feel way come dim lights party time switch strobe gonna ball tonight lets ball globe time look rain come dim lights switch strobe lock right yo yo bring pain gonna ball tonight acid rain globe clean teeth shave 1 lets rave hit grave hotter microwave wave come dim lights party time switch strobe gonna ball tonight lets ball globe lift lift come dim lights party time switch strobe gonna ball tonight lets ball globe bishop brixton way garden party palace wheres party officer come dim lights party time switch strobe gonna ball tonight lets ball globe time break fair dear land try know bad insist heres chance missed come dim lights party time switch strobe gonna ball tonight lets ball globe believe believe come dim lights party time switch strobe gonna ball tonight lets ball globe awaking global warming way napalm cornflakes special k whats health department got smoke fags day asked come dim lights party time switch strobe gonna ball tonight lets ball globe come party come dim lights lets ball switch strobe l l lets ball gonna ball tonight lets ball globe come onembed
4397,1992,House Of Pain,Jump Around,jump pack pack let begin came win battle thats sin wont slack punk better try play role yo crewll act stand cmon cmon throw hands youve got feeling jump touch ceiling muggs lets funk flow someones talking junk yo bust eye ill punks ho feelin funkin amps trunk got rhymes theres cops dunkin donuts shop sho nuff got props kids hill plus mom pops came came seat jump jump jump jump jump jump jump jump jump jump jump jump jump everybody jump jump jump jump jump jump jump jump jump everybody jump jump jump jump jump jump ill serve ass john mcenroe girl steps smacking ho word moms came drop bombs got rhymes bibles got psalms prodigal son ive returned stepping youll burned cause got aint got come battle bring shotgun shotgun youre fool cause duel death trying step youll breath got skills come cause shoot gift shoot kill came came seat jump jump jump jump jump jump jump jump jump jump jump jump jump everybody jump jump jump jump jump jump jump jump jump everybody jump jump jump jump jump jump cream crop rise eat pig cause pig cop better terminator arnold schwarzenegger try play sega aint going punk bitch style yo switch buck buck head wake dawn dead coming ya coming ya spitting homie ill wet ya came came seat jump jump jump jump jump jump jump jump jump jump jump jump jump everybody jump jump jump jump jump jump jump jump jump everybody jump jump jump jump jump jump jump jump jump everybody jump jump jump jump jump jump jump jump jump everybody jump jump jump jump jump jump yo dedicated joe biter nicolo grab bozack punk38embed
4398,1992,Tracie Spencer,Love Me,love didnt know tried hold long tell feel cause want misunderstood time got prove love love dream fantasy love love ill love love dream come true love love happiness overdue love love way love know youve changes loves werent let life ill love paradise share life forever thats ill leave world reality way love come come wont love wont love leave world world wont love wont love way love way love leave world world love oh oh love baby love yeah love love know youve pain know youve pain love leave world world love love come wont love baby love love love oh leave world love love lalala love baby love meembed
4400,1992,Portrait,Here We Go Again!,real good time wanna try fade friends friends try play good words withholding kinds games girl play mother told going thing wanna play game wanna aint time scene homies know know mean walk theres time theres place talk cause want disgraced screams shouting going thing wanna play game wanna climb mountain mountain swim sea sea mean know want deep ah oh ah ah oh ah baby ah oh ah ah oh going thing wanna wanna play game wanna theres need explain know feel words vain know live need time unwind try understanding hope change mind instead demanding cause going thing wanna wanna play game wanna going thing wanna play game yo kick ah ah ah yo portrait goes ah ah ah ah ah oh pump ah ah oh ah ah oh ah ah oh again1embed
4404,1992,Colourhaus,Innocent Child,innocent child lyricsdays time moves hearts beat different drum think perfect best laid plans come undone someday look surrounds youve got believe love look look moving face facts innocent child lonely heart innocent days changing changing innocent child strong apart time wont wait change fate time wont wait world keeps turning round round love breath tied bound way look surrounds time tonight tomorrow different light day hard youve got faith love believe love look look moving face facts time wont wait stand innocent child lonely heart innocent days changing changing innocent child strong apart time wont wait change fate time wont waitembed
4405,1992,Big Audio,Rush,rush lyricsif time change single thing blame heartache pain caused years learned man laughter tears situation win rush change atmosphere gotta right outta fully grown know stayed guys got fat chances ive blown times ive didnt high kept feet ground situation win rush change atmosphere gotta right outta yes yes delightful delightful rush change atmosphere mmm wish sing cause everythings singing know important thing days rhythm melody rhythm melody friends youve best soon day repay handsomely broken hearts hard mend know ive share life carries situation win rush change atmosphere gotta right outta situation win rush change atmosphere gotta right outta gotta right gotta right gotta right outta gotta right gotta right gotta right outta hereembed
4407,1992,M.C. Hammer,This Is The Way We Roll,way roll lyricslyrics yeah yeah yeah rolling way roll roll way roll yeah yeah rolling rolling rolling sounds funky mc hammer cuts money yeah thats sounds yo records fellas floor baby yea highway way money pocket yo ill feels good got dropped hand lap lap alpine kickin selection girlies lookin direction tank fame strong got rollin way roll roll roll way roll rollin rollinrollinim rollin way roll roll roll way roll rollin rollinrollin oaktown rollin way roll roll roll way roll rollin rollinrollinim rollin way roll roll roll way roll rollin left turn theres high street gotta business straight mobile phone rings yo think great great good news happy gilligan big lou hit million million thinking got started lotta mcs yo brokenhearted thats business sweat game strong got rollin way roll roll roll way roll rollin rollin rollin rollin rollin rollin rollin rollin yo rollin lets real posse breaks rollin rollin rollin rollin rollin rollin rollin stop rollin stop rollin rollin rollin rollin rollin rollin rollin rollin break time better break rollin way roll thank top40dbcom roll roll way roll rollin years hippin hoppin 87 hammer started poppin poppin got strong stronger ladies love man longer longer feels good holding ducking sticks dodging stones throw dis dismiss cause hammer strong rollin rollin rollin rollin rollin rollin rollin rollin gettin funky gettin funky know right jb probably holler hoooo feel godfather stop try stop rollinhey oh rollinwere rollin hey rollin yo burrell funky slip cousin know saying aint thats jimmy burrell know gets cousin propers rollin pass loser talk theyre going know walk walk rhythm theyll understand rhythm hammer beatin mans mind spirit oh long moving yeah movin movin place mind runs free ill rollin want posse ake thewere rollin everybody inthe house break rollin rollin rollin rollin rollin rollin rollin stop rollin stop rollin rollin rollin rollin rollin rollin rollin rollin right gettin ready real fun want everybody jump dese know rollin rollin rollin rollin rollin rollin rollin rollin rollin rollin rollin rollin rollin rollin rollin rollin rollin rollin rollin rollin rollin yo everybody house rollin rollinrollin stop oh know rollin rollin onembed
4408,1992,Stacy Earl,Slowly,slowly lyricsas sun rising wed come earth gonna leave loving gonna hurt glad got wanna let precious moments lifes didnt know kiss ease doubt need hurry cause right lets slowly time slowly let love unwind got tonight lets slowly morning hear clock youre touching deeply want stop wanna hold ill let ill running worlds thing thats burning baby desire gonna hurry gonna slowly time slowly let love unwind got tonight lets slowly slowly slowly cause heartbeat know friendly time stand slowly time slowly let love unwind got tonight wanna slowly time slowly got tonight doembed
4410,1992,Metallica,Nothing Else Matters,matters close matter far heart forever trusting matters opened way life live way words matters trust seek everyday new open mind different view matters cared cared know know close matter far heart forever trusting matters cared cared know know opened way life live way words matters trust seek everyday new open mind different view matters cared cared games play cared cared know know yeahyeah close matter far heart forever trusting matters 133embed
4413,1992,Bell Biv DeVoe,Gangsta,gangsta lyricsyo shoot em biv yeah bell biv devoe bouncing airwaves shoot em shoot em rick spidermans house shoot em knows girl know wont buy girl theres use trying hide cause girl know need girl ive seen joking prankster believe girlfriends gangsta baby lost trust driving crazy know gonna going outta mind keeps prankster baby love cause shes gangsta gangsta boogie cause shes gangsta gangsta boogie obvious shes dressing better driving benz making money time honey carries gun fun day argue shell shoot girl baby lost trust driving crazy know gonna going outta mind keeps prankster baby love cause shes gangsta gangsta boogie cause shes gangsta gangsta boogie yo spiderman bring beat bbd shes gangsta know try hide looking good roll stood female hood shes pretty pink makes think wears gold silk mink catches lover youre dead mutha cause shes gangsta girl lost trust know gonna cause shes gangsta love cause shes gangsta know know shes gangsta shes gangsta2embed
4417,1992,Al B. Sure!,Right Now,right ah yeah mmm mmm mmm feel baby youre feeling kinda right right honey oh woo ah deyhey deyhey hey dey heyhey right sugar ah deyhey deyhey hey deyhey dey dey dey deydey having good time baby spreading love catch going oh oh having good time sugar wanna rubbing body night yeah wanna come come waste time soak affection baby come learn lesson yeah turn tv throw slow jam lets busy lets busy soak affection youre feeling kinda right right baby feels sexy yeah youre feeling kinda right right honey wanna smile youre feeling kinda right right honey away youre wearing baby soft morning cloud got thinking oh oh youre smelling baby bought wear lady makes wanna wanna come oh yeah waste time waste time soak affection baby come learn lesson yeah soak soak oh turn tv throw slow jam lets busy soak affection oh hey yeah yeah oh oh baby love youre feeling kinda right right baby oh feels sexy yeah youre feeling kinda right right sugar wanna smile youre feeling kinda right right honey dare away oh yeah yeah baby oh let love yeah kyle west know oh said feels good break come break lady wanna come come waste time soak affection soak soak baby come learn lesson yeah turn tv throw slow jam throw yeah lets busy lets busy soak affection soak soak lets waste time waste time soak soak baby come learn lesson yeah turn tv throw slow jam lets busy soak affection baby come learn lesson soak affection soak soak soak lady youre feeling kinda right right baby oh sexy yeah youre feeling kinda right right sugar wanna smile youre feeling kinda right right honey dare away boohoo time lovely faceembed
4420,1992,The Soup Dragons,Pleasure,pleasure limit live everybodys got everybody wants driving higher slow silver sensation sends everybody needs somebody cause need little bit pleasure everybody wants somebody cause need little bit pleasure limit live everybodys got everybody wants driving higher slow silver sensation sends everybody needs somebody cause need little bit pleasure everybody wants somebody cause need little bit pleasure everybody needs somebody cause need little bit pleasure everybody wants somebody cause need little bit pleasure everybody needs somebody cause need little bit pleasureembed
4422,1992,D.J. Jazzy Jeff & The Fresh Prince,Ring My Bell,ring bell yo baby know whats girl talk hours hours time invitation conversation things bad know ill soothe mind telephone youre ill verbal massage man gets home want know hop car come ring bell come ring bell ring bell bell dingdong dingdong come ring bell ring bell bell ringalingaling girl way treats crying shame youre toy life silly game long gonna live situation cause youre princess baby deserve prince plain day right eyes telling truth man insists telling lies stays night id home 8 oh loving hmm grrrrrrreat mean insult man trying plan rest lives forever got stand pick cause girl feel tell ill ring bell break ring bell ring bell ding dong ding heyhey ring ring bell anytime anyplace ring ring ring ring ahhh open mind trying happy said 1000 times didnt love wouldnt calling night wipe tears cause man fight loves ya baby know doesnt care let wheres know laying hooold wait let chill need ill cause time heart gets knocked know ill wipe spill know sounds fairy tale aint childrens book dear open eyes look future holds _ ruin great big mistake pay attention youre life pitfalls ups sort mission youre rocky road decision want love adore hold treat youre ready treated way baby ring bell repeat till fadeembed
4423,1992,Guns N' Roses,Yesterdays,yesterdays yesterday things told starting learn feel growing old cause yesterdays got old pictures ill time fades pages book memories prayers pocket hand destiny ill movin time plant feet cause yesterdays got old pictures ill things better wed let ooh yesterdays got yesterdays got got ooh yeah yesterday things shown suddenly time streets yesterdays got old pictures ill aint got time reminisce old novelties ooh yesterdays got yesterdays ooh got yesterdays got yesterday yesterday2embed
4425,1992,Whitney Houston,I Will Always Love You,love stay way ill know ill think step way love love darling bittersweet memories taking goodbye know need love love hope life treats kind hope youve dreamed wishing joy happiness wish love love love love love love love darling love ill ill love you80embed
4430,1992,Roxette,Spending My Time,spending time whats time morning sky beautiful blue tvs thing showing picture oh coffee try read bit story thank lord youre shape spending time watching days feeling small stare wall hoping think spending time try know tell leave kiss answering machine oh help wake dream spending time watching days feeling small stare wall hoping missing spending time spending time watching sun fall asleep fall asleep sound tears clown prayer gone blind spending time friends telling hey life time sure ill ooh silly game love play win lose ohuhohuhoh spending time spending time spending time watching days feeling small stare wall hoping think spending time spending time spending time watching sun fall asleep sound tears clown prayer gone blind spending time spending time live love spending time uh spending time time time beds big honey honey spending timeembed
4432,1992,En Vogue,Free Your Mind,free mind prejudice wrote song hear free mind wear tight clothing high heeled shoes doesnt mean prostitute rap music wear hip hop clothes doesnt mean sellin dope oh forgive having straight hair doesnt mean theres blood heir yeah yeah date race color doesnt mean strong black brothers mmmdah mmmdah mmmdah mmmdah oh way mmmdah mmmdah mmmdah mmmdah read gotta learn said free mind rest follow color blind shallow free mind rest follow color blind shallow sista buy things cash doesnt mean credits bad oh dispute waste time think price high look watched oh rang buy mind ow oh attitude bother change mind change color mmmdah mmmdah mmmdah mmmdah oh way mmmdah mmmdah mmmdah mmmdah read gotta learn said free mind rest follow color blind shallow free mind rest follow color blind shallow free mind rest follow color blind shallow free mind rest follow color blind shallow free mind mmmdah mmmdah mmmdah mmmdah oh way read gotta learn said free mind rest follow color blind shallow free mind rest follow color blind shallow free mind rest follow color blind shallow free mind rest follow color blind shallow free mind1embed
4433,1992,AB Logic,The Hitman,hitman lyricswatch hitman watch watch watch watch groove forth funky music dance floor swing tonights night let hang funky house know got soul ace hole feel vibe rhythm control command loose yeah know style grab girl buck wild got noise pumpin djs spinnin crowd jumpin turn music lets motivate thing body starts break watch watch watch watch wont baby till drop beaeat feel pump hitman hitman makes groove lets turn heaeat feel pump hitman dance niiiight dance niight dance niiiight dance niight watch watch watch watch time prove rush fast miss step dance concept kswing drop power thatll rockin hours come yall lets turn notch bass vibrate dance floor jump people start yell yeah time chill dance night cause gotta strong gotta shake bake moneymaker let style thatll dope sound watch hitman watch watch watch watch wont babyembed
4435,1992,Mad Cobra,Flex,flex lyricscrying moaning wait til morning waiting long finally yuh come long baby love explain yuhself baby girl lead lead lead lead clock ticking wall seven days week weak need yuh body eat sleep club screw ooh neat spread feet lord hear wha tell di girl girl flex time sex long time yuh di rude bwoy yah sweat girl flex time sex look long yuh di rude bwoy sweat wait outa patience lovin sufficient wait till cyaan wait x lovin hardcore listen jus hear knock pon di door touch nuh want girl flex time sex look long yuh di rude bwoy sweat girl flex time sex look long yuh di rude bwoy reach smell perfume wait inna di room reach smell perfume wait inna feel surgeon prepare di surgery hope di likkle girl charge fi perjury action wit di injection worky worky girl according plan girl flex time sex look long yuh di rude bwoy sweat girl flex time sex look long yuh di rude bwoy ready gal tickle mi fancy skin skin perform di surgery ready aint wasting time reach yuh climax girl anytime ready receive good lovin day yuh live ready gal lets agony gal start finish girl flex time sex look long yuh di rude bwoy sweat girl flex time sex look long di rude bwoy bet mi life nah late remember bet mi life shell early perform longa surgery bet mi life cyaan count dat surgeon knife slice flechette girl flex time sex look long yuh di rude bwoy sweat girl flex time sex look long yuh di rude bwoy wait outa patience lovin sufficient wait till cyaan wait x lovin hardcore listen jus knock pon di door jus touch nuh want girl flex time sex look long yuh di rude bwoy sweat girl flex time sex look long yuh di rude bwoy a5embed
4438,1992,P.M. Dawn,Paper Doll,paper doll imagine link chain chain wrapped someones mind break things start change realize theres time direction fly wind stop ponder pink chateau theme mahogany transcends quote unquote thats way goes looking picture looking picture spin sun dial expectation years ago saw yesterday youre looking picture looking picture slightest moment watched think paper doll days think paper doll paper doll paper doll days think paper doll paper doll oh paper doll baby imagine cloud sky pass blow kiss thinking cloud youre wondering doesnt exist life surrounds whats presumed wise wouldnt wise fist uncurls know stares eyes quote unquote real world thinking yesterday actually thinking yesterday thousand words doesnt sense thousand ideas tell youre thinking yesterday youre thinking yesterday slightest moment watched think paper doll days think paper doll paper doll paper doll days think paper doll paper doll oh paper doll baby regardless think regardless feel human recognizable spiritually mentally hold hands forever paper doll days think paper doll paper doll paper doll days think paper doll paper doll oh paper doll babyembed
4439,1992,Lighter Shade Of Brown,Homies,homies ask definition homie friend till end start youre kids little traviesos bad acting heres little story homie named frankie little homie hanky panky sort spanky alfalfa little rascals getting away hassle going schoolyard late passes class cutting lunch lines leaving students strolling movies rated r moms dropped et star issue ignored taking tapes 45s local record store good kids bologna cause homies situation homies wasnt fun sad bad wouldnt change thing cause priceless homies yup righteous kids saw kids took swig chilling homies crib searching ways presidents life hard product residence beign youngest stay strong moms teacher cause pops gone hung streets thing living varrio gangbanged coming growing grew trust fronting phony true game homies wanna homie hey ill tell hanging crew doesnt mean blabbing toured songs gonna want kick listen holmes goes way knew hung friends male groupies goes everybody coming hey yo d break em people wanna hang rap game theyre know friends homie true end aint damn thing changed hanging hood thangs cause aint phony true game homies embed
4440,1992,The KLF,What Time Is Love?,time love lyricsthe notes throw yo gotta watch speak grab week teach reach positive way life livin hyped rhythm klf crew yea yea yea desire rhyme wanna feel packed react let ask question time love time love time love time love time love kind chatter tell calls anesthetic got step let emcee fact kick hd wannabe barbie time sucker knew time stutter v3 emcee mic yea pass mic time love time love time love time love time love time loveembed
4443,1992,Wreckx-N-Effect,Rump Shaker,rump shaker listening sound wne posse yeah rump shaker rump shaker yeah wanna zoomazoomzoomzoom poompoom shake ya rump wanna zoomazoomzoomzoom poompoom shake ya rump check baby check baby check baby check baby check baby check baby check baby check baby called rump shaker beats sweeter candy feelin manly shakers comin handy slide clothes new york virginia ticklin delware enter turn seduction face hips feet wiggle jiggle night complete got body year come award heres hint long sharp sword flip tail let shake dice way shake rump turnin mighty men mice plus got surprise thats breaker let shake rump rump shaker wanna zoomazoomzoomzoom poompoom shake ya rump wanna zoomazoomzoomzoom poompoom shake ya rump wanna zoomazoomzoomzoom poompoom shake ya rump wanna zoomazoomzoomzoom poompoom shake ya rump check baby check baby check baby check baby check baby check baby check baby check baby yup yup teddy ready onetwo checker wreckxneffect effects wrecker track bout honey shakin rumps backs booties cuties steady shakin relaxin action packed jam closet beats bound cold flowin faucet mean sit mean jump yep hotties party shake rump way comb hair uh stylish clothes wear uh little things uh makes wanna uh wanna zoomazoomzoomzoom poompoom shake ya rump wanna zoomazoomzoomzoom poompoom shake ya rump wanna zoomazoomzoomzoom poompoom shake ya rump wanna zoomazoomzoomzoom poompoom shake ya rump shake shake shake shake spend birthday butt naked body soft makin wanna squish game rumper subwoofer shake left shake shake right mind stickin single night come pass poompoom send poppa shake baby shake baby shake stoppa let booty hop hop booty stop drop booty wop ooh way shakin reals appeal makin bills thats lotta bills aint trickin treatin aint treatin trick meetin nah nah nah nah nah nah nah yeah shake baby shake shake wanna zoomazoomzoomzoom poompoom shake ya rump wanna zoomazoomzoomzoom poompoom shake ya rump wanna zoomazoomzoomzoom poompoom shake ya rump wanna zoomazoomzoomzoom poompoom shake ya rump break uh yeah shake ya rump uh yeah wne effect peace11embed
4445,1992,Tone-Loc,All Through The Night,night whoa lord mercy aah baby cmon yeah doin sweetheart long time man past weeks ive somethin times life ive fool tell nothin cool played games know guess bein guy love comes straight heart love losin girl tearin apart miss beautiful smile touch love day long reason feelin strong wanna man want ill change lifestyle street chest promise ill serve ya love life thatll die hand squeeze real tight love baby night love love baby nothin wanna love baby wanna wanna baby wanna goes squeeze tight love wanna night night fall asleep mind picture perfect blind fact wanted mr smith tone loc man knows true lady past girl love thing girl respect pay tribute special kind breathe ones youve given manerismembed
4446,1992,Mitch Malloy,Nobody Wins In This War,wins war lyricsim know feel deeper blood runs strong emotions taken toll lonely battle night wanna fight anymore wins war hearts breakin end sight waitin cause fight anymore wins war matters love youve given survive lay weapons weve got time surrender cause wanna fight anymore wins war hearts breakin end sight waitin cause fight anymore wins war wounds love need healing leavin hands oh yes yes baby wins wins war hearts breakin end sight waitin cause fight anymore wins war 2x wins wins fight anymore wins warembed
4447,1992,Firehouse,When I Look Into Your Eyes,look eyes lyricsi forever look eyes youre wanted want lets promise till end time love die face face heart heart want know apart believe wishes come true cause world look eyes love makes realize look eyes dreams come true look eyes ive looked life ive goodbye stop feeling theres cause look look eyes love makes realize look eyes dreams come true look eyes look eyes love makes realize look eyes love die look eyes dreams come true look eyes look eyesembed
4449,1992,Chuckii Booker,Games,games buy youve got share look whos paying got thing youre staying ive worked hard things ooh oh ive worked hard things need wanna know wanna play wanna hoo play games wanna play wanna play games wanna play wanna hoo play games wanna play wanna play games oh shoodoo baby games love shoodoo baby game youre playing fool thats chasing girl ive tried best happy instead turned tried try ive worked hard things hoo oh ive worked hard hard things need wanna know wanna play wanna hoo play games wanna play wanna play games said wanna play wanna hoo play games want play wanna play games oh oh shoodoo baby hey hey games love ohoh baby baby baby games love chuckii chuckii whywhywhywhywhy chuckii chuckii whywhywhywhywhy chuckii chuckii whywhywhywhy play games chuckii chuckii whywhywhywhywhy chuckii chuckii whywhywhywhywhy chuckii chuckii play game play game whywhywhywhywhy chuckii chuckii wanna play wanna hoo play games silly games wanna oh play games wanna play wanna hoo play games silly games wanna baby girl play games try rock world shoodoo baby love shoodoo baby games love wanna play wanna oh play games wanna play wanna baby girl play games said wanna play wanna play games want play wanna play games wanna play hoo wanna play game wanna play hoo wanna play game wanna play hoo wanna play games play game wanna play ooh hoo wanna play games oh oh wanna play wanna baby girl play games said rock world wanna oh play games wanna trip wanna baby play games silly girl gave wanted honey wanna play games oh wanna play games me1embed
4451,1992,Jon Secada,Do You Believe In Us,believe lyricsi tremble inside thinking world scared help wonder want changes bout way feel know mean catch falling gonna alright gonna alright know belong believe half chance yes love love strong girl believe girl believe ill time redefined meaning love way know love way want changes comes way matter happens gonna alright gonna alright know belong believe yes half chance yes love strong girl believe girl believe ill want changes want forever aint long baby change gonna alright gonna alright know belong believe yes half chance yes love strong girl believe girl believe ill know belong believe believe half chance yes love strong girl believe girl believe ill know belong believe believe half chance yes love strong girl believe girl believe ill embed
4453,1992,Luke,I Wanna Rock,october 2019 singles release calendar lyrics101 ant clemons 4 letter word ft timbaland charlie puth cheating danny brown 3 tearz ft run jewels drew allen egos myke towers hace mes twelvelen thank gang remix ft guapdad 4000 102 aj tracey cat pack amanda black ndizele wena anders nauseous big thief forgotten eyes cherry glazerr ft portugal man jhené aiko triggered remix ft summer walker 21 savage joey trap danger freestyle lil toe cash lucki nascar dashcar mike posner legacy ft talib kweli ms banks bad b bop pia mia carnage gunna started slow hollows heart 103 88rising chung ha rich brian nights andrea bocelli return love ft ellie goulding blocboy jb chopbloc 2 ft nle choppa doja cat bitch garzi temptations guapdad 4000 gucci pajamas ft chance rapper charlie wilson highly suspect tokyo ghoul ft terrible johnny young thug kacy hill higher wiley givenchy bag ft chip future nafe smallz 104 alexander oscar ali gatie ambjaay tyga lil pump uno remix ft tyga lil pump anna wise count blessings ft denzel curry big shaq buss black eyed peas explosion ft anitta camila cabello casanova knock knock cascada way pop edit conor maynard waste time cxrpse blacked ft sybyr bruhmanegod lil darkie yvncc dan shay 10000 hours ft justin bieber dave east ft jacquees deathbyromy problems dj spoony sweet chocolate ft lily allen fabolous choosy ft jeremih davido fleur east figured fredo bang face gnash forgive george maple superhuman gucci mane big booty ft megan thee stallion jack river later flight james blunt champions jessie reyez far away jumex spraypaint ft travis barker juice wrld bandit ft youngboy broke kash doll mobbn keyon christ peace mind kid ink randy mo lil kim pray ft musiq soulchild rick ross majid jordan superstar martin jensen malte ebert new hope club danna paola know niall horan nice meet ya rome talk nice norah jones mavis staples ill gone paris shadows enoughs pop smoke war ft lil tjay poppy disagree quin nfn hold ft pnb rock riff raff bring baby ritual robinson hard times russ old days steve aoki sparks send tru 2 chainz sleepy rose shoot ft hott lockedn worl thouxanbanfauni home invasion travis scott highest room tyler creator earfquake channel tres remix 106 keyon christ life aint fair 107 anders bed fka twigs home lil darkie haha yungeen ace bad bitch remix ft blac youngsta 108 cigarettes sex falling love city girls jt day destiny rogers lo lo ft guapdad 4000 plo luke combs sebastian sober ft bakar themxxnlight love winona oak let know 109 bj chicago kid ari lennox time today remix caribou home chloe lilac special green day ready aim miranda lambert tequila phantogram spiral umi love affair 1010 arizona zervas roxanne baby ariel wildside courtney barnett elliot jones love hearts colors fuck jason aldean got got lady antebellum boots moneybagg yo megan thee stallion dat myles erlick sam hunt kinfolks seafret fall neighbourhood yellow box wretch 32 1010 ft giggs yungblud original ft dan reynolds 1011 12am love dies ft 24kgoldn thousand horses livin best life apache 207 wieso tust du dir das arcángel invicto baka nice becky g mala santa benee island bishop briggs jekyll hide blueface close ft jeremih camila cabello easy charli xcx click boys remix ft slayyyter kim petras cher lloyd mia deadman 死人 lamour est talk deep eden xo dance monkey ella henderson young french montana twisted ft aap rocky logic juicy j gucci mane tootsies ft lil baby harry styles lights hayley kiyoko demons internet money somebody ft lil tecca boogie wit da hoodie james arthur ft travis barker james blunt told jennifer lopez baila conmigo jojo joanna kash doll kim petras alma stefflon don kid ink bats fly ft rory fresco kingdøms senses konata smal ruckus llabrinth banx ranx somethings got banx ranx remix little boots souvenirs demo lost kings la parties ft sevyn streeter luh kel marian hill u mau y ricky nicky jam bota fuego meduza becky hill goodboys lose control ph4de wifisfuneral hang prince fox pusha t puppets succesion remix r3hab ella vos exhale riff raff marshmallow mazerati ft dj paul roddy ricch big stepper rod wave cuban links ft kevin gates rubi rose hit yo dance ft nle choppa yella beezy shordie shordie sides ft shoreline mafia stizzy stacks ima dog ft nle choppa tpain trover saves universe ti sabotage terror jr crowded rooms black eyed peas j balvin ritmo bad boys life tiana major9 earthgang collide tiffany young run life tini sebastián yatra oye vargas lagola forgot lover warholss eddie murphy wynne jid ego check xavier omär sango ft parisalexa ye ali lemon pepper freestyle yelawolf opie taylor yellow claw amsterdamned 1012 jasiah soul eater 1014 caroline polachek look 1015 kalin white geazy wanna rock ft gunna lil darkie anthraxblackmold ft chauncey666 deadbeatvillain reaperofthesouth webneversleeps lunay myke towers la cama 1016 beck uneventful days emotional oranges sundays flight facilities better ft aloe blacc katy perry harleys hawaii laguna nights liz lucki 4 betta madeon new fine nessly teejayx6 juggin til die rexx life raj permission needed ft bas umi sukidakara 1017 7ae bout anders sticky situation ft rich kid aura alan walker ghost cute girls cute things hand ghetto sage häagen dasz jp saxe world ending ft julia michaels kingz daddy dj luian mambo kingz ignores ft jay menez myke towers rauw alejandro cazzu eladio carrión lil windex money bitch ft teven cannon mariahlynn vérité think 1018 aj mitchell strangers ali gatie allie x rings bell bbno slop blueface class ft gunna bouba savage kenny beats buss bts right remix ft lauv cody simpson golden thing cold war kids pale daddy yankee que tire pa lante danileigh cravin ft geazy dj pharris juug ft chief keef jeremih famous dex proofread ft wiz khalifa gang starr bad grace carter fired grace vanderwaal griselda records dr birds gryffin body ft maia wright hey violet clean icewear vezzo g herbo coming remix jadakiss kamille answer ft wiley kiana ledé easy breezy krewella ghost l devine peachy keen landon cube pretty ft 24kgoldn lost kings somebody ft marc e bassy mark battles chuwee futuristic dreaming2 ft tory lanez markie lil durk flesh nick blixky drive boat ft nas blixky 22gz quinn lewis saint asonia august day shark puppet buckets ft suigeneris dc don rex orange county pluto projector russ bia best earth thouxanbanfauni best tle cinco check dis ft nle choppa vegyn wisin yandel chica bombastic yo gotti pose remix ft lil uzi vert megan thee stallion yung pinch pouya thats baby 1019 frank ocean dhl yung trench lost star 1020 tom mail man storm 1021 brooke candy fmu ft rico nasty lil revive darkness pretty carcass flip stalley main 1022 berner la plaza ft wiz khalifa snoop dogg idrys goma lil happy lil sad denial victoria monét ass 1023 banoffee tennis fan ft empress davido risky ft popcaan gallant sweet insomnia ft 6lack kalin white kia mumford sons blind leading blind pewdiepie party backyard day prettymuch cnco necesita quin nfn poles ft nle choppa selena gomez lose love tnght dollaz umi runnin ft yeek 1024 coldplay arabesque coldplay orphans cxloe devil doja cat rules jp cooper stefflon don banx ranx reason k michelle rain kesha raising hell ft big freedia louis tomlinson major lazer khalid trigger selena gomez look svrite star riff raff floor seats ft chief keef dj paul robb bank hentai skizzy mars leave ft marc e bassy 1975 frail state mind terrace martin trail mix ft rose gold buddy tinashe die little bit ft ms banks wafia flowers superpowers 1025 1k phew kung fu ft whatupurg ty brasel 800goony 14hunnid 8hunnid ft trippie redd aaron carpenter control alex aiono arin ray seat bonnie mckee eden xo bad girls heaven cah aye migo ft lil durk conan gray maniac cuban doll ex danny ocean dime tú dave east godfather 4 ft nas dj kay slay hocus pocus ft boogie wit da hoodie blueface moneybagg yo eden projector ekali ft kiiara eli fine evan giia sidelines felix sandman mood gabrielle aplin galantis dolly parton faith ft mr probz hoodrich pablo juan minute maid iann dior strings jack gray friends jens wish right jojo sabotage kyle dion dead kodak black zombie ft db omerta nle choppa lady antebellum leaving liam payne want christmas liamoo issues lizzo good hell remix ft ariana grande logic ocd luh kel movie ft pnb rock luke james girl ft bj chicago kid ro james mae muller dick maye moody milky chance rush ft témé tan mura masa hope generation niall horan nice meet ya stripped version nina nesbitt toxic ot genasis big shot ft mustard oh wonder better omar montes alocao ft bad gyal pet shop boys open mind pet shop boys boundaries queen naija good morning text rebecca black sweetheart reem singer roddy ricch start wit ft gunna smash mouth bus stop smino trina sonia games steve aoki bassjackers wanna rave tei shi universe knocks lucky ft great good fine ok tyga yg santana mamacita vybz kartel interview westlife blood mad yungeen ace bando zella day sexy thing zhu partywithray came low 1026 joey trap 21 freestyle 1027 slayyyter hello kitty 1028 joey trap tube sock freestyle keyon christ booze right ft bibi bourelly normani 21 savage motivation savage remix tame impala time 1029 agnes obel island doom kalin white friendless lily moore undo ft dan caplen westside gunn kool g ft conway machine benny butcher 1030 aj tracey skepta kiss tell anitta marília mendonça que ele vem atrás buddy hollywood ft kent jamz buddy hollywood colors dvsn cryin ft future emily burns gashi mr ferrari goody grace scumbag ft blink182 haim hamzaa write hannah diamond invisible josh jake hill lowlife omar apollo frio quadeca egovert fish outta bacardi skinnyfromthe9 hurt sybyr darker lit y2k bbno enrique iglesias carly rae jepsen lalala remix 1031 21 savage immortal dua lipa start diamonds long way halsey graveyard axwell remix m huncho nafe smallz thumb martin garrix dean lewis love mø noah cyrus fuckyounoah ft london da track pink sweat crush wanna playthatboizay poison klan ft denzel curry anonymuz remi brain ft lori sad frosty playground otw freestyle sheck wes ykts six60 ghosts ski mask slump god carbonated water smokepurpp stevie timmy trumpet therapy ft charlott boss tom walker heartbeats trinidad james ugly vince staples sheet music episode 02 young dolph tric treatembed
4454,1992,Ice Cube,Wicked,wicked dis dedicated di man dem macgyver buck doubleohseven james bond spy man di area gunshot gunshot maximum respect di man dem ice cube buck buck nah bust deucedeuce treyeight fourfour wicked right uh wicked man uh wicked uh wicked man uh wicked come wicked style know wicked crew act knew cause got everybody jumpin voodoo kick wicked rhymes picket signs mob gotta trunk nines play ya ill slay ya got mayor hair ready buck buck buck duck duck duck bust lookin en vogue youre gonna cause fat mad skills wont choke buffalo bills sittin pad chillin cause larry parker got million oh feelin shake nigga pass pill ill slam dunk ya shaquille oneal dig maybe watch test tube baby kick cause wicked know dem wicked ice cube torcha chamba sound yes dem wicked pick di mic buss di ground yes dem wicked dem gyal di sound don jagwarr ice cube run di town wicked look way kick wicked buck wicked wicked man look way kick wicked buckbuck wicked buck wicked man buckbuck nothin listen got plan break tyson outta prison come way served got deuce thatll bunny hop curb nappy head nappy chest nappy chin seen happy grin fat frown cause look big black boots steppin use steel toe weapon kick ya flip ya want label nigga tape sticker diggin girls thats nicety plus got body count icet new york skins aint talkin bout pork swine pig dig listen flow socalled negro didnt know funky wilson pickett dig cause wicked ice cube torcha chamba sound yes dem wicked pick di mic buss di ground yes dem wicked dem gyal di sound don jagwarr ice cube run di town wicked look way kick wicked buck wicked wicked man buckbuck look way kick wicked buck wicked wicked man people wanna know come got gat lookin window malcolm ready bring noise kinda trigger happy geto boys april 29th brought power people sequel cause police got equal hate chazzers pig fly straight daryl gates willie williams pilgrims super slave break ass super dave wicked pull cause fullest gorilla straight mist miss comes uh bring yellow tape white cape cause straight picket signs job stick bigot cause wicked wicked man haha oh hear hear hear wicked man hear drummer wicked yes dem wicked dem wicked jus pick di mic yes dem wicked dem wicked jus di gun yes dem wicked dem wicked cause run di town dem wicked dem wicked cause run di town yes dem wicked gwaan wha seen den di dem ice cube international superstar don gorgon style buck way brooklyn inside los angeles south central style torcha chambas buck dem run country maximum respect don jagwarr celebrity seen wicked wicked pick di mics yes wicked wicked di guns yes dem wicked dem wicked run di town wicked man6embed
4456,1992,Bad Company,How About That,lyricslast night moon new sleep thinkin need ya act tougher steel heart stone know aint real need baby hey oooh spend life town took lovin turn crazy people tell ya crazy fool taught learn school need ya baby need time space run away tell face face yeah oooh bout oooh baby oooh yeah alright oh baby think met mystery live got heart got soul ooh got life control looks yeah ooh yeah everytime face lightens damn place yeah wanna thing yeah theres wont oh yeah oooh bout baby oooh yeah ttell oooh bout baby oooh yeah night moon new sleep lookin yeah glad hey everytime face lightens damn place yeah wanna thing yeah wanna spend life oh yeah oooh hey bout baby oooh ttell oooh tell baby oooh baby yeah oooh hey baby oooh yeah oh ohembed
4457,1992,Genesis,Jesus He Knows Me,jesus knows dyou face tv screen coming sunday face billboard man cover magazine theres question smiling buy piece paradise buy piece ill wanted ill need need believe believe cause jesus knows knows right ive talking jesus life oh yes knows knows right hes telling alright believe family everloving wife know girlfriend man met night believe god cause selling wanna heaven ill right wont leave house chair touch dial cause jesus knows knows right ive talking jesus life oh yes knows knows right hes telling everythings gonna alright wont practicing preaching wont making sacrifice pocketful miracles promise good try nice god good care counting blessings ive true happiness cause agetting richer day day phone book tollfree number way want right away therell doubt mind youll believe saying wanna closer knees start paying cause jesus knows knows right ive talking jesus life oh yes knows knows right hes telling everythings gonna alright cause jesus knows knows right jesus knows knows ooh yes knows knows right jesus knows knows ive talking jesus life hes telling everythings gonna alright3embed
4458,1992,Utah Saints,Something Good,good lyricsutah saints utah saints utah saints youuyouutah saints utah saints youuyouutah saints utah saints youuyouutah saints ooh oy ooh oy ooh oy ooh oy ooh oy know good gonna happen ooh oy ooh oy know good gonna happen ooh oy ooh oy ooh oy ooh oy ooh oy ooh oy ooh oy ooh oy ooh oy utah saints utah saints ooh oy ooh oy 2xembed
4461,1992,Tevin Campbell,Strawberry Letter 23,strawberry letter 23 lyricshello love heard kiss red magic satin playing near morning rain gave sun doesnt shine rainbows waterfalls run mind garden ah ah ah ah ah ah west purples shower bells tea orange birds river cousins ah ah ah ah ah dressed green pretty music hear happy loud ah ah ah ah ah blue flowers echo cherry cloud ah ah ah ah ah feel sunshine sparkle pink blue playgrounds laugh try ask cool cool arrive gonna baby free flying arms sea stained window yellow candy screen speakers kite ah ah ah ah ah velvet roses digging freedom flight ah ah ah ah ah present ah ah ah ah ah strawberry letter 22 music plays sit ah ah ah ah ooh ooh ooh ooh ooh ooh ooh ooh ooh ooh ooh ooh ooh ooh ooh ooh ooh ooh ooh ah ah ah ah ah ah ah ah ah ah present ah ah ah ah ah strawberry letter 22 music plays sit ah ah ah ah ah ooh ooh ooh ooh ooh ooh ooh ooh ooh ooh ooh ooh ooh ooh ooh ooh ooh ooh ooh oohembed
4463,1992,Tevin Campbell,Alone With You,lyricsintro aaah ooh yeah want tevin ooooh whats oh yeah oh yeah ooh yeah verse 1 holding hands park hurry home dark wait smile love time spend waited break day come smile sun guess wait school oooh baby pretty face ive got stay cool break hook girl leave leave ooh way receive aggression girl ive learned lesson leave ooohhh natural way receive aggression thats chorus want theres id want chance til end oooh baby verse 2 night phone tried impress tone ive got real youre friend youll hook girl leave leave ooh way receive aggression girl ive learned lesson leave ooohhh natural way receive aggression girl leave leave oohh way receive aggression girl ive learned lesson leave ooohhh natural way receive aggression ooooh ooooh oooh yeah ive got stay cool break chorus want oooooh want theres id want chance know know til end girl leave leave leave baby girl leave leave know ill girl leave leave girl leave leave girl leave leave lyin want theres id want chance know know til endembed
4466,1992,Wilson Phillips,Give It Up,lyricsyou hide admit baby cause wise disguise ive seen love eyes think fool tell know wont come break ice nice want youre youre little bit shy feel need tell youre happy wait know youre feeling look eyes want somebody feel good want baby know got come come come lie tell stories come love think fool tell sorry know know come love want youre youre little bit shy feel need tell youre happy wait know youre feeling look eyes want somebody feel good want baby know got come come come dream way life cause baby ill tonight ill bring pictures life oh god yeah cmon cmon cmon cmon wont baby tonight know know youre cmon lets cmon baby yeah feels good feels good feels good baby cmonembed
4469,1992,Rod Stewart,Your Song,song lyricsits little bit funny feeling inside easily hide money boy id buy big house live sculptor man sells potions travelling know best gift song ones tell everybody song simple hope mind hope mind words wonderful life youre world sat roof kicked moss verses know cross suns kind wrote song people turned excuse forgetting things ive forgotten theyre green theyre blue thing mean sweetest eyes ive seen tell everybody song simple hope mind hope mind words wonderful life youre world hope mind hope mind words wonderful life youre world youre world youre worldembed
4470,1992,Warrant,We Will Rock You,rock lyricswe rock rock buddy youre boy big noise playing street gonna big man day got mud face big disgrace kicking place rock rock buddy youre young man hard man fighting street gonna world day blood face big disgrace waving banner place rock rock buddy youre old man poor man pleading eyes gonna peace day mud face big disgrace kicking ass place rock rock sing rock hey hey rock rock rock everybody rock rock rock rock hey hey rock rock rock youembed
4473,1992,Hi-Five,Quality Time,quality time oh quality time oh quality time quality time ill right baby ill spend quality time ho gonna spend time ill right know youre tired old line saying sorry baby got gotta mind cause wanna pager goes ill ignore baby cause wanna girl ill spend quality time girl ill right oh yeah ill right gonna spend time yeah ill spend quality time girl gonna right ill right baby girl got messed state mind know baby tell people calling cellular phone girl think baby pager goes ill ignore baby cause wanna oh yo t tell ill ill spend quality time girl gonna right ill right gonna spend time ill spend quality time gonna right ill right girl ill spend time quality time baby baby baby youre gonna feel presence right ill quality time gonna spend time baby promise spend time girl pager goes ill ignore baby cause wanna baby come t gonna spend ill spend quality time time yeah ill right ill right yes ill spend quality time t gonna spend yeah ill right time yeah ill spend quality time quality time quality time yeah ill right ill right ill spend quality time yes yes ill right ill morning ill evening ill spend quality time gotta ill come running baby ill right listen ill pager yes yes ill spend quality time oh gonna right oh yeah ill right oh yeahembed
4475,1992,TLC,What About Your Friends,friends friends friends little crazy thats way supposed vision little hazy tell trust let trust yeah people try act little funny thats figure speech tell changed got money youre yeah friends stand ground let friends gonna low turn backs little friendly speak hypothetically supply creativity form selfhate enemy results unfortunate destiny dog cause choose envy little easy let lot people depend thought deceive know times got rough standing ill let close ive grown lot smarter choose youll friend true theyll friends friends stand ground let woah friends friends gonna low low turn backs friends friends stand ground stand ground let oh friends friends gonna low low turn backs yo little friendly speak hypothetically supply creativity form selfhate enemy results unfortunate destiny dog cause choose envy friends stand ground let friends friends gonna low turn backs friends stand ground let friends friends gonna low low turn backs people act little funny wouldnt change money ill friend long youre friend yeah yeah friends easy cause deceive way want friends friends stand ground let friends friends gonna low low turn backs turn backs friends stand ground stand ground let friends14embed
4477,1992,Roberta Flack With Maxi Priest,Set The Night To Music,set night music duet maxi priest lyricsset night music set night music look stars tonight look moonlight look oh dream romantic fantasy darlin come hold close makin love slightest touch set night music set night music want itll set night music rhythm melt nice slow love away heart beating perfect love perfect time watch world disappear moment love set night music set night music want itll set night music moment moment love love stars shine set night music set night music want itll set night music music set night set night music music set night music set night set night music music set night music set night set night music music set night music makin makin love set night music tonight makin love makin love stars set night music makin love makin love yes stars set night music makin love stars set night musicembed
4478,1992,Degrees Of Motion,Do You Want It Right Now,want right want right know lucky feel man loves try change single youre easy love qualities everyday teach inside aglow night think oh satisfied things want oh want want right oh let want bad want right rare sensitivity believe know feel trust heart soul care wanna control everyday teach inside aglow night think oh satisfied things want oh want want right oh let want bad want right right right right got know got know wanna know want want right baby want right want right right right right everyday teach inside aglow night think oh satisfied things want oh want want right oh let want bad want right nowembed
4479,1992,MC Luscious,Boom! I Got Your Boyfriend,boom got boyfriend lyricsohhh girl know love ya boom got boyfriend got man boom got boyfriend got man boom got boyfriend got man boom got boyfriend got man walked gym man hawkin licking lips walkin calling real big smile cause head finesse style grabbed arm pulled said hed til day die told hell love til end hey girl got boyfriend boom got boyfriend got man boom got boyfriend got man boom got boyfriend got man boom got boyfriend got man saw man fine natural shake divine fresh mercedes benz dropped low gold pin stripe good gucci rag thumped boom trunk kissed cheek know thats got calls everyday saying love lot boom got boyfriend got man boom got boyfriend got man boom got boyfriend got man boom got boyfriend got man ohhh girl know love ya ohhh girl know love ya ohhh girl know love ya ohhh girl know love ya boom got boyfriend got man boom got boyfriend got man boom got boyfriend got man boom got boyfriend got man got boyfriend better hold tight sight single night cause got look fine cause dressed impress kind ill shake work man tells end thats know got boyfriend boom got boyfriend got man boom got boyfriend got man boom got boyfriend got man boom got boyfriend got man1embed
4480,1992,Nirvana,Smells Like Teen Spirit,smells teen spirit load guns bring friends fun lose pretend shes overbored selfassured oh know dirty word hello hello hello low hello hello hello low hello hello hello low hello hello hello lights dangerous entertain feel stupid contagious entertain mulatto albino mosquito libido yeah hey yay worse best gift feel blessed little group end hello hello hello low hello hello hello low hello hello hello low hello hello hello lights dangerous entertain feel stupid contagious entertain mulatto albino mosquito libido yeah hey yay forget taste oh yeah guess makes smile hard hard oh mind hello hello hello low hello hello hello low hello hello hello low hello hello hello lights dangerous entertain feel stupid contagious entertain mulatto albino mosquito libido denial denial denial denial denial denial denial denial denial407embed
4485,1992,Go West,Faithful,faithful lyricsoooooooh baby kiss farewell nothings gonna break spell youre thinking time tell girl want know minute single day miles away miles away ill promises want know faithful lovers prayer faithful care world gives love count faithful faithful lovers prayer lovers prayer listen baby lean sail stormy seas good comes easily wont let faithful lovers prayer faithful care world gives love count faithful faithful lovers prayer baby lean lean baby lean lean baby lean lean baby lean lean trust baby goodbye theres need weve gots strong denied yeah faithful lovers prayer faithful care world gives love count faithful lovers prayer gonna faithful dream share dream share world gives love count faithful faithful lovers prayer ooooh ooooh faithful awww faithful faithful dream share ooooh ooooh faithful gonna faithful yeah yeah yeah yeah yeah ooooh ooooh faithful oooh yeah faithful faithful oooh oooooh faithful baby lean ooooh ooooh faithful baby lean ooooh ooooh faithfulembed
4487,1992,Kris Kross,Jump,jump jump jump know know ahh kris kross having today stand totally crossed commence ya jump jump mac dadll ya jump jump daddy macll ya jump jump kris krossll ya jump jump try compare yeah bad little fad mac bad ya ill ya bump hump wiggle shake rump cause ill kicking flavor makes wanna jump high real high cause fly young lovable huggable type guy little slack cause inside wiggida wiggida wiggida wack come stompin somethin pumpin jumpin rb rap bullcrap dumpin aint nuthin soft kris kross ask rock believe jump jump mac dadll ya jump jump daddy macll ya jump jump kris krossll ya jump jump uh huh uh huh jump jump mac dadll ya jump jump daddy macll ya jump jump kris krossll ya jump jump stuff knockin knockin love girlies jockin jockin dadouble dymac yeah know got jumpin bumpin pumpin movin g mix mcs step tried step mac got jacked youll sportin gear coincidental act know claiming mental lil kids flow aint heard nuthin fake understand word word hahaha listen cool smooth melody daddy makes jump jump jump mac dadll ya jump jump daddy macll ya jump jump kris krossll ya jump jump uh huh uh huh jump jump mac dadll ya jump jump daddy macll ya jump jump kris krossll ya jump jump formalities kris kross aint comin wack yall suckas know check try rhyme rhyme bo bo try rhyme rhyme bo bo try rhyme rhyme bo bo try rhyme bo bo cause miggity miggity miggity miggity mac daddy bo bo miggity miggity miggity miggity mac bo bo cause miggity miggity miggity miggity mac daddy bo bo miggity miggity miggity miggity mac bo bo wanna jump jump mac dadll ya jump jump daddy macll ya jump jump kris krossll ya jump jump uh huh uh huh jump jump mac dadll ya jump jump daddy macll ya jump jump kris krossll ya jump jump jump jump mac dadll ya jump jump daddy macll ya jump jump kris krossll ya jump jump uh huh uh huh jump jump mac dadll ya jump jump daddy macll ya jump jump kris krossll ya jump jump jump jump mac dadll ya jump jump daddy macll ya jump jump kris krossll ya jump jump uh huh uh huh jump jump mac dadll ya jump jump daddy macll ya jump jump kris krossll ya jump jump believe that29embed
4488,1992,Olivia Newton-John,I Need Love,need love lyricsits personal circumstances place time chances oh know home tonight want wake wishing ah rush cause timings right ill know wanna sure play game anymore looking bandaid loneliness looking temporary getmethroughthenight holding physical need love sex right personal circumstances place time chances want hiding way feel ive trying heart real want live anymore world gone crazy days youve got sure looking bandaid loneliness looking temporary getmethroughthenight holding physical need love sex right times different good things worth waiting personal circumstances place time looking bandaid loneliness looking temporary getmethroughthenight holding physical need love sex right need love personal looking bandaid loneliness looking temporary getmethroughthenight holding physical need love feel right personal looking bandaid loneliness looking temporary getmethroughthenight holding physical need love sex rightembed
4490,1992,INXS,Not Enough Time,time lyricsand lost words arms attempting sense aching heart life easy time want time kiss touch nights wanna inside time stop time stop listen sighs time want time kiss touch nights wanna inside fight end making love immortal left earth lost words arms attempting sense aching heart time want time kiss time love time touch time want time kiss touch nights wanna inside you1embed
4491,1992,Lisa Stansfield,All Woman,woman lyricshes home day smiles walks door wonders okay hard doesnt respond says babe look mess look dowdy dress says lady woman monday sunday work harder know classy lady woman woman needs little love strong youre stands lets tears flow tears shes holding long wonders loving love share strong says yes look mess love thought thought impressed lady woman monday sunday work harder know classy lady woman woman needs little love strong youre holds hangs head shame doesnt hes wrapped working pay seen pain hes attention paid vanished haze remembers youll lady cos youre woman monday sunday love know youre classy lady cos youre woman woman needs loving man warm youre youre classy lady cos youre woman sweet love sweet love sweet againembed
4492,1992,Gloria Estefan,Always Tomorrow,tomorrow lyricsive inside far long wanted way let happen life infinitely better wouldnt waste moment id time laughing friends love music amends try difference try love try understand instead giving id use power command theres tomorrow start things stay sure thing change thats theres tomorrow guess took little time reason born world id ive finally realize infinitely better definitely stronger ill face comes way savor moment day love people way help whos giving raise eyes pray theres tomorrow start things stay sure thing change thats theres tomorrow setting sun heart longed yes theres tomorrow people come youve brought love lives youve got theres tomorrow start things stay sure thing change thats theres tomorrow1embed
4493,1992,Nia Peeples,Kissing The Wind,kissing wind lyricstheres shadow window visions head wonder wonder feel spirit skin hands heart love begins splendor sayonara dreams sayonara dreams hey hey hey hey feel natural thing feel spiritual thing feel physical feel mystical thing feel visible thing feel kissing wind influence rem ending journey soul save soul sayonara dreams sayonara dreams hey hey hey hey feel natural thing feel spiritual thing feel physical feel mystical thing feel visible thing feel kissing wind save soul tonight timeless flight lead purest light abounds abounds hey hey hey hey feel natural thing feel spiritual thing feel physical feel mystical thing feel visible thing feel kissing wind whoa whoa whoa kissing windembed
4494,1992,MC Serch,Here It Comes,comes yall thought coming old rb huh check comes yo needed fall waistline waste rhymes serch got flow comes fat beats basslines heard rumors fables remove em tumors table boomers willing able turn page manual flimflam jam chill lounge kick little toes edge razor blade save spade groove plummets dimension mention mountain climbin youre stuck grip aluminum sidin hiding crumbs uh comes hit kick hit comes hit kick hit comes bboys decoys try destroy deploy truth black hoods black boots caps rocked theyre fitted dropped theyre lifted swing swell vo chords run amok whatup whatup got got wars factor perspire crowd yells need water let burn yo burn yo need water let burn burnt learn lesson guess gelled swell heads sun comes hit kick hit comes hit kick hit comes fiddlefee fiddlefie fiddlefoe fiddlefum smell blood english muffin huffin puffin sellin soul jello ya know roll squad makes flips stack hits play risk tisk tisk tisk ya shoulda wisk shouldnt appeal biff insist motors scramble ramble skips enter sample ample flow created years tears crews blues perched stoop checkin bass loop troops roll tolls paid set comes said comes hit kick hit comes hit kick set comes comes comes hit hit hit hit hit kick set hit comesembed
4495,1992,TKA,Maria,maria lyricsmaria maria maria maria fine girl projects long brown hair body compare boyfriend drug dealer didnt mind cause wanted hed set free hear swear hear wind blow drives insane ill let let start laugh cause afraid cryin dyin maria beautiful sound heard maria tell boyfriend feel ya cause need gotta ive got wouldnt cool got ill love youd understand hes drug dealer know wont forever need affections normal man swear hear wind blow drives insane ill let let start laugh cause afraid cryin dyin maria beautiful sound heard maria tell boyfriend feel ya cause need gotta ive got maria beautiful sound heard maria tell boyfriend feel ya cause need gotta ive got maria maria maria maria maria maria maria maria ya maria beautiful sound heard maria tell boyfriend feel ya cause need gotta ive got shes world starts comin lose control shes away began miss holds close resist kisses lips walks away wiggles hips lose control gotta girl shes wanted tell man got plan understand type guy try tears pain whos sayin hell truly blame fine ill look time pain fit crime comes ive got goes brings maria theres place maria place eternity ive got maria tonight corners lonely room pray salvation rehabilitation maria pray lord forever bring love fall asleep dream maria beautiful sound heard maria tell boyfriend feel ya cause need gotta ive got maria maria maria maria maria maria maria maria yaembed
4496,1992,Hi-Five,Just Another Girlfriend,girlfriend woo girlfriend baby oh girl listen wanna know things shes saying bout lies shes got believin cheating took maybe twice long ago told ill tell shes girlfriend girlfriend chorus oh girl care listen says girlfriend girl baby jealousy girlfriend missing comes drops line aint right shes got believin mess friends saying good believe truth want running wrong ones running wrong ones chorus oh girl care listen says girlfriend girl baby jealousy girlfriend know fun know wouldnt fool wouldnt baby pay mind shes talking trash cause girlfriend past care says barely knows drops shes got insane baby aaall baby aaall friends saying good believe real truth baby want running wrong ones running wrong ones chorus x2 oh girl care listen says girlfriend girl baby jealousy girlfriend girl care listen says girlfriend girl baby jealousy girlfriend girl careembed
4497,1992,Luther Vandross,The Rush,rush happened time love comes youre ready thats rush tell tell youre answer prayer ive prayed peace love prayed yeah morning fell bed worn sleep thoughts filled head rush scaring time try rest heart rush maybe time ill work guess gonna rush love sure beckons oh rush running right head pass love tells try gonna die love passes goes comes know maybe time ill chosen love wanna carry wading day til love needs waiting rush come remember love angel send remember remember different hey fantasy real true touch rush rush love sure somethings calling hey hey rush running right head pass love tells try remember remember different hey fantasy real true touch rush rush love sure beckons oh rush running right head pass love tells try yeahembed
4498,1992,Marky Mark & The Funky Bunch,I Need Money,need money gotta got got money gotta got got paid need money money thing need fulfil greed marky mark fiending paid forget love crap tryin pockets fat need cash hurry aint funny yo need money need money need money need money need money need money need money friday night calling honey bitch better money word cuz times hard lost job wallet friends credit card brothers millionaire share cares welfare need cash hurry aint funny need money need money need money need money need money need money need money yeah thats situation right check cuz takin donations handouts matter long pockets fatter n fatter n fatter cuz hungry green backs dollar ill sell big macs thats right cuz brother money makes world round care people wanna paid greedy know true want money need know need need know need need need money need money need money need money need moneyembed
4501,1992,Firehouse,All She Wrote,wrote byebye baby byebye wrote got home late saturday night knew right away wasnt right knew gone took left hole heart shouldve known itd bad right start wrong understand leave way note door said goodbye want byebye baby byebye said letter wrote guess goodbye guess forever wrote called phone wasnt shouldve know didnt care oh look picture wonder left way goodbye guess ill know oh whoa understand leave way remember note door said goodbye want byebye baby byebye said letter wrote guess goodbye guess forever wrote byebye baby byebye said letter wrote guess goodbye guess forever wrote baby byebye said letter wrote guess goodbye guess forever wrote wrote baby byebye wrote said letter wrote bye baby byebyeembed
4503,1992,L.A. Style,James Brown Is Dead,james brown dead james brown dead james brown dead hear thi hear hear thi hear hear thi hear hear thi hear mass hysteria techno house home rocks checked late great jb death said national tv main things heard stroll lane memory man james brown dead hear thi hear hear thi hear hear thi hear hear thi hear total chaos man resurrected confused things gettin hectic brain happenin big misunderstanding hardest working man biz alive yo bust mislead cause newsman said james brown dead james brown dead james brown dead nightmare awoke grab mike rip shit broke musical masterpiece release respect mcs arrive way cause heard fly cool type guy hes dope oh bad james brown dead hear thi hear hear thi hear hear thi hear hear thi hear james brown deadembed
4504,1992,M.C. Hammer,2 Legit 2 Quit,2 legit 2 quit legit legit quit legit legit quit legit legit quit legit legit quit sweat runnin chest chest quit press harder yeah going dreams store mind mind know makin gotta nobodys takin away nah cause hammer play try boy better step freeze freeze cause want hustle muscle look weak son real weak yeah goin kickin cause legit quit sing legit legit quit hey hey legit legit quit hey hey legit legit quit legit legit feel high post play close dig em smack ill ill hit dose oaktown power charge hour shakin quake punks devoured choose abuse misuse confuse competitors think theyre makin rules fools game lame insane shame gotta remain unchanged gettin better known sweater kickin got roll guy whos physical fit knows time legit quit sing legit legit quit hey hey legit legit quit hey hey legit legit quit legit legit legit quit legit legit quit hey hey legit legit quit hey hey legit legit quit legit legit legit quit step rhythm sure nuff winner winner yo aint beginner word new tried true survival fittest yo brought crew ready strike trained mission believe hype sweat sweat cause youre gonna regret day dissed youll wish met remind real short story hit record start bore record ready cause crew legit quit sing legit legit quit hey hey legit legit quit hey hey legit legit quit legit legit legit quit legit legit quit legit legit quit legit legit quit legit legit quit buck buck buck buck buck buck buck buck buck buck buck buck buck buck buck buck buck buck buck buck people people know defeat crush strong percolate weak daily day improve groove love rule lay yo yo work play started leading way yay yay havin fit kickin legit quit sing legit legit quit hey hey legit legit quit hey legit legit legit quit quit legit legit legit quit quit rollin legit legit quit rollin rollin legit legit quit rollin tell legit legit quit tell town legit legit quit town burn legit legit quit burn burn legit legit quit burn legit legit legit quit quit legit legit legit quit quit rollin hey hey hey legit legit legit quit hey hey legit legit quit hey hey legit legit quit legit legit legit quit legit legit quit hey hey legit legit quit hey hey legit legit quit legit legit legit quit legit legit quit hey hey legit legit quit hey hey legit legit quit legit legit legit quit hey hey hey legit legit quit legit legit legit legit quit hey hey hey hey legit5embed
4505,1992,Ozzy Osbourne,No More Tears,tears light window crack sky stairway darkness blink eye levee tears learn shell coming man dark bring attack mama told youre supposed talk strangers look mirror tell think lifes danger yeah tears tears tears tears tears tears tears tears tears tears tears tears day passes night closes red light goes time begin man corner waiting close eyes wait hear sound screaming tears tears tears tears tears tears tears tears tears tears tears tears going forward reverse hand bush hand bush goodbye id night maybe kiss leave way lips cold know wanted end way love darling believe love think falling tears tears tears tears tears tears tears tears tears tears tears tears hand bush bush bush bush4embed
4506,1992,Kid Frost,No Sunshine,sunshine time time man trying time woman youre time bars time standing yo frost kick people real know saying time sifts hourglass night day watch games people play unto split aint shit yeah ive seen manifestations street manifest drum beat night yo happened watched vatos crazy fight quick pull knife stabbed heart hes life prison age twentyone yeah living death row cause let caught web violence damn roll deep creep silence lambs yo tattooed tear dropped iron gates slam aint sunshine aint sunshine aint sunshine aint sunshine aint sunshine anytime hey aint sunshine aint sunshine aint sunshine aint sunshine aint sunshine anytime damn damn aint shame lost pay cost shouldnt played game shouldve listen frost trying come didnt think sucker getting deep sink theres thank ahead bow job youll day sunshine fun times old days old ways corrupt wicked dirt instead kicking pow pow bang bang noise yeah yeah homeboys time read lines cause aint sunshine aint sunshine aint sunshine aint sunshine aint sunshine aint sunshine anytime hey aint sunshine aint sunshine aint sunshine aint sunshine aint sunshine anytime yo kid know macho calling shots big time head honcho yeah heres gacho homeboys old ladys sancho yo shit happens number lights beeper right rapping sit cell writing letter saying things better right man wait shes going date tom dick harry ask shits getting scary going handle hos los angeles acting scandalous yo blame didnt time aint sunshine aint sunshine aint sunshine aint sunshine aint sunshine aint sunshine thats 92 know saying anytime yeah aint sunshine aint sunshine aint sunshine aint sunshine aint sunshine anytime damn want time better time try draw line know saying youre going fool line time know saying man said aint sunshine aint sunshine fool aint sunshine aint happening know saying aint sunshine anytime yo frost peace aint sunshine1embed
4507,1992,CeCe Peniston,We Got A Love Thang,got love thang woo oh yeah ha look got ha look got hahaha got got love got got love got got love got got love got got love got got love got love stand youre away doubt youre best thing thats happened yeah baby wait know youre smile youre gonna ohh cause feel good inside doubt yeah satisfied know wont better love ive got love girls dream hey ayyayy ayyayy got love thang love thang feels good feels good thang thang love know thats love oh got got love got got love got love lonely yeah cause suddenly stepped life youre lonely days gone gone oh know wrong right better lonely nights know wont better love ive got love girls dream hey ayyayy ayyayy got love thang love thang feels good feels good thang thang love know thats love woo oh yeah ha look got hahaha hey ayyayy ayyayy got love thang hey ayyayy ayyayy heyayyhey got love thang ayyayyayy ayyayyayy ayyayyayy ayyayyayy ayyayyayy ayyayyayy ayyayyayy ayyayyayy ayyayyayy ayyayyayy ayyayyayy ayyayyayy love thang ayy ayy ayy ayy ayy ayy ayy ayy ayy ayy ayy ayy ayy ayy ayy ayy got got love got got love got love know wont better love ive got love girls dream hey hey hey hey got got love got got love got love got love thang hey hey hey hey got got love got got love got love got love thang hey hey hey hey hey hey hey hey woo look got got got love got got love got got love got got love got got love got got love got love beembed
4509,1992,Chaka Khan,Love You All My Lifetime,love lifetime cold endless summer days went away tore heart wandering night city lights feelin need ill peace love lifetime lost eternally life tells meant strange theres wrong dreams long play game turn away excuses late feelin need ill peace love lifetime love life lost eternally life life life tells meant miss minute hoping chance hope start new romance rain night away sun rise sky rain night away sun rise sky love life life life love lifetime life 1embed
4510,1992,Michael Bolton,To Love Somebody,love somebody theres light certain kind light shown want life lived lived theres way everybody says little thing bring aint got aint got baby know baby know love somebody love somebody way love mind face know frame mind aint got blind blind blind man live breathe good aint got aint got baby know baby know love somebody love somebody way love oh yeah know baby know love somebody love somebodyembed
4511,1992,Cause And Effect,Another Minute,minute lyricslets wait minute lie tell isnt true life special little things feel time kneel time pray youll came lets wait minute love let come kneel time want talk tell want hear deep inside special little thing called fear arms tell false alarm act came lets wait minute love let come kneel time want waiting lets wait minute allowing love stay close eyes let come kneel time want time want beembed
4512,1992,M.C. Brains,Oochie Coochie,oochie coochie lyricsguy talking nigga 1991 heard somebody dropped dropped bomb boyz ii men abc bbd ayo think understand brains drop little oochie coochie chorus repeat 4x oochie coochie la la la oochie coochie ayo brains kick verse verse 1 oochie coochie la la la brains par quit actin brand new know ya fruity cause ya walkin ya shakin booty guys sayin hard know havent met brains beginning yes game kickin end moves stickin come come gimme booty spend night wit mcb caress rub poochie gotta promise gimme oochie coochie come gimme pretty body kind position soothe hand hand know fun doin oochie coochie chorus 4x burn shamrock burn verse 2 shamrock mc brains oochie coochie girls big booms hard rhymes shamrock form strike line wanna stab wound panties theyll singin tune mc brains rick rockin instrumentals non stop shamrock ohio hos hes chief rocker motown bound ctown likes mingle oochie coochie girls brains single mc brains night wit brains simple girl wit big smile dimple cause ima lover mack daddy ill rub kittykat table got ya horny ill home mind know time bone got pad wanna play come gimme booty spend night wit mc b caress rub butt cheek gotta problem gimme oochie coochie come gimme pretty body conversation youll sue hand hand know fun doin oochie coochie chorus 4x ayo brains talked shit gimme names verse 3 lisa kim angela monique freaks wit big bazeeks pam lashawn theresa judy girls wit ghetto bootys tracy keisha girls ride rodeo tina bawn dawn reek girls wanna piece need punan punan punnai need punan punan punnai need punan punan punnai need punan punan punnai mc brains talking yo goes oochie coochie girls livin oochie coochie world remember stay pill didnt hurt baby man chorus plays guy talking yeah hahaha mc brains ya know yo hold whats goin wit oochie coochie booties biv entertainment super producer rico house outta hear hahaa peaceembed
