,Year,Artist,song_name,further_clean_text
4650,1994,Lords Of The Underground,Tic Toc,tic toc tic toc rock throw hands air block um tic toc rock throw hands air stop um tic toc rock tic toc stop tic toc rock um brothers brought chief rocka um undergrounds style vows swear god ill rock crowd um peace area nwk scarier deals cares merrier right south orange block onenine course thirteenth ave stomping grounds open chest hood heart cause heart hood falls apart respect cement park called corner cause thats doitalldo performing runnin cops stopped cause jumpin big gates connected blocks making records hood savior making tunes jam wit cha neighbor tic toc rock throw hands air block um tic toc rock throw hands air stop um tic toc rock throw hands air represent block um tic toc rock tic toc stop funkular ultrafunkular gammafunkular half rappers binoculars thinks hell dreamer think youre bomb hiroshima die hope theyre making records heaven scale 1005th11 sticksandstonesmaybreakmybones try diss lords beat beat jump right time drop rhyme talk fat ugly mama eewww mcs rock stoneproof grabbin mic superman running phone booth straight martin luther king boulevard heart newark new jersey lord mercy step face die gonna waaahhhhh tic toc rock throw hands air block um tic toc rock throw hands air stop um tic toc rock throw hands air represent block um tic toc rock tic toc stop times changed urban suburban props deservin black kids white kids bob heads blonde hair redhead seen dread doesnt matter clock winds tic toc love sound people round area sell sell million copies tone goes baaaaooww hood heart cause thats good tell whats gonna happen rappin clock ticks away aint nothin happenin remember way days block kids meet hallway rock martin luther kings boulevard pc wise easy ed brother hard bernard hit ill rhymes head id hit beat wall hands turned red shorty mcs educated props helping whos educated suffered write rhymes appreciated matter large burns cause hood came hood return tic toc rock throw hands air block um tic toc rock throw hands air stop um tic toc rock throw hands air represent block um tic toc rock tic toc stop2embed
4651,1994,A Tribe Called Quest,Award Tour,award tour world tour muhammad man going place mic hand new york nj nc va world tour muhammad man going place mic hand oaktown la san fran st john people ears sublime enjoyable know concubines niggas coats ladies act gems sit indian style recite hymns lyrically mario andretti momo ludicrously speedy infectious slowmo heard eighties jbs promo neverending quest paper caper let queens taking brooklyn residential questers invade air hold second son cause black man lose soul white groove crap roll shit universal got knowledge dolo delf self theres drop angle acute come ok bugging let cause wetting niggas run tell cause brothers learned build mics workshop class award lets world tour muhammad man going place mic hand chinatown spokane london tokyo world tour muhammad man going place mic hand houston delaware dc dallas 89 simply slid place buddy buddy buddy face lot kids busting rhymes taste said quest wack case quest mic hand kryptonite superman shaheed come sugar cuts phife dawgs stage dynomutt time heard phife sloppy anonymous youll hear copy notch baby coming skys limit gots believe quest sit relax path heres dancefloor come ass nonbelievers check stats roll shaheed brother abstract niggas know time quest jam let statue tell nice coming hits braves yankees living mad phat oversized mampi wackest crews try diss makes laugh track records longer dc20 aircraft time think want somethin def garbage st world tour muhammad man going place mic hand sc maryland new orleans motown world tour muhammad man going place mic hand chinatown spokane london tokyo world tour muhammad man going place mic hand houston delaware dc dallas world tour muhammad man going place mic hand new york nj nc va seven times listen music night spawned title program word maraud means loot case maraud ears45embed
4655,1994,Bjork,Big Time Sensuality,big time sensuality sense important happen coming takes courage enjoy hardcore gentle bigtime sensuality met know bit intimate huge coming included takes courage enjoy hardcore gentle bigtime sensuality know future weekend want takes courage enjoy hardcore gentle bigtime sensuality sensuality19embed
4657,1994,"Harry Connick, Jr.",(I Could Only) Whisper Your Name,whisper lyricssomebody spreading rumors bout better days acomin hummin knew whispered somebody sayin bout end tyranny asked day came whispered got opinion protects dominion doubt true tell believe worry protecting yeah lonely wed somebody care ask dare answer carry flame id whisper got opinion protects dominion doubt true tell believe worry protecting lonely wed care ask dare answer carry flame carry flame yeah carry flame id whisper name1embed
4660,1994,CeCe Peniston,Hit By Love,hit love lyricsive hit ive hit love ive hit ive hit love ive hit ive hit love ive hit ive hit chorus ive hit love happiness belongs ive hit love time know youre baby youre turns movies songs believe believe waited long special connection hope wont broken soon need tell love chorus thought needed day saw said didnt want true smiled knew sweet face told needed know moment knew love hope chorus hit hit love hit hit love baby hit hit love hit hit love babyembed
4662,1994,Crash Test Dummies,Mmm Mmm Mmm Mmm,mmm mmm mmm mmm kid got accident come school finally came hair turned black bright white said cars smashed hard mmm mmm mmm mmm mmm mmm mmm mmm girl wouldnt change girls change room finally saw birthmarks body explain theyd mmm mmm mmm mmm mmm mmm mmm mmm mmm mmm mmm mmm mmm mmm mmm mmm girl boy glad cause kid worse cause boy parents come directly home right school went church shook lurched church floor explain theyd gone mmm mmm mmm mmm mmm mmm mmm mmm mmm mmm mmm mmm mmm mmm mmm mmm8embed
4663,1994,Vince Gill,Whenever You Come Around,come lyricsthe face angel pretty eyes shine lie awake night wishing standing holding biggest heartache town come weak knees lose breath oh try speak words wont come scared death smile smile world turns upside come feel helpless feel kid makes feelings hid wish tell words come weak knees lose breath oh try speak words wont come scared death smile smile world turns upside come weak knees lose breath oh try speak words wont come scared death smile theat smile world turns upside come smile smile world turns upside come come around1embed
4665,1994,Salt-N-Pepa,Shoop,shoop hey yeah wanna shoop baby ooh baby bowlegged yeah whats damn baby sounds sexy uh girls whats weakness men ok chilling chilling minding business word yo salt looked believe swear stared niece witness brother going kinda uh wicked wicked kick shy asked digits ho want slip slide swiftly felt hips dipped bag tricks flipped tip wanna tricks lick lollipop licked came senses chilled bit know voodoo spell hell makes wanna shoop shoop shoop shoop shoop badoop shoop badoop shoop badoop badoop badoop shoop badoop shoop badoop shoop badoop badoop badoop um youre packed youre stacked specially brother wanna thank mother butt thanks mom fries shakeshake boobie looks kill uzi shotgun bang whats thang wanna know hang straight wait hold mr lover prince said youre sexy motha wella em real wild bboy style mile smooth black skin smile bright sun wanna fun come yumyum chocolate chip honey dip scoop baby ride coupe wanna baby ayyhey eyy yeah know wanna shoop baby shoop shoop badoop shoop badoop shoop badoop badoop badoop shoop badoop shoop badoop shoop badoop badoop badoop let bring subject peps set hot work sweat skiptomylou darling falling love falling super sperm ya betcha dollar best pressure yo sandy wanna taste getcha getcha lips wet cause time pep mark set let let shoop man threepiece suit spend doremi cutie shoop shoop adoobie scoobie doobie doo love big jeans nice dreams wanna scream ooo oooo oooo wanna shoop shoop shoop badoop shoop badoop shoop badoop badoop badoop shoop badoop shoop badoop shoop badoop badoop badoop oh goodness girl look hes cutest brother hes comin way oooh s p wanna cool uhhuh wicked g yeah hit skins quickly thats right hit skins hell yell mmm mmm mmm smell want bod heres hot rod hot rod inches yard sounding retard yeah big twan loveher sixtwo wanna hit wanna wanna mmmm wanna shoop shoop shoop badoop shoop badoop shoop badoop badoop badoop shoop badoop shoop badoop shoop badoop badoop badoop oh wanna shoop hey yeah wanna shoop baby18embed
4668,1994,BLACKstreet,Booti Call,booti lyricsintro belly bellamy yo fellas calls girl hotel room 200 morning booty help bootie hey baby turn way pound genes want fun time sprung thats way blackstreet booty know youve got tonight want hey yeah know right wanna youre feel chase cat dog feel chase cat dog feel want settle wedding night feel gonna play life short lie mean disrespect womans mind life booty know youve got tonight want know right wanna youre feel bow wow wow yippy yo yippee ay hey yo twan bridge dog day digging vibes tonight real live checking checking ill god damned summers hot winters freezing chasing cat season hey yo girl stop teasing check trips cause wanna stroke youre saying ill drown saying youll choke place face face trying good cut chase know baby got come lets started blackstreet ball cause booty know youve got tonight want know right wanna youre feel bow wow wow yippy yo yippee ay hey1embed
4669,1994,Bryan Adams,Please Forgive Me,forgive feels night feels kiss gettin better baby better holdin youre time eyes met feeling feels stronger wanna love longer turn youre feelin lonely youre want wanna good love little forgive know forgive stop loving deny pain going forgive need ya believe word true forgive stop loving feels best times feels touch gettin closer baby close holdin youre number remember smell skin remember remember moves remember yeah remember night know youre feelin lonely youre want wanna good love little forgive know forgive stop loving deny pain going forgive need ya oh believe word true forgive stop loving thing sure way love thing depend stay strong word breath prayin thats sayin forgive know forgive stop loving deny pain going forgive need babe believe word true forgive stop loving leave know forgive stop loving stop loving you1embed
4671,1994,Neal McCoy,Wink,wink lyricsi woke morning head fell dense splashed water tryin sense stumbled kitchen standing sink gimme wink slambam feelin alright troubles hike blink eye need psychoanalyze stiff drink shes gotta wink way sayin shes unspoken message works time brain starts smokin think shes gotta wink slambam feelin alright troubles hike blink eye need psychoanalyze stiff drink shes gotta wink complicated world sound absurd simple little things miracle cure push limit standin brink shes gotta wink slambam feelin alright troubles hike blink eye need psychoanalyze stiff drink shes gotta wink slambam feelin alright troubles hike blink eye need psychoanalyze stiff drink shes gotta wink shes gotta winkembed
4673,1994,Salt-N-Pepa Featuring En Vogue,Whatta Man,whatta man yeeehey yeah alright come yeah talk yeah whatta man whatta man whatta man mighty good man gotta whatta man whatta man whatta man mighty good man hes mighty mighty good man whatta man whatta man whatta man mighty good man yes whatta man whatta man whatta man mighty good man yeah wanna minute respect man thats difference world men hos flows low cause heard girl sweat pathetic let involved saidshe said crowd know aint perfect props deserve believe yall hes worth heres future cause got past finally somebody laugh ha ha ha crazy think wanna baby whatta man whatta man whatta man mighty good man yes whatta man whatta man whatta man mighty good man hes mighty mighty good man whatta man whatta man whatta man mighty good man gotta whatta man whatta man whatta man mighty good man heeh man smooth barry voice got bass body arnold denzel face hes smart doctor real good rep comes home hes relaxed pep got gift everytime lot snotnosed exflames ran corny line stuff hell forget keeps cloud temps hes fake wannabe tryin pimp dresses dapper don jeans hes godsent original man dreams yes man says loves says loves nah don rush good touch right spot guys ive tried play mac shit time tried said thats man hes got right potion baby rub smooth lotion yeah ritual highway heaven seven seven hes got open seven yes hes choosin losin knows susan heavy conversation mind means lot cuz good men hard whatta man whatta man whatta man mighty good man hes mighty mighty good man whatta man whatta man whatta man mighty good man whatta man whatta man whatta man mighty good man ohh uuuh whatta man whatta man whatta man mighty good man said mighty good man know sayin hes mighty mighty good man yall hear check man gives real loving thats killer hes whambamthankyoumaam hes thriller takes time right knocks shot rest night hes real smooth brother rush gives goose pimples single touch spends quality time kids secure manhood cause hes real man lover fighter hell knock knucker sucker cause thats hes time need got disrespectful cause mama taught ive got good man whatta man whatta man whatta man mighty good man mighty mighty good man whatta man whatta man whatta man mighty good man yes whatta man whatta man whatta man mighty good man mighty good man whatta man whatta man whatta man mighty good man hes mighty mighty good man mighty mighty good man tell sugar break break time whatta man whatta man whatta man whatta man whatta man whatta man5embed
4677,1994,Martin Page,In The House Of Stone And Light,house stone light lyricso mount kailas uncover come restoration wash body clean ive walking crooked path walls fallen broken half telling rest till lay head gonna house stone light shall blind man leave got house stone light house stone light holy lady soul tell place surely old man waiting gates wisdom key telling rest till lay head house stone light way o gonna beautiful day house stone light house stone light let beneath skin house stone light long spirits war havasupai shaman let reborn embrace sun face come day awake child inside house stone light opopopen eyes house stone light house stone light looking beneath skin house stone lightembed
4678,1994,Eagles,Get Over It,turn tube lot people crying blame point crooked little fingers everybody spend time feeling sorry victim victim mammas daddys fat whining crying pitching fit havent little crash feel better gave cash think old billy right lets kill lawyers kill em tonight want work want live king big bad world doesnt owe thing wanna play quit going confession time hear speak youre making losing streak sick weak yeah yeah yeah yeah drag ball chain wallow guilt wallow pain wave flag wear crown got mind gutter bringing everybody bitch present blame past id inner child kick little ass bitching moaning pitching fit gotta stop quit itembed
4681,1994,Expose,In Walked Love,walked love lyricsonce stars night shine love heart heart thats darling changed thought id given walked loneliness chorus walked love walked walked dreams acoming true walked love right door saw face knew looked id dreaming oh walked love ohohoh ohohoh ohohohohoh tossed heart wind thrown hope away love let came way ray light ray breaks long cold night brought brandnew morning sun walked loneliness chorus ohohoh ohohoh ohohohohoh ohohoh ohhhh ohohohohoh guitar solo feel feel feels feel alive feels feel alive touch knew knew chorus ohohoh ohohoh ohohohohoh walked love walked walked dreams acoming true repeat fade outembed
4684,1994,OutKast,Southernplayalisticadillacmuzik,southernplayalisticadillacmuzik microoked letter coming south rolling straight hammers vogues old southern slouch aint incense atmosphere bending corners lac boi cause thats rolling deep slang effect georgia kicking khakis adidas packing yo heaters cause sposed cousin catfish grits flow flows rolling steady caddy 50 bottles got juice gin friend beginning player sipping sauce catch buzz bumble bee niggas tried fuck sprayed raid cause aint heat trunk quad knock heart pump koolaid jump youll sprayed raise yo block outkast nigga falling fast continue blasting swiftly aint gon got fo em devil yo grill know em em whos ok collard greens hoecakes got soul thats aint got thats style rotten stop land atl pimps fully equipped quick sale swell swollen got pockets business booming rockets folks try stop know southernplayalisticadillac funky music players choose better sure abuse gonna cha high high time drop bows dusty rhodes yell ho knock em feet southern hustler supposed house joint lit kinfolks niggas broke taking em deeper submarine scream hear team look crew fat hoes sitting brougham packing tag backwards want acting wrong word bond super glue funky poopa scoop word true okey dokey kast swear god got highest booming cadillac expialalistic coupe ville handle rat time cruising round city malls seat suckers final curtain gauge pump want jack heat barrel til aint finlay getting fit organized track southernplayalistic shit copy slang bite shit try gaffling cause sleep youll served southern hospitality southernplayalisticadillac funky music players choose better sure abuse gonna cha high high southernplayalisticadillac music laid wait day day rolling today hoe want yall looking hoes snitches thing players ball yup step walk pimp limp niggas east point college park hemp smoked wanna end track pass partner step cadillac step shoes crews sitting trues vogues hoes rolling atlanta skies blue sun beaming glistening gleaming 2020 got leaning pride aint dipping hood aint braille bumping thumping roaches dungeon yall missed big gipp goodie mob pa outkast southernplayalistic southernplayalisticadillac funky music players choose better sure abuse gonna cha high high southernplayalisticadillac funky music players choose better sure abuse gonna cha high high southernplayalisticadillac funky music players choose better sure abuse gonna cha high high19embed
4685,1994,John Michael Montgomery,Be My Baby Tonight,baby tonight lyricsi know youve heard worn line love sight knew words true till walked tonight took look knock feet man words ill short sweet ya ya aint ya gonna asked ya wanna baby tonight yeah id chance slow dance little romance honey itll alright girl got wishin huggin kissin holdin tight ya ya aint ya gonna asked ya wanna baby tonight tryin come rhinestone romeo lookin lot night rodeo prove layin line ill knees beg time girl ya ya aint ya gonna asked ya wanna baby tonight yeah id chance slow dance little romance honey itll alright girl got wishin huggin kissin holdin tight ya ya aint ya gonna asked ya wanna baby tonight girl ya ya aint ya gonna asked ya wanna baby tonight yeah id chance slow dance little romance honey itll alright girl got wishin huggin kissin holdin tight ya ya aint ya gonna asked ya wanna baby tonight ya ya aint ya gonna asked ya wanna baby tonightembed
4686,1994,20 Fingers Featuring Gillette,Short Dick Man,short dick man haha haha hahaha haha haha hahaha want short dick man want short dick man want short dick man want short dick man want want want want want short dick man world fucking thing need fucking tweezers little thing away got smallest dick seen life fuck outta eenyweeny teenyweeny shriveled little short dick man want want want eenyweeny teenyweeny shriveled little short dick man want want want want short dick man want short dick man want short dick man want short dick man want short dick man want short dick man want short dick man want short dick man eenyweeny teenyweeny shriveled little short dick man want want want want eenyweeny teenyweeny shriveled little short dick man want want want want eenyweeny teenyweeny shriveled little short dick man want want want want eenyweeny teenyweeny shriveled little short dick man want want want want ahhuhuh ahhuhuh ahhuhuh ahhuhuh isnt cute extra belly button need pants honey want want want want want want want want short dick man eeny eenyweeny eeny eenyweeny eeny eenyweeny eeny eenyweeny eeny eenyweeny eeny eenyweeny eeny eenyweeny eeny eenyweeny eeny eenyweeny eeny eenyweeny eeny eenyweeny eeny eenyweeny eeny eenyweeny eeny eenyweeny eenyweeny teenyweeny shriveled little short dick man need fucking tweezers little thing away got smallest dick seen life fuck outta want short dick man want short dick man want short dick man want short dick man want short dick man want short dick man want short dick man want short dick man haha haha hahaha haha haha hahahaembed
4687,1994,All-4-One,So Much In Love,love stroll holding hands walking love know love love world love walk sea stars twinkling high love love love love love love love love love stroll tell need oh love love darling tell touch walk aisle vow til die love wait love love world love love love love baby hope realize mean youre wanted woman touch feel body close want hold arms forever love baby sung tell touch walk aisle vow til die love wait love love love love love love love love love love love love love love love loveembed
4688,1994,Aaron Hall,I Miss You,miss lyricsi miss talking baby miss miss talking baby miss talk laugh night girl happened days fade away holding arms feel happy said whats wrong baby need know dream dream wish come come true come come true youre long gone away come baby missing miss yes heart miss oh yes talking baby hear miss miss yes yes miss oh talking baby talking miss baby thought youd forever guess took place took place loving making love night wish pretty face come rescue pain misery dream dream wish come true come true youre long gone away youre long gone away baby missing miss oh yes baby missing missing way hold missing heyy hey understand miss ill world missing miss missing hey hey hey miss winter spring summer fall oh yea miss miss heart depths soul baby miss oh love baby way hold way kiss miss miss yes yes miss yes yes hey hey miss teel tell miss baby miss yes yes miss bad miss everytime lay night love baby miss yes yes miss yea yes yes talking baby baby baby come loving miss yes yes miss yes yes talking baby pretty eyes miss baby miss hold night long miss squeeze warm miss oh miss soft sweet soft sweet sexy body miss miss you1embed
4689,1994,SWV,Always On My Mind,youre mind youre mind youre mind youre mind youre mind verse 1 boy outta head theres makes smile change way feel time girl thought id love youre want life special touch comes guess thats youre mind youre mind youre mind youre mind youre mind hard concentrate thoughts head youre away hard sleep night pillow thoughts hold tight girl thought id love youre want life special tough comes guess thats youre mind youre mind youre mind youre mind youre mind thinking bout ya thinking bout ya stop thinking bout ya mind 2embed
4692,1994,Tag Team,Whoomp! (There It Is),whoomp partypeople yeah tag team music effect thats dc brain supreme man steve rolln kickin flow kickin flow goes little tag team check wreck lets begin party party people let hear noise dcs house jump jump rejoice says theres party party wave hands air shake derriere words mean youre gettin busy whoomp hit whoomp whoomp whoomp whoomp whoomp whoomp whoomp whoomp upside inside bout folks time nigga mic motherfuckin party hype takin old school cause old fool whos cool wanna imma way whoomp let hear whoomp come yall whoomp little louder whoomp come yall whoomp louder whoomp come yall whoomp little louder whoomp come yall whoomp whoomp shakalakashakalaka shakalaka shaka whoomp shakalakashakalaka shakalaka shaka whoomp shakalakashakalaka shakalaka shaka whoomp shakalakashakalaka shakalaka shaka point blank gin juice drink invent puff dank rock mic uh oh crave skin rip shit honey dip dip slam dunk stick flip ride bdoubleoty oh ooh thats come come whoomp whoomp come whoomp louder whoomp whoomp come come whoomp little louder whoomp yeah whoomp come come whoomp yeah hey baby whoomp hey baby whoomp crazy cause pushing daises underground sound niggas amazing outstanding demanding commanding people dancing whoo shit thats breathtaker producer aka undertaker wanna come underground old school heres shovel dig fool dig dig yall dig dig dig dig yall dig dig dig dig yall dig dig dig dig yall dig dig whdouble omp flow fly shit school old hard core folklore wrecked 3 2 1 mic check mad skill flow ill mess steel thats grille microphone killed party people theres party tag team whoomp thought knew whoomp whoomp whoomp whoomp whoomp whoomp whoomp whoomp yeah tag team music comin straight cha thats dc brain supreme man steve rolln bring yall bring yall bring whoomp whoomp whoomp whoomp hahaha heard new song tag team whats girl singing know haha song ladies album dope real damn though6embed
4694,1994,Bon Jovi,Always,romeo bleeding blood feelings old dog kicked raining left drowning flood ive fighter sing love song way meant guess good anymore baby thats love baby ill forever day ill till stars shine till heavens burst words rhyme know die youll mind ill love pictures left memories different life laugh goodbye id run fingers hair touch lips hold near prayers try understand ive mistakes man holds close pulls near says words youve needing hear ill wish cause words till end time yeah love baby ill forever day told told die look face theres price wont pay words aint luck loaded dice baby try pack old dreams old lives place sun shines love baby ill forever day ill till stars shine till heavens burst words rhyme know die youll mind ill love always24embed
4695,1994,Michael Bolton,Said I Loved You...But I Lied,said loved youbut lied candle loves flame burns wind rain shine light heart til end time came dawn night shinin sun dreams life said loved lied cause love feel inside said loved wrong cause love feel strong said loved lied soul ive tried vain mere words heart explain taste heaven deep true ive reasons ways life begun need forever need stay said loved lied cause love feel inside said loved wrong cause love feel strong said loved lied came dawn night shinin sun dreams life said loved lied cause love feel inside said loved wrong cause love feel strong said loved lied said loved love feel inside said loved youbut lied1embed
4697,1994,Jon Secada,Whipped,whipped lyricsim man man loving man understand strong know belong thats theres way feeling way got away got away aint playing swaying aint making waves promises theres second best win lose looking truth looking truth yea real thing love bring chorus whipped outside whipped inside whipped outside whipped inside looking know want oh oh know want oh oh know want shame shame shell feel life sweet happiness complete possible come terms come learn believe drop act fact theres master plan theres plan cause know know admit commit world world yeah world world chorus whipped outside whipped inside whipped outside whipped inside looking know want oh oh know want oh oh know want ah ah ah ah feel ah ah ah future clear ah ah baby ah ah ah ah ah ah ah let tell feel ah ah ah ah ah ah ah real thing love bring chorus whipped outside whipped inside whipped outside whipped inside looking whipped outside whipped inside whipped outside whipped inside looking know want oh oh know want oh oh know want oh oh know want know want oh oh know want oh oh know want oh oh tell ya know want whipped outside whipped inside whipped outside whipped inside looking whipped outside whipped inside whipped outside whipped inside looking somethingembed
4698,1994,Kate Bush,Rubberband Girl,rubberband girl trees bend wind feel theyve got lot sense try resist rubberband bouncing life rubberband bend beat learn rubberband id feet rubberband hold trousers rubberband ponytails learn twang rubberband id rubberband girl rubberband girl rubberband girl oh wanna rubberband girl rubberband girl slip catapult gotta land feet firm ground let body catch rubberband bouncing life rubberband bend beat learn rubberband id feet rubberband hold trousers rubberband ponytails learn twang rubberband id rubberband girl rubberband girl rubberband girl oh wanna rubberband girl rubberband girl rubberband twang rubberband snap rubberband rubadubadubadub rubadubadub rubadub rubberband wont rubberbands wont rubberbands wont rubberband girl rubberband girl rubberband girl rubberband girl yeah rubberband girl rubberband wont rubberbands wont rubberbands wont rubberband girl rubberband girl rubberband girl rubberband girl she2embed
4699,1994,2Pac,Keep Ya Head Up,ya head little godson elijah little girl named corin blacker berry sweeter juice darker flesh deeper roots oh holla sisters welfare 2pac cares care oh uh know beat lot come block brothers clown lot dry eyes let forgive forget girl ya head tells aint nothin believe learn love leave cause sister need aint tryin gas em em need know makes unhappy whats brothers babies leave young mother pappy oh yeah yeah yeah came woman got woman game woman yeah yeah wonder women rape women hate women think time kill women time heal women real women race babies hate ladies babies oh yeahyeah man right tell woman create real men know youre fed ladies ya head ya head ooh child things gonna easier keepkeep ya head ooh child thingsll brighter ohoh ya head ooh child things gonna easier keepkeep ya head ooh child thingsll brighter ayo remember marvin gaye sing feelin black thing suddenly ghetto didnt tough rough huffed puffed curfew broke rules ran local crew smoke realize mama paid price nearly gave life raise right oh yeahyeah pipe dream id rock mic bright screen tryin dollar cents hard legit pay rent end headin pen try friends theyre blowin wind night buddy lost family gonna man conquer insanity oh rainll let try head gettin wet huh know funny rains pours got money wars feed poor said aint hope youth truth aint hope future wonder crazy huh blame mother turnin brother crack baby aint meant survive cause setup youre fed huh got ya head related songsstrictly 4 niggaz2pacrepresentin 932pachit em up2pac ya head ooh child things gonna easier keepkeep ya head ooh child thingsll brighter ohoh ya head ooh child things gonna easier keepkeep ya head ooh child thingsll brighter uh ladies havin babies know kinda rough youre feelin daddys long gone left lonesome thank lord kids want em cause think fact sure fall stand tall come ohoh cause aint nothin worse son wants know daddy love mo complain dealt hell hand man feelin helpless know theres things deal dyin inside outside youre lookin fearless tears rollin cheeks youre steady hopin things fall week yeah cause yeah blame given world didnt oh yeah sons gettin older older cold havin world shoulders rich kids drivin benz tryin hold survivin friends oh yeah crazy itll let huh got head up203embed
4700,1994,Janet Jackson,If,sittin starin face lust eyes sure damn ya know ive dreamin ya fantasy looked realize wantin fulfill needs think want let mind free run free place dares nights ive laid bed excited ive closed eyes thought different ways ive gotten times wonder bout day night night day ive got girl oh things id id id ask belongs woman things id wont girl allow time play mind youll close eyes imagine body undressed time cause weve got night ooh rise youre touchin thighs let know ill da ill hold hand maybe smooth shiny feels good lips sugar want bad taste love right baby day night night day ive got girl oh things id id id ask belongs woman things id wont girl girl oh things id id id ask belongs woman things id wont girl ive laid bed excited different ways ive thought want girl oh things id id id ask belongs woman things id wont girl girl oh things id id id ask belongs woman things id wont girl girl oh things id id id ask belongs woman things id not12embed
4701,1994,Gang Starr,Mass Appeal,mass appeal moneys growin grass mass appeal moneys growin grass mass appeal moneys growin grass mass appeal moneys growin grass mass appeal way youll come weak shit ill break step zone mad rhymes stifle ya lines rifles blast kick ass lot rappers onetime wonders fly rhyme right noses hate motherfuckin posers real scary unique skills nah compare wack tracks suckers pushed kickin real facts represent set shit tent boy youre paranoid cause youre son elroy youd happy hell record deal maybe soul youd sell mass appeal moneys growin grass mass appeal moneys growin grass mass appeal oh yes greater mcs breeze room fascinatin updatin cuttin wack kids pullin trump cards thump hard em god niggas pretendin theyre hardcore know meanin raw props slogan man try diss kicks jam lyrically def connectin complete micwreckin doublecheckin vocals kill weapons mic yeah thats right cause survived mad fights peeps truly care cause wouldnt know feel cause suckers playin mass appeal moneys growin grass mass appeal moneys growin grass mass appeal moneys growin grass mass appeal moneys growin grass mass appeal know dope wet ive suffered setbacks makin greenbacks baggy slacks crazy hiphop check stop headll bop drop crop pure bomb seashore calm wild monotone style need gimmicks gimme fly beat word bond tragic got magic wands ima end lecture bet ya kick dirt time gonna ya cause kickin real losin race tryin chase mass appeal moneys growin grass mass appeal moneys growin grass mass appeal moneys growin grass mass appeal moneys growin grass mass appeal26embed
4702,1994,The Puppies,Funky Y-2-C,funky y2c lyricshey little mama dance funky yeah funky funky y2c hey little mama dance funky floor shake donkey shake left shake right funky dance shake night shake butt know going look shake big butt baby jump break ground yeah big boy butt funky dance place look funky want hey little mama dance funky yeah funky funky y2c funky funky yeah thats dance funky beat want crowd shakie shake thats got boys oohing young old bet think aint bold bold butt know got messed young learned funky dance night let little know tamara feast eyes funky butt boys hey little mama dance funky yeah funky funky y2cembed
4704,1994,Barry White,Practice What You Preach,practice preach want baby ready baby waiting believe patiently waiting girl theres wrong time talking bout loving hey babe foreplay blows mind stop talking girl stop wasting time ive share lovers damn good think turn baby wish cause telling telling ill theres lesson want teach baby practice preach telling telling cause ive youll lesson gonna teach baby practice preach girl things ways hey hey hey girl start turning lights hey baby ive share lovers damn good think turn girl wish cause telling telling ill know theres lesson want teach baby practice preach saying fact ive youll lesson gonna teach baby practice preach ladies baby baby baby wasting time precious time talk youre gonna youre gonna come practice preach ive share lovers damn good think turn girl wish cause oh nah telling telling ill theres lesson wanna teach baby practice preach saying fact ive youll lesson gonna teach waiting practice preach telling telling cause ive youll lesson gonna teach practice saying fact ive youll lesson gonna teach girl waiting practice preach telling telling cause ive youll lesson gonna teach girl practice saying fact ive youll lesson gonna teach baby practice preach telling telling cause ive youll lesson gonna teach girl waiting practice preach saying fact ive youll gonna teach practice preach1embed
4706,1994,K7,Come Baby Come,come baby come lyricsda ding ding ding ding ding da ding ding ding ding da ding ding ding ding ding ding ding ding ding ding respect yeah yeah yeah yeah yeah yeah come bounce come bounce bounce come bounce bounce come bounce sevens control know sayin bounce come bounce slam door boom come bedroom wham bam cause king castle na na na turn turn loose come come try hit hassle come forget innuendo play nintendo let loud youll hittin crescendo mi fa sol la ti chorus come baby come baby baby come come come baby come baby baby come come gotta lovin gotta gotta lovin gotta come baby come baby baby come come come baby come baby baby come come gotta lovin gotta gotta lovin gotta come hear ring ring ring telephone goes ring hello hello gettin busy pom pom pom hoo youre gettin busy slow pump pump better fast pump pump balls bat hoo pitcher hat ha slidin home base tryin hit home run swing batta batta batta batta batta swing chorus break break come bounce come bounce bounce bounce pump come bounce pump bounce bounce come bounce bounce bounce pump come bounce bounce bounce tell yeah yeah want little yeah yeah tell love yeah yeah come love feel hoo baby baby come ha baby baby let hoo baby baby come ha baby baby hoo baby baby come ha baby baby hoo straight tell bounce da ding ding come bounce ding ding ding bounce da ding ding come bounce ding ding bounce da ding ding come bounce ding ding ding bounce ding ding ding ding ding come baby come baby baby come come come baby come baby baby come come yeah da ding ding ding hoo ding ding gotta lovin gotta come baby come baby baby come come come baby come baby baby come come yeah hoo gotta lovin gotta come baby come baby baby come come come step everybody baby come baby step everybody baby come come yeah da ding ding ding hoo ding ding gotta lovin gotta come baby come baby baby come come come baby come come baby baby come come yeah hoo gotta lovin gotta come down1embed
4708,1994,The Lady Of Rage,Afro Puffs,afro puffs rock rough stuff afro puffs rage rock wit cha bad self rock rough stuff afro puffs rage rock wit cha bad self rock bad self cause lady rage kickin dust umm let loosen bra strap umm let boost ya raw rap cause imma break nittygritty time comes gets busy busy beaver ya best believea grand divas runnin shit speed cheetah meet lyrical murderer servin em scoops chocolate check rock thats throwin bolos ya better roll rolo number solo uhh capital ra ge bring things light flow monthly cramp style try punk heres pamprin child need mo check flow rage effect mo ya know rock rough stuff afro puffs rage rock wit cha bad self rock rough stuff afro puffs rage rock wit cha bad self hittin mcs hadouken street fighter sound aint doubt undisputed uhh wanna ill tap butt wax cuts pass bucks money bread winner kick dope brothers em head spinners got tongue outdone rising setting sun moon consume room doom hear kick 808 bass poom boom bam god dayummmmmm hittin hard grand slam dunk punks broken chunk feel funk rhythm fresh em let hit em split em rid em yeah unborn kids rage effect know rock rough stuff afro puffs rage rock wit cha bad self rock rough stuff afro puffs rage rock wit cha bad self rock rough stuff afro puffs rage rock wit cha bad self rock rough stuff afro puffs rage rock wit cha bad self debut ive continued lay flat raps spat spit oh shit shit wit rage tough tittie pity fool gets lyrical murderer cause shit rude oooh wanna wickedness big botty thats kickin rippin apart jason youll chasin dream freddy ready cream la creme steam pressurin aint measurin competitors stuck muck butt chu wanna nut cashew know mash real thats deal straight farmville va gotta rock rough stuff afro puffs rage rock wit cha bad self rock rough stuff afro puffs rage rock wit cha bad self rock rough stuff afro puffs rage rock wit cha bad self rock rough stuff afro puffs rage rock wit cha bad self huhh roughest roughest roughest toughest toughest toughest rage roughest roughest roughest toughest toughest toughest rage roughest roughest roughest toughest toughest toughest rage roughest roughest roughest toughest toughest toughest rage uhh roughest roughest uhh toughest toughest rage uhh roughest roughest yeah uhh toughest toughest rage uhh wickedness roughest uhh wickedness rage yeah onenineninefo indo blow grass grow snoop doggy dogg love hoe gotta credit credit women bow motherfuckin homegirl lady rage rocks rough stuff afro puffs handcuffed busts trick biatch shes guaranteed tear shit yknow sayin9embed
4710,1994,69 Boyz,Tootsee Roll,tootsee roll butterfly uhuh thats old let tootsee roll yeah 1990quad 69 boyz backed quad city djs time cotton candy sweetie gold let tootsee roll cmon cmon tootsee roll tootsee roll tootsee roll tootsee roll yeah cmon tootsee roll lemme tootsee roll roll tootsee roll tootsee roll left left right right slide slide baby slide slide baby slide slide baby slide cmon cmon slide left left right right dip baby dip cmon lets dip baby dip baby dip baby dip dip baby dip baby dip dip baby cotton candy sweetie gold let tootsee roll know youve told aint butterfly tootsee roll brand new dance grab partner dance floor work hips lil bit dip lil bit oh yeah got ifs ands buts long hair rollin derriere cause aint hard brand new dance 1990quad 69 place hey yo ski came cotton candy sweetie gold let tootsee roll cmon tootsee roll cmon cmon tootsee roll lemme tootsee roll cmon cmon tootsee roll floor tootsee roll tootsee roll tootsee roll feel whoop comin whoop comin feel whoop comin whoop comin whoop come whoop come whoop yeah cmon cmon whoop whoop whoop whoop whoop yeah baby cotton candy sweetie gold let tootsee roll cmon cmon tootsee roll tootsee roll yeah cmon tootsee roll tootsee roll tootsee roll tootsee roll wanna tootsee roll tootsee roll left left right right slide slide slide slide slide slide slide slide uhoh feel whoop comin whoop comin whoop comin whoop comin cmon whoop whoop whoop whoop cmon whoop whoop whoop whoop cotton candy sweetie gold let tootsee roll know youve told aint butterfly tootsee roll brand new dance grab partner dance floor 69 place hey yo ski came butterfly uhuh thats old let tootsee roll cmon tootsee roll cmon cmon tootsee roll lemme tootsee roll cmon cmon tootsee roll floor tootsee roll tootsee roll tootsee roll check left left right right slide slide slide slide slide slide slide slide cmon cmon left left right right dip baby dip cmon lets dip baby dip baby dip baby dip dip baby dip baby dip dip baby feel whoop comin whoop comin feel whoop comin whoop comin oh come whoop whoop whoop whoop cmon lets whoop whoop whoop whoop oh baby baby roll roll cmon roll roll roll roll roll roll yeah cmon roll roll roll roll cmon cmon roll roll roll roll let booty roll4embed
4711,1994,Coolio,Fantastic Voyage,fantastic voyage come yall lets ride ya shit inside time ass kind trip cuz hop hip grab gat extra clip close eyes hit switch going place everybody kick kick kick yea thats ticket aint bloodin aint crippin aint punk ass niggas set trippin everybody got stack aint crack matter youre white black wanna staple singers tank know bring ya ya heat ya ass kitchen mission come ride fantastic voyage slide slide slippity slide hittin switches block 65 come ride fantastic voyage slide slide hoo ride aint valley low mountain high tryin place live life maybe eat steak beans rice place kids play outside livin fear drive away drive killaz gotta worry snitch ass niggas searchin lookin niggas watts brooklyn try faith people people actin evil understand runnin gang cause gang bang stand corner slang cause got thang help help better left come ride fantastic voyage slide slide slippity slide survive come ride fantastic voyage slide slide hoo ride thats pack 45 life bitch die trying piece apple pie game aint cause game remain kinda strange aint damn thing changed work eat ass niggas ride hip hop hop 45 quickly block stay sucker free busters jock gotta heart son wanna watch sweet chariot swing low aint crying aint dyin aint worryin everybodys tryin nothin leaves nothin wanna somethin better stop frontin gonna 5 rolls better ready ride come ride fantastic voyage slide slide slippity slide youre living city die come ride fantastic voyage slide slide hoo ride better ready 5 rolls roll thats roll thats right roll thats roll thats right want ride x92embed
4712,1994,Amy Grant,Lucky One,lucky lyricsyoure kind love love youre kind dream night lucky baby lucky youre kind want dark youre kind capturing heart lucky baby lucky fall love soon face night day baby lucky youre kind poetry valentines youre kind leave lucky luckiest girl baby baby lucky fall love soon face night day lucky baby lucky said doo doo doo lucky doo doo doo doo baby doo doo doo lucky oneembed
4714,1994,The Jesus And Mary Chain,Sometimes Always,gave gave good bad gave threw wont knees ive away sure makes sure went away come walked away hurt aw honey chance aw youre lucky son lucky son gun went away went away went away youre got knees begged knew youd back2embed
4715,1994,Erasure,Always,open eyes eyes open wear disguise come open cold outside vain hold night shame wanna believe live harmony harmony o love wanna believe live harmony harmony o love melting ice jump ocean hold tide love motion cold cold outside outside vain hold night shame wanna believe live harmony harmony o love wanna believe live harmony harmony o love cold cold outside outside vain cold hold night shame shame wanna believe live harmony harmony o love wanna believe live harmony harmony o love wanna believe live harmony harmony o love wanna believe live harmony harmony o love wanna believe live harmony harmony o love2embed
4716,1994,Jeru The Damaja,Come Clean,come clean wanna frontwhat jump bucked youre feeling lucky duck press luck snatch fakegangster emcees em faggot flambé spray mind spray malignant mist thatll leave comp defunct results remains stuffed car trunk come jungles east popping yang wont survive live catching wreck thing gang bang shoot bang bang relentless dope slang true master check credentials cause choose use infinite potential got freaky freaky freaky freaky flow control mic fidel castro locked cuba deep scuba dive jives origin unknown jubas ive accumulated honeys map cause id bust nut bust cap fact rap snaps sacroiliac mack need tote mac attack purely mental natures hate meant wake ya brainwashed state stagnate nonsense persist youll snotbox bust press flip hoes dip real niggas skip know math count mics ive ripped peep dirty rotten scamp verbal weapons spit uhoh heads cause dropping shit scratched x5 real rough rugged shine gold nugget time pick microphone drug unplug chumps gangster babble leave nines home bring skills battle youre rattling aint saying thats got snuffed bumped heads dirty rotten forgotten ill tap jaw kick kung fu flicks run run shaw frauds bleed time gd cause ive perfected drunken style sam seed pseudo psychos play michael jackson busting ass breaking backs inhale putrified aroma breathe deep youll wind coma toast king hard fifth vodka bring clique cause hard rock knocker gotcha limb push plank let draw chronz burner shot blanks east house come equipped uhoh heads cause dropping shit scratched x9 fly jet sting hornet knuckleheads live set want dirty rotten scoundrels crushing crews joke styles fatal second hand smoke provoke wrath rhyme inventor cause blow spots world trade center come super trooper assault mission tecs technique cause hes technician wishing hell away wont help weapons stop skills shot cause idiot let glock hard rocks melt clutch sun toucher claim got beef streets ya gonna real niggas roll got crew pull glock hmm got heart webbed straight start bought tool didnt learn use got lost brooklyn lose fronting got ass whipped uhoh heads cause dropping shit scratched x913embed
4718,1994,Ace Of Base,The Sign,sign whoa oh yeah ah got new life hardly recognize glad person care ah bother youre ooh saw sign opened eyes saw sign life demanding understanding saw sign opened eyes saw sign ones gonna drag light belong belong ah pale moon years ive wondered person bring joy pale moon lot stars ooh saw sign opened eyes saw sign life demanding understanding saw sign opened eyes saw sign ones gonna drag light belong belong oh oh oh saw sign opened mind happy living ive left ohohoh saw sign opened eyes saw sign ones gonna drag light belong saw sign saw siiign saw sign saw sign saw siiiign saw sign saw sign saw sign opened eyes saw sign14embed
4719,1994,Sheryl Crow,All I Wanna Do,wanna hit aint disco aint country club la wanna little fun die says man apropos says william sure hes billy mac buddy hes plain ugly wonder hes day fun life drinking beer noon tuesday bar faces giant car wash good people world washing cars lunch break hosin scrubbin best skirts suits drive shiny datsuns buicks phone company record store theyre billy cause wanna fun got feelin wanna fun got feelin wanna fun sun comes santa monica boulevard good beer buzz early mornin billy likes peel labels bottles bud shreds bar lights match oversized pack lettin burn fingers blowin cursin hes watching bottles bud spin floor happy couple enters bar dangerously close bartender looks want ads wanna fun got feelin wanna fun got feelin wanna fun sun comes santa monica boulevard bar day night car wash matches buds clean dirty cars sun moon wanna fun got feelin wanna fun got feelin wanna fun got feelin party begun wanna fun wont tell youre wanna fun sun comes santa monica boulevard sun comes santa monica boulevard4embed
4720,1994,Beck,Loser,loser time chimpanzees monkey butane veins cut junkie plastic eyeballs spray paint vegetables dog food stalls beefcake pantyhose kill headlights neutral stock car flaming loser cruise control babys reno vitamin d got couple couches sleep loveseat came saying insane complain shotgun wedding stain shirt believe breathe parking violation maggot sleeve shave face mace dark saving food stamps burning trailer park yo cut soy perdedor loser baby kill double barrel buckshot soy perdedor loser baby kill forces evil bozo nightmare ban music phony gas chamber cause ones got weasel got flag ones pole shove bag rerun shows cocaine nose job daytime crap folksinger slob hung guitar string slab turkey neck hanging pigeon wing write relate trade cash beat body heat time piece wax falling termite whos choking splinters soy perdedor loser baby kill crazy cheese whiz soy perdedor loser baby kill driveby body pierce yo bring driver winner things gonna change feel soy perdedor loser baby kill believe soy perdedor loser baby kill soy perdedor loser baby kill sprechen sie deutsch eh baby soy perdedor loser baby kill know sayin68embed
4721,1994,Edie Brickell,Good Times,good times lyricsyou try comes easy way appealing driving friends bobbys big old beat car lot people wonder good times bad times good times bad times good times bad times want goodbye want walk door spend little time want little good times bad times good times bad times good times bad times thatembed
4722,1994,Blackgirl,90's Girl,90s girl ooh ooh oh hey hey ooh ooh 90s girl 90s girl ooh yes 90s girl making yeah day mama raising understand statement stand man id sharing load things point view read thoughts 90s girl willing able proving capable know know going best test cause know ill pass love 90s girl ice cold world respect 90s girl ice cold world independent strong criticize effort want use fear equilibrium wear sexy clothes mean advantage assume ill man man upper hand signal tell happened chivalry respect thats ask yeah 90s girl yeah oh thats want yes 90s girl oh oh oh oh 90s girl oh oh oh oh 90s girl 90s girl ice cold world respect 90s girl ice cold world independent strong 90s girl ice cold world respect 90s girl ice cold world independent strong 90s girl 90s girl ice cold worldembed
4723,1994,Sting,When We Dance,dance loves love walk away shame id town id change watches counts buy soul hand golden rings owns bird sings dance angels run hide wings priest said souls salvation balance angels underneath wheels passion faith fashion dance angels run hide wings love going place live ive got dance angels run hide wings dance angels run hide wings break walls shout heavens gate id hands id destroy dark machineries fate cathedrals broken heavens longer hellfires promise away id saying love wont love love wont care way hell mistreat stay come live children love life youll come wife dance angels run hide wings dance angels run hide wings dance angels run hide wings dance angels run hide wings2embed
4726,1994,4:00 PM,Sukiyaki,sukiyaki lyricsits feeling sad blue went away life rainy day love youll know youve gone away left lonely untouchable memories haunting love true turned gray skies blue disappeared eyes filled tears wishing soaked love thoughts youre gone know youd wash away tears sun shine youd reality cause took love away girl know leave know youve gone theres emptiness inside wishing youd come youd wash away tears sun shine youd reality cause took love away oh baby took love away me3embed
4727,1994,Doug Stone,I Never Knew Love,knew love lyricsi knew power song heard music playing day mama passed knew innocence til time laid eyes face newborn child chorus knew love mean real love knew kind love til moment understood meaning home til pulled old dirt drive gone long didnt know serenity til stopped day listen river gently run chorus knew love mean real love knew kind love til moment ive known hunger tonight love felt yearning felt touch goes deeper thing ive known heart clear soul knew beauty behold til looked forever unfold oh chorus knew love mean real love knew kind love til moment til loved youembed
4730,1994,Lil Suzy,Promise Me,promise lyricspromise life ive waited day time ive searching cause knew feel way love captured heart soul baby losing control want let promise youll leave promise youll stay promise youll run away love promise promise guarantee true day life ill night ill love cherish moments share feelings wont disappear magic bring youre near promise youll leave promise youll stay promise youll run away love promise promise promise promise promise promise youll leave promise youll stay promise youll run away love promise promise promise youll leave promise youll stay promise youll run away love promise promise youll leave baby promise youll stay youll stay youll run away love promise youll leave youll leave youll stay wont tell youll run away love promise meembed
4734,1994,Tony Toni Tone,(Lay Your Head On My) Pillow,lay head pillow lyricslay head pillow relax relax relax cause meant lay head pillow relax relax relax cause groove room holding hands gonna better know youre mood yes purse jacket oh girl nasty youll love gonna lay head pillow relax relax relax cause meant lay head pillow relax relax relax cause groove lay head pillow relax relax relax lay head pillow relax wont pull sheets lay head shoulders let tell wanna feel youre girl knows pleasure let treasure let pearl lay head pillow relax relax relax lay head pillow relax relax relax lay head pillow relax relax relax cause meant lay head pillow relax cutie pies know lay pillow cutie pies know lay pillow cutie pies know lay pillow always1embed
4735,1994,Shaquille O'Neal,(I Know I Got) Skillz,know got skillz yo jef hoopa beat park yeah alright sound dope bust em eye shaq wanna fight come fight ill hit ya wapshpshpshpshpsh dirty dark ill treat spielberg youll ass kicked park ooh believe proof puddin boy hood way cuba gooding flip scripts mad pastyle freeze shhh music dribble rhymes basketballems people et whats shaq man extratallems better shaqtack fool shut liar lean statue liberty tired ill punch stomach heck hey yo booger hook yo breath neck people walk yo got charged big gorilla 67 aint large kick rhymes moo duk kwan smokesmoke micmic cheech chong shaq frankly damn know got skills man know got skills man surprise look whos prize cracker jack look def jef shaq attack flexin ill crackin boomboom bap pass mic aint gon want everybody got fat yep wallet ripping rhymes dropping bombs khalid muhammad solid flex sex know time highhat rolex way wack id way hold youd swear gravity def jef funk def jef know spelt making vital jackin title fool break attack track shaq whack broad coming hits coming backboard fake funk sounds trunk reason tape aint hit deck hits bump aint hassle cause aint holding nothin sticking beat stole sleep shaq jump hand cause know got skills man know got skills man ah yeah yeah yall know shaq man arsenal whats double xl nineohs kid skills mills big flava unit funky town pros upstate yeah ya large check shaq man gon let beat play right let brothers sister know nah nah let continue pete rock whats menu micchecka rim rhyme wrecka rocks mecca boom boom shackalackalacka got hand thatll rock ya cradle cream cheese spread bagel ford explorer boomin trunk funk jealous punks stop dunks brand new heavy built chevy impala shaqs smooth balla yeah rhymin hold knickknack shaqattack dog bone rhymin hoopin legend days food stamp section kick rhymes baby baby baby twice times lady listened ridin moms drop bombs tap hands know got skills man know got skills man id shoutout boy uzi def jef little swany meech ron mac cousin ron rough shot arsenal know booty rappers stay booty hahaha ahhh ha ha ha ha ahhhhh ha ha ha ha ahhhh sike2embed
4736,1994,Ice Cube Featuring George Clinton,Bop Gun (One Nation),bop gun nation late times hardcore funkateers bop gun unleash positive light bop gun harm frees yo mind yo follow yeahhh wide low high iiiiiiii ah yaaaaaa diditditditdit ah yaaaaaa diditditditdit ah yaaaaaa diditditditdit ah yaaaaaa diditditditdit right ah yaaaaaa diditditditdit attention radio station jocks ah yaaaaaa diditditditdit haw haw got groovin jammin yo box ah yaaaaaa diditditditdit mothership connection ah yaaaaaa diditditditdit yeah workin sweat wet ready come getting believe 1993 baeyaeyounce ice cube comin half ounce knee deep jeep fulla smog mic dog ya heard grapevine longer imma tell ya drama handcuffs mama cause bertha butt fuckin boogie crew id fuck boo humdrum tweedee dum humdrum succumb buckin shit nation groove gettin fuck tear roof motherfucker night son hit bop gun heres chance dance way constriction gonna freakin hang late groove got shall moved ready come gettin believe nation groove gettin funk nation nothin stop yeah dance sucka dance yeah heh heh stop sheeeit givin youre funkin aw feet fail ha ha givin youre funkin promise funk yep funk nothin funk hit bop gun heh buss cap bop gun gotta hit bop gun buss cap bop gun hit bop gun buss cap bop gun heh cause gun ready yep ready yep ready yep come ready come gettin believe hear noise boys playin toys m1 cuz everybodys gotta fun sun sun rough tough disco fiend monster sound wants fucked chillin whoa bigger headache bigger pillin let funk cause funk best comin west kickin shit occupied dedicated preservation motion hips hittin dips cd skips straight bounce rock skate ill toast rough girls stuff aw stuff ya got got freak week gun hit bop gun nation groove gettin funk nation nothin stop trick yeeah jus hit em bop gun nation groove heh gettin funk nation nothin stop bop gun nation groove bout time got time gettin fuck yeahh nation nothin stop nation groove everybody gettin funk nation nothin stop heres chance dance way constriction feet fail ha ha em bop gun blast bop gun heh heh yo ass bop gun talkin trash bop gun yeah stop wont stop heres chance dance wayyy constriction yeahhh feel shit oh shit hear ya party fuck lemme hear ya party fuck oh yeah lemme hear ya party fuck lemme hear ya party fuck lemme hear ya party fuck lemme hear ya party fuck givin youre funkin feet fail thats right promise funk givin youre funkin ooo feet fail good foot good gawd bout time got time time attempt adjust radio aint nothin wrong hit bong waitin double dutch bus ride buffalo bitch round outside glide stride dip hip got daytons mothership ring bell need pass dutchie left hand sale cuz knows nose goes doors close dog chow got hoes lookin theme black hole ill big bang black pole flashlight red light cops bike bail tonight whatcha gonna outta jail gonna fun bop gun ready come getting believe nation groove chance dance wayyy gettin funk nationnnn nation good foot good gawd nothin stop ha ha ha ha ha haeeee nation groove gettin funk nation nothin stop want everybody time hit nation groove good foot gettin funk bout time got time nation nothin stop uh huh uh huh nation nation groove good foot gettin funk bout time got time nation nothin stop nation groove ooh yeah gettin funk ooh yeah nation nothin stop ha ha ha ha ha haeeee nation groove gettin funk bout time got time nation nothin stop nowwwwww2embed
4737,1994,Da Brat,Fa All Y'all,fa yall quick pull trigger quick pull card hard late boulevard da b rat bump sendin good vibrations trunk ride ride live thats thats somethin fools crawl creep creep crawl fa yall whos makin funky noise da brattattattat bustin ass fa yall fa yall hey hey hey hear whos makin funky noise da brat fa yall fa yall hey hey da brats house yo house packed guys girls hump slang funk boulder moves hood fa yall cause good lay listen phattest listen baddest rhymin apparatus status aint got check cause yall knows definitely gets wrecked uh whos makin funky noise da brattattattat bustin ass fa yall fa yall hey hey hey hear whos makin funky noise da brat fa yall fa yall hey hey gotta thanks funk time pray fine ass dank time play shit ghetto ass bitch b r t niggas bitches waitin chance funkdafied gotta learn words anthem ill grant chant everybody whos makin funky noise da brattattattat bustin ass fa yall fa yall hey hey hey hear whos makin funky noise da brat fa yall fa yall hey hey promise funk funk funk promise funk funk funk1embed
4738,1994,The Cranberries,Dreams,dreams oh life changing day possible way oh dreams know ive felt feeling came open person falling different way ah la ya la la ya laahah want impossible ignore impossible ignore theyll come true impossible impossible tell openly heart hurt youre totally amazing mind understanding kind youre oh life changing day possible way oh dreams cause youre dream dream ah laalaah la la la laalaah laah ah ah ah laalaah la la la laalaah laah ah ah25embed
4739,1994,Trisha Yearwood,The Song Remembers When,song remembers lyricsi standing counter waiting change heard old familiar music start lighted match tossed soul dam broken heart taking detour getting lost losing track wanted way driving memory way things id forgotten song remembers rolling rockies clouds station jackson played song fit moment moment freeze turned music sang god heaven world perfect sense young love easy convince headed straight eden bend forgotten song remembers guess happened said goodbye heart broken recall song remembers miles time thats passed think havent gotten far hope hasty heart forgive stop wonder earth thats lot water underneath bridge burned theres use backtracking corners turned guess things bury bound rise world forgotten song remembers yeah world forgotten song remembers whenembed
4741,1994,Joe Diffie,John Deere Green,john deere green farm kids way dixie met high school sixties knew love start july midnight hour climbed water tower stood rail painted tenfoot heart john deere green hot summer night wrote billy bob loves charlene letters threefoothigh town said red looked good charlene john deere green settled eighty acres raising sweet corn kids tomatoes went hand glove clear day yard look know look east read words love john deere green hot summer night wrote billy bob loves charlene letters threefoothigh town said boy red looked good charlene john deere green town discovered painting aint use aint paint world thatll cover heart keeps showing john deere green hot summer night wrote billy bob loves charlene letters threefoothigh town said fool red looked good charlene john deere green ah paint green boy john deere green hot summer night wrote billy bob loves charlene letters threefoothigh town said boy red looked good charlene john deere green john deere greenembed
4742,1994,Andru Donalds,Mishale,mishale lyricstheres day act free oceans apart tears dried theres emptiness feel heart come forward uh time loved told start love come stand apart mean break heart days cope feel dreams night feel touch strong strong feel pain tears miles away surrender soul dear love love love love mishale supposed mishale ill mishale mishale loving heaven missing hell need love strong matter youre mind mind photographs stare reminds loves deep deep coming home babe worth livin yeah yeah yeah love love love love mishale mishale supposed mishale mishale ohoh ill mishale mishale loving heaven loving heaven missing hell need love strong hoohoh swollen eyes reveal pain tears fall november rain lifes fading imma gonna miss love love love love love love love mishale supposed mishale mishale ohoh ill ill mishale mishale loving heaven loving yous heaven missing hell surrender dear mishale oh supposed supposed mishale ohoh ill mishale mishale loving heaven loving heaven missing hell need love strong ohoh supposed mishale mishale ill mishale loving heaven loving heaven missing hellembed
4743,1994,The Rolling Stones,Love Is Strong,love strong love strong youre sweet hard weak love strong youre sweet day babe got meet glimpse took strangers glance got hooked ill follow stars ill look seedy bars scared baby dream need time beautiful team beautiful team strong youre sweet youre sweet day babe got meet got meet park street dark ill follow swirling seas darkened woods silent trees love strong youre sweet youre sweet hard weak scared baby dream need time beautiful team beautiful ill wait dawn mind ripped heart torn love strong youre sweet love bitter taken neat love strong yeah youre sweet got meet love strong yeah youre sweet youre sweet yeah love strong yeah youre sweet got meet come baby come baby youre sweet youre sweet got meet whoa yeah1embed
4744,1994,Anita Baker,I Apologize,apologize operator baby line cause night horrible fight admit control love man body soul road gets rough thangs meant treat baby way apologize oh believe apologize oh honest true know wrong ill sing song tryna yes operator bad dream lord heard way shouted way screamed regret cause unfair took road gets rough thangs meant treat daddy way apologize oh believe apologize oh honest true knew wrong ill sing song gonna yeah apologize unkind wish time erase goodbyes rewrite life come rain come shine wanna right time apologize believe dohonest true oh baby knew wrong thats singing song yeah yeah yes apologize oh yes apologize oh yes oh yes know wrong sing song wanna gotta need yeah yeah believe oh listen oh baby honest true talking right oh talking wrong sing song wrong baby listen right singing right wrong believe dohonest true wrong sing song believe dohonest true wrong sing song1embed
4746,1994,Tevin Campbell,Can We Talk,talk night saw standing started started pretending knew knew roni shy werent cause dreamed build confidence girl time come way ill know talk minute girl want know talk minute girl want know started write letters wanted clever wanted sweet talk hey baby baby talk tried come closer walk think night right oh come close ill know ill yeah talk minute girl want know talk minute girl want know oh girl chance let oh chance love love love love talk minute girl want know talk minute girl want know talk wanna talk baby come talk baby girl want know talk minute girl want know talk come talk baby wanna know better tell baby talk minute wanna know wanna know want know talk minute6embed
4748,1994,Celine Dion,Think Twice,think twice think feel theres wrong youve sweetest life long look eyes theres distant light know therell storm tonight getting thinking bout youre look leave life sure close door roll dice baby think twice baby think twice sake love memory faith babe know aint easy soul cries higher ground cause youre halfway youre halfway baby thinking bout thinking bout youre look leave life sure close door roll dice baby think twice baby thinking bout baby youre look leave life leave life sure close door roll dice baby think twice youre depends depend takes ill sacrifice roll dice remember oh remember youre sure leave life leave life sure close door roll dice baby think twice2embed
4749,1994,Sarah McLachlan,Good Enough,good hey glass hell long way home let good opened real bullshit ive heard refreshing pretend doesnt expect tell havent good tell tell good hey little girl candy momma said okay door open come outside come today wind cracked shoulder threw ground whos makes afraid youre shaken bone understand deserve tell hes good tell hes know simply good oh let try good let try ill youre good tell hes good tell hes know simply good oh let try good let try ill youre good enoughembed
4751,1994,Janet Jackson,Again,heard friend today said town suddenly memories came mind strong ive asked time time ive said ill fall love wounded heart gave soul took away good intentions know ive come place hurts god knows ive cried want return fall making love oh felt good oh right strong ive asked time time ive said ill fall love didnt think itd come know began little kiss ive come close happiness swept away think pain fall kinda late game heart hands stand tell love leave cause falling love hold hold let time love god knows love again2embed
4752,1994,Da Brat,Funkdafied,funkdafied funkdafied funkdafied funkdafied funkdafied funkdafied funkdafied funkdafied funkdafied funkdafied open open let funk flow nigga j new friend hitting switches eric solo creep yo jeep brat putting dip hip right left ghetto ass bitch def nigga thats click nigga thats rolls kicks fat shit calls funkdafied funkalistic vocalistic real shit got shit funk funkdafied da g h da e t t o nigga brat jd coming big baby lay listen catch pimping freak duet ashford simpson funkdafied funkdafied funkdafied funkdafied funkdafied funkdafied funkdafied funkdafied funkdafied funkdafied funkdafied funkdafied puttin puttin aint thang aint hoes hang matter fact comes brat tattattat got shit neck snap meaning got shit getcha bent tear roof mutha parliament roll control janet dammit brat youre funk bandit handle know thats hitting em grammar letting niggas know real mama jama straight head chronic sack pass mic brat yo passed sistas fellas time groove provide funkdafied sounds yo homes breaking fools proper def dynamite humunah humunah comin cha ralph k aint honeymoon stay way coming cha baby miss theres new tag team town nigga whoomp funkdafied funkdafied funkdafied funkdafied funkdafied funkdafied funkdafied funkdafied funkdafied funkdafied funkdafied funkdafied funkdafied funkdafied funkdafied5embed
4755,1994,Changing Faces,Stroke You Up,stroke lyricsyes wanted baby wanna oh yeah whats turn lights half way huh hey yo thats cool mind stroke mind mind stroke mind night mind bodys tired mind stroke mind mind stroke mind night mind makin feel right cmon close door ive got youre looking dim lights unplug phone turn radio ive got need trust wont let love right thats wanna comin stop ive got question mind stroke mind mind stroke mind night mind bodys tired mind stroke mind mind stroke mind night mind makin feel right know things feel alright giving keepin satisfied boy theres mystery know feel right want lift love come thats want coming stop got question mind stroke mind mind stroke mind night mind bodys tired mind stroke mind mind stroke mind night mind makin feel right thats want coming stop got question mind oh yeah baby feel good yeah cmon uh stroke baby yeah1embed
4756,1994,Xscape,Understanding,understanding need understanding communicate hear need understanding simple 123 understanding need know wanna wanna thats way listen boy better listen boy try hard understand choices baby theyre demands oh try hard love alive wanna meet halfway understanding dies theres way work pull mean demanding want understanding wanna need understanding communicate hear need understanding simple 123 understanding need listen baby know things youre going try understand thats baby day living thing unsure thats need baby pleading baby let love endure try hard love alive wanna meet halfway understanding dies theres way work pull mean demanding want understanding wanna need understanding communicate hear hear need understanding simple 123 123 understanding need need need need understand hear ooh ooh try hard love alive wanna meet halfway understanding dies theres way work pull mean demanding want understanding wanna need understanding understanding communicate hear hear need understanding come baby come simple 123 simple 123 understanding need need understanding need communicate communicate hear need understanding understanding simple 123 understanding need need understanding7embed
4757,1994,Ice Cube,Really Doe,doe gunshot aint talkin talkin fellas shut fuck fuck oh stepping motherfucking uhh fuck chuck taylors knickkickers wallabees ass got umm um khakis 501s fuck got uhh sweatshirt know fat creases uhh tshirt slingshot uhh khaki shirt fuck umm got cake cutter myin pocket uhh got afro braids fuck motherfucking uhh rollers got believe ask motherfucking self uhh believe fuck fuck g g question smith told wesson shady 380 old school diploma ill leave ass coma got herringbone welcome terrordome twoeleven sorry reverend oh god getting robbed reach smog atomic dog hard swallow janky rollo count try follow cause waco atf death bust left western room want felon stacey koon right bitch hit light switch tap ass doe got believe west lynch mob believe cause motherfuckin g cause motherfuckin fuck thirty holding tank catch vapors pillow toilet paper concrete bench kickin hemorrhoids éses deep fuck boys phone check collect baller mama said dowahdiddy far new jack city seen peers fuck doin said oneeightyseven enemy treat shot kennedy deputy bitch thinks shes queen bee ink thumb index pinky sir set play dumb general population mama house bounce motherfucker thats love ya boss halfpint sauce got shit sewed betsy ross friend know buy indo fuck silly hoe doe got believe doe bitch believe cause motherfuckin g goddamn motherfuckin g got believe yup thats right believe cause motherfuckin g goddamn fuck knock nyquil ill kill quick suckerforloveass trick run ya gun cause got backbreaker double pump rump shaker cause play hookie aqua boogie concrete nikes ya gets stripes living unforgiven mic punks running roaches light thats shit starting bust cap kakowpow jerome martin looking punk benefits cause got baby shits know got grip baby tit scopin hopin thighs open kick sit hit phillie slow hooker hoe doe got believe ice cube yeah believe cause motherfuckin g goddamn motherfuckin g got believe doe believe cause motherfuckin g motherfuckin o motherfuckin g got believe east believe fuckin g fuck fuck got believe south believe cause motherfuckin g g g g motherfuckin g g got believe west believe heh know fuck fuck got believe believe fuck you2embed
4758,1994,BLACKstreet,Before I Let You Go,let let let kiss goodnight baby let let kiss goodnight baby let let kiss goodnight baby let let kiss goodnight baby lately ive thinking somethings going wrong cause got attitude youre mood girl feel hold arms feeling blame wanna lose love wanna byebye true love hard right lips let let away kiss goodnight let away kiss goodnight listen baby turn lights low lets nice slow mission want time sweet love baby know feel bigger theres thing certain wanna lose love wanna lose ya wanna bye bye wanna lose ya little things remember let slip away slip away let away kiss goodnight let away kiss goodnight teddy wont play music teddy wont play blackstreet wanna lose ya baby lonely wanna lose ya baby heart broken need right wanna loose ya let slip away slip away let let away kiss goodnight let away kiss goodnight let let kiss goodnight baby let let kiss goodnight baby let let kiss goodnight baby let let kiss goodnight baby want lose sweet love goodbye goodnight1embed
4759,1994,M People,Moving On Up,moving lyricsyouve wrong time took sip sip devils cup broke heart theres way right outta baby pack bags think stop acting kinda star think man baby thats cause moving youre moving moving stop moving youre moving time break free stop brag man walked space place mm aint thing cause ive baby think time youve gone far think man baby thats cause moving youre moving moving stop moving youre moving time break free stop moving upmoving upmoving moving moving upmoving moving moving upmoving moving moving upmoving moving youre moving moving stop moving youre moving time break free stop moving moving moving stop moving moving time break free stop meembed
4760,1994,Toad The Wet Sprocket,Fall Down,fall said fine ok cover trembling hands theres indecision know aint got left good times stay cheap thrills fade away fall fall fall fall jump got long time yeah jump got fall hates life hates skin hates friends tries hold reputations mend theres chance fail time bail fall fall fall fall jump got long time yeah jump got fall fall fall fall said fine ok cover trembling hands theres indecision know aint got left time conscience calls good friend fall fall fall fall jump got long time yeah jump got fall fall fallembed
4761,1994,Candlebox,You,lyricsyou ill know ill care ill believe people ill tell ill lie ill try ill people ill push push away lonely people runnin round door yes lonely people beggin beg ill yes ill die pain heart real ill tell feel inside feel heart ill try ill die ill push people ill tell feel ill lie ill ill try people ill tell yes real lonely people passing time away yes lonely people passing pass away ill yes ill die pain heart real ill tell feel inside feel heart ill comes way pushin pain round door ill die blood hands shiver shudder recovers mother feel control feel alive soul come town steal dime line wont feel blanket soul mind come town steal dime crime wont higher higher time come town steal dime push drugs face yes feel feeling fine push drugs face gonna place fuck want said pain heart yes want want want want yes yes ill die pain heart real ill comes way feel heart ill lie die pain heart real ill tell feel inside fuck youembed
4762,1994,Blur,Girls & Boys,girls boys streets jungle police following herd greece holiday love 90s paranoid sunny beaches chances looking girls boys boys girls boys theyre girls girls theyre boys love avoiding work cause theres available battery thinkers count thoughts fingers wasted reproduced nasty blisters du bist sehr schön havent introduced girls boys boys girls boys theyre girls girls theyre boys love girls boys boys girls boys theyre girls girls theyre boys love oh oh oh ohoh oh oh oh oh ohoh looking girls boys boys girls boys theyre girls girls theyre boys love girls boys boys girls boys theyre girls girls theyre boys love girls boys boys girls boys theyre girls girls theyre boys love girls boys boys girls boys theyre girls girls theyre boys love oh oh oh ohoh oh oh oh oh ohoh38embed
4764,1994,Smif-N-Wessun,Bucktown,bucktown lyricssmifnwessun bucktown tek yo check smifnwessun joint time putting punks newness 94 know saying lock doors nobodys safe know saying check haha steele ha yeah yeah recognize real heads rise haha yeah walk town pound strapped fronting case gotta smoke round heads act age dead bwoy page enter cipher lighter ls ready prepare allnighter watch cops cause rock glocks coming block trying rock knots pigs acting theyre bigger niggas streets cause stalk mad deep walk beats guess hold grudge cause wont budge playing tough staring judge hands cuffed standing nappy hair dirty gear au revoir yeah outta pigs look frown brown bucktown bucktown home original gunclappers bucktown home original gunclappers bucktown home original gunclappers bucktown home original gunclappers bucktown home original gunclappers bucktown home original gunclappers bucktown home original gunclappers bucktown home original gunclappers got emcee wanna contest got nooses ready hanging trees bring sounds drowned massive kill batty boy hold lover hostage knock knock niggy knockthats shots violator sent tore floor everythings black steelestill onpoint ready buck aint sweet jack bucktown represent love love deeply rooted timbs dick sweat bulge coming hip grip hit let tool click run ambush lurks dark heltah skeltah smirks youre getting torn apart comes rude bwoys ganja plants smifnwessun generals boot camp bucktown home original gunclappers bucktown home original gunclappers bucktown home original gunclappers bucktown home original gunclappers bucktown home original gunclappers bucktown home original gunclappers bucktown home heh home bucktown home original gunclappers murderer prankster rude bwoy dead cause thought gangster tried live life hood streets test wrong dread eternal sleep mr rippa lurk stuy twist ganja wanna high bredren buddha session learn lesson blasted mr smif mr wessun bucktowns swear clear feeling nightfall round way original heads come play puff herb break day regular everyday state minds holding weight rhymes free mind time reality follows roam 360 degrees home bucktown home original gunclappers bucktown home original gunclappers bucktown home original gunclappers bucktown home original gunclappers bucktown home original gunclappers bucktown home original gunclappers bucktown home original gunclappers bucktown home original gunclappers steele smifnwessun man buckshot ruck rock ha team boot camp evil dee mr walt yeah bucktown yeah yo roll haha tek recognize yeah yeah boot camp yo roll sack son brethren knowm saying4embed
4765,1994,The Goodmen,Give It Up,lyricsyou got sugar got spice got kitten isnt nice wait picnic spring nauseous think things wait wait wait lifetime little piece cake night time yeah wait wait wait longer wait wait wronger let blew turn head shop sensible car hold breath wish star settle warm little house babies warm little spouse ah nice wait wait wait lifetime little piece cake night time yeah wait wait wait longer wait wait wronger let blew turn head got bills paid stumble fall grave ah bad wait wait wait lifetime little piece cake night time yeah wait wait wait longer wait wait wronger let blew turn head aroundembed
4766,1994,Collective Soul,Shine,shine word sign look tell lay ground fly sky look tell yeah yeah yeah whoaohoh heaven let light shine whoaohoh heaven let light shine whoaohoh heaven let light shine whoaohoh heaven let light shine love water love air look tell love love teach speak teach share teach tell love love yeah yeah yeah whoaohoh heaven let light shine whoaohoh heaven let light shine whoaohoh heaven let light shine whoaohoh heaven let light shine word sign look tell lay ground fly sky look tell yeah yeah yeah whoaohoh heaven let light shine whoaohoh heaven let light shine whoaohoh heaven let light shine whoaohoh heaven let light shine gonna let shine gonna let shine heaven send light let shine hey yeah hey yeah heaven send light let shine shine shine hey hey yeahheyyeah shine come shine10embed
4768,1994,Das EFX,Freakit,freakit lyricsintro imma freakit imma freak repeat x3 imma freakit nigga books crew sewer crew das efx wrecks cause flex gots rip excuse fluid makes woozy sip wicked let kick got crew rips kicks got chicks perdue pick em pluck em stuck em cock aint santa heres somethin stockin rockin gotcha clockin ground check sound bound ya wonder chorus imma freakit imma freakit imma freakit imma freakit imma freakit imma freakit imma freakit watch freakit imma freakit maneovers heimlich rhyme krayz vertebraes spine chills rippin skills awesome mic spades style run boston buckle ill glad blast ass socket rock nasa plus gettin hysterical wit lyrical concoctions hook pops dope swingin hits oakland freakit dat swayz chorus imma freakit imma freakit repeat x3 imma freakit doper dopest focus mic quote wrote smoke mic heated kid tried battle got defeated weeded bleep sellout cause know crewll hell quick lingo thing days flip rip cause pays dip dodge dope yknow gonna getcha cause rush mic batter rushed pitcher chorus freakit imma freakit repeat x3 imma freakit cause black bust caps rough raps plus stuff flips scripts dust chaps quickness wicked propaganda hot damn got props fox samantha hickorydick slickest nigga wit thee raps sound nifty weight pound freakin rap flurries black skullie hat screamin chumps niggas platform dope swingin hits oakland freakit dat swayz chorus imma freakit imma freakit repeat x7embed
4769,1994,Elton John & Kiki Dee,True Love,true love suntanned windblown honeymooners feelin far par oh lucky true love true love true love true love guardian angel high nothin love forever true love forever true guardian angel high nothin love forever true love forever true true love oh yeah true love true love true love got true love oh yeah oh yeah true love true love true love true love guardian angel high nothin love forever true love forever true love forever true loveembed
4770,1994,Immature,Never Lie,lie friends come dime dozen know friend thats wanna sing song lie want let know lie lie promise lie cause youll friend lie lie cause friend forever sitting window thinking fun things feel pain come cause friend come lifetime lie lie cause youll friend youll friend lie lie cause friend forever forever phone laughing joking crying sulking dreams youre cause friend comes lifetime lie lie cause youll friend youll friend lie lie cause friend forever forever think think special yeah know youll friend sad end lie lie wanna lie cause youll friend come come love lie wanna lie cause friend forever friend forever lie la dee ahh yee ahh la dee ahh yee ahh cause youll friend youll friend lie wanna lie girl cause friend forever friend forever lie la dee ahh yee ahh la dee ahh yee ahh cause youll alwaysembed
4771,1994,Nightcrawlers,Push The Feeling On,push feeling push feeling push feeling come time love man line soon tide turn world place learn push wanna help push feeling oh push feeling push feeling oh push feeling push feeling oh push feeling push feeling ooooooon push lets push push feeling push lets push gotta moving suffer pain begin live lives cried vain hide shame pull wanna help push feeling oh push feeling push feeling oh push feeling push feeling oh push feeling push feeling ooooooon push lets push gotta moving push lets push push feeling push lets push gotta moving push feeling ooooh ya gotta push wanna help push feeling oh push feeling push feeling oh push feeling push feeling oh push feeling push feeling ooooooon push lets push push feeling push lets push gotta moving push lets push push feeling push lets push gotta moving push lets push push feeling push lets push gotta moving push lets push push feeling push lets push gotta moving on3embed
4773,1994,Xscape,Love On My Mind,love mind listen recording boy wait inside house cause baby thinking know want good love tonight youll answers ill satisfy curiosity away ecstasy wanna know feels loved yeah boy time night gonna ive thinking got love mind know wait tonight feels right think time got love mind cause mood mood moved things want ive watching thinking youre looking def feeling sexy know felt way help cause thinking away ecstasy want know feels loved yes yes boy time night gonna ive thinking got love mind know wait tonight feels right think time got love mind cause mood mood moved things want got love mind know wait tonight feels right think time got love mind mood moved things want away ecstasy wanna know feels loved yeah boy time night gonna ive thinking got love mind know wait tonight feels right think time got love mind mood moved things want boy got love mind oh yeah got love mindembed
4775,1994,Usher,Can U Get Wit It,u wit time look theres things want promise ready ill spend life love steady cause know tell girl ready came day cause know wanna baby right forget know gots money money buy diamond ring buy diamond thing aint trying funny funny sexual thing sexual thing sexual thing ought love joy bring sexual thing ought love joy bring forgive cause want rush sound little hasty lets came know time precious wasted lot gonna moving mind day cause know wanna baby right forget know gots money buy diamond ring diamond ring aint trying funny sexual thing sexual thing ought love joy bring sexual thing ought love joy bring baby want know want yeah check yo watch devante sexual thing ought love joy bring sexual thing ought love joy bring sexual thing ought love joy bring sexual thing ought love joy bring sexual thing ought love joy bring sexual thing ought love joy iembed
4778,1994,Aerosmith,Crazy,crazy come baby know drive wall way good nasty tricks pull makin makin love got somethin mind girl got change crazy ways hear youre leavin seven thirty train youre headin hollywood girl givin line times kinda gets feelin bad looks good kinda loving turns man slave kinda loving sends man right grave crazy crazy baby crazy turn youre gone yeah drive crazy crazy crazy baby honey feel color blue youre packing stuff talking tough trying tell time know aint wearing underneath overcoat kind loving makes want pull shade yeah kind loving yeah gonna crazy crazy baby crazy turn youre gone yeah drive crazy crazy crazy baby honey feel color blue losing mind girl cause going crazy need love honey need love crazy crazy crazy crazy turn youre gone yeah drive crazy crazy crazy baby losing mind girl cause going crazy crazy crazy crazy baby turn gone yeah drive me13embed
4782,1994,Fugees,Nappy Heads,nappy heads trapped cage nappy heads comin barber fade nappy heads comin teacher teacher check grades nappy heads comin grab mic rage maintain negro pain diss sure wanna hang old eddie kane aint nuttin wrong snap head song word bond wrong ill sing louis armstrong wonderful world fuck wonderful bout picking cotton farm harder come harder fall come come stall imma stick voodoo doll doors locked stop draw count drops tennineeightsevensixfivefourthreetwoone yousleptonakidfromtheboondocks hooterville land ill kill bellsburg viking know ranking phil newcomer yuma save rumor cause ive rockin eightythree rock pumas rap narcotic psychotic hear statistic passin mic time ill wicked heard man went got intimated tried gas gas got intoxicated wasnt ready realn dealin chillin wyclef competition bringin pure death jumpin monkey mines afrom caterpillar mic moth nappy heads comin teacher teacher check grades nappy heads comin coulda sworn nappy heads comin grab mic rage think rapper baseball cap backward forearms swingin hiphopper rhyme thinkin stop ya followin chop ya clock ya hah fiveoh mean guns cops heres heavyweight knocker freedom fighter natural rhythm rock mic rhyme drinkin vodka old style throw locker gucci rocker drank vodka got bag cheeba cause knocker cousins shaka short called aka flip wack mcs flow caca boogie groove prove lose style remind yesterday old news sad sung blues whos chose feel pain bring cane ticktock come pick lock capital gain watch remain bloodstain bustin nuts bustin style gettin buckwild think descendant wilder child comin mic higher level broke joke choke hell devil nappy heads comin martin nappy heads comin malcolm nappy heads comin rosa parks nappy heads comin hung man dark nappy heads comin cease violence nappy heads comin yo got power man raise dead said jesus said notty dread mean confuse world thats confused minds atomic bomb let drop deep cause sleep wake dream thats wine let bring grapes teacher explain parable simple easier camel eye needle enter kingdom battle walk away title brutal feelings mutual sign life prudential flinch becomin spiritual theres million ways die choose cause desert buttnaked hardcore checks means pump fist remember moses people exodus try stop force comes genesis wrong ask lord forgiveness land aint land dumb droppin bass drum kill battle horn blam blam silly joshua march st lawrence yo march got march crown heights nappy heads comin cease violence nappy heads comin moment silence nappy heads comin died nappy heads comin public enemy nappy heads comin number nappy heads comin fredric douglass nappy heads comin harriet tubman nappy heads comin aristide nappy heads comin bob marley nappy heads comin prazwell nappy heads comin man khalid nappy heads comin speak resistance nappy heads rhymes kinks braids dreads mother creation epitome creativity yeah heads nappy1embed
4783,1994,Reba McEntire,Till You Love Me,till love sent roses warned way feel wasting time ive got time ill catch ghost chance sunlight moonlight control stars heavens ill hold dreams power strong offer heart till love love looked eyes bright blue thats knew good things come wait guess wait thats oh worth embed
4785,1994,NKOTB,Dirty Dawg,dirty dawg treated right left lonely cold night wont treat better real didnt want shoulda let know didnt want girl got left sad lonely ran away home fetch bone cause yous dawg dirty dawg dawg dirty dawg dawg ooh youre dirty dirty dawg dirty dawg dawg dirty dawg dawg oh youre damn dirty gave til caught swingin man time strayed far come beggin dog didnt want shoulda let know didnt want girl got think play jerk baby ass pound dawg dirty dawg dawg dirty dawg ooh youre dirty dirty dawg dirty dawg dawg dirty dawg oh youre damn dirty yo yo want act tramp wet food stamp think time break camp crush man time met lost mil gambling bet heres chuck wagon dog heres kennel ration alpo know didnt want tried corner told blow horn little jack horner forever forbidden fast girls life fast cars em kittens theyve known amaze pull got game days save sap rap handicapped ive block didnt fall trimmed trap dawg dirty dawg dawg dirty dawg dawg ooh youre dirty dirty dawg dirty dawg dawg dirty dawg dawg oh youre damn dirty1embed
