,Year,Artist,song_name,further_clean_text
4789,1995,Martin Page,Keeper Of The Flame,keeper flame lyricsand ill train keeps rollin bend ill voice hear callin howlin wind ill river deep ill hand keeps aknockin door ill promise broken o forever vow o wont forsake cause gonna keeper flame wont forget long love rain wait gonna keeper flame someday youll know long love rain wait o gonna keeper flame money money money itll lead soul astray wanna inside temple day lay head bed ill heart keeps abeatin hard skin ill bulldozer pushin til let sun goes cause gonna keeper flame wont forget long love rain wait gonna keeper flame someday youll know long love rain wait o gonna keeper flame wanna ill red red wine going straight head ill train rollin bend ill horse keeps rockin ride end o sun goes cause gonna keeper flame wont forget long love rain wait gonna keeper flame someday youll know long love rain come lean cause wanna keeper flame wont let fade long love rain want wait o gonna keeper flameembed
4790,1995,All-4-One,I Can Love You Like That,love read cinderella hoped come true day prince charming come rescue romantic movies forget way felt romeo kissed juliet time youve waiting wait love world heaven earth girl heart need youre thats precious chance love love promise intend forever forevers mean cassanova swear true ill holding comes dream love thats everlasting baby open eyes love world heaven earth girl heart need youre thats precious chance love love want tenderness got tenderness heart want man understand look far love girl love love world heaven earth girl heart need youre thats precious chance love love love world heaven earth girl heart need youre thats precious chance love love love kiss hug baby girl heart world youre love let love girlembed
4791,1995,Deborah Cox,Sentimental,sentimental mess let cause didnt baby love makes realize couldve honey youre gone oooooooh ooooh ooooh want said slapped face friends understand chance know going crazy daze heart aint think think thats time sentimental thats reason baby let yeah thats time sentimental miss day night youre id honey lost words believe shouldve looking love youre gone want oooh ooh oooh said slapped face friends understand chance know youre gone want said slapped face friends understand chance know embed
4792,1995,Joe Diffie,Pickup Man,pickup man got truck drove thousand miles knees hauled marbles rocks thought twice hauled barbie doll bed girl door tried pay kiss began understand theres women pickup man turned sixteen saved bucks car pickup truck cruising town girl seen bobbie jo gentry homecoming queen flagged climbed cab said knew pickup man set truck roll hill wouldnt trade coupe ville got eightfoot bed know werent trucks wouldnt tailgates met wives traffic jams theres women pickup man friday nights bed truck old chaise lounge backed spot drivein know cargo light gives romantic glow wait line popcorn stand cause theres women pickup man set truck roll hill wouldnt trade coupe ville got eightfoot bed know werent trucks wouldnt tailgates met wives traffic jams theres women pickup man bucket rust brand new machine block youll know mean set truck roll hill wouldnt trade coupe ville got eightfoot bed know werent trucks wouldnt tailgates met wives traffic jams theres women pickup man yeah theres women pickup manembed
4793,1995,P.M. Dawn,Downtown Venus,downtown venus lyricsim downtown venus trying habitual dreamers dreams home downtown venus theyre trying divine self self saying know youre yeah know youre downtown venus alright kiss life life got misdemeanors mounting sleeping nows downtown venus worth worth saying know youre yeah know youre downtown venus simplicity hurt hurt oh stop screamin cause failing entertain selves downtown venus constantly remind know yeah know likeembed
4794,1995,Jamie Walters,Hold On,hold lyricsi wanna sad ive got need human touch bad saint know feel youre tears youre chorus hold till feel little stronger hold hold everythings gonna alright hold tonight hurts hurts gonna let world turn blue hand feel close aint nothin wont chorus hold till feel little stronger hold hold everythings gonna alright hold tonight know world drive knees need baby chorus hold till feel little stronger hold hold everythings gonna alright hold tonightembed
4796,1995,Vanessa Williams,The Way That You Love,way love way love know drive crazy way love know drive crazy ive waiting moment secretly counting minute hour till youre cause know whats store arms baby close door waste minute ooh lets right baby turn lights word unspoken pleasure theres way measure feel youre near whisper softly stop time flies arms savor second thrill charm lost passion moment feelings magic share look eyes know care wanna rush feeling cause loving yous real way set mood little wine candlelight emotion lets going lost inside love drifting love sweet surrender tender ooh know oh time right know ooh set soul know youve got rhythm cause higher stop stop love know youve got rhythm stop stop love know youve got rhythmembed
4802,1995,Adina Howard,My Up And Down,lyrics1st verse turn lights baby come baby let mind mmmmmhmmm gotta let know wantwhat wantwhenever need baby better ready tonight cause chorus havent heard round round shouldve known baby merrygoround havent heard round round shouldve known merrygoround 2nd verse said happy wife happy home understand youre tonight girlfriend freaky things wouldnt time hang deep heart know moan cmon lets baby mind break wanna hold tight cause tonight night wont stop till right hold tight tonight night baby youre time life yeaaah havent heard round round shouldve known baby merrygoround havent heard round round shouldve known merrygoround said chorus round round round stop nobodyll know1embed
4804,1995,Bon Jovi,Always,romeo bleeding blood feelings old dog kicked raining left drowning flood ive fighter sing love song way meant guess good anymore baby thats love baby ill forever day ill till stars shine till heavens burst words rhyme know die youll mind ill love pictures left memories different life laugh goodbye id run fingers hair touch lips hold near prayers try understand ive mistakes man holds close pulls near says words youve needing hear ill wish cause words till end time yeah love baby ill forever day told told die look face theres price wont pay words aint luck loaded dice baby try pack old dreams old lives place sun shines love baby ill forever day ill till stars shine till heavens burst words rhyme know die youll mind ill love always24embed
4805,1995,Madonna,Bedtime Story,bedtime story today day words theyve gone lost meaning function anymore lets lets lets unconscious honey lets unconscious honey today day words theyve gone lost meaning function anymore traveling leaving logic reason traveling arms unconsciousness traveling leaving logic reason traveling arms unconsciousness lets unconscious honey lets unconscious lets unconscious honey lets unconscious words useless especially sentences stand explain feel traveling traveling traveling leaving logic reason traveling gonna relax traveling arms unconsciousness lets unconscious honey lets unconscious lets unconscious honey lets unconscious inside wet longing yearning explain feel lets unconscious honey lets unconscious lets unconscious honey lets unconscious traveling traveling traveling traveling traveling traveling arms unconsciousness youve learned try forget ill explain again4embed
4806,1995,Brandy,Brokenhearted,brokenhearted brokenhearted oohyeah ooh yeahyeah yeah yeah ohwhoa oh ohoh young wise know fall love overnight oh yeah thats thought took time love right soon closed eyes saying love goodbye guess brokenhearted lifes start lonely brokenhearted hurting thing conversations time totally sure oh yeah want pain falling love poor heart endure oohoh ill listen advice remember time guess brokenhearted brokenhearted lifes lifes start start lonely brokenhearted lonely brokenhearted hurting thing oh hurting thing brokenhearted lonely brokenhearted lifes lifes yeah start start lonely brokenhearted lonely hurting thing hurting yeah starting oh starting yeah ooh oohooh oohooh oh oh ohohoh oh ohooh whoa oh ohohooh whoawhoa ooh yeah brokenhearted ladadaah whoayeah ohah ill listen advice remember time oh whoa brokenhearted brokenhearted lifes lifes start oh lonely brokenhearted brokenhearted hurting thing hurting thing brokenhearted brokenhearted lifes lifes start oh lonely brokenhearted brokenhearted hurting thing thing brokenhearted lifes start lonely brokenhearted hurting thing brokenhearted4embed
4807,1995,Anita Baker,I Apologize,apologize operator baby line cause night horrible fight admit control love man body soul road gets rough thangs meant treat baby way apologize oh believe apologize oh honest true know wrong ill sing song tryna yes operator bad dream lord heard way shouted way screamed regret cause unfair took road gets rough thangs meant treat daddy way apologize oh believe apologize oh honest true knew wrong ill sing song gonna yeah apologize unkind wish time erase goodbyes rewrite life come rain come shine wanna right time apologize believe dohonest true oh baby knew wrong thats singing song yeah yeah yes apologize oh yes apologize oh yes oh yes know wrong sing song wanna gotta need yeah yeah believe oh listen oh baby honest true talking right oh talking wrong sing song wrong baby listen right singing right wrong believe dohonest true wrong sing song believe dohonest true wrong sing song1embed
4808,1995,Luther Vandross & Mariah Carey,Endless Love,endless love love theres life thing thats right love youre breath youre step want share love hey know eyes eyes eyes tell care oh yes endless love hearts hearts beat lives begun forever forever ill hold close arms resist charms love love ill fool honey sure sure know mind oh know mind baby baby baby baby cuz baby mean world oh know endless love oh love ill fool baby sure sure know mind mind mind yes youll cuz deny love inside ill love love love endless love3embed
4810,1995,Livin' Joy,Dreamer,dreamer lyricsim dreamer love life laughter believe savior pure lonely heart bleed learned hold love stay strong love close eyes dreaming right belong lie dreaming hearts smooth soul unbelieving feeling feeling feel hands lips heat body whisper love love love leave dreamer lie dreaming hearts smooth soul unbelieving feeling feeling feel hands lips heat body whisper love love love leave dreamer dreamer dreamer love life laughter believe savior pure lonely heart bleed learned hold love stay strong love close eyes dreaming right belong lie dreaming hearts smooth soul unbelieving feeling feeling feel hands lips heat body whisper love love love leave dreamer lie dreaming hearts smooth soul unbelieving feeling feeling feel hands lips heat body whisper love love love leave dreamer dreamer dreamer dreamerembed
4813,1995,Natalie Merchant,Carnival,carnival ive walked streets virtual stage makeup faces actors took places ive walked streets carnival sights cheap thrillseekers vendors dealers crowded blind lost inside mind hypnotized mesmerized eyes seen ive walked streets spectacle wealth poverty diamond market scarlet welcome carpet rolled ive walked streets madhouse asylum wildeyed misfit prophet traffic island stopped raved saving blind lost inside mind hypnotized mesmerized eyes seen wrong wise shut eyes play hypnotized paralyzed eyes eyes seen seen blind blind lost lost wrong wrong wise wise strong hypnotized mesmerized eyes eyes great street carnival whoa carnival blind blind lost lost wrong wrong wise wise strong hypnotized mesmerized eyes eyes great street carnival carnival4embed
4814,1995,Sophie B. Hawkins,As I Lay Me Down,lay felt springtime february morning courtyard birds singing praise recalling things said feel right carry today lay sleep pray hold dear far away ill whisper sky wake happy wonder feel high sorrow heavyhearted til sounds church bells whistle train summer evening want meet barefoot barely breathing lay sleep ooh la kah koh pray hold dear far away ill whisper sky ooh la kah koh wake happy oh darling lay sleep ooh la kah koh pray hold dear far away ill whisper sky ooh la kah koh wake happy near flower need rain clear season change sun comes lay sleep ooh la kah koh pray hold dear far away ill whisper sky ooh la kah koh wake happy lay sleep ooh la kah koh pray hold dear far away ill whisper sky ooh la kah koh wake happy wonder ooh la kah koh mmm sun comes ooh la kah koh sun comes sun comes sun comes oh sun comes sun comes outembed
4816,1995,2Pac,So Many Tears,tears shall fear man god walk valley death shed tears die wake god walk grab nigga heaven elementary thrived misery left grew dyin breed inside mind place rest got thug life tatted chest tell feel livin past wanna blast remember kato longer hes deceased sirens seen murdered streets rest peace heaven g remember homies cemetery shed tears suffered years shed tears lord lost peers shed tears strugglin business means label greedy gettin green seldom seen fuck world cause cursed havin visions leavin hearse god feel away pressure pain happiness goin blind spend time cell aint livin know destiny hell fail life denial die baptized eternal ill shed tears lord suffered years shed tears lord lost peers shed tears lost weary tears suicidal stand near calculated step bring closer embrace early death theres nothin left mercy streets rest barely standin pieces screamin peace soul deleted mind demons tryin break free planted seeds hatched sparkin flame inside brain match dirty game memories misery paintin picture enemies killin sleep survive til morning sun lord forgive sins cause come lord god suffered years shed tears god lost peers lord knows tried witness homicide seen drivebys takin lives little kids die wonder walk brokenhearted glance chalk line gettin high aint life wanna change aint future bright stuck game trapped inside maze tanqueray influenced gettin crazy disillusioned lately ive wantin babies wasnt shady trust lady cause shes product poison hearin noises think shes fuckin boys fallin floor beggin lord let heavens door shed tears lord lost years shed tears lost peers shed tears lord suffered years shed tears god lost peers shed tears79embed
4817,1995,Da Brat,Give It 2 You,2 gonna money bass ya goin gonna cause da brats place gonna o g funk bandit whos b rat fact aint heard seat lay listen bust yo ass funkdafied mission kick shoes relax feet thats right party da brat beat goes thats goes ima negroes hoes listen sure listen miss shit cause bitch bad hell truth matter splatter kids talk shit gangtas way thats fools dealt wit want wanna bitch trip step step ima bust yo lip cause know know know want trippin ima gonna gonna gonna gonna gonna brat fantastic romantic singlehanded bandit damn better better flow flow negroes hoes devastating captivating elevating smooth operating love high nigga nigga request guess time fucked goes puff puff puff know aint baddest new bitch hiphop biz o g brat blunts smoke let cause shit tight enjoy night gonna 9 fuckin 4 da brat know gonna betta ask mothafuckin body lodi dodi came party beeotch ha ha ha ay jd sing shit boy gonna word hey word hey word hey real shit word hey word hey word hey real gonna gonna gonna gonna gonna gonna gonna gonna gonna you2embed
4821,1995,D'Angelo,Brown Sugar,brown sugar let tell bout girl maybe shouldnt met philly brown sugar making love constantly thats eyes shade blood burgundy way kiss unlike way kissin kissin missin wont listen brown sugar babe gets high love know behave want brown sugar sugar want brown sugar sugar want brown sugar sugar want brown sugar sugar ooh ooh oh sugar youre close love right knees let hit sweet honey comes skin caramel cocoa eyes got big sister chocolate thai brown sugar babe gets high love know behave want brown sugar sugar oh want brown sugar sugar want brown sugar sugar want brown sugar sugar ooh ooh yo tail cut thatd story goes brown sugar got open want huh ménage à trois think ima hit solo hope niggas mind stick tongue bout ready hit pretty gritty bitty persistence yo think yall hear brown sugar babe gets high love know behave want brown sugar sugar oh baby want brown sugar sugar want brown sugar baby want brown sugar sugar oh babe oh yeah want brown sugar sugar oh gimme brown sugar baby want brown sugar sugar baby oh babe want brown sugar sugar ii oh babe want brown sugar sugar ooh babe ooh oh babe want brown sugar sugar brown sugar sweet baby want brown sugar sugar baby good baby want brown sugar sugar oh brown sugar yeah oh want brown sugar sugar brown brown want brown sugar sugar oh oh baby want brown sugar sugar sugar baby sweet night want brown sugar sugar brown sugar cup want brown sugar sugar oh brown sugar baby sweet want brown sugar sugar youre good ohoh want brown sugar sugar20embed
4823,1995,Boyz II Men,I Remember,remember think yeah yeah think oh times got rough saw truth thought design love real life yeah hearts drifted apart longer bind yeah yeah nothings alright youre mind yeah yeah yeah remember wouldnt come whoa whoa yeah wanna wanna supposed let way way way remember day yeah wouldnt talk day tv tried play got played return yeah yeah messed real man bridges burned woo huh gave time figure scheme dream whoa oh trying know youre order mind yeah yeah hey remember wouldnt come oh wanna wanna supposed let way way woo remember day wouldnt talk day tv remember wouldnt come remember wanna wanna supposed let way way remember day wouldnt talk day tv gave time figure scheme dream whoa oh oh oh oh youre trying know theres way remember wouldnt come wanna wanna supposed let way remember day yeah wouldnt talk day tv day tv remember wouldnt come remember wouldnt come wanna wanna supposed let way way way remember day remember day yeah yeah wouldnt talk day tv remember oh oh oh oh yeah yeah supposed let way way yeah yeah oh ohembed
4827,1995,Elton John,Believe,believe believe love got love boundaries costs nothin touch war makes money cancer sleeps curled father means somethin churches dictators politics papers crumbles sooner later love believe love believe love got love boundaries borders cross love simple hate breeds think difference child disease father son love guns families kill love believe love love wouldnt believe anythin lives breathes love id anger wouldnt believe right stand love wouldnt believe believe wouldnt believe love believe love believe love believe loveembed
4828,1995,DJ Quik,Safe + Sound,safe sound quik youre gangster believe love believe friends niggas believe making ends cause bitch wants trick know moneys got safe sound bout 84 14 kickin trees westside 436 west spruce spot wayne mike shot nookie slug rock donzelle let shit kick head aint spinning dippin sticks cause way day love wet baggie screaming órale ese laces caddy deny hit buddah thai going round round driveway coming way zoned young age spruce street stage peep 8th grade steady niggas age getting paid yeah nigga zap young blue million age 22 dan cedar block little motor james piru street boulders rest peace little noopy didnt brag rollin 10th grade fino rag goddamn asked sister jack help told look nigga sell dope sells kickback collect wealth thinking aint fly dirty ass khakis tshirt dingy pro wings tacky way flip little funky dollars earned right learned believe jesus believe allah niggas believe making dollars cause niggas wanna untrue know moneys good believe love believe friends niggas believe making ends cause bitch wants trick know moneys got safe sound peep gets dub 1st 15th fact instead spending gave money jack jump rig said ill right came plastic sack turned 40 80 profit keepin rocks house pocket sister jackies kitchen boiling water baking soda fresh powder baby bottles making boulders checking fat grip slanging rocks tricks donzelly dippin sticks went bought 6 500 block peach running thangs ya moving gallon gallon ki ki telling seen niggas hitting sherm pass wall cluckers wanting hit bad let panties fall teeth rotten hair gone checks blown breaking pebbles bam bam safety pin splitting rocks um tic toc went wearing khakis sergio tacchini rocks disappearing great houdini bought gang clothes equipment getting new shipment money gets money gets spent jealous niggas acting makes evident believe jesus believe allah niggas believe making dollars cause niggas wanna untrue know moneys good believe love believe friends niggas believe making ends cause bitch wants trick know moneys got safe sound check 1988 moved away la niggas playa hamm gina gave place stay way rock bitches starting jock cause hair getting longer games getting stronger pull weight went got job hamm gina started squab stay told goes way moved took 2001 browning clowning players astounding nigga pimpin carl got staring hair rolling street rag 7 darren shabby bleu feathered swerved el p7s park away curb big jam la mike darryl nicky bike nigga big shane tweed rolling weed hoes come revolving door leaving nut mouth making living pimpin fools trip cause love god love grip believe jesus believe allah niggas believe making dollars cause niggas wanna untrue know moneys good believe love believe friends niggas believe making ends cause bitch wants trick know moneys got safe sound ooh ooh yeah safe sound yeah safe sound baby ooh ooh yeah safe sound yeah safe sound gotta let know gotta let know gotta let know comptons house5embed
4829,1995,20 Fingers Featuring Gillette,Short Dick Man,short dick man haha haha hahaha haha haha hahaha want short dick man want short dick man want short dick man want short dick man want want want want want short dick man world fucking thing need fucking tweezers little thing away got smallest dick seen life fuck outta eenyweeny teenyweeny shriveled little short dick man want want want eenyweeny teenyweeny shriveled little short dick man want want want want short dick man want short dick man want short dick man want short dick man want short dick man want short dick man want short dick man want short dick man eenyweeny teenyweeny shriveled little short dick man want want want want eenyweeny teenyweeny shriveled little short dick man want want want want eenyweeny teenyweeny shriveled little short dick man want want want want eenyweeny teenyweeny shriveled little short dick man want want want want ahhuhuh ahhuhuh ahhuhuh ahhuhuh isnt cute extra belly button need pants honey want want want want want want want want short dick man eeny eenyweeny eeny eenyweeny eeny eenyweeny eeny eenyweeny eeny eenyweeny eeny eenyweeny eeny eenyweeny eeny eenyweeny eeny eenyweeny eeny eenyweeny eeny eenyweeny eeny eenyweeny eeny eenyweeny eeny eenyweeny eenyweeny teenyweeny shriveled little short dick man need fucking tweezers little thing away got smallest dick seen life fuck outta want short dick man want short dick man want short dick man want short dick man want short dick man want short dick man want short dick man want short dick man haha haha hahaha haha haha hahahaembed
4835,1995,Edwin McCain,Solitude,solitude lyricstim good friend yea brother imaginary comic book superheroes kids wasting time prisoners youth growing strong til day taken away wrong tim came round day boy stories tell mama kept locked rehab doctors said said yeah anger hatred mom tell prom said thank mom fixing clouded broken mind excuse little rude missing childhood brother prime enjoyed convenience solitude growing days aint easy kids theyre best mama better think twice lock kid throw away key cause soon little boy gonna man said thank mom fixing clouded broken mind excuse little rude missing childhood brother prime enjoyed convenience solitude tim left town yesterday left words said yeah know lifes got lot childhood gone afraid dying gonna grab world horns learn live said thank mom fixing clouded broken mind excuse little rude missing childhood brother prime enjoyed convenience solitudeembed
4836,1995,Janet Jackson,Runaway,runaway excuse ive seen world places lots friends different races ive fun world true african skies nairobi mood fell asleep tuscany dreamed thing missing runaway love yeah yeah yeah yeah runaway love yeah yeah yeah yeah woke australian breeze danced dance aborigines oh moon glow mexico dreamed thing missing thats runaway love yeah yeah yeah yeah runaway love yeah yeah yeah yeah sail waters colors wont need compass love guide way need long got need hurry weve got everyday want share world springtime paris feels good oh reality wishes come true runaway love yeah yeah yeah yeah know good time yeah know good time yeah oh come know good time yeah itll fun walking rain spain know good time yeah ooh didnt hit note wasnt good time know good time yeah think know good time yeahembed
4837,1995,Dionne Farris,I Know,know lyricsi know youre yeah yeah know dialed number know youre yeah yeah know care know youre yeah yeah know love know youre yeah yeah think fair know dialed number know youre know youre gonna work time gonna work time know youre yeah yeah sing key know youre yeah yeah youre blame know youre yeah yeah know forgive know youre singing lost love havent changed recognize symptoms know ive changed mind know youre gonna work time hey said gonna work time gonna work time gonna work time know youre baby know know love recognize symptoms know ive changed mind know youre gonna work time3embed
4840,1995,Elastica,Stutter,stutter need whine boy windup toy stutter feet time boy youve wine stumble street isnt problem sheets tell youre love wait bedtime treats lack flat hate ate tell way touch new lay great woah feed line boy hear voice use phone theres need coy isnt problem solve relax wrong train love tie tracks lack flat hate ate tell way touch new lay great woah want woah want woah1embed
4841,1995,After 7,Til You Do Me Right,til right love gave heart best satisfied took love selfishly love gave sun said bright gave diamond rings said didnt shine gave world said world rough til right want talk wanna hear speak til right wrong gonna come good gonna come til change ways change evil ways girl talk breaking heart cruel understand youve wrong tried strength said strong tried compromise gave love despite evil ways guess clear theres thing left til right want talk wanna hear speak til right wrong gonna come good gonna come til change ways change evil ways theres time know feel inside heart telling strange ooh girl deny got try youll love stronger youre willing change til right want talk wanna hear speak til right wrong gonna come good gonna come til change ways til right want talk wanna hear speak til right wrong gonna come good gonna come til change ways change ways til right want talk wanna hear speak til rightembed
4842,1995,Barry White,Come On,come youre freak sweet freak play hypnotic erotic sexy little ganes play look movement subtle little movements play baby believe love play come come come girl come baby come come come babe come baby come come come girl come baby come baby stand way dance oh baby body youre teasing oh yeah baby ah baby ill love day night wrong right ill satified cause satifactions guarenteed oh wait mean girl need love love love oh baby oh right right right right baby come come come girl come baby come come come babe come baby come come come girl come baby come baby theres world oh baby baby youre pretty eat girl stop baby baby love night day way love satisfaction guarenteed oh baby sure mean girl need love love love oh baby oh right right right right baby love play got mean love play ill love day night wrong right ill satified cause satifactions guarenteed oh wait mean girl need love love love oh baby oh right right right right baby come come come girl come baby come come come babe come baby come come come girl come baby right babyembed
4843,1995,Crystal Waters,100% Pure Love,100 pure love pure love past midnight close eyes souls half alive ill ive come care aware youll share want love want tonight taking heart fight ill answer ill wish ill fantasy favorite dish middle gonna till end 100 pure love middle gonna till end 100 pure love saw brand new high thought fly hear ride sin ill win ive want love want tonight taking heart fight ill answer ill wish ill fantasy favorite dish middle gonna till end 100 pure love middle want want gonna till end want want 100 pure love want want middle gonna till end 100 pure love middle want want gonna till end want want 100 pure love want want youll run away youll friend play youll home home middle gonna till end 100 pure love middle gonna gonna till end gonna 100 pure love middle gonna till end middle middle middle middle middle middle middle middle middle middle gonna till end middle middle middle middle middle middle middle middle middle want want want want want want want want want want want want want want want want want want want want want want want want want want want want want want want want play play play play play play play play play play play play youll friend play play play play play play play play play play play play play play 10 20 30 baby givin 100 pure love talkin 20 talkin 30 40 baby givin 100 pure love1embed
4845,1995,Blessid Union Of Souls,I Believe,believe lyricswalk blindly light reach hand ask questions try understand open mind open heart arent far apart cause believe love answer believe love way violence spread worldwide theres families onthe street sell drugs children oh eliminate future things today money incentive makes okay believe love answer believe love way believe love answer believe love way ooooh ive seeing lisa little year said shes happy lisa lives fear day daddys gonna shes love nigga streets oh lose shes cause believes love day hell understand hell person black man cause believe love answer believe love way believe believe believe believe love answer believe love way love way x7embed
4846,1995,Tracy Byrd,The Keeper Of The Stars,keeper stars accident findin hand long knew believe youre life heavens smilin look tonight tip hat keeper stars sure knew doin joined hearts hold hold arms ive got ill need thanks keeper stars soft moonlight face oh shine takes breath away look eyes know deserve treasure words gratitude tip hat keeper stars sure knew doin joined hearts hold hold arms ive got ill need thanks keeper stars accident findin hand long knew1embed
4847,1995,Filter,Hey Man Nice Shot,hey man nice shot wish wouldve met little late couldve taught couldve saved face think early ending wrong theyre right look got strong thats hey man nice shot good shot man thats hey man nice shot good shot man man gun hey man fun nice shot smokes gone air clear right got new kind fear youd fight right strong theyd stick face let smell consider wrong thats hey man nice shot good shot man thats hey man nice shot good shot man man gun hey man fun nice shot man gun hey man fun nice shot man nice shot man wish met wish met wish met wish met id nice shot7embed
4850,1995,Masta Ace Incorporated,Sittin' On Chrome,wutangkillabees cd collection lyrics2 world 2pac eyez 2pac 7 day theory 2pac aka makaveli r u remember 2pac rise 2pac outlawz 5 rich die tryin 50 cent trap lord aap ferg longliveaap aap rocky atlonglast aap aap rocky malibu anderson paak heavy lies crown army pharoahs rock hard place artifacts low end theory tribe called quest b aa baauer baby huey story living legend baby huey vinyl hell sequel bad meets evil goddess deluxe edition banks beach house beach house devotion beach house ill communication beastie boys hello nasty beastie boys hot sauce committee pt2 beastie boys live underground big krit vespertine björk vulnicura björk bob presents adventures bobby ray bob creepin ah come bone thugsnharmony e 1999 eternal bone thugsnharmony north borders bonobo brown study brown study coming busta rhymes genesis busta rhymes c war report caponennoreaga 13 ces cru sound revenge chamillionaire ghetto villain champ mc lord willin clipse hell hath fury clipse automatic cognito common curtis curtis mayfield super fly curtis mayfield black sunday cypress hill d funkdafied da brat random access memories daft punk welcome jamrock damian marley lack better deadmau5 singles 8185 depeche mode expansion team dilated peoples safe sound dj quik dark hell hot dmx donny hathaway live donny hathaway shack dove shack chronic drdre 2001 drdre compton drdre whatcha whatcha dramatics e drdre 187um killa eazye hold das efx world eightball mjg ridin high eightball mjg sweat technique eric b rakim new amerykah pt1 4th world war erykah badu esoteric vs japan esoteric f boy meets world fashawn ceremonials florence machine pinata freddie gibbs madlib channel orange frank ocean uncle jam wants funkadelic ds2 deluxe edition future g documentary game documentary 25 game jesus piece game moment truth gang starr vodka ayahuasca gangrene liquid swords geniusgza apollo kids ghostface killah pieces man gil scottheron vinyl odd couple gnarls barkley h heart dress predator ice cube lethal injection ice cube hot buttered soul isaac hayes shaft isaac hayes tough brothers isaac hayes vinyl j 2014 forest hills drive j cole escape television jan hammer vinyl reasonable doubt jayz vol3 life times s carter jayz blueprint jayz unplugged jayz american gangster jayz watch throne jayz kanye west 444 jayz week jean grae thief fallen jedi mind tricks b4da joey bada painkiller judas priest u juelz santana k college dropout kanye west late registration kanye west beautiful dark twisted fantasy kanye west 999 kaytranada good kid maad city kendrick lamar pimp butterfly kendrick lamar damn kendrick lamar man day end day kid cudi king da playaz ball kingpin skinny pimp genius krizz kaliko love war kwabs l miseducation lauryn hill fizzyology lil fame termanology curious tale trials persons little simz word mouf ludacris ritualize lushlife m exposed game mackadelics madvillainy madvillain whats going marvin gaye disposable arts masta ace sittin chrome masta ace incorporated dreams worth money meek tical method man tical 2000 judgement day method man blackout method man redman blackout vol2 method man redman born mf doom supa dupa fly missy elliott respect missy elliott infamous mobb deep hell earth mobb deep ghetto fabolous mystikal n straight outta compton nwa illmatic nas cd vinyl written nas autobiography nas distant relatives nas damian marley gfunk classics vol1 2 nate dogg music nate dogg nina simone sings blues nina simone yes lawd nxworries o exodus unheard rhythms oh return 36 chambers dirty version ol dirty bastard atliens outkast aquemini outkast p mothership connection parliament monumental pete rock smifnwessun long live pimp pimp c prhyme prhyme ghetty green project pat mista play everythangs workin project pat pusha t king push darkest dawn prelude pusha t r built 4 cuban linx raekwon rage machine rage machine master rakim game thrones soundtrack season 4 ramin djawadi game thrones soundtrack season 6 ramin djawadi fight feelin rappin4tay dare iz darkside redman muddy waters redman come rick james bustin l seven rick james vinyl street songs rick james vinyl port miami rick ross want roots s diamond life sade process sampha oxymoron schoolboy q dark red shlohmo platinum slim thug doggystyle snoop doggy dogg tha doggfather snoop dogg limit dogg snoop dogg tha meal snoop dogg tha blue carpet treatment snoop dogg extended play statik selektah lucky 7 statik selektah rollin stone stevie stone t king ti crazyndalazdayz tear da club thugs everready tech n9ne killer tech n9ne sickology 101 tech n9ne kod tech n9ne 6s 7s tech n9ne welcome strangeland tech n9ne ebah tech n9ne tech n9ne strangeulation tech n9ne dogg food tha dogg pound underground volume 1 19911994 6 mafia da end 6 mafia smoke clears 6 mafia da unbreakables 6 mafia known unknown 6 mafia fit short rodeo deluxe version travi scott drummer travis barker adrenaline rush twista u ridin dirty ugk underground kingz ugk v good music cruel summer artists kill vol 1 artists man iron fists artists murder case artists wu massacre artists season assassin vinnie paz w regulate g funk era warren g shadiest wc trilogy weeknd kiss land weeknd beauty madness weeknd starboy weeknd enter wutang 36 chambers wutang clan wutang forever wutang clan x restless xzibit y krazy life yg inspiration thug motivation 102 young jeezy z zapp ii zapp vinyl living zro15embed
4851,1995,Paula Abdul,Crazy Cool,crazy cool sitting chilling thinking babe youre long cool glass lemonade bitter sweet want bad hurts complete life quench thirst sexy sexy feelings come playing dress summer breeze gentle touch falling leaf open love gotta believe gotta believe nothings good baby want free youve given given cause cool crazy cool crazy cool groove crazy groove baby act fool hey cool crazy cool youre crazy cool groove crazy cool need sexy laying grass writing poetry looking midnight sun youre making love showed cool crazy cool know meaning ecstasy ecstasy nothings good baby want free youve given given cause cool crazy cool crazy cool groove crazy groove baby act fool hey cool crazy cool youre crazy cool groove crazy cool need sexy ooooo gotta believe nothings good baby want free youve given given cause cool crazy cool crazy cool groove crazy groove baby act fool hey cool crazy cool youre crazy cool groove crazy cool need sexy cause cool crazy cool crazy cool groove crazy groove baby act fool hey cool crazy cool youre crazy cool groove crazy cool need sexyembed
4852,1995,Fu-Schnickens,Breakdown,breakdown lyricsbreakdown flow break bet flow break breakdown flow break bet flow break breakdown flow break bet flow break breakdown flow break bet flow break breakdown flow break bet flow break gets busy mic rythmic flows thats bound leave bangin gets exposed cause way display style wicked run counters tickets know got dreams roasting hot got flavor candy grocery shop dramatical craftmatical soul fanatic addict crazy flow thats automatic flowin bolts sky zeus old schooler drops mathematics ruler protractor knack hang come steez actor shit real homeslice bring dice roll gonna lose takin dough punch eye come raid town sound spunk break cause bet flow break breakdown flow break bet flow break breakdown flow break bet flow break breakdown flow break bet flow break breakdown flow break bet flow break ah ah aah achoo timbuckone timbucktwo ting mr magoo sniffling huhhuhha ccccoughing achoo stuffy naughty nappy jackinabox dreadlocks rocks na hicup na hic whats tictictock oops shiver timberland boots oh gosh oh goose shucks yo huh huh eeh got hicups rips tracks jumpin jehoshaphat sound wabbit tracks thunder lightning style frightening tell loco ooh know lumps em eeh bruise em black eyes stitches theyre mad keeh cause went rags riches scruples lose em damage twofaced kid gruesome twosome got secrets know yoko ono changing visions blurry quasimoto yo ill switch hicup switch hicup switch hicup switchup hii hicups emcees quickly pack freaks fuschnick style wild microphone yo peep freaks hicup freaks hicup freaks drunken technique makin pips squeak lagoon way shits creek sleep time creep roll mad deep shit gets kind comes fleet break flow break bet flow break breakdown flow break bet flow break breakdown flow break bet flow break breakdown flow break bet flow break breakdown flow break bet flow break funk makes tipsy got whisky yo funkdafied horror tomorrow ill flip tip er blur eyes rectifies funk freak peep speak grammar rocks bandana shave head clean screens vanna white roll write light spliff time recite verse hearse leavin believe feel real tv science fiction addiction funk fumes skunk cause bound jump check sound bet flow break breakdown flow break bet flow break breakdown flow break bet flow break breakdown flow break bet flow break breakdown flow break bet flow break bet flow break bet flow break bet flow break bet flow break bet flow break bet flow break down1embed
4856,1995,Fun Factory,I Wanna B With U,wanna b u lyricsi wanna b wanna b baby yeah baby wanna b cause love true theres things wanna wanna b night day oh baby oh baby stay whats whats wrong stop loving cause love deep know need fulfill dreams wanna b matter come need hit hit straight cause girl know wicked point know movin wanna cause heart groovin girlie girlie tell want deep love baby wanna hear lovely words come baby come wanna wanna wanna girl come love got right wanna weak way cause love walk wayembed
4858,1995,Brownstone,If You Love Me,love wanna rain parade starting question love looking affair want love based truth dare hurt pride right decide ready settle want heart time start act youre light dark love trust want need prove love trust want need prove actions speak louder words things ive heard want body soul want love come hurt pride right decide ready settle want heart time start act youre light dark love trust want need prove love trust want prove love trust prove prove oh oh wanna touch baby spread love honey care gotta baby true love share prove prove prove prove prove prove it2embed
4859,1995,Des'ree,You Gotta Be,gotta listen day unfolds challenge future holds try head sky lovers cause tears ahead release fears stand counted ashamed gotta bad gotta bold gotta wiser gotta hard gotta tough gotta stronger gotta cool gotta calm gotta stay know know love save day herald mother said read books father read try solve puzzles sweet time cash different view oh hey hey gotta bad gotta bold gotta wiser gotta hard gotta tough gotta stronger gotta cool gotta calm gotta stay know know love save day time asks questions goes leaving stand pace world keeps spinning stop try time danger staring face oh remember listen day unfolds challenge future holds try head sky lovers cause tears ahead release fears oh hey hey gotta bad gotta bold gotta wiser gotta hard gotta tough gotta stronger gotta cool gotta calm gotta stay know know love save day gotta bad gotta bold gotta wiser gotta hard gotta tough gotta stronger gotta cool gotta calm gotta stay know know love save day gotta bold gotta bad gotta wise gotta hard hard know love save day gotta bad gotta bold gotta wiser gotta hard gotta tough gotta stronger gotta cool gotta calm gotta stay yeah gotta bad gotta bold gotta wiser gotta hard gotta tough gotta stronger5embed
4860,1995,Jeff Foxworthy,Redneck Stomp,redneck stomp lyricsif youve television 5 times describing tornadoes sounded redneck youve cut grass car redneck dad walks school grade redneck youve drunk fish somebody asks id belt buckle day somebody comes house mistakenly thinking having yard sale youve haul paint water tower defend sisters honor redneck dog wallet chain redneck fun way talk telling said gonna real surprised habit st petersburg yall truck goin big house youve financed tattoo youve change offering plate redneck words south parts country come south words likeyunt goin mall yunt letter start anybody know word alotaight thats word texasaight round lunch time day youll hear somebody hey jeet naw dju yunt aight family reunion meet women smoked wedding redneck sign says crack reminds pull jeans redneckembed
4861,1995,Xscape,Who Can I Run To,run stand contemplating right thing decide wrong direction life lies ahead strong determination afraid change care satisfy stay right run share space run need love run space laughter run need love mind confusing special everyday trying ive got know place know love names message clear takes time patience bring near got tell run share space run need love run space laughter run need love9embed
4862,1995,Redman,Can't Wait,wait possibly lot rain afternoon thunderstorms highs mid eighties lows seventyfive degrees 1130 wfds darkside radio dave rockin reel caller caller youre air yeah yeah yeah roz newark wanna hear tune redman wait tune bomb yo got coming darkside radio wait woo yo yo yo comin live smokin mad phillies niggas hoodaville section niggas weequahic section word bond somebody said jamaica queens motherfucker fuck gon set jersey fuckin hidouse midouth rahrah cerebral palsy flows bes wet girls drawers crack phills spread buddha hiddash roll ask chipped bag et cetera roll blunts textures pick bags smoke extras truth vodk oneeighty proof drop drawers ill fuck daisy dukes true fingers air youre high high walk f drive drive swing batting average half good reggie jacksons thats talk backwards uh chumps bogart shit humphrey beat ran 21 jump street 90210 fuck yo movies nigga puffin buddha row wait check yall wait stop wait check yall wait woo stop wait check yall wait stop wait check yall wait stop smoky boy land lost charlie angels boss coolin round bliddocks rock round cliddock gliddock cocked 16th lenox ask roger thomas gettin scopic milk tits butter blue bonnet got funk got funk ayy ayy ayo got weed got blunts sniffed puff woolas jam 88 twenties gram brizzail feel braille hell write names walls smoke spots buyin l fly guy force luke sky menage e trois bitch youre fly funkadelic rockin mics fourth grade terminate x terminate schwarzeneg dumdidum rock buju banton soup wonton funk tons drums crews making cheese tonights night baby suck wait check yall wait stop wait check yall wait stop wait check yall wait stop wait check yall wait stop said catch atrain left aha smoke choc set shit boba fett aha big niggas housing projects woo runnin ya continue split guts grab rail scared lines rock got whits pernell shits bomb akinyele rickety rocket mind deep loch ness waste niggas toxic wet galoshes handle biz yes cause chaos bring lot def jams yes act stupid ill pop trunk claclunk babump babump ooh cool smooth blue suede shoes yall faggots slept huffman koos word dan tan pillow cool b switchin speeds bruce lee ridin fuji movie drop fuck funky box coochies loose leaf yo yo yo said switchin speeds bruce lee ridin fuji movie huh sayin shit didnt laugh figure shit home hahahaha8embed
4863,1995,Brownstone,Grapevyne,grapevyne ooh ooh ooh ooh ooh heard heard grapevyne boy know heard grapevine aint feelin fine hope feel better yes looked eyes said night cheat break heart inside knew love untrue thought boy wrong wrong somethin thatll catch ya lose damn good thing lovin good losing love shame baby heard grapevine aint feelin fine baby hope feel better yes baby happened day left day havent best havent best baby hope feel better oh yes choose play love games lose face pain lonely nights heartache space ill share dreams precious tender things everybody plays fool guess played somethin thatll catch ya lose damn good thing lovin good losing love shame baby heard grapevine aint feelin fine hope feel better yes baby happened day left day havent best havent best babe hope feel better yes oh boy faith trust love didnt work needed lovin yes needed lovin lady theres nothin heres dear john letter ive written needed lovin yes needed lovin hey somethin thatll catch ya wrong told lies somethin youll live regret hurt bad babe deep heart feel sorry ya lose damn good thing lovin good losing good love shame baby heard grapevine aint feelin fine hope feel better yes baby happened day left day havent best havent best baby hope feel better yes oh lovin oh heard heard nonononononono heard great grapevyne heard heard grapevyne heard grapevyne grapevyneembed
4867,1995,2Pac,Temptations,temptations heyyyy heyyayyaahhyy yo mo bee mayn drop shit know time booyaow know time grab hand know sayin uh throw finger hey yo throw yall fingers thug style baby thug style yknow tell baby lonely wanna rush ya help ya youre let touch ya wrong love tell cause caught life live hell thought id day calm aint heard ive known clown thats word walking looking good yes got body sex fiend youre killing attitude match right phony cause hate act know ive stressing spotlight want fame industrys lot crap game aint time commitment gotta minute miss known night stand look wanna honest man temptations heyyyy heyyayyaahhyy throw finger heyyyy heyyayyaahhyy homies heyyyy heyyayyaahhyy em finger heyyyy heyyayyaahhyy know baby know youve searching happy job needed man money care cheat committed heaven knows getting weak wanna hit ride gettin high hear people calling passing everybody knows balling god gotta falling hard cuties know pressure getting shaky pull dress cool stroke wait decide tell want thats lie close let whisper dirty words ears kiss ya curve slow baby rush slow hold longer let open gates waterfall heaven worry let heard heyyyy heyyayyaahhyy em finger heyyyy heyyayyaahhyy homies heyyyy heyyayyaahhyy em finger heyyyy heyyayyaahhyy thug know baby know youve searchin happy job needed man money care lot people think easy settle got woman thatll town wanna gotta temptation got ready release fluid sensation sit conversate know hand cause thugs lonely understand hardest homies need attention catch blowin telephone reminiscin wanna movies park lets spot dark passion hold tight need lights moonlight know man aint lovin right youre lonely depressed need thug life talkin want leave ill walkin later cause baby player heard em finger homies yo gonna ninetrey yknow throw fingers know gonna peep run game niggas uptown em finger throw hands em finger28embed
4870,1995,Soul For Real,Candy Rain,candy rain love dream candy coated raindrops youre candy rain loved thought youd die giving way tell want cause love dream candy coated raindrops youre candy rain love dream right thought need life want need know know cause love dream candy coated raindrops youre candy rain love dream candy coated raindrops youre candy rain love dream candy coated raindrops youre candy rain candy coated raindrops candy coated raindrops love dream candy coated raindrops youre candy rain love dream candy coated raindrops29embed
4871,1995,Sheryl Crow,All I Wanna Do,wanna hit aint disco aint country club la wanna little fun die says man apropos says william sure hes billy mac buddy hes plain ugly wonder hes day fun life drinking beer noon tuesday bar faces giant car wash good people world washing cars lunch break hosin scrubbin best skirts suits drive shiny datsuns buicks phone company record store theyre billy cause wanna fun got feelin wanna fun got feelin wanna fun sun comes santa monica boulevard good beer buzz early mornin billy likes peel labels bottles bud shreds bar lights match oversized pack lettin burn fingers blowin cursin hes watching bottles bud spin floor happy couple enters bar dangerously close bartender looks want ads wanna fun got feelin wanna fun got feelin wanna fun sun comes santa monica boulevard bar day night car wash matches buds clean dirty cars sun moon wanna fun got feelin wanna fun got feelin wanna fun got feelin party begun wanna fun wont tell youre wanna fun sun comes santa monica boulevard sun comes santa monica boulevard4embed
4872,1995,Sting,When We Dance,dance loves love walk away shame id town id change watches counts buy soul hand golden rings owns bird sings dance angels run hide wings priest said souls salvation balance angels underneath wheels passion faith fashion dance angels run hide wings love going place live ive got dance angels run hide wings dance angels run hide wings break walls shout heavens gate id hands id destroy dark machineries fate cathedrals broken heavens longer hellfires promise away id saying love wont love love wont care way hell mistreat stay come live children love life youll come wife dance angels run hide wings dance angels run hide wings dance angels run hide wings dance angels run hide wings2embed
4874,1995,Steve Perry,Missing You,missing lyricsoh missing hurt heart eyes shows past relive know remember things meant memories surround wont let forget wrong secrets worth keeping faith believe hearts keeping missing fear dark stares wall eyes picture wont let remember felt pain king pretenders shame wrong secrets worth keeping faith believe hearts keeping oh missing missing oh missing gave gave know id instead missing place lying oh missing oh missing youembed
4876,1995,Better Than Ezra,Rosealia,rosealia lyricswhere gone rosealia crowd hell ya walk real fast stay low times chances fighting left tired fighting goes mask wearing cape mask rosealia mask wearing cape mask rosealia señorita kind love going kill ya fake smile dodge blows times chances fighting left tired hurting goes mask wearing cape mask rosealia mask wearing cape mask rosealia jealousy rip heart jealousy turn hand fist fighting left tired fighting goes mask wearing cape mask rosealia mask wearing cape mask rosealia mask wearing cape hey hey mask wearing cape rosealia rosealiaembed
4879,1995,Joshua Kadison,Picture Postcards From L.A.,picture postcards la lyricsim piano player eddies bar rachel shes waitress wants star swears shes gonna big someday shell send picture postcards la time closing play rachel cleans listens music listen dreams swears shes gonna shes going way send picture postcards la send postcards la signed love forevermore picture postcards la hang refrigerator door rachel id love picture california sun rachel shares pillow asks things think shes pretty way sings know answer smile send picture postcards la send postcards la signed love forevermore picture postcards la hang refrigerator door rachel id love picture california sun rachel stands middle bar scene late clap hands puts apron says week gonna shell buy ticket pack things leave know story pretend believe comes makes stay picture postcards la send postcards la signed love forevermore picture postcards la hang refrigerator door rachel id love picture california sun piano player eddies bar rachel shes waitress wants starembed
4880,1995,TLC,Waterfalls,waterfalls lonely mother gazing window staring son touch time hes jam shell doesnt realize hurts praying aint helping cause hisself trouble goes makes money best way knows body laying cold gutter listen chasing waterfalls stick rivers lakes youre know youre gonna way think youre moving fast little precious natural obsession temptation gives loving body handle baby good day goes takes glimpse mirror doesnt recognize face health fading doesnt know letters took final resting place yall hear chasing waterfalls stick rivers lakes youre know youre gonna way way way think youre moving fast chasing waterfalls stick rivers lakes youre know youre gonna way think youre moving fast come seen rainbow yesterday storms come gone leaving trace godgiven ray life shades gray pray fade away seldom praise sunny days promise true faith undo chances blew bring life anew clear blue unconditional skies dried tears eyes lonely cries bleeding hope folk cope endurin pain keeps em pourin rain whos blame tooting caine vein shame shoot aim elses brain claim insane day time falling prey crime systems got victim mind dreams hopeless aspirations hopes coming true believe rest chasing waterfalls stick rivers lakes youre know youre gonna way think youre moving fast chasing waterfalls stick rivers lakes youre know youre gonna way think youre movin fast ooh youre movin fast chasing waterfalls stick rivers lakes youre know youre gonna way know know way hey think youre moving fast49embed
4881,1995,69 Boyz,Kitty Kitty,kitty kitty author requests correction sent direct email fellas ladies chorus kittykitty kittykittykittyyyyy aw kitty kitty kittykitty kittykittykittyyyyy thought saw puddy tat bridge doin nuttin hon uhh uhh nuttin hon doin nuttin hon aww honeyhon said party aint dead girls aint scared head verse 1 girl stop tryin smooth way brother youre tryin act nice sweet cause know freak let brother lick paws run tongue gstring draws tease kitty little stick pole middle hit let ask dogs hit path cause aint got shots kitty got aint got bad bone ol eyes gold girl act seditty brother kitty chorus bridge said party aint dead chicken heads scared verse 2 kitties cool real big cats cat got little strength little length gotta feed kitty real slow cat little bit mo lay silk bowl milk lets dogs wanna ya climb walls guts ima straight cat strut brother beg inbetween legs come girl pity brother kitty bridge b true dat true dat true dat true dat chorus jayski jack jill went hill fetch pail water jack came said thank maam uh got change quarter aaow bridge c oh baby hey jayski check lil miss muffet sat tuffet eatin bowl o cream o wheat gave whatta know lil hoe freak aaow bridge c jayski check little jack horner sat corner beggin girl night said said oh gon come hike baby bridge c jayski little bo peep lost sheep eyes tears think girl need long bleep whoot aaow bridge c bridge b chorusembed
4882,1995,Gloria Estefan,Everlasting Love,everlasting love lyricshearts gone astray leaving hurt went away needed filled regret come begging forgive forget love knew open eyes youll realize stand everlasting love need want bride youll denied everlasting love start open heart lasting everlasting love real love forever real love forever lifes river flows knows till someones way lasting love sun shines endlessly shines eternal love love went wrong strong wed everlasting love real love forever real love forever everlasting love everlasting love everlasting love know everlasting love open eyes youll realize stand everlasting love need want bride youll denied everlasting love start open heart lasting everlasting love real love forever real love forever open eyes youll realize stand everlasting love need want bride youll denied everlasting love start open heart lasting everlasting love everlasting love everlasting love everlasting love everlasting love know know know everlasting love know know know everlasting love everlasting loveembed
4883,1995,4:00 PM,Sukiyaki,sukiyaki lyricsits feeling sad blue went away life rainy day love youll know youve gone away left lonely untouchable memories haunting love true turned gray skies blue disappeared eyes filled tears wishing soaked love thoughts youre gone know youd wash away tears sun shine youd reality cause took love away girl know leave know youve gone theres emptiness inside wishing youd come youd wash away tears sun shine youd reality cause took love away oh baby took love away me3embed
4884,1995,Sarah McLachlan,I Will Remember You (Live),remember live lyricsi remember remember let life pass weep memories remember good times let slip away things got bad clearly saw smilin sun wanna feel warmth wanna remember remember let life pass weep memories tired sleep standin edge deep funny feel word screaming inside heard remember remember let life pass weep memories afraid love afraid lose clinging past doesnt let choose darkness deep endless night gave oh gave light remember remember let life pass weep memories remember remember let life pass weep memories weep memoriesembed
4885,1995,Amy Grant,Big Yellow Taxi,big yellow taxi lyricsthey paved paradise parking lot pink hotel boutique swinging hot spot know youve got till gone paved paradise parking lot took trees em tree museum charged people twentyfive bucks em know youve got till gone paved paradise parking lot hey farmer farmer away ddt spots apples leave birds bees know youve got till gone paved paradise parking lot late night heard screen door slam big yellow taxi carried old man know youve got till gone paved paradise parking lot know youve got till gone paved paradise parking lotembed
4886,1995,Naughty By Nature,Feel Me Flow,feel flow bout feel chronicles bionical lyrically splittin dismissin mission hittin written kitten hittin mittens missin wishin man listen glisten sun water fishin bust swerve serve words nerve embedded said word damn nerd man heard comin town illy alleys phillies rallys suckers silly sally alleys rowdy holla ya hear come feel flow mixin trickin brothers bitchin vixens aint fittin hittin nothin splittin things thats bitten gettin written youre fatter half bladder boy pissin started long fly try play try boombyebye byebye holla ya hear come feel flow holla ya hear come feel flow flow pro poetical skills vetll know better know wheres wetter flow thats point decimals manhandlin new crews partyin zoo crew lookin pink boo boos thought knew stone styles stamina jammin plannin jam bust plus party amateur damagers managin damagin mics men mannequins youre fan wanna know whos man naughtys vertebraes word heyaho way pray flow steady breakin boogie bang time slang bang watch pootang tangs hang holla ya hear come feel flow holla ya hear come feel flow play kayll break body beat beat break boogie firm fully chase basslines bullies wanna know body wanna party nuff pootang tang everybody hip split souped dukes guts set situps flip watch rip shake shows fizz rizz youre zip lip whip hits ransoms foul styles ones came cause heard hiphop needed anthem black noah fact fo ya days drifters wouldve known flowers repin 70s went crazy 80s wont kiss heinies 90s oops naughtys troops sections forties clap hands hold shorty naughty holla ya hear come feel flow holla ya hear come feel flow holla ya hear come feel flow holla ya hear come feel flow16embed
4888,1995,Keith Murray,The Most Beautifullest Thing In This World,beautifullest thing world yall mythological niggas comical astronomical coming flu bombing embalming crew musical mystical magical know word attack skills vocabulary come hit edition brand new youre interplanetarian doctor born tripped word bond kicking rhymes til vultures swarm quincy block selling crack accompanied fat funk flows tracks saying black yackedy yack artifacts beat bats saying eat menu bend send swaying continued beautifullest thing world ya beautifullest thing world ya beautifullest thing world ya beautifullest thing world ya spur moment opponents suspects caught precipitation reign tech niques speak concepts freak ichi ni san shi funk figures speech shit open open hoking scoping waiting nigga opened break organic compound thats way world earth goes round fuck sound represent clique fourpound better pack levodopa medication shaking meditation earth quaking shit making faking gets crown clown shaking membrane encyclopedia brown freaking funk throw sustained sounds beautifullest thing world ya beautifullest thing world ya beautifullest thing world ya beautifullest thing world ya comes breaking ground sit ass microphone roam zones trying shit home matter race creed color comes cleaner jeru damaja amateur chronical facial disorders occur ill assassinate characters caliber channel anger double edged banger turn microphone strangler stop tryna eyes follow goodnight world goodbye tomorrow rave cuss bust fucked toys aint eternity infinity internally beautifullest thing world ya beautifullest thing world ya beautifullest thing world ya beautifullest thing world ya folks want yeah got funk come folks want yeah got funk come folks want got funk come down3embed
4889,1995,Better Than Ezra,Good,good lyricslooking house hidden window door searching signs life theres home maybe sure maybe frightened sound pieces note fall letter said aha good living aha good ahahahahaha good living aha good ahahah good good good sitting house watching sun trace shadow floor searching signs life theres home maybe ill ill write letter maybe fourth july sure proud sure proud yeah good yeah good yeah thats right2embed
4890,1995,Letters To Cleo,Awake,awake lyricsi guess long time everythings light youd took million years youre awake asleep complete way youre asleep awake great great oh yeah heavy wash hands wash dirty feet wash hair dust clouds disappear youre leaning window youre beating path real slow heavy plastic bags heavy head youre awake asleep complete way youre asleep awake great great wish laugh youre funny baby leaving irony youre awake asleep complete way youre asleep awake great oh yeah youre awake asleep complete way youre asleep awake great oh yeah youre awake asleep complete way youre asleep awake great great yeahembed
4892,1995,Aaliyah,At Your Best (You Are Love),best love let know let know oh let know let know let know feel feel hard tell mood learn think know times ill wanna strength mirror yeah best love yes youre positive motivating force life feel need wonder let know let know let know let know let yeah feel feel oh things taken place love affair began feel oh feel confusion way doubt times fall short best love yes youre positive motivating force life feel need wonder let know let know let know let know tell tell theres need believe believe need believe look look try place try place cause best love youre positive motivating force life feel need wonder let know let know let know let know let know oh stay best baby39embed
4893,1995,Fugees,Fu-Gee-La,fugeela number 10 permanent battle lost finger mic arm pistol nozzle hits nasal blood lukewarm tell woman easy nah squeeze charmin test wyclef death flesh scorned beat bad feel aint wanna born jean tell friends stay hell lawn chicken george dead george stealin chickens farm damn dead pigeon youre mafiosos bringin haitian sicilians nobodys shootin bodys hand grenade girl bled death tonguekissin razor blade sounds sick maybe day ill write horror blackula comes ghetto stick em jacks acura stevie wonder sees crack babies becomin enemies families armageddon come knowa soon gun case gotta rump boy babylon tryin youre mount zion ooh lalala way rock doin thing ooh lalala natural la refugees bring ooh lalalalalalalalalalala sweet thing love ayy yeah saloons drink boones battle goons til high noon bust rap tunes flat spoons shorts poom pooms hoochies pop coochies guccis loochies mitsubishi eatin sushi bumpin fugees hey hey hey try crew play play paul mccartney hardly oddly right bluff niggas huff puff handle bust cause fortified hide seen cooley high cried cochise died twisted blacklisted negroes remove polos episode hahahaha shouldnt diss refugees hahahaha sound set booty hahahaha respect jersey cause superfly superhigh fugeela ooh lalala way rock doin thang ooh lalala natural la refugees bring ooh lalalalalalalalalalala sweet thing love ayy sit 90 degrees underneath palm trees smokin beedi burn calories brooklyn roof tops brooklyn teepees enemy wanna death hawaii hawthorne run marathons buju banton true champion farrakhan reads daily quran phenomenon fast ramadan whats goin armageddon come know soon gun case gotta rump boy babylon tryin youre mount zion whats goin armageddon come know soon gun case gotta rump boy babylon tryin youre mount zion ooh lalala way rock doin thang ooh lalala natural la refugees bring ooh lalalalalalalalalalala sweet thing love ayy ooh lalala way rock doin thang ooh lalala natural la refugees bring ooh lalalalalalalalalalala sweet thing love ayy yo kid gotta family man know gotta organized know high smoked gotta stuff organized gon gon right wassup girl want33embed
4894,1995,Collin Raye,"One Boy, One Girl",boy girl finally gave friends girlfriend said theres meet crowded restaurant way cross town waited impatiently walked eyes met stared right disappeared boy girl hearts beating wildly mildly love sight smiled smiled knew right away day theyd waited lives moment world revolved boy girl time standing little church friends family repeating sacred words preacher said son kiss bride raised veil night met time stood boy girl hearts beating wildly mildly love sight smiled smiled knew right away day theyd waited lives moment world revolved boy girl holding hand doctor looked grinned congratulations twins boy girl hearts beating wildly mildly love sight smiled smiled knew right away day theyd waited lives moment world revolved boy girl1embed
4896,1995,Elton John,Made In England,england england cadillac muscle quitme father loveme mother little richard black piano oh sweet georgia peach boy tupelo woh oh oh oh england woh oh oh oh england england cadillac muscle face playground crying god send brother bloody nose rock n roll sweet georgian peach boy tupelo woh oh oh oh england woh oh oh oh england yeah england blue cortina yankee summer way scent scandal heres middle finger years pain cling woh oh oh oh england woh oh oh oh england youre england youre built homo everybody laughs jokes read song think know theyve got wrong woh oh oh oh england woh oh oh oh england sing woh oh oh oh england woh oh oh oh england yeah england england england yeah yeah yeah oh oh england whoa rock boy yeah heyembed
4897,1995,Boyz II Men,Thank You,thank young bop didnt run needed wake wake whats nanaop better way sing better way grateful hum thought song appreciation lovin long know mean cause times got rough turned away right thank thank felt turned away right thank thank life knew youd world knowing things taught times changes youve seen sho nuff survived thought song appreciation lovin long know mean oh cause times got rough turned away right thank thank felt turned away right thank thank cause times got rough turned away right thank thank felt turned away right thank thank cause times got rough turned away right thank thank felt turned away right thank thank you1embed
4898,1995,Hootie & The Blowfish,Time,time lyricstime punish wave crashing shore wash away dreams time walk away friend left crying teach tomorrow pain sorrow running free cause tomorrows day believe time time understand children killing street dying color rag time red blue wash ocean clean maybe mothers wont tonight teach tomorrow pain sorrow running free tomorrows day believe time wastin time walkin time time aint friend time time know goin time time think mind thinkin time die tomorrow yeah lay sleep oh time wastin time walkin time time aint friend time time know goin time time think mind thinkin time time left standing tree growin wind stripped bare stripped bare time past come gone futures far away lasts second second teach tomorrow pain sorrow running free cause tomorrows day believe time time time time time aint friend time time know goin time time think mind time walkin time wasted time time aint friend time time know goin time time time courage time fear wasted wasted wasted time oh time punish me3embed
4899,1995,Blues Traveler,Hook,hook doesnt matter long sing inflection makes feel ill convey inner truth vast reflection ive said far long takes matter job resolve breaks hook brings aint tellin lie hook brings rely amiss insincere fact mean confession draws near confuse issue ill refer familiar heroes long ago matter peter loved pan refuse grow hook brings aint telling lie hook brings rely suck suck suck youre rin tin tin anne boleyn desperate youll win begin youre mtv free pc killing desperately sing thee love sure rage hate pain fear self feelings shelf ive tried fact lied financial suicide ive got pride inside hide slide ill ill decide let ride ive died shall abide tide catchy little tunes hip minute ditties wanna bust balloons wanna burn cities ground ive mess play hey day hear prayer pray thats feeling stuck need buck rely luck hook brings aint telling lie hook rely11embed
4902,1995,Missjones,Where I Wanna Be Boy,wanna boy lyricsto uptown crew uptown crew uptown crew nuff respect 4x yeah youngest charge ron g bout 1994 miss jones uh comon whatd baby wanna boy wanna boy wanna boy wanna boy wanna moment talk cause turn away thing remain sweet reminder wanna boy arms man thats strong wants boy trying givin ups hard listening friends tell fool youre type guy dreams wanna want want need baby wanna boy wanna boy wanna boy wanna boy want right youre yeah yeah come come lookin reason know deal time time try ask baby real wont level want let know finally mind wanna right giving friend need know try happy wont demands time boy sure 2x want right arms want stay come come know talking cause wanna boy want boy yall want yall want yall come oh yeah yeah yeah yeah sing sing yo uptown yo uptown yo uptown yo uptown know gettin kissinembed
4903,1995,Soul Asylum,Misery,misery misery loves company start company misery frustrated incorporated know need thing know youd pay misery id busy making misery build factory misery create cure disease frustrated incorporated frustrated incorporated know need thing know youd pay feel misery suicide kings drama queens forever happily making misery satisfy greed need envy frustrated incorporated frustrated incorporated misery frustrated incorporated id frustrated incorporated forever happily know need frustrated incorporated misery thing frustrated incorporated misery know need frustrated incorporated2embed
4904,1995,Montell Jordan,This Is How We Do It,background chatter sha la la la la la lo shabada lo lo lo whoa lo lo lo lowohoh friday night feel alright party west reach 40 turn designated driver keys truck hit shaw cause faded honies street monty yo feels good hood tonight summertime skirts guys kani gangbangers forgot driveby gotta groove paid tip cup throw hands let hear party kinda buzzed south central neighbors got flavor lets flip track bring old school hands air wave youre og mack wannabe player hoods good lowercase g big g girls got money hundreddollar bills yall know gotta big black truck 64 partys underway tip cup throw hands let hear party kinda buzzed south central neighbors got flavor lets flip track bring old school kinda buzzed south central ynvee scc ill come wack old school track check time 94 montell money life sure slow said 6 8 stood people thought music good lived dj paul came monty said oji gonna cash sell million records makin tha dash ohh buzzin south central neighbors got flavor ill come wack old school track kinda buzzed south central oh party time straight comin west ogs got flavor yeah monty cmon def jam know yo montell percy man barber barber man sitting listening ya tape dude shit man gon fool man phone number area code oh zero eighty gimme man getting ready step fox hills mall right uh monday morning quarter peace18embed
4909,1995,Hootie & The Blowfish,Hold My Hand,hold hand little love tenderness walk water rise mess little peace harmony world em hand cause got hand oh cause wanna run yesterday saw standin head eyes red comb touched hair said let smile walk walk road awhile cause cause got hand got hand cause wanna run wont let run yeah hold hand want hold hand hold hand ill place hold hand wanna wanna love best best wasted awastin time til thought problems thought crimes stood screamed aloud wanna problems wanna crowd cause got hand got hand cause wanna run ah wont let run hold hand want hold hand hold hand ill promised land hold hand maybe change world wanna love best best yeah oh let run wont let run run run run hold hand want hold hand hold hand ill place hold hand wanna oh nono hold hand want hold hand hold hand ill promised land hold hand maybe change world wanna love best best oh best can10embed
4910,1995,Groove Theory,Tell Me,tell ooh ooh ooh ooh yeah ive thing love way having bad timing great surprise looked eyes question tell want time wanna good cause blow mind promise boy ill true youre perfect tell want yeah thought id sleep boy youre wrong cause dream kiss youre feel opportunity miss boy wanna know deal wondering words saying real cause got appeal man world baby got know feel yeah tell want time wanna good cause blow mind promise boy ill true youre perfect tell want ooh ooh sweetheart time let know wanna rush slow boy love help grow new beginning ill happy ending tell want oh love tell want want want wanna good yes wanna good baby oh oh yeah yeah wont tell tell tell whoahohooh yeah tell want oohhoo oohooh baby wanna good huh huh huh uhhuh promise girl ill true oh ho oh oh tell want tell baby hey hey tell want wanna good promise girl ill true tell want tell want good promise ill true want promise girl ill true tell want promise ill true want tell want wanna good you14embed
4911,1995,The Click,Hurricane,hurricane moonshine face mean youll slutterin thing know know got home mean shit damn playboy mean shit reminds pruno dig tore look eyes stitched stitches ho hoppin wit bitches ya garbage dumped wit crickets know life party slurricane ethyl ya fight ya folks dr jekyll day gulped swallows niggas actin bad club wit hollows havin limp dick problems tryna oh cup shit wakes mornin separated bag wit homies sure hate grenadine trippin cause respect nigga rum man nigga gets dumb wait mix goin mouth throat kidneys hurricanes havin muthafuckas seein thangs courage juice watch loose hurricane slurricane slurricane strong start engine mayne pervin swervin fuckin wit tycoon shit shit time swip mix smob sto oh 151 got catch charlie fore close hoes studio aint lit likes bring freak nasty bitch studio ton pop shit vitti wrote freaky freak freaky crevice got hot seat sweat hurricane ethyl aint joke itll playa fall creepy eyes stick bought pump fools straight check em em thinkin men nah nah hit beedy greedy gotta stay strong broken deal wrong trick juice fool face worse bumpy face gin fuckin chase light muthafuckin indo weed niggas bar keyed walkin threw joint stumble bumpin da bumble face hate taste humble whisper bitch baby watchin pervin lookin cute boot hangover sober trip yo shit range rover gets spanish fly ninetyfin influence yo bitch ways eat best friend shit locked muthafucka carin ridin wit dank cousin victor baron hurricane slurricane strong start engine mayne biotch thats nineteen ninetyfin biotch biotch embed
4914,1995,The Murmurs,You Suck,suck lyricsno hurt fragile little mind right tangled know pussycat curling right ill bloom inside right theres dust guitar fuck fault oh paralyze mind suck oh freedoms list today feeling pissed timeless thoughts ageless mind wont let away let away guilty little coincence wont right theres dust guitar fuck fault oh paralyze mind suck oh risks fall hard went far plush pathedic digs youre youll scar right theres dust guitar fuck fault oh paralyze mind suck suck oh aho aho aho ha ha haembed
4916,1995,Keith Martin,Never Find Someone Like You,lyricsgirl breath away new id baby forever heart belongs cause think time know love true ive played girl looked saying goodbye begging need bad leave youre best ive ive ill promise true ill ill girl love way girl wont wont let way love heart feelings thats forever oh oh oh know youre hurting cause sexual thang want share dreams baby girl afraid love hearts need hold love close want know start weak let ive ill promise true ill ill girl love way girl wont wont let way love smile tenderness girl wont let wont let girl compares ive ill promise true ill ill girl love way girl wont wont let way love ive ill promise true ill ill girl love way girl wont wont let way love you1embed
4917,1995,Liz Phair,Supernova,supernova looked place got favorite face eyelashes sparkle gilded grass lips sweet slippery cherubs bare wet ass cause youre human supernova solar superman youre angel wings flying giant friction blast walk clouds glitter sun reflects eyes time wind blows smell sky kisses wicked m16 fuck volcano youre cause youre human supernova solar superman youre angel wings flying giant friction blast cause youre human supernova solar superman youre angel wings flying giant friction blast1embed
4918,1995,Yaki-Da,I Saw You Dancing,saw dancing lyricsi saw dancing ill sure saw dancing yakida love waiting chance know ask dance look eyes ill paradise refrain falling falling cause lifes easy touch near waste lot time love crime refrain falling pieces think maybe ive gone far maybe love hurt treat bad cause fight yakida cause life meant living1embed
4920,1995,Technotronic Featuring Ya Kid K,Move It To The Rhythm,rhythm lyricsyouve got rhythm youve got beat youve got rhythm youve got stomp feet beat rhythm youve got beat youve got rhythm youve got feet stomp beat oughta gotta got goin goin got goin feet beat heater sweet sleep night long till dawn wrong care hands air keepem let em sway day let music play hear rythm pace bass shake place matter doin flewin goin em goin style took hook everybody grinnin look body rythm rhythm groove flow know goes got pump aint jump sound bring miss count lose beat time stop feet rhythm song everybody party floor action business old hope sold truth unfold stories told youre willing shockin n rockin floor rythm groove flow know got lets embed
4921,1995,Real McCoy,Run Away,run away run away run away run away save life run away run away run away want survive run away run away run away save life run away run away run away want survive money sex control generation soul perfect people perfect world closed doors control life world luxury cold cash money mentality gotta faith gotta faith youd better faith run away run away run away run away save life run away run away run away want survive run away run away run away save life run away run away run away want survive time break free ohohohoh run away ohohohoh better break free ohohohoh run away ohohohoh money sex control big brother watching unlock brain save soul limits curfew life perfect stand fight freedom faith gotta faith youd better faith run away run away run away run away save life run away run away run away want survive run away run away run away save life run away run away run away want survive run away run away run away save life run away run away run away want survive run away run away run away save life run away run away run away want survive time break free ohohohoh run away ohohohoh better break free ohohohoh run away ohohohoh faith gotta faith youd better faith run away faith gotta faith youd better faith run awayembed
4922,1995,Van Halen,Not Enough,lyricsto love somebody naturally love somebody faithfully love somebody equally love somebody secretly touch love somebody honestly trust love somebody tenderly tender touch love hurts easy searchin turn swear love somebody foolishly happen love somebody hopelessly hurts love somebody equally love takes little time easy searchin turn swear shes standin thereoh come easily thing believe trust heart honestly love hurts easy searchin turn swear standin love hurts loves share turn swear standin cause thereembed
