,Year,Artist,song_name,further_clean_text
4925,1996,The Smashing Pumpkins,Thirty-Three,thirtythree speak language hear humor deep thought forgive cluttered streets greet know late suppers waiting table tomorrows excuse away pull collar face cold earth laughs beneath heavy feet blasphemy old jangly walk steeple guide heart home sun know ill love forever graceful swans topple earth forever forever moment lose wrapped pleasures world ive journeyed old haunts friends mysteries ready reveal sympathies ready return ill effort love forever graceful swans topple earth tomorrows excuse tomorrows excuse forever forever forever forever you8embed
4926,1996,Elton John,You Can Make History (Young Again),history young feel time closing feel years crawling skin doubt count rain cover tears ageing game count play miss beat animal heart push know cover mountain palm hand oh babe history young rewrite decide things shouldnt look scheme things oh oh babe history young watch weeks sweeping recollect hearts hanging dry world shuts touch fears hear lost youth ringing ears lost gained blew away yesterdays news run fingers spine throwing switch hands time oh babe history young rewrite decide things shouldnt look scheme things oh oh babe history young ancient minds ancient lives got way coming knew know id oh babe history young rewrite decide things shouldnt look scheme things oh oh babe history young againembed
4927,1996,Goodie Mob,Dirty South,dirty south da da da dem dirty red dogs hit door got everybody hands knees aint gonna leave keys dirty clinton fronted weight told bring brought stuck ass think clampett sick goons martel homes thats claim fame thats learned slickest tricks dopedgame favorite lemonhead delight thats lick yellow sell white right pimpin sport bein wide receiver nigga big yall niggas believers sippin cuervo gold club drunk fuck callin hoes bitches smokin weed sober year older legal wanted live life cadillacs impalas regals fuckin wit hoes bustin nuts mouths kickin southern slang lookin love yo jaw ho powder gets hyper reefer makes calm cigarettes cancer woo woos dumb niggas know dirty south niggas know dirty south think got grown pee wee sacks took town lifes bitch figure got dropped dirty south 3rd grade told bought sold sayin juice left heads cracked betcha jed clampett want money east point atlanta threw road block talkin bout blow traffic got stop big time players john freeman way street cause day outta control didnt understand naw nigga money aint thats big slate took oath sweared talk tell pulled bumpin rock bells took want left quiet hell niggas know dirty south niggas know dirty south cobras got boys delowe gipp hollered miss ann said didnt trapped black green red tint dealers breaking blow woodchips lot faces aint lot folks got shot scatta mack droppin gs cristal pop grind cool breeze droppin pounds b eric neal coolest century mack town keeps growing old school charles stankin dem lincolns piedmont park perry homes herndon homes homes adamsville poole creek shit sleep dirty south da da da dem dirty red dogs hit door got everybody hands knees aint gonna leave keys powder gets hyper reefa makes calm cigarettes cancer woo woos dumb niggas know dirty south niggas know dirty south1embed
4928,1996,Sting,You Still Touch Me,touch night finds dreams touch picture telephone smile thrill sleep sleep bed tonight haunt falling falling stone nightmares hold weve wondering blame half true believe shame dark rain fall face close eyes hear raindrops saying wont come touch sick heart low prayers heal sure sure isnt complacency shake wonder feel way youd come touch night finds bed tonight haunt hold touch touch touch night night night night finds aloneembed
4931,1996,Deborah Cox,Who Do U Love,u love lyricshmm oh oh ooh ooh oh yeah oh oh night slept stayed home time youve gone baby friends understand lend helping hand ease greatest pain ive known walked away easily remains mystery remember promised yes promised youd leave boy went away baby shame turn oh want want need need love love tell love boy want want need need love love gave gave man need baby feelings changed act guess youre man knew walked away easily remains mystery remember promised yes promised youd leave boy love gone baby tell went wrong leave hanging oh baby want want need oh oh oh love love tell love yeah want want need need love tell yeah love ooh oh want want need need love love tell love boy want want f need oh love love tell love blind baby yeah need need painted picture clear reality reality know yes know youre oh baby want need oh yeah love u love love baby want want need need love love walk away baby promised youd leave slept youve gone greatest pain ive known love want oh baby oh baby oh yeah love love oh oh baby want need love love love tell tell love boy want oh baby need need love loveembed
4933,1996,Big Mountain,Get Together,lyricsyou gotta love song sing feels way die mountains ring making bird wing know cmon people smile brother everybody try love right come shall surely pass left returns moments life fading grass cmon people smile brother everybody try love right cmon people smile brother everybody try love right wanna grab friend deal making live situation forward generation seek truth heart mind whats right shall fight theres universal family peace brothers sisters cmon people smile brother everybody try love right hear song sing understand listen hold key love fear trembling hand key unlocks command cmon people smile brother everybody try love right cmon people smile brother everybody try love right right right nowembed
4935,1996,LeAnn Rimes,Blue,blue blue oh lonesome blue blue oh lonesome tears eyes til oclock morning sitting lonely lonesome blue oh lonesome blue realize weak words whispered lies blue oh lonesome blue blue me1embed
4938,1996,Boyz II Men,I Remember,remember think yeah yeah think oh times got rough saw truth thought design love real life yeah hearts drifted apart longer bind yeah yeah nothings alright youre mind yeah yeah yeah remember wouldnt come whoa whoa yeah wanna wanna supposed let way way way remember day yeah wouldnt talk day tv tried play got played return yeah yeah messed real man bridges burned woo huh gave time figure scheme dream whoa oh trying know youre order mind yeah yeah hey remember wouldnt come oh wanna wanna supposed let way way woo remember day wouldnt talk day tv remember wouldnt come remember wanna wanna supposed let way way remember day wouldnt talk day tv gave time figure scheme dream whoa oh oh oh oh youre trying know theres way remember wouldnt come wanna wanna supposed let way remember day yeah wouldnt talk day tv day tv remember wouldnt come remember wouldnt come wanna wanna supposed let way way way remember day remember day yeah yeah wouldnt talk day tv remember oh oh oh oh yeah yeah supposed let way way yeah yeah oh ohembed
4941,1996,Ruffneck Featuring Yavahn,Everybody Be Somebody,everybody somebody feat yavahn lyricsblues brothers miscellaneous everybody needs somebody everybody needs somebody glad lovely people tonight especially welcome representatives illinois law enforcement community chosen join palace hotel ballroom time sincerely hope enjoy remember people matter live thrive survive things everybody everybody everybody needs somebody everybody needs somebody love love love sweetheart miss sweetheart miss sugar kiss sugar kiss need need need morning need souls feel feel little sad inside baby mistreats place hide need feel feel little sad inside baby mistreats place hide need need need need know people somebody hold woman hold man love hold squeeze hold squeeze person em love signify feelings gentle caress important special somebody hold kiss miss squeeze everybody needs somebody everybody needs somebody love love love sweetheart miss sweetheart miss sugar kiss sugar kiss need need need morning need souls fireembed
4942,1996,Livin' Joy,Dreamer,dreamer lyricsim dreamer love life laughter believe savior pure lonely heart bleed learned hold love stay strong love close eyes dreaming right belong lie dreaming hearts smooth soul unbelieving feeling feeling feel hands lips heat body whisper love love love leave dreamer lie dreaming hearts smooth soul unbelieving feeling feeling feel hands lips heat body whisper love love love leave dreamer dreamer dreamer love life laughter believe savior pure lonely heart bleed learned hold love stay strong love close eyes dreaming right belong lie dreaming hearts smooth soul unbelieving feeling feeling feel hands lips heat body whisper love love love leave dreamer lie dreaming hearts smooth soul unbelieving feeling feeling feel hands lips heat body whisper love love love leave dreamer dreamer dreamer dreamerembed
4943,1996,A Few Good Men,Have I Never,lyricshave told love told care told need bein told care girl swear feelings ill promise soul heart girl know love love forever ooh told love told told words baby love know love know love told miss hurt heart girl meant mistreat knowingly break heart called feel words speak straight heart real promise tip heart depths soul pray know love love forever oh ho told love told words baby love baby know know love know love yeah oh baby baby baby lady promise promise mmm break heart heart âcause love love need need forever told love oh baby nonononononononono baby told words know love baby baby love want know love baby know love know love love love love love love love told love ohoh oh told words baby baby love know know love know love baby love oh baby know love youembed
4944,1996,Janet Jackson,Runaway,runaway excuse ive seen world places lots friends different races ive fun world true african skies nairobi mood fell asleep tuscany dreamed thing missing runaway love yeah yeah yeah yeah runaway love yeah yeah yeah yeah woke australian breeze danced dance aborigines oh moon glow mexico dreamed thing missing thats runaway love yeah yeah yeah yeah runaway love yeah yeah yeah yeah sail waters colors wont need compass love guide way need long got need hurry weve got everyday want share world springtime paris feels good oh reality wishes come true runaway love yeah yeah yeah yeah know good time yeah know good time yeah oh come know good time yeah itll fun walking rain spain know good time yeah ooh didnt hit note wasnt good time know good time yeah think know good time yeahembed
4945,1996,Xscape,Who Can I Run To,run stand contemplating right thing decide wrong direction life lies ahead strong determination afraid change care satisfy stay right run share space run need love run space laughter run need love mind confusing special everyday trying ive got know place know love names message clear takes time patience bring near got tell run share space run need love run space laughter run need love9embed
4948,1996,Puff Johnson,Forever More,forever lyricswhen close eyes hope think word need hesitate love always0h forever lm living deep heart theres light shine forever forever need friend ill till end come rain shine ill standing lll turn away love oh forever lm living deep heart theres flam burns forever longing deep soul theres light shine forever forever felt way sweet love oh baby heart adores man need forever forever longing deep soul theres light shine forever forever moreembed
4949,1996,Planet Soul,Set U Free,set u free set free set free set free set free set free set free set free set free come planet soul come planet soul come planet soul come planet soul ecstasy need world hate clear rain dream baby share scream baby baby baby dream come planet soul come planet soul set free set free set free set free baby feel loosen feel heat tell come friend end baby baby baby scream come planet soul come planet soul come planet soul come planet soul ecstasy ecstasy ecstasy ecstasy express feel ecstasy high gravity energy feel good welcome planet soul planet planet planet soul planet planet planet soul planet planet planet soul come planet soul come planet soul come planet soul come planet soul set free set free set free set free set free set free set free set freeembed
4950,1996,Bone Thugs-N-Harmony,Tha Crossroads,hiphops mourning remembrance playlist lyricsthis playlist created better understand hiphops ability memorialize help folks deal loss 1 selfdestruction krsone stop violence movement 2 tha crossroads bone thugsnharmony 3 thugz mansion 2 pac nas 4 ill missing puff daddy 5 life goes 2 pac 6 miss homies master p 7 moment nas quan 8 man change world big sean 9 lost jay z 10 moment clarity jay z 11 sing medying thirst kendrick lamar 12 love big poppa lox 13 paranoia chance rapper 14 letter big jadakiss 15 hey mama kanye west 16 dance nas 17 ill dave east 18 wish remix r kelly 19 retrospect life common lauryn hill 20 thug holiday trick daddy 21 goodbye slaughterhouse 22 mortal man kendrick lamar 23 reminisce pete rock cl smooth 24 roses kanye westembed
4955,1996,The Tony Rich Project,Like A Woman,woman lyricsi know east river waiting meet late night dreaming making love sofa belongs fly higher kites face face searching time violent place know weve met strangely good sort freakish way things feel woman falling love man doesnt know words send mind journey looking selfunderstanding things weve catch breath heart beats fast feel presence arms urge kiss hand scent womans fragrance lies deep head slit wrists join blood symbolise type crazy oath feels wrong good sacrifice freedom hearts things feel woman falling love man doesnt know words send mind journey looking selfunderstanding things weve things feel woman falling love man doesnt know words send mind journey looking selfunderstanding things weve things feel woman falling love man doesnt know words send mind journey looking selfunderstanding things weve doneembed
4956,1996,Oasis,Wonderwall,wonderwall today gonna day theyre gonna throw shoulda realised gotta believe anybody feels way backbeat word street heart sure youve heard doubt believe anybody feels way roads walk winding lights lead blinding things know maybe youre gonna saves youre wonderwall today gonna day theyll throw shouldve realised youre believe anybody feels way roads lead winding lights light way blinding things know said maybe youre gonna saves youre wonderwall said maybe said maybe youre gonna saves youre wonderwall related songsdont look angeroasisroll itoasisdont look angeroasis said maybe said maybe youre gonna saves saves youre gonna saves saves youre gonna saves saves me196embed
4959,1996,George Michael,Fastlove,fastlove lyricsgotta gotta gotta gotta gotta gotta gotta gotta looking education way night bullshit conversation baby read signs wont bore details baby want waste time lets maybe help ease mind baby aint mr right youre looking fastlove thats love eyes bad love fast love ive got mind ooh baby whats think baby hey baby oh yeah looking affirmation way sun friends got ladies theyre having babies want fun wont bore details baby gonna sweet time lets maybe help ease mind baby aint mr right youre looking fastlove thats love eyes bad love fastlove ive got mind lessons love close taste baby close absence security way night stupid cupid keeps calling eyes miss baby oh yeah miss baby tonight little room bmw babe searching peace mind hey ill help believe practicing religion oh ought thats right oh oughta ooh ooh baby baby oh yeah looking affirmation4embed
4960,1996,Sophie B. Hawkins,As I Lay Me Down,lay felt springtime february morning courtyard birds singing praise recalling things said feel right carry today lay sleep pray hold dear far away ill whisper sky wake happy wonder feel high sorrow heavyhearted til sounds church bells whistle train summer evening want meet barefoot barely breathing lay sleep ooh la kah koh pray hold dear far away ill whisper sky ooh la kah koh wake happy oh darling lay sleep ooh la kah koh pray hold dear far away ill whisper sky ooh la kah koh wake happy near flower need rain clear season change sun comes lay sleep ooh la kah koh pray hold dear far away ill whisper sky ooh la kah koh wake happy lay sleep ooh la kah koh pray hold dear far away ill whisper sky ooh la kah koh wake happy wonder ooh la kah koh mmm sun comes ooh la kah koh sun comes sun comes sun comes oh sun comes sun comes outembed
4961,1996,The Smashing Pumpkins,"Tonight, Tonight",tonight tonight time time leave leaving piece youth lives forever changed change feel believe believe believe believe life change youre stuck vain different tonight tonight tonight bright tonight tonight know youre sure youre sure right held light embers fade city lake place born believe believe believe believe resolute urgency believe theres chance tonight tonight tonight bright tonight tonight crucify insincere tonight tonight things right feel tonight tonight way offer night tonight indescribable moments life tonight impossible possible tonight tonight believe believe tonight tonight tonight tonight tonight28embed
4962,1996,Art N' Soul,Ever Since You Went Away,went away went away havent tell left rain yesterday twentyfour hours went life upside blind erase times girl miss water til runs dry went away havent tell left rain yesterday went away went away havent tell left rain yesterday sitting trippin waiting guess known better wrong turn page thinking yesterday promise gonna change matters matters cause want hoohohoh chance maybe work care people know youre went away havent tell left rain yesterday went away went away baby havent tell left rain yesterday come ill love need baby come cause know turns turns went away went away havent tell left rain yesterday come girl went away look youve havent tell left rain yesterday went away theres havent things tell left rain yesterday went away havent tell left rain yesterday havent tell yesterday havent tell left rain yesterdayembed
4963,1996,For Real,Like I Do,lyricsits years seven days gave stuck love wrong nothin sudden change come way treat need stop rain comin true ones gonna love late night baby early mornin oh yeah yeah sure youre satisfied run away lovin love turn away love time cause ive want leave bear thought goes reasons stay built world need away baby ones gonna love oh late night baby early mornin sure youre satisfied run away lovin run away love turn away turn away oh run away lovin oh love turn away turn away love late night baby early mornin hey sure youre satisfied run away lovin run away love oh boy turn away turn away love run away lovin baby love turn away oh love run away lovin turn away love baby turn away love run away lovin love isembed
4965,1996,Metallica,Until It Sleeps,sleeps pain run stays right tear open pour theres things inside scream shout pain hates hold sleeps curse stray feed stays stays tear open beware theres things inside care dirt stains wash clean grips hold stains hold yeah hates hold yeah holds hold sleeps sleeps sleeps tell youve chosen want grip want greed want ill tear open gone hurt fear shakes hold sleeps grips hold stains hold hates hold yeah holds holds holds sleeps sleeps sleeps sleeps sleeps want want want want want want woahwoah tear open beware theres things inside care dirt stains wash til clean ill tear open gone longer hurt hate shapes hold sleeps sleeps sleeps sleeps sleeps6embed
4967,1996,Xzibit,Paparazzi,paparazzi yes 1996 marks beginning new era dysfunctional member alkaholiks family xzibit wonder worth xzibit stay versatile million dollar lifestyle feel child growing niggas real niggas scared fuck thats xzibit roll chosen aint real tell look ease triggertalk aint killin shit affecting niggas chillin believe hype buy woof tickets nigga gang noise seen cricket guess thats kick lot niggas soft tossed tryna fuck likwit niggas know claimin ridin turned bitch sense youre soldier start actor record deal tryna play partlike shame niggas rap game money fame extra large shame niggas rap game money fame paparazzi need lights cameras action goddamn superstar planet composure kept start sweat emergin fog fuckedup dialogue tryna live high hog leaves bankrupt niggas spent fuck thats deep deep deeper atlantis home scandalous big bad los angeles dangerous vandalous yo trusted fuck hard scared boulevard pullin card saying gin mothafucka flowin liquid soak mothafucka breakin sound surrounds death west puttin counties test perspective breaker 19 copy niggas gettin caught paparazzi shame niggas rap game money fame extra large shame niggas rap game money fame paparazzi niggas smoke stress crossdress play going schemes pipe dreams contract real tightly rolled fuck em feel cool half record deal look stare magic addict devils startin static break automatic set straight spread hate vacate wait dares cross path yo math cut glass bloodbath behalf niggas drunk smokin blunts dispose punk shit hehe perspective carbon copies gettin caught paparazzi likwidation crew return shame niggas rap game money fame extra large shame niggas rap game money fame paparazzi16embed
4968,1996,Charm Farm,Superstar,superstar lyricsid turn world moment pretty pretty pretty baby doll wanna wanna superstar right factory ok hang andy right got mascara hot wanna dare watch id turn world moment got money got favourite song got favourite drink gonna think gonna look beautiful right beautiful tonight superstars yeah weve come far beautiful right right right moment want everybodys eyes wanna wanna oh studio disco whore gotta place world alive alive pretty pretty baby doll beautiful right beautiful tonight superstars yeah weve come far beautiful right right right oh studio disco whore gotta place world alive alive pretty pretty baby doll beautiful right beautiful tonight superstars yeah weve come far beautiful right right rightembed
4969,1996,Lost Boyz,Renee,renee heres tune honey named renee met day way john jay peeping shorty shes walking train tap shoulders excuse miss said renee said got lot walk subway said want yo started talking bought franks drinks began walking head cause gear mad fat chat told school wants lawyer words shorty studies law telling shorty writer shes looking token drops package ez wider covers mouth ring said yo sweat technique shorty rocks thing use philly blunts said dealt philly blunts heard thats silly stunts said nah burn slower right know ya maybe later ghetto love law live day day wonder shorty die reminisce ghetto princess everyday shorty ghetto love law live day day wonder shorty die reminisce ghetto princess everyday shorty sitting train fingernails shorty got hairdo pain understand got flava tough leather jacket jeans chain moms gave got train 634 wasnt sure grub dog hit store went crib turned lights mad magazine stand essence right leather couch stereo crazy cds understand kid got gs said cheeks want said gonna feed dog said alright ima roll blunt came stretch pants ponytail tshirt yo fam got tenderroni girl sitting couch chatting smoking blunts balcony staring manhattan started feeling chest started feeling breasts theres need stress rest yo got winner sparked blunt ate blunt ate dinner tattoo wanted dim lights turn jodeci shorty rock swing cause real ghetto love law live day day wonder shorty die reminisce ghetto princess everyday shorty ghetto love law live day day wonder shorty die reminisce ghetto princess everyday shorty woke day waterbed letters pillow letter said said cheeks ill home deep sleep didnt want bother left number shorty later got dressed smoked blunt bounced elevator got beep asking shorty whats shes asking whats weeks candlelight dinner shorty crack naughty freaks hey man love time burstin outta state shorty thinking hanging crew beep renee renee uses code chattin mom dukes says renee shot cheeks meet st lukes jumps van wyck gotta quick ay yo shit gettin mad thinking ponine buck gives fuck smokin boom gotta whats going time reach hospital tell mr cheeks renee gone pouring beer shorty aint ghetto listen shed tears ghetto love law live day day wonder shorty die reminisce ghetto princess everyday shorty ghetto love law live day day wonder shorty die reminisce ghetto princess everyday shorty ghetto love law live day day wonder shorty die reminisce ghetto princess everyday shorty ghetto love law live day day wonder shorty die reminisce ghetto princess everyday shorty11embed
4972,1996,Merril Bainbridge,Mouth,mouth feel ive blown apart pieces know know kiss salty lips bet feel little crazy famous tv fault turn bad turn kiss mouth want taste turn upside want waste jump jump push know love id inclined slap mouth kiss salty lips feel little crazy ill famous tv fault turn bad turn kiss mouth want taste turn upside want waste fault turn bad turn kiss mouth want taste turn upside want waste fault love throw wide restrain blame feel youre blown apart pieces fit know fault turn bad turn kiss mouth want taste turn upside want waste kiss mouth want taste turn upside want waste kiss mouth want taste turn upside want waste itembed
4973,1996,La Bouche,Be My Lover,lover la da da dee da da da da la da da dee da da da da la da da dee da la da da da dee da la da dee da da da da da lover wanna lover looking time weve spent oughta know right wanna lover wanna lover ahead time boy gotta feel secure baby sure wanna lover wanna lover wanna lover la da da dee da da da da la da da dee da da da da la da da dee da la da da da dee da la da dee da da da da da la da da dee da da da da la da da dee da da da da la da da dee da la da da da dee da la da dee da da da da da ah ha yeah hey wanna lover ah ha yeah hey wanna lover ah ha yeah hey wanna lover ah ha yeah hey wanna lover confess girl yes want lover chance love dance floor getting hold tight ill let love definitely key boyz ii men bended knee loving brother ah yeah want lover hear know need know want know telling wanna lover la da da dee da da da da la da da dee da da da da la da da dee da la da da da dee da la da dee da da da da da ah ha yeah hey wanna lover ah ha yeah hey wanna lover ah ha yeah hey wanna lover ah ha yeah hey wanna lover hey yeah oh lover yeah oh lover know wanna lover know wanna la da da dee da da da da la da da dee da da da da la da da dee da la da da da dee da la da dee da da da da da la da da dee da da da da la da da dee da da da da la da da dee da la da da da dee da la da dee da da da da da ah ha yeah hey wanna lover ah ha yeah hey wanna lover ah ha yeah hey wanna lover ah ha yeah hey oh lover yeah1embed
4974,1996,Voice Of The Beehive,Scary Kisses,scary kisses lyricstheres trick playing safely baby people day living sensibly lots care lonely cautious way ill people lets stir things bit throw pieces sky baby want scary kisses want hits want misses want hell want bliss stuff gave safety showtime drove crazy run fall chance chance sit settle safe sound kinda little trouble break ground look ill look bad new lets stir things bit throw pieces sky baby want scary kisses want hits want misses want hell want bliss stuff gave safety showtime drove crazy run fall chance break bruise wont worst news start count scar break mistake know chance begin run finger flame fall rise compromise baby want scary kisses want hits want misses want hell want bliss stuff gave safety showtime drove crazy run fall chance break bruise wont worst news start count scar break mistake know baby want scary kisses want hits want misses want hell want bliss stuff gave safety showtime drove crazy run fall chance allembed
4975,1996,Aaliyah,If Your Girl Only Knew,girl knew yeah ha oh yeah ha uh ha yeah ha uh ha yeah ha aaliyah sing girl knew tryin girl knew dissin talk probably leave probably leave probably curse unplug phone oh bet shed glad oh yeah gone gone wouldnt worry girl knew want kick knew girl callin gettin fresh shed probably leave probably leave leave probably curse unplug phone unplug phone bet shed glad shed glad gone gone wouldnt worry shes crazy hey boy wont fool wont fool let aint easy baby girl dumb wont fool wont fool let aint easy probably leave probably curse unplug phone bet shed glad shed glad gone gone wouldnt worry probably leave leave probably curse unplug phone oh bet shed glad oh yeah gone gone wouldnt worry probably leave girl knew probably curse unplug phone bet shed glad girl knew gone wouldnt worry girl knew sayin sayin sayin huh sayin sayin sayin huh sayin sayin mmm girl knew knew sayin sayin sayin huh sayin sayin sayin huh sayin huh check mmm girl knew sayin sayin sayin huh sayin sayin sayin huh aint sayin baby mmm girl knew sayin sayin sayin huh sayin sayin sayin huh aint sayin baby mmm ha aint sayin baby ha let music ride lets walk baby uh feel feel word timbaland mo gain uh blackground check it13embed
4979,1996,Tina Turner,Missing You,missing time think catch breath standing youre miles away wondering left theres storm thats raging frozen heart tonight hear certain circles makes smile spend time thinking driving wild theres heart thats breaking long distance line tonight aint missing missing youve gone away missing aint missing missing matter missing theres message wire sending signal tonight know desperate ive looks losing fight world meaning trying hard understand heart thats breaking long distance line tonight aint missing missing youve gone away missing aint missing missing matter missing theres message sending telegraph soul breach distance stop heartbreak overload aint missing missing youve gone away missing aint missing missing matter friends missing aint missing aint missing lie theres storm thats raging frozen heart tonight aint missing aint missing youmissing aint missing oh aint missing aint missing aint missing aint missing aint missing aint missing aint missing everytime think catch breath1embed
4980,1996,Goodfellaz,Sugar Honey Ice Tea,sugar honey ice tea lyricshow explain meant cause pain standin rain maybe youre thinking maybe game feel youre home feelin heart gone tell baby tell wrong tryin understand wanna man sugar honey ice tea honey honey gots sugar sugar honey ice tea oooo baby love sugar sugar honey ice tea honey girl honey got sugar honey ice tea love love baby gotta maybe prove best man youll want lose believe lessons learned wont leave stone unturned time wont burned concerns tryin understand wanna man chorus mean cuss fuss comes rough thousand loves wouldnt wanna tonight need alright morning need taste leave love waste pacino sex doubleo benzito playin leeo candelight scene casalitos new york sections sex inside delicatessen gets picturesqe sugar honey ice tea confessions moonlight stared wristwear cartier plus presidential suites diamond filled chandeliers supreme sippin champy playalicious baby looker sugar honey ice tea shared booger repeat verse chorusembed
4981,1996,Jocelyn Enriquez,Do You Miss Me,miss hookapella lyricsthe radio plays favorite song keeps holding baby miss gone remember love forget remember tears cried regret help thinking love world lonely chorus radio plays favorite song keeps holding baby miss gone yeah dj play favorite song cause keeps holding baby miss gone remember love day goes heaven knows right heart wont lie love love minds speaking love world lonely repeat chorusx2embed
4983,1996,Chantay Savage,I Will Survive,survive oh survive long know love know ill stay alive cause ive got life live ive got love ill survive ill survive survive werent tried hurt goodbye think id crumble werent tried hurt goodbye think id crumble survive afraid petrified thinkin live ive spent nights thinkin wrong grew strong learned youre outer space walked sad look face changed locks leave key idve known second youd bother oh walk door turn cause youre welcome anymore werent tried hurt goodbye think id crumble think id lay die oh survive survive oh long know love know ill stay alive cause got life live got love survive survive werent tried hurt goodbye took strength fall apart tryin hard mend pieces broken heart spent nights feelin sorry hold head high somebody new chained little person thats love feet droppin thinkin free savin lovin whos lovin oh walk door turn cause youre welcome anymore werent tried hurt goodbye think id crumble think id lay die oh survive survive oh long know love know ill stay alive cause got life live got love survive yes yeah yeah yeah yeah yeah yeah wanna know need nono nonononononononononononononononononononono survive long byebyebyebyebye long byebyebye bye long byebyebyebye long byebyebye bye long byebyebyebyebye long byebyebye bye long byebyebyebye long byebyebye bye survive surviveembed
4984,1996,Soul Asylum,Promises Broken,promises broken lyricsstreets filled broken glass buried past little taste lay mask waste home mind racing home bodys aching ill wanna stay befriended enemy time little thing tells gonna help words hear spoken promises broken lookin outside window sill throw coin wishin youre lookin 15 miles dim light shines far away sad smile little thing tells gonna help words hear spoken promises broken hotel satellite look youre living right heres deal refuse aint got lose tell troubles wont laugh alright watch walk away hope stay alrightembed
4985,1996,TLC,Waterfalls,waterfalls lonely mother gazing window staring son touch time hes jam shell doesnt realize hurts praying aint helping cause hisself trouble goes makes money best way knows body laying cold gutter listen chasing waterfalls stick rivers lakes youre know youre gonna way think youre moving fast little precious natural obsession temptation gives loving body handle baby good day goes takes glimpse mirror doesnt recognize face health fading doesnt know letters took final resting place yall hear chasing waterfalls stick rivers lakes youre know youre gonna way way way think youre moving fast chasing waterfalls stick rivers lakes youre know youre gonna way think youre moving fast come seen rainbow yesterday storms come gone leaving trace godgiven ray life shades gray pray fade away seldom praise sunny days promise true faith undo chances blew bring life anew clear blue unconditional skies dried tears eyes lonely cries bleeding hope folk cope endurin pain keeps em pourin rain whos blame tooting caine vein shame shoot aim elses brain claim insane day time falling prey crime systems got victim mind dreams hopeless aspirations hopes coming true believe rest chasing waterfalls stick rivers lakes youre know youre gonna way think youre moving fast chasing waterfalls stick rivers lakes youre know youre gonna way think youre movin fast ooh youre movin fast chasing waterfalls stick rivers lakes youre know youre gonna way know know way hey think youre moving fast49embed
4986,1996,Donna Lewis,Without Love,love think think sign care far away thoughts forget told didnt said ask come cloud feet ground loud love mean love broken love value worth love life left earth blame work buy flowers gestures wile away hours yeah promises promises sealed kiss acknowledge miss yeah message received excuses believed hurt ill recover takes time discover love love mean love broken love value worth love life left earth love mean love love mean love mean mean mean broken broken broken mean yeahembed
4990,1996,LL Cool J,Hey Lover,hey lover ive watchin afar long remember youre real man need ask love girl crush yeah harlem ruckers saw ya man smilin huh coach bag hand layin coupe hat turned caught eyes moment skated strolled lookin legs god damn looked soft fine gotta ya man thats mission love real got ta handle competition knew months thats right drink smoke blunts workin everyday thinkin bout looking eyes rear view catchin flash backs eye contact wish lay ya stomach caress hold ya arms ease fears believe hadnt crush years hey lover hey lover hey lover crush hey lover hey lover crush lover hey lover crush hey lover hey lover crush bus stop waitin everyday man think safe travel way want violate relationship lay cut crush thats trip stop having daydreams tonguin uh vanilla ice cream kissing thighs moonlight searchin body tongue girl night wonder day simple dreams turn reality love come naturally walk aisle destiny man got hustle gotcha type scared break ya little chump change hair satisfy needs theres deeper level follow lead hey lover hey lover hey lover crush hey lover hey lover crush lover hey lover crush hey lover hey lover crush week saw ya mall standin pay phone bout vision end tellin come walked touched gently hands talked travelin distant lands escapin madness world becomin wife longer girl let dress fall floor kissed softly yearned experienced pleasure unparalleled ocean love fell swimmin timeless currents pure bliss fantasies interchangin kiss undyin passion unites souls swim point control fantasy wont come true spoke man swear love feelins inside dreams alive right time hey lover hey lover crush hey lover hey lover crush lover hey lover crush hey lover hey lover hey lover hey lover crush hey lover hey lover crush lover hey lover baby crush hey lover hey lover crush3embed
4995,1996,Duncan Sheik,Barely Breathing,barely breathing know youre clear taste saline kiss away tears going wishing star black holes surround heavier far believed confusion completely torn mustve yesterday day born theres examine theres left hide ask goodbye cause barely breathing air know kidding imagining care stand waiting fool day suppose worth price youre worth price price pay keeps asking whats certain figure attraction feel pain theres left reason blame change cause barely breathing air know kidding imagining care stand waiting fool day suppose worth price youre worth price price pay thinking thinking ive come know changing mind friend foe rise sink time come come cause barely breathing air know kidding imagining care stand waiting fool day suppose worth price youre worth price price pay thinking thinking know youre clear3embed
4998,1996,Keith Sweat Featuring Athena Cage,Nobody,wanna tease wanna wanna baby need want body til drop want holler want stop love sex treat baby baby need night long baby want night come baby let afraid cause wont bite promise way love sex lay body baby treat need night long baby band keeps playin baby baby want right lover oh yes place oh yes need love oh ill right ill right baby ill come runnin oh baby oh yes oh yes oh oh yes baby love baby gonna love baby sex body right baby baby lay kiss gonna caress body right14embed
5001,1996,Alan Jackson,Little Bitty,little bitty little love little honeymoon got little dish got little spoon little bitty house little bitty yard little bitty dog little bitty car alright little bitty little hometown big old city share smile life goes little bitty little bitty baby little bitty gown itll grow little bitty town big yellow bus little bitty books started little bitty look alright little bitty little hometown big old city share smile life goes little bitty hehyeee know got job little bitty cheque pack beer television set little bitty world goes little bit silence little bit sound good ole boy pretty little girl start little bitty world little bitty plan little bitty dream little bitty scheme alright little bitty little hometown big old city share smile life goes little bitty alright little bitty little hometown big old city share smile life goes little bitty while2embed
5003,1996,Ace Of Base,Lucky Love,lucky love life paradise oho yeaheah lucky love belongs teenage heaven know know cause ive tonight lucky love belongs teenage heaven know know cause ive tonight believe life paradise love thought lost sleeping close eyes lucky love belongs teenage heaven know know cause ive tonight lucky love belongs teenage heaven know know prisoner hope know young old fallin leaves hearts soul makes believe lucky love belongs teenage heaven know know cause ive tonight lucky love belongs teenage heaven know know bridge time need light light oh yeah lucky love lucky love lucky love belongs teenage heaven lucky love lucky love lucky love belongs teenage heaven oho yeaheah lucky love belongs teenage heaven know know cause ive tonight lucky love belongs teenage heaven know know prisoner hope know1embed
5004,1996,Blues Traveler,Run-Around,runaround lyricsoh midnight dearie woke head escape memory phone said game contestant parting gift believe eyes saw voice trusted friend needs humor tell lies yeah humor tell lies ill lie mind seek shall youre feeling open ill certain degree fear things hopefully wanna runaround surefire way speed things slow shake confidence bout great things ive cower nervous magician waiting wings bad play heroes right thinks expects hollywoods calling movie rights singing hey babe lets touch hey baby lets touch want touch want reach things feel soon lucky wed unable tell whats fishings fine doesnt rhyme feed line wanna runaround surefire way speed things slow ha la la la bombardier pilot speaking got news ship stands matter drop aint lot oh sure banner torn winds gotten colder ive grown little cynical know matter waitress brings shall drink yeah drink oh coffee tea able enter final plea got dream shake love point longer right okay way hope pray theres left wanna runaround surefire way speed things slow oh wanna runaround surefire way speed things slow down7embed
5005,1996,OutKast,Elevators (Me & You),elevators money yes sir couple years ago headland delowe start good nigga rode marta hood tryna hookup day looked ceiling yuh watching ceiling fans round tryna catch feeling instrumentals pencil plus paper caught 86 lithonia headed decatur writing rhymes tryna spot light light spot knowing rock holeinthewall clubs shit stop freeze making crowd making gs thats nono check aonetwo aone dope niggas cadillac went players ball ballers putting south map little rock banging niggas motherfuck playin payin stayin layin vocals locales big boys industry outkast yeah niggas making big noise million sold day niggas lightly 96 gon year yall playerhaters bite bitch momma cousin rolling strip vogues coming slamming cadillac doors momma cousin rolling strip vogues coming slamming cadillac doors day younger hunger looking belly rallys bullshit pull shit supposed pulled tick stoned white boys smoking white golds blunts got crunk chunky asses passes getting throwed hail marys looking halle berrys fine intertwined aint sipping wine wes chilling rabid villain high smoking freely lil b reek mone shug little brother james things changed hood live rats know momma want sing momma want trick trick momma sucking dicks moving world elevators crew pimps 82 tony toni tone yeah yeah east point gone momma cousin rolling strip vogues coming slamming cadillac doors momma cousin rolling strip vogues coming slamming cadillac doors got stopped mall day heard way came ayy nigga saying talking bout smoke hey man remember school kept smiling clown facial expression looking silly kept asking kinda car drive know paid know yall got beaucoup hoes songs yall replied id going things true ive got fans average man loot end week live beat live checktocheck feet eat necktoneck yes come long way slimass cigarettes virginia aint gon stop gon continue momma cousin rolling strip vogues coming slamming cadillac doors momma cousin rolling strip vogues coming slamming cadillac doors momma cousin rolling strip vogues coming slamming cadillac doors momma cousin rolling strip vogues coming slamming cadillac doors you41embed
5006,1996,Montell Jordan,Falling,falling come feel thug love baby feelinll itll drive oh crazy cuz ive watchin lately lady round round world bless soul flesh know sure miss thuggin road long come lets baby wrong baby spose bump bump bump bump moan groan picture stallin thug ballin hear callin wanna fallin 40 days kiss sit reminisce said night took surprise said youre gone youre waitin exhale having feelings youre falling woman ive felt 2x oh falling help baby falling contemplating falling faster heart pride line dial number phone steady ringing youre home youre listening message girl calling cuz falling 2x feel runnin blood better quick judge love people humble peaceful fallin thugs devotion outspoken chosen shut round fun beautiful night town way havin party everyday come way hey know parlay parlay everyday parlay parlay callin know fallen till fadeembed
5007,1996,Everything But The Girl,Wrong,wrong wanted little shouldnt wanted know pushed far started laying law till didnt love anymore pull little bit theres little love stretch little bit finally gonna break follow cause wrong follow cause wrong little house hanging didnt know turned threading daisies chain said decision time pull little bit theres little love stretch little bit finally gonna break follow cause wrong follow cause wrong grounds gonna swallow wrong cause wrong wrong wrong wanted little shouldnt wanted know pull little bit theres little love stretch little bit finally gonna break follow cause wrong follow cause wrong follow cause wrong follow cause wrong follow cause wrong cause wrong cause wrong wrong wrongembed
5009,1996,Kool G Rap,Fast Life,fast life lyricsthe time come gotta expand operation distribution new york chicago la gotta set market enforce champagne wishes caviar dreams team thats gettin cream sales fishscales triple beams gleam livin life riley packin calis rockin lizard ballys drug deal dark alley casinos dino primo pushin beamos parlay reno fly latinos nas runs staff count math steam baths weve seen halfamilli jackson queens half major players gettin papers layers portray block rocked amadeus fakers shootin targets soon dark hits drug market bodies rolled carpet cheat try beat got hookers heaters thatll straight pop shells adidas leaders lookin straight charmin giorgio armanis wanna harm nas gots come army ceelo rollers money folders sippin bolla holdin mad payola slangin coke cola black fake jacks sling aint shame game thing son livin fast life fast cars people know team outta queens american dream plottin scheme sevenfigure cream livin fast life fast cars people know team outta queens american dream plottin scheme sevenfigure cream yo got guns italy smoke trees considerably midstate green niggas ghetto misery shootouts liquor stores perpendicular angle clout war police searchin lexo whos petro tech blows straight roof tests yo respect dough respect got handcuffed rough life nights breathin scuffed nikes pour beers peoples stairs years got names swears poppin cristal child lickin shots holiday style rockin steele sweaters wallabee twentyfour carats countin cabbage arabs marriage mic magic elegant performance bubble lex insurance guzzlin guinness shootin catchin cases concurrent nas seven wives king solomon size rise g ghetto wise guys luciano frankie yale bugsy siegel green papers eagles trade thats illegal brother youve got happen yeahhhahh yeahhh money yeahhh brother youve got happen youre livin fast life heyy yeaaaah yeah ayo lifestyles exquisite yayo blizzard esquire attire standin ground pivot players rockin silk blazers diamonds glaciers lands namebrand seats reclinin spacious bodies ice livin trife rollin fixed dice gamblin grants handlin stamps moves sheist bankrolls got cops comin plain clothes tryin arraign gang cause fame thats game goes true right slammer fame glamour cookin grams arm hammer supplyin scramblers alabama rub faces leave traces aces got mad body cases preserve spaces horse races servin dom veuve clicquot dimes look magnifico puttin cut inside perico heat foes shoppin sprees fleet clothes caribbean suites deep rippin beats flows ayo went standin blocks socks sellin rocks pickin stocks boat docks glocks got poppy seed fields million dollar bills packin blue steel keeps real inside battlefield yeah heres toast funds things gun smokes rings graveyards buried kings livin fast life fast cars people know team outta queens american dream plottin scheme sevenfigure cream livin fast life fast cars people know team outta queens american dream plottin scheme sevenfigure cream12embed
5011,1996,Sarah McLachlan,I Will Remember You (Live),remember live lyricsi remember remember let life pass weep memories remember good times let slip away things got bad clearly saw smilin sun wanna feel warmth wanna remember remember let life pass weep memories tired sleep standin edge deep funny feel word screaming inside heard remember remember let life pass weep memories afraid love afraid lose clinging past doesnt let choose darkness deep endless night gave oh gave light remember remember let life pass weep memories remember remember let life pass weep memories weep memoriesembed
5013,1996,Blues Traveler,Hook,hook doesnt matter long sing inflection makes feel ill convey inner truth vast reflection ive said far long takes matter job resolve breaks hook brings aint tellin lie hook brings rely amiss insincere fact mean confession draws near confuse issue ill refer familiar heroes long ago matter peter loved pan refuse grow hook brings aint telling lie hook brings rely suck suck suck youre rin tin tin anne boleyn desperate youll win begin youre mtv free pc killing desperately sing thee love sure rage hate pain fear self feelings shelf ive tried fact lied financial suicide ive got pride inside hide slide ill ill decide let ride ive died shall abide tide catchy little tunes hip minute ditties wanna bust balloons wanna burn cities ground ive mess play hey day hear prayer pray thats feeling stuck need buck rely luck hook brings aint telling lie hook rely11embed
5014,1996,Redman,Funkorama,funkorama hah funk doctor spock look clocks gonna ship journey darkside hah weve conquered new evidence life funk prognosis brains comatose percent funk runs bloodstreams nose madonna eyes freeze visines eyes smoke thai weed need journalist scientist eye funk cosmical far logical blow spot hood boondox bully block new locks kicks phenomical astronomical uhh thats feelin nauseous thats rhyme swing funk nunchucks games death thats cool blind fools kareem abdul hot worchestire higher cheech funk speech words wear sun visors gettin funk trunk def squads house 95 punks coming block man loud fuck swear redman inside trunk coming block man loud fuck swear redman inside trunk coming block man loud fuck swear redman inside trunk coming block man loud fuck swear redman inside trunk ahhh high pilled motherfuckers def squads house 95 suckers punks yall chumps blew frame twice dumb nice bring worst gunfight notch nah fuck notchs topped meter computers catch amnesia swifter roller blades ice capades fearless plus kool aid grammar slam york alabama pull pants nutty planters style gets death row def jef def jam squad def lep big niggas onedeuce cocks snaps busts boys blue rrrrrah weed says burn shit lisa lopes cause ruckus area fucked better calling power ranger motherfuckers cause redman bomb saddam loose worldwide triple fat goose heavily armed coming block man loud fuck swear redman inside trunk coming block man loud fuck swear redman inside trunk coming block man loud fuck swear redman inside trunk coming block man loud fuck swear redman inside trunk coming block man loud fuck swear redman inside trunk coming block man loud fuck swear redman inside trunk coming block man loud fuck swear redman inside trunk coming block man loud fuck swear redman inside trunk3embed
5015,1996,Billie Ray Martin,Your Loving Arms,loving arms lyricsoooh burnin inside yeah burnin inside yeah oooh burnin inside burnin inside yeah yeah times asked tell girl time time needed reason inside world times asked ask feels love love conclusion guilty oh baby loving arms feels shelter loving arms inside arms burning loving arms whisper loving arms inside love yearning mmmm way act makes wonder stand way acting things ive asked time stealing dream fear youre leaving reach baby loving arms feels shelter loving arms inside arms burning loving arms whisper loving arms inside love yearning yearning yearning inside love yearning oooh burnin inside yeah burnin inside yeah oooh burnin inside burnin inside yeah burning inside yeah burning inside burning inside yeah burning inside yeah oooh burnin inside yeah burnin inside yeah oooh burning inside burning inside yeah burning inside yeah burning inside burning inside yeah burning inside yeah yeah yeah yeah yeah times asked tell girl time time needed reason inside world times asked ask feels love love conclusion guilty oh baby loving arms feels shelter loving arms inside arms burning loving arms whisper loving arms inside love yearning loving arms mmm yeah loving arms burnin inside yeah burnin inside loving arms burnin inside yeah burnin inside yeah loving arms burning burning burning burning yearning burning yearning inside love yearning burning yearning inside love yearning burning yearning inside love yearning burning yearningembed
5016,1996,Monifah,You,sun shine brighten day rain fall fall way cold outside youre warm days feeling weak feel strong bring best heart sing cause happy wont things yeah baby baby baby baby blow mind day night got paralized makes feel good inside sun shine brighten day rain fall fall way cold outside youre warm days feeling weak feel strong felt love strong stood test time tell took love away far away cloudy days baby baby baby baby baby blow mind everyday night got paralized makes feel good inside sun shine brighten day rain fall fall way cold outside youre warm days feeling weak feel strong sun shine brighten day rain fall falls way cold outside youre warm feeling weak feel strong sun shine brighten day rain fall fall way cold outside youre warm days feeling weak feel strong sun shine brighten day sun shine brighten day rain fall fall way rain fall falls way cold outside youre warm cold outside youre warm days feeling weak feel strong feeling weak feel strong sun shine brighten day sun shine brighten day rain fall fall way rain fall falls way cold outside youre warm cold outside youre warmembed
5019,1996,Tracy Chapman,Give Me One Reason,reason reason stay ill turn right reason stay ill turn right said wanna leave lonely gotta change mind baby got number oh know got know called called times baby anytime got reason stay ill turn right reason stay ill turn right said wanna leave lonely gotta change mind want squeeze away life want squeeze away life want hold oh rock night youthful heart love yes need said youthful heart love oh need old chasing wasting precious energy reason stay yes turn right reason stay oh ill turn right said wanna leave lonely gotta change mind baby reason reason baby reason oh reason stay said told loved aint say13embed
5020,1996,Journey,When You Love A Woman,love woman life ive said id fall wrong searching aint overover know love woman world inside eyes love woman know shes standing joy lasts forever theres band gold shines waiting somewhereoh yeah believe true fall love hard hope pray tonight youre thinking girl yes knowi know love woman world inside eyes love woman know shes standing joy lasts forever theres band gold shines waiting somewhereoh walking look eyes love woman world inside eyes love woman know shes standing joy lasts forever theres band gold shines waiting somewhereoh love woman love love love love love woman world inside eyes4embed
5022,1996,Hootie & The Blowfish,Only Wanna Be With You,wanna come different worlds laugh look girls youre crazy wonder baby cause dolphins theres ive looking girl look youve got left ill pout way wont dance wont sing want love want wear ring theres wanna fool wanna little dylan sitting fence line great ask meant said shot man named gray took wife italy inherited million bucks died came help lucky wanna aint bobby cool wanna yeah tangled blue wanna fool wanna wonder end mad friends youre crazy wonder baby yeah dolphins theres wanna fool wanna yeah tangled blue wanna wanna wanna wanna you9embed
5023,1996,Bone Thugs-N-Harmony,East 1999,east 1999 east 1999 niggas thinkin bout days year 89 little nigga grind gotta crime toot hen steady stacking ends putting serve clair 99 hitting graveyard shift ren little big wally wish bone little wally high rollerz wonder niggas strong krayzie bone stack rod jay love kept nigga toes game everyday thang let ya nuts hang gotta grand daily man cleveland hustlers busters thug heart niggas land fool old school serve ya sentence cool fucking trues rest peace little nigga ripsta stress bone love smoking bud cause nigga mo thug calling niggas time nut 99 niggas gonna drop number gun run run cleveland city nigga come slanging dumdumdumdums niggas going ctown em thug nigga bud got fifth rose fore liquor store close hit em reasons nigga roll buddha smoke nigga stiff reefer mo running outta club plus got hydro shit creeper peep strip hear double glockglock widda rocks cocked sweating bad coppers betta drop gunshots pop glock hit body bullshit stop troubling popo niggas roll solo split swerve krayzie caution yayo tossed send em road curb running ducking jumping land niggas crazy slang buck bang glock nigga thats daily nigga twelvegauge pump mr sawedoff leatherface better pray eternally thugsta east 1999 rep death gotta peace scts big thug glock pump blast cash mash gas gotta dash away cops lil mo heart steadily sippin rose ripping flesh fours thats thugsta yes pump slugs dropping em dumpsters fuck popo dem bodies burn burn guess hoodll learn gotta dip mo ones sherm mission city pick niggas peeling roll window wind blow fuck indo high thats hitting barrels twelvegauge scandalous niggas outta woods bucking fucking family feel nigga understand love bud st clair thugs east 99 youll slanging motherfucking drugs dun dun leaving niggas cock pop widda gun know nodding head gots fun leaving em hung breaking faking studio gangsta bitch trick niggasll beat handling shit split midst darkness consider heartless oh yes flesh running ho check betta check rolex ya timed giving respect scts cle plus scandalous niggas dwell hell forscythe bail leaving trail bloody victims fifth dog mauling em catch slipping sipping fifth divine time instead tripping flipping scripts bone abe sober niggas told triggers showed east 99 soldiers wanna run red rum try run away late watch buckshots come buck buck better guard fucking face dumping slugs fools rolling trues drinking brews start shit come equipped niggas stay cool 187 think going heaven slugs chest hell dwelling popping clip bodies dumping watching fall pave milli pumping putting bodies graves cleveland city come run run run run cleveland city come run run run run cleveland city come run run run run cleveland city come run run run run east 99 east ninety ninety ninetynine east 99 east ninety ninety ninetynine east 99 east ninety ninety ninetynine east 99 east ninety ninety ninetynine east 99 east ninety ninety ninetynine east 99 east ninety ninety ninetynine east 99 east ninety ninety ninetynine east 99 east ninety ninety ninetynine nine19embed
5024,1996,Genius/GZA Featuring Inspektah Deck,Cold World,cold world bad dream afraid bad dreams dreams time chose born babies cryin brothers dyin brothers gettin knocked shit deep block got locked cold cold world night new years fuckin projects handgun silent tec outsiders stuck enemies fear blasted spot pigs know hoods robbers snipers new sight fuck blue white escape flash fuckin lights gunshots shatter firstfloor window panes shells hit ground blood stained dice game procalisthenic style set beat niggas toothless physically cut gooses iron sides thugs took excuses fiftytwo handblocks useless linx snatched necks left scars throats jackets took bullet rips coats felt cold steel em fold squeal metal hit temple grill construction worker caught bomber time swing hammer hangin farmers bugged niggas catch slugs pockets dug everythin check stubs sound ill wars brownsville fatal robberies red hook feds look fugitives shoot cops niggas layin roof tops cream stashed shoebox hot strip filled young killers suspect cops creep caterpillars born thieves stay hooded extra bullets try flee hit vertebrae increase murder rate similar hitmen pull tecs drop crack tacos mexican rapid recipients cashin checks motherfuckin spot lexington babies cryin brothers dyin brothers gettin knocked shit deep block got locked cold cold world runnin cops bustin shots shit deep block got locked cold cold world yo time freeze undercovers ease grand prixs seize packages pocket currency cliques control strips clips sprayed yellow tape barricades sidewalks bodies lay madness strikes oclock midnight stickup kids ground broke staircase light stays harassed scramblin petty cash jakes ass young bucks learnin fast threefifteensevens fortyfours bought inside corner stores provide sparks wars hospital floors surrounded law homicide questionin jakes guard door hood stay tense loyalty puts strength team cause niggas main concern cream niggas jetblack galant shot chinese restaurant kid named lamont thought dead instead missed kid hit twelveyearold girl head fled tactical narcotic task force fast cause crime boss passin cash extortions portions streets causes beef havin followers indians trying play chief witness saga casualties drama life script actor author modernday opera main character presidential papers dominant factor know sensuous charm looked alarmed walked babies cryin brothers dyin brothers gettin knocked shit deep block got locked cold cold world runnin cops bustin shots shit deep block got locked cold cold world23embed
5026,1996,Horace Brown,Things We Do For Love,things love diamond rings pearls things trips december things love fancy cars credit cards remember things love oh romantic places mind hoping someday perfect share day walked inside longer hide love sailing cruise night sailing cruise night gazing ocean moonlight yeah yeah taking paradise paradise baby oh oh oh oh oh yeah yeah diamond rings pearls things trips december things love things love fancy cars credit cards remember remember things love oh showered gifts love bring closer trickin money thing simple pleasure bring way takes day sailing cruise night sailing cruise night gazing ocean moonlight moonlight taking paradise taking paradise oh oh oh oh oh yeah yeah diamond rings pearls things trips december things love oh oh fancy cars fancy cars credit cards remember oh things love things love things love yeah yeah things love ooh oh oh oh ooh yeah mhm shadadadadadada oh things love diamond rings diamond rings pearls things pears things trips december things love things love fancy cars fancy cars credit cards remember remember things love things love diamond rings diamond rings pearls things pearls things trips december things love montego bay fancy cars oh oh credit cards remember things love things love diamond rings diamond rings pearls things pearls things trips december oh oh things love oh oh oh oh yeah fancy cars fancy cars credit cards credit cards baby remember things love theres world wouldnt lady diamond rings pearls things trips december things love wouldnt fancy cars youre reason baby credit cards remember oh things love yeah yeah yeah yeah yeah yeah diamond rings pearls things trips decemberembed
5027,1996,Amanda Marshall,Birmingham,birmingham lyricsvirgil spencers got 19 inch hitachi demons lingering friday night pulled gun change channel picked king wife remembers man knew dreams turned black blue shes wasted years time tears cause theres chance someday soon shining alabama moon shes looking promised land lights birmingham 3 virgils passed sofa fifth jim beam floor shes packed bags slips keys pocket shes careful slam door drives rubs rosary shes shes felt free got miles blind faith hope cause theres chance someday soon shining alabama moon shes looking promised land lights birmingham rain falls interstate doubts washed away long look birmingham cause theres chance someday soon shining alabama moon shes looking promised land lights birmingham chance someday soon shining alabama moon shes looking promised land lights yeah yeah birmingham birmingham yeah yeah ooh whoa baby yeah someday soon baby someday soon yeah someday soon hey hey yeah driving yeah driving baby yeahembed
5029,1996,The Tony Rich Project,Nobody Knows,knows yeah wish told felt maybe shed right instead pretended glad went away walls closin day dying inside knows clown pain real knows crying inside knows didnt things needed let angel away world tumblin clearly youre nights lonely days sad thinkin love missin knows carry smile broken tremblin inside knows lie awake quarter past screamin night thought youd hear yeah heart callin knows blue ask heart jigsaw puzzle torn apart million words feel million years know ill lovin nights lonely days sad thinkin love missin knows tomorrow mornin hitting dusty road gonna gonna unload heart hope come said nights lonely nights lonely days sad thinkin love missin knows meembed
5038,1996,Groove Theory,Baby Luv,baby luv theres know told thats growing everyday lot single way gonna days lonely people got time time youre phone baby got wind blows baby remember words baby love gentle raindrops falling june pretty sunshine flowers bloom baby love long youre happy happy delight youre life baby love baby love got glow surrounds shining bright honey true love way tell night youre lovely youre laughing makes day smile didnt know played snow set winter wind blows baby remember worlds baby love gentle raindrops falling june pretty sunshine flowers bloom baby love long youre happy happy delight god gave life baby love ooh baby love baby baby baby love gentle raindrops falling june pretty sunshine flowers bloom baby love long youre happy happy delight youre life baby love1embed
5039,1996,Hootie & The Blowfish,Time,time lyricstime punish wave crashing shore wash away dreams time walk away friend left crying teach tomorrow pain sorrow running free cause tomorrows day believe time time understand children killing street dying color rag time red blue wash ocean clean maybe mothers wont tonight teach tomorrow pain sorrow running free tomorrows day believe time wastin time walkin time time aint friend time time know goin time time think mind thinkin time die tomorrow yeah lay sleep oh time wastin time walkin time time aint friend time time know goin time time think mind thinkin time time left standing tree growin wind stripped bare stripped bare time past come gone futures far away lasts second second teach tomorrow pain sorrow running free cause tomorrows day believe time time time time time aint friend time time know goin time time think mind time walkin time wasted time time aint friend time time know goin time time time courage time fear wasted wasted wasted time oh time punish me3embed
5046,1996,Junior M.A.F.I.A. Featuring The Notorious B.I.G.,Get Money,money fuck bitches money fuck niggas money fuck bitches money fuck niggas money fuck bitches money fuck niggas money uh check uh wanna sip mo livin room flo play nintendo cease nino pick phone poppa home sex night mad head morn spin v smoke weed tattoo titties sayin big check wanna main squeeze baby dontcha want need baby wontcha picture life wife think fulllength mink fat x o links bracelets match conversation showed safe combinations guess youse trusted think spread mustard shit got hot sent feds spot took court tried got nother intricate plot bitch said raped damn wanna stick paper moschino hoe versace hottie come fuckin everybody knew fake id cases virginia body dc woe oh thats trickin came bail commence asskickin kick door wavin 44 heard poppa hit disrespect clique shits imperial fuck milk box material feel suckin dick runnin lips cause real fuckabitch shit uhh fuck bitches money aint seen girls fuck niggas money fuck bitches money fuck niggas money fuck bitches money fuck niggas money uh fuck bitches money whoo look fuck niggas money whoo told niggas niggas better grab seat grab dick bitch gets deep deeper pussy bitch 6 feet stiff dicks feel sweet little petite young bitch street guaranteed stay bring work outta town greyhound billboard bound niggas press hit play chicken thinkin pressed killin stickup juxs count million eat pussy push limit feelings open cummin throat wanna main squeeze nigga dontcha wanna lick knees nigga dontcha want whippin 3 ave blow spots bitches mad break affairs lick shots air vexed start swinging shifty wanna pistol whip pull 9 cock yeah nigga aint got time nigga tryin hear shit wanna buy diamonds armani suits adrienne vittadini chanel 9 boots things games lies hallmark cards sayin apologize deceive paybacks bitch motherfucker believe nah aint gay aint lesbo flow lil somethin let motherfuckers know fuck bitches money fuck niggas money fuck bitches money fuck niggas money fuck bitches money fuck niggas money fuck bitches money fuck niggas money fuck bitches money fuck niggas money fuck bitches money fuck niggas money fuck bitches money fuck niggas money fuck bitches money fuck niggas money fuck bitches money fuck niggas money fuck bitches money fuck niggas money fuck bitches money fuck niggas money fuck bitches money fuck niggas money42embed
