,Year,Artist,song_name,further_clean_text
5047,1997,Los Umbrellos,No Tengo Dinero,tengo dinero lyricsvamos tequila senorita bonita need aint got tengo dinero caballero work time meet wanted greet couldve sweeter wrong bought bombita gone know frustrated men miss guess surely know baby gone rose bush rise wicked bandolero better wise ash ash dust dust big chest loco vamos tequila senorita bonita need aint got tengo dinero caballero work smile face plan wiggle attract man rude boys beware ones come fe run things swing vendetta gun things lick shot sa care dha freak money cause punani popularity bum bye bye grown man big chest loco come vamos tequila senorita bonita need aint got tengo dinero caballero work vamos tequila senorita bonita need aint got tengo dinero caballero work outembed
5048,1997,Nu Flavor Featuring Roger,Sweet Sexy Thing,sweet sexy thing lyricsgrooving baby sexy thing ulalala sexy thing ulalala ooh oh ooh oh sweet sexy thing chorus sweet sexy thing bring body baby mood sweet love waited long ive got sweet little sweet little sexy thing verse 1 hey baby baby baby sexy little sexy thing time feels good wanna girl wont fight want lover tonight night cause love girl right baby baby baby baby listen bridge want lovin baby kissin n huggin baby lovin n rubbin babe feels good baby youre drivin crazy wanna baby night long chorus verse 2 accused lovin body mind tonight bodys calling got little look eye baby unplug telephone lets pretend home ill slow jams love night long lady bridge chorus bridge chorus repeat fadeembed
5049,1997,Da Brat Featuring T-Boz,Ghetto Love,ghetto love problems solve answer told chance learn ways love baby offer told secret love wont let ohh allll love baby hey nigga aint shit gonna change boo hold held compelled nigga passion love ran real bitch understanding trust fuck compare covers muthafucka nigga stickin stuff laid pipe unlike plumber took shoppin day night kept cummin dinner collard greens candied yams steak taught measure grams cook rocks chop weights caught case cuz youre boy ran mouth disgrace pain felt miss touch days passin actin stacks letters hit forget youd livin cella hella muthafuckas want occupation pacin cuz gonna waitin baby love waiting baby sweet darling love waiting worry bout thing nigga stay long hang ima ran boy heard hed spread word soft braggin collecting cheese pissing fuck thought committing felony left missed big breaths took waz puffin l little things bigger ones saw better sl 500s colorful gucci sweaters leathers diamond letters girl broke saved sugar business runnin droppin keys cancun cash rules remain king throne position taken flippin calender pages till home wanna blast boy snatchin happiness regret whatll happen dollar foundation incarcerated bail jealous tell opposite forever brat tried blame prefered handle fame waitin open arms rekindle flame love waiting baby sweet darling love waiting worry bout thing nigga stay long hang ima love waiting baby sweet darling love waiting worry bout thing nigga stay long hang ima love waiting baby sweet darling love waiting worry bout thing nigga stay long hang ima around1embed
5050,1997,Leschea,Fulton St.,fulton st lyricshe rollin jeep cruisin fulton street bring food eat homies living street week bumped street didnt stop speak thats fulton street oh creeping round way peepin 4 x 4 everyday wishing notice dream swing fat jeep round way cell phone check day think think fulton street dropped 40 hand said wanna man swingin slow jam swingin slow jam dropped 40 hand said wanna man wanna cruisin fulton street night went fulton street brothers big guys step cuz know live rolling jeep marked fatass gear fantasys reality respect baby creep way peepin 4 x 4 day wishing notice dream swing fat jeep round way cell phone check everyday think think fulton street dropped 40 hand said wanna man swingin slow jam swingin slow jam dropped 40 hand said want man wanna cruisin fulton street rolling close far finally spose cruisin fulton street cruisin fulton street creep way peepin 4 x 4 day wishing notice dream youd swing fat jeep round way cell phone check day think think fulton street think fulton street think fulton streetembed
5052,1997,The Prodigy,Smack My Bitch Up,smack bitch lyricslike change pitch smack bitch change pitch smack bitch change pitch smack bitch change pitch smack bitch smack bitch smack bitch change pitch smack bitch change pitch smack bitch this2embed
5057,1997,Bruce Springsteen,Secret Garden,secret garden shell let house come knocking late night shell let mouth words right pay price shell let deep inside theres secret garden hides shell let car driving shell let parts bring shell let heart got hammer vise secret garden think twice youve gone million miles far place remember forget shell lead path tenderness air shell let come far know shes shell look smile eyes shes got secret garden want need stay million miles away6embed
5058,1997,OutKast,Jazzy Belle,jazzy belle yeah yeah oh yes love egyptian want description royal highness plusses bust minus went yelling crickets crows bitches hoes queen thangs years toes yes seen thangs kilroy chill boy folks think soft talking man fuck niggas going coming right boomerangs throw em old ghetto poems thinking better em let thumb hitchhiking inviting niggas temple body everybody got talked friends coming crew looking jazzy wanna pretend ms goody fourshoes bo knew got poked acupuncture patients nation boat straight sinking hate thinking future mommas chillun fucking different nigga time feeling willing extra kilometer señorita pillow bed girl stay house doctor games play real jazzy belle playa real playa flaw having best life lobster steak perignon smoking ounce weed single day personal freaknik tricking hoes polo clothes life conceived conception deception looking eyes weapon depressing theyre digging thighs leaving deposits keeping closets open knocking boots drawers hoping sprung bailbonds steadily calling antwan cause thinking lady bitch play cause youre janky wanted hit ass goodie got danky thank thee running southernplayalistic game blame nigga know yo shame cracking em fucking nigga 2pac leaving foes flowers wake gotta feeding daughter teach natural woman cause youll waiting exhale hoes dumb dumber yeah know saying ol girl blackonblack lac northstar windows tinted knows talk bad nigga guaranteed snap bra straps sticking grandma grandpapa dogeatdog world kitty cats scratching furry coat curl bowl kibbles bits want hurl cause girls liking high school dyking having mercy disrespectful ones hanging crew looking funds dumb deaf fine asking know shes sipping wine squawk vultures trends cultures baby hey faking sculptured nails hell lay lucifer cause burning big boi use abuse tricks hollin got rank tricks hollin got rank tricks hollin got rank tricks hollin got rank tricks hollin got rank tricks hollin got rank tricks hollin got rank tricks hollin got rank22embed
5060,1997,Tha Alkaholiks Featuring Ol' Dirty Bastard,Hip Hop Drunkies,hip hop drunkies whats yo whats yo naaaaaame burp ol dirty bastard imma alkaholik yeah nigga ohhhhhhhh tash ha ha ha ha ha youre rockin tha liks start reachin ozone girls know yall look different clothes whats tash came steal grinch leavin niggas puzzled said shit french olde english bringin beneath try bite style wax watch crack teeth cause words connect west test glide drunken lyrical hang glider nobodys tighter ruff rap provider ninety ways peel ya know words tashll kill ya sound familiar filter weak everytime speak drink hit peak mind beep defdafyin rappin client tryin scrape style slam harder kobe bryant quiet likwidation west motherfuck ya boozy got special guest yo yo breaker breaker breaker onenine bust bitch silver shine cause thought fine winked thought fine nigga poutin ho alcohol took time let nigga rotate turn table diamond needle pull ego king chair ground tyson sound seconds round scavenger nigga youse shrimp line shit ear digest stop drinkin motherfuckin water lets land godzilla sheeit mr tiny tim man niggas creepin beanstalk start come fuckin asses try chip shit nuts motherfucker ro pimped flow ho rap mackraphone rhymes hittin hard crack bone divide square mcs math bend half drink genuine draft stop skied wampum hes layin ground let dog scrilla chop switch reels feels skills outcomes unbelievable tysonholyfield loaners return em rightful owners style wild gs pistolas need ask ski mask fight power pe class bomb squads hank shock peace nigga scott puttin stickers block burp drink brewsters punky adventures hip hop drunkies bitches hoes ya neck motherfuckin ho butt hole fuck goes bitches hoes ya neck motherfuckin ho ear hole fuck goes yeah yo yo yo disrespect architect tried perfect oh heck mc director rhyme inspector rated brooklyn borough sector packtown original bboy rappin whats happenin dope got pope clappin smackin chicken kickin trickin vickin hoes stick dick step outta place tashll smack taste face cause theres hide outer space cause waste motherfuckers toxic fumes betta room hear boom boom hey sugar plum assume pitch volume doesnt tune everyday regular rap star peddler rap seminar beware hard way threes hard way fuckers aiyyo jro style dope yayo rap fast love green grass nuttin nice mic mean ass extra dallama bring hahaha extra extra bring dallama verse better sliceaversa god acre massacre murdered known rap wrecka rhyme rebel youre rhyme survive streets true beaters minerals rhymes survive acre attic asiatic true god dick lightnin rod ho kick mumbo jumbo type shit niggas try home come funkin spot micheal jordans cologne mega drunken style crowd pumpin niggas lookin tash somethin drunk stumbled didnt come trip came bring ya humble tumble plots plans ol dirtys house thats motherfuckin man likwid crew comin ol dirty wu passin party jettin brew yall new niggas think wanna likwid crew comin ol dirty wu passin party jettin brew yall new niggas think wanna doembed
5061,1997,LeAnn Rimes,How Do I Live,live night live kind life oh need arms need hold youre world heart soul leave baby away good life tell live want know breathe survive oh live thered sun sky love life thered world left baby know id lost lost leave baby away real life tell live want know breathe survive oh live tell baby leave baby away need baby know youre good life tell live want know breathe survive oh live live live baby live11embed
5062,1997,Depeche Mode,Home,home song wrong town bound ground loneliest sound pounds pinning page emptiest stage cage heaviest cross gauge deadliest trap laid thank bringing showing home singing tears finally ive belong heat sickliest sweetsmelling sheets cling backs knees feet drowning time desperate beat thank bringing showing home singing tears finally ive belong feels home known breath god send true friend pretend ill amends time befriend glorious end line thank bringing showing home singing tears finally ive belong here4embed
5065,1997,"2Pac, Notorious B.I.G., Radio, Dramacydal & Stretch",Runnin',runnin tha police time time nigga time runnin police yeah know mean matter got nigga runnin police thats right motherfucking nikes tight ghost yall aint got nuttin mind gettin trouble licking shots block leavin bloody blood puddles ridahs delight gunfight shoot gauge pebbles devils die tonight die bury motherfucking g open casket bastards remember vest chest tools piece thug life motherfucker got runnin police nigga know thats true catch nigga kdog chillin crew damn day parlay glass oj okay fuckin fake cop got play man ran block glass hand damn hope spill nigga chill shit real cock steel runnin police gets sleep got em peepin window smokin indo aint motherfucking track star pigs got jeep big malcolm runnin motherfuckers backyards grabs piece flee instead runnin bitches runnin lick shots hit spots piece cause nigga big malcolms runnin police war trying sell runnin punk police try cock gun store come hold north pulled park left school lets buck look look punk police run fast catch look look punk police blast cause blast yo schemin fiendin loots took crooked route ghetto fame felt pains run game insane brain cold gettin fly plane suckers nigga biggie smalls causin ruckus check grew fuckin screwup got introduced game got ounce fuckin blew choppin rocks overnight nigga biggie smalls tryin turn black frank white got workers choppin rock fiends flock gettin dirty cop jealous sweatin lettin smoke hope play joke provoke homicide let drama slide keepin real fuck feel biggie pass steel lets serve motherfuckers slugs fuckin meal grow dreads change description cops milk box missin toes know got stepped fist bullets chest teflon run police picture nigga fat fuck catch asthma attack thats bust phase drop glock swayze celebrate escape sold glock bought weight laid got money motherfucker war trying sell runnin punk police try cock gun store come hold north pulled park left school lets buck look look punk police run fast catch look look punk police blast cause blast got runnin fiveo duckin dodgin survival depends let ho movin swifter nigga time sex cause mind wonder whos nigga homie slipped pays price driveby sixteen hes doin triple life tell upbringin spit thug shit nigga motherfuck singin hope got timberlands tight cause aint givin id duck motherfuckers night runnin projects biatch theyll catch cause loced trigger happy sniatch heard til murder legend thug niggas heaven rollin thoro headz gettin ghost hoes yo got love fiveo runnin police war trying sell runnin punk police try cock gun store come hold north pulled park left school lets buck look look punk police run fast catch look look punk police blast cause blast me13embed
5069,1997,Peach Union,On My Own,1234 baby care maybe change atmosphere ive seen signs know right way think yesterday remember things said course history hope youll remember way theres left ive got ive got baby unfair maybe ive got left share ive seen signs know right way think yesterday remember things said course history hope youll remember way theres left ive got ive got think yesterday remember things said course history hope youll remember way theres left ive got ive got ownembed
5070,1997,Donna Lewis,Without Love,love think think sign care far away thoughts forget told didnt said ask come cloud feet ground loud love mean love broken love value worth love life left earth blame work buy flowers gestures wile away hours yeah promises promises sealed kiss acknowledge miss yeah message received excuses believed hurt ill recover takes time discover love love mean love broken love value worth love life left earth love mean love love mean love mean mean mean broken broken broken mean yeahembed
5078,1997,Savage Garden,Truly Madly Deeply,truly madly deeply ill dream ill wish ill fantasy ill hope ill love need ill love breath truly madly deeply strong faithful cause counting new beginnin reason livin deeper meanin yeah wanna stand mountain wanna bathe sea wanna lay forever sky falls stars shining brightly velvet sky ill wish send heaven want tears joy pleasure certainty surrounded comfort protection highest powers lonely hours lonely hours tears devour wanna stand mountain wanna bathe sea wanna lay forever sky falls oh baby close eyes cause standing right need surely come hoo hoo yeah yeah ill dream ill wish ill fantasy ill hope ill love need ill love breath truly madly deeply love mmm mmm wanna stand mountain wanna bathe sea wanna lay forever sky falls wanna stand mountain wanna bathe sea want live forever sky falls oohooh ooh yeah oh oh ladadadadada lalalala ladadadadada lalala oohooh32embed
5080,1997,Allure Featuring NAS,Head Over Heels,head heels lyricsnas yeah firm trackmasters escobar allure raw ayo bridge rockin comin bottles poppin allure album droppin place packed faces know know buyin cases cash stack shorty peepin puerto rican half black puff puff need live pass zone shoot jewel baby girl dome crazy world let drop home lets way names esco platinum range man know wet got tech close respect goes want allure gotta leave ill real boy understand felt baby explain feeling high deny new tell want love baby deny feeling inside youve thinking holding touching filling need head heels real real feels falling love boy feel fallin lost inside oh ho youre desire youre desire oh baby oh baby falling head heels fallin head heels baby baby longing want baby bodys calling wont come love need tell want love baby deny feeling inside youve thinking holding touching filling need whats problem know way act real cats life way got cause turned guess learned aint future burnt stunts left hood thing home team pushin watchin chrome gleam yeah iight probably heard pipe game tight rockin pbs stones powerful whips egg headlights scent weed gettin weave trees crack moon roof breath extra set keys tell world tour hands girls allure allure oh baby feel oh baby fallin head heels head heels real feels falling love lost inside youre desire oh baby falling head heelsembed
5081,1997,Spice Girls,Wannabe,wannabe hahaha yo ill tell want want tell want want ill tell want want tell want want wanna hey wanna hey wanna hey wanna hey wanna wanna zigazig ah want future forget past wanna better fast wasting precious time act fine ill tell want want tell want want wanna hey wanna hey wanna hey wanna hey wanna wanna zigazig ah wanna lover gotta friends gotta friends forever friendship ends wanna lover got taking easy thats way oh think know feel handle love real real wont hasty ill try bug ill goodbye yo ill tell want want tell want want wanna hey wanna hey wanna hey wanna hey wanna wanna zigazig ah related songssay youll therespice girlsspice lifespice girlsauntie diarieskendrick lamar wanna lover gotta friends gotta friends forever friendship ends wanna lover got youve got taking easy thats way heres story z wanna gotta listen carefully got em place likes face got g mc likes easy v doesnt come free shes real lady haha youll slam body wind slam body wind wanna lover gotta friends gotta friends forever friendship ends wanna lover got youve got taking easy thats way wanna lover gotta gotta gotta gotta gotta slam forever slam slam slam slam slam body wind slam body wind hey hey hey hey hey hey slam body wind slam body zigazig ah uh uh uh uh wanna lover29embed
5083,1997,Peggy Scott-Adams,Bill,lyricsooh ladies turn radio girls tell wanna know know things theyre appear want happen happened listen words felt inside man loved loved guy party oh little fun looked man missing walked outside believe eyes bills arms breathing hard french kissing ready mary susan helen jane time sleeping man house thousand times man camping fishing oh tell crossed mind friend goduncle son looks uncle billy wants stepmom ready mary ready jane woman compete man man asked man didnt tell gay knew knew build world heres knew feelings didnt want thought girl thought change tears came eyes says sorry hurt got pack waiting oh girl ive got ive got ready barbara kim betty jane time sleeping man feel ashamed oh blame man queen queen thought thought king told left said know youre hurt ooh oh know know youre mad thats asking baby tell son love dad ready mary susan helen jane time sleeping man ready mary susan helen jane come house fix food time sleeping man loan money time trying honeyembed
5085,1997,Samantha Cole,Happy With You,happy lyricssamantha cole berry cosgrove kevin clarke thinkin baby time wake morning mind think dreaming good true amazing love baby youve given sweetest emotions ive gonna let dreams come true baby oh happy feel alive cause love right thats happy youre need touch ooh drive crazy want youre cause feels good amazinging thats love doembed
5087,1997,Duncan Sheik,Barely Breathing,barely breathing know youre clear taste saline kiss away tears going wishing star black holes surround heavier far believed confusion completely torn mustve yesterday day born theres examine theres left hide ask goodbye cause barely breathing air know kidding imagining care stand waiting fool day suppose worth price youre worth price price pay keeps asking whats certain figure attraction feel pain theres left reason blame change cause barely breathing air know kidding imagining care stand waiting fool day suppose worth price youre worth price price pay thinking thinking ive come know changing mind friend foe rise sink time come come cause barely breathing air know kidding imagining care stand waiting fool day suppose worth price youre worth price price pay thinking thinking know youre clear3embed
5088,1997,Dru Hill,Never Make A Promise,promise think love dreamed wondered think know clear understand baby proud love proud man yes promise ill hurt ill promise ill hit cross heart hope die cause know ill safe ill warm ill satisfied ill sunshine morning night told wanted gave need told love good promise aint told wanted gave need told love good promise aint aint way youre stuck baby baby know youd surrounded love ecstasy start great love affair thats gonna end share world oh began told wanted gave need told love good promise aint told wanted gave need told love good promise aint oh girl ill stand hand ill love baby wish command lets play fantasies oh lose mind places aint promise alright told wanted gave need told love good promise aint told wanted gave need told love good promise aint promise baby thats ill lose world ill promise aint oh man word concerned youll hurt better worse ill promise aint told wanted gave need told love good promise aint told wanted gave need told love good promise aint meembed
5089,1997,Aqua,Lollipop (Candyman),lollipop candyman candyman coming bountyland candyman coming bountyland wish lollipop sweet things sugar tree sodapop free come honey sweet sugar candyman run wind fly bountyland bite youre hungry understand end sweet sugar candyman oh love know candyman oh love word command oh love know candyman oh love let fly bountyland lollipop sugar sugar lollipop sugar sugar wish bubble gum chewing baby day long begging sweet delight tonight come honey sweet sugar candyman run wind fly bountyland bite youre hungry understand end sweet sugar candyman oh love know candyman oh love word command oh love know candyman oh love let fly bountyland oh love know candyman oh love word command oh love know candyman oh love let fly bountyland candyman coming bountyland candyman coming bountyland oh love know candyman oh love word command oh love know candyman oh love let fly bountyland lollipop sugar sugar lollipop sugar sugar top2embed
5091,1997,Nu Flavor,Heaven,heaven lyricsheavenheaven oh heaven help looked eyes shes heaven oh heaven help time saw girl turned upside stop thinkin bout ya head spinning round got way girl crazy know want minute single day dreamin night sleep praying soon youll heavenheaven oh heaven help looked eyes shes heaven oh heaven help knees help fall asleep tonight know hold pillow wanna holding close eyes face know happiness kiss away hour dark beat lonely heart tells need heaven oh heaven heaven heaven oh heaven help looked eyes shes heaven oh heaven help knees help spanish la primera ves que te mire podido dormir tu estas en mi corason y en mi suenos y cada noche le pido dios que vulva juntos para siempre girl id want need thought feel way wanna spend rest life day apart saving love heart night sleep prayin soon youll heaven heaven oh heaven help looked eyes shes heaven oh heaven help knees heaven heaven heaven heaven fade outembed
5092,1997,Tre,Take Your Time,male vs female pop singers sing shawn mendes theres holding wanna follow goes think knows dua lipa new rules pick phone know hes calling cause hes drunk let youll kick post malone fall apart told left broken heart jennifer lopez love love gave trust comfort tell baby j holiday suffocate cause breathe talk breathe youre touching ariana grande weeknd love harder cause want gotta gotta gotta gotta got love harder justin bieber bloodpop friends ends friends hailee steinfield alesso let ive hoping somebody loves ways sam smith crazy think know youve halsey bad love bad love trey songz na na ooh na na look started ooh na na gotta act naughty camilla cabello havana havana ooh nana left heart havana ooh nana niall horan town world watching id dance drive highways byways jojo leave leave right end jason derulo whatcha cause roof caved truth came didnt know ashanti time baby time gave baby chris brown questions girl got question answer yeah yeah yeah yeah yeah yeah yeah yeah mya case ex whatcha gonna want tell need hear brand new benz bought weeknd party monster good good great know mixing drink pnk times said answer nf let feels edge right wish proud yeah aaliyah miss long lost gonna said needin wantin sam hunt time wanna steal freedom wanna change mind love wanna time mariah carey belong left lost hard believe come baby cause belong lukas graham 7 years seven years old mama told friends youll lonely rihanna girl world want feel girl world bruno mars way face theres thing change cause youre amazing way areembed
5094,1997,Erykah Badu,On & On,oh feeling high moneys gone world keeps turning oh day day day peace blessings manifest lesson learned knowledge wealth wellearned image names intellects believe god fear oh cypher keeps moving rolling stone oh night til break dawn cypher keeps moving rolling stone oh goddammit ima sing song born water dollars dimes yeah laugh cause math damn yall feel oh world keeps turning oh day day day man knows knows knows colder summertime hotter fall image names intellects believe god fear oh cypher keeps moving rolling stone night till vultures swarm cypher keeps moving rolling stone mad props god jaborn feeling kinda hungry cause high coming feed cause food endure think need cup tea world keeps burning oh day day day rush destruction cause left mothership save ass gon left image names intellects believe god fear oh cypher keeps moving rolling stone oh onon fuck leave ooh ooh wait cypher keeps moving rolling stone oh on50embed
5096,1997,The Verve Pipe,The Freshmen,freshmen young knew punk rarely took advice guiltstricken sobbin head floor stopped babys breath shoe rice held responsible touching face wont held responsible fell love place life remember think wise wed compromise life believe wed die sins merely freshmen best friend took weeks vacation forget girl took weeks worth valium slept hes guiltstricken sobbin head floor thinks wept said held responsible touching face wont held responsible fell love place life remember think wise wed compromise life believe wed die sins merely freshmen tried wash hands wed talk lacking relationships guiltstricken sobbin heads floor fell ice tried slip wed held responsible touching face wont held responsible fell love place life remember think wise wed compromise life believe wed die sins merely freshmen life remember think wise wed compromise life believe wed die sins merely freshmen merely freshmen freshmen11embed
5097,1997,John Michael Montgomery,Friends,friends lyricsyou want friends thats newly sharpened blade thats dagger heart promises thats chapter pain season rain dark stormy night spent friends scattered wind tossed waves lost years end friends slowly drift apart away hearts maybe wanna friends love youll hold dear sweetest words want hear whats love desire flame warm late night need friends scattered wind tossed waves lost years end friends slowly drift apart away hearts maybe wanna friends friends slowly drift apart away hearts maybe darling killing friendsembed
5098,1997,Chumbawamba,Tubthumping,tubthumping truth thought mattered thought music mattered bollocks compared people matter singin winnin singin knocked youre gonna knocked youre gonna knocked youre gonna knocked youre gonna pissin night away pissin night away drinks whiskey drink drinks vodka drink drinks lager drink drinks cider drink sings songs remind good times sings songs remind better times oh danny boy danny boy danny boy knocked youre gonna knocked youre gonna knocked youre gonna knocked youre gonna pissin night away pissin night away drinks whiskey drink drinks vodka drink drinks lager drink drinks cider drink sings songs remind good times sings songs remind better times nextdoor neighbour knocked youre gonna knocked youre gonna knocked youre gonna knocked youre gonna knocked singin youre gonna winnin knocked singin youre gonna ooh knocked singin youre gonna winnin knocked singin youre gonna ooh knocked singin pissin night away youre gonna winnin knocked singin pissin night away youre gonna ooh knocked singin pissin night away youre gonna winnin knocked singin pissin night away youre gonna ooh knocked singin pissin night away youre gonna winnin knocked singin pissin night away youre gonna ooh knocked singin pissin night away youre gonna winnin knocked singin pissin night away youre gonna ooh knocked singin pissin night away youre gonna winnin knocked singin pissin night away youre gonna ooh knocked singin pissin night away youre gonna winnin knocked singin pissin night away youre gonna ooh knocked singin pissin night away youre gonna 10embed
5101,1997,Reba McEntire,What If,lyricssometimes understand feels living world gone mad look people rush time time care ones losers game tenderness scarifice progress love need know makes wonder everybody everybody reached hand reached hand everybody everybody sang voice sang voice maybe change things everybody everybody cared heart cared heart everybody everybody tried light spark tried light spark maybe change things gotta world world love gotta gotta way change theres gotta way better everybody everybody reached hand reached hand everybody everybody sang voice sang voice maybe change things everybody everybody cared heart cared heart everybody everybody tried light spark tried light spark maybe change things hearts oh answer look inside better better try everybody everybody reached hand reached hand everybody everybody sang voice sang voice maybe change things everybody everybody cared heart cared heart everybody everybody tried light spark tried light spark maybe change things somehowembed
5102,1997,New Edition,Hit Me Off,hit alright yall aint got ask yeah got cha open come baby drive crazy shes finest thing ive seen looking natural queen said let ride umm baby girl started long youre ready baby long youre ready babe want hit hit hit come baby drive crazy hit freak ya got open got jonin episode come baby drive crazy lets spend hour shower nice wet ready love whos making moves cause looking ooh want girl hit hit come baby hit hit come baby drive crazy hit come baby check taking loses boss flossing way grace face whats love think screwin naw wait lets date plans dinner slow cause know shes winner uhh got feinin cream know movin slow low low low yeah yeah yeah baby boo yo whats word camp wanna freak gonna peak grab stab cause know gots hit hit hit got mind money yo bootys come baby drive crazy hit come baby got mind money bootys got mind money bootys hit hit come baby hit hit got mind money bootys hit come baby drive crazy hit come baby1embed
5103,1997,Raybon Bros.,Butterfly Kisses,butterfly kisses theres things know sure sent heaven shes daddys little girl drop knees bed night talks jesus close eyes thank god joy life oh butterfly kisses bedtime prayer sticking little white flowers hair walk pony daddy ride know cake looks funny daddy sure tried oh ive wrong mustve right deserve love morning butterfly kisses night sweet sixteen today shes lookin momma little everyday woman girl perfume makeup ribbons curls trying wings great big world remember butterfly kisses bedtime prayer sticking little white flowers hair know love daddy mind going kiss cheek time oh ive wrong mustve right deserve love morning butterfly kisses night oh wind years spread wings fly shell change today oh shell promise ill away standing brideroom starin asked thinkin said sure feel losin baby girl leaned gave butterfly kisses momma sticking little white flowers hair walk aisle daddy time wedding gown look pretty daddy daddy oh ive wrong mustve right deserve love morning butterfly kisses night love oh love morning butterfly kisses nightembed
5105,1997,Bee Gees,Still Waters (Run Deep),waters run deep waters run deep remember lie wins losers weep reflection connection lean need know admit ive fool believe losing talk tear shed spell head took arms told need worry sorry love alive feel survive change real waters run deep remember lie wins losers weep reflection connection lean need know angel devil heart confess addiction youre leading fight darkness light living arms shiver know deliver let gods decide finds sweetest thrill justify truth god love waters run deep remember lie wins losers weep deception struggle youre starved affection need know let close youve got stranger mind dream free know human maybe kiss goodbye x2 waters run deep remember lie wins losers weep deception struggle youre starved affection need knowembed
5112,1997,112,Cupid,cupid everybody hands whoa mmm yeah girl love 112 listen girl told love doesnt mean care ooh tell need think ill ooh baby tired way turn words deception lies misunderstand try speak mind saying whats heart cupid doesnt lie wont know try oh baby true love wont lie wont know try try girl ask trust doesnt mean gonna cheat cause gonna hurt mislead love baby tired way turn words deception lies misunderstand try speak mind saying whats heart cupid doesnt lie wont know try oh baby true love wont lie wont know try try aint doubt lord knows mean id die lie wanna leave ya aint life gonna leave gonna oh cupid doesnt lie wont know try oh baby true love wont lie wont know try try cupid doesnt lie aint doubt lord knows mean wont know try id die lie oh baby true love wont lie wont know try try cupid doesnt lie wont know try oh baby true love wont lie wont know try try17embed
5113,1997,White Town,Your Woman,woman tell youve got ive waiting long hear truth comes surprise cut crap tell know heart know mind know youre unkind highbrow marxist ways use walk away boy play way guess true right kind girl woman woman woman woman saw best friend yesterday said liked start wish claim knew held heart youre charming handsome man think finally understand genes know ill soon thats sure play way guess true right kind girl woman woman woman woman guess true spend life man woman woman woman woman24embed
5114,1997,The Prodigy,Firestarter,firestarter lyricshey hey trouble starter punkin instigator fear addicted danger illustrated hey hey firestarter twisted firestarter hey hey youre firestarter twisted firestarter hey hey firestarter twisted firestarter bitch hated filth infatuated yeah pain tasted fell intoxicated hey hey firestarter twisted firestarter hey hey youre firestarter twisted firestarter hey hey hey hey self inflicted mind detonator yeah infected twisted animator hey hey firestarter twisted firestarter hey hey youre firestarter twisted firestarter hey hey firestarter twisted firestarter starter hey hey hey hey hey hey hey hey hey hey9embed
5118,1997,Nate Dogg Featuring Snoop Doggy Dogg,Never Leave Me Alone,leave leave leave leave leave leave leave leave leave leave tell temptation ooh hard resist tell want tried hide feelings dogs aint supposed feel want know youve got singin morning bring breakfast bed hurts rub head ill ask time baby wont hectic hit record leave leave leave leave leave leave leave leave leave ive traveled places ive seen faces times didnt think id went phases got cases strikes youre gone gonna guess ill lady tell kiss baby tell crime know leave tell daddys sorry let know theres thing id leave leave leave leave leave leave leave leave leave man somebody naughty snitched judge sentenced century mobbin county mainline 9500 tryin handle spittin game homies good ol days try pass time waiting chain chino reason miss baby boo nigga spanky true dirt og snotty nose kid got caught rapture maze days gone real gs gon try walk yard head sky hope baby boo aint fuckin niggas outside whats chance aint crackin id probably mackin lie girl world playa hood playa nigga love look niggas know probably turn ass away better stay away hope day okay guess home girl trippin got block phone leave left leave leave left leave leave left leave leave left leave leave left leave leave leave leave left leave leave leave leave left leave leave leave leave left leave leave leave leave left leave leave leave leave left leave leave leave leave left leave leave leave leave alone8embed
5119,1997,Kenny Lattimore,For You,lyricsfor lifetime stablility want impossible words ways love thoughts thinking cause life good weve ive change makes sense roads end share cup love overflows knows knows change faults low high heart havent seen cause share ive said hard understand feel feel deeper love note play word melody feel appeal page write everyday life filled things love brings id promise fidelity eternity replace vow id hand heart add wedding ring cause life good weve youre know feeling leave id die heres makes sense roads end youembed
5120,1997,Wild Orchid,Supernatural,supernatural lyricslove river flowing deeper time rushing senses sweet cherry wine stole emotion thief night love offer deny raise ground wanna tell world love supernatural love youre giving supernatural high heaven sent supernatural love oh supernatural id thank changing world woman lost little girl soul searching searching cherish love divine hypnotized feelings ive felt magic spell supernatural love youre giving supernatural high heaven sent supernatural love oh supernatural giving giving giving supernatural love giving giving giving supernatural love hypnotized feelings ive felt magic spell supernatural love youre giving supernatural high heaven sent supernatural love oh supernatural lift higher higher higher lift higher ive lift higher higher higher supernatural love giving giving giving supernatural love giving giving giving supernatural love supernatural love youre giving supernatural high heaven sent supernatural love oh supernaturalembed
5121,1997,Lisa Stansfield,"Never, Never Gonna Give You Up",gonna yeah check gonna check gonna yeah check babe ill forever yeah yeah yeah yeah ill yeah ive got pleased way gonna stand love right thats want know need boy know need cause ive world searchin right dear look days hoped prayed feel way gonna gonna stop way feel babe live gonna quit cause quiting aint schtick gonna stay right things want check yeah want baby boy got yeah need baby baby baby baby want youve given words oh dear iii right dying day know things feel know love gives thrill cause ive worlds lookin ooh right dear search days hoped prayed feel way gonna gonna stop way feel babe live gonna quit cause quiting aint schtick gonna stay right things want gonna gonna stop way feel babe live gonna quit cause quiting aint schtick gonna stay right things baby gonna want kiss squeeze love tease ill things baby want kiss squeeze love tease ill things baby baby gonna gonna stop way feel babe live gonna quit cause quiting aint schtick gonna stay right things want gonna gonna stop way feel babe live gonna quitembed
5122,1997,Wild Orchid,At Night I Pray,night pray lyricsso room feels cold care hold yeah lord knows needing somebody passion burning eyes sense rush heart knew secret way feel come running turn away night pray hope faith lay sleep pray come time youll ill day comes night pray feel emotions inside reveal whats locked soul afraid youve got know want touch time youre near long feel body knew secret love come running turn away night pray hope faith lay sleep pray come time youll ill day comes night pray prayers answered hearts enraptured heaven inside arms lonely room finally sun shine day night ill pray ill knees ill knees pray night pray hope faith lay sleep pray come time youll ill day comes night pray1embed
5123,1997,Brownstone,5 Miles To Empty,5 miles oh yeah yeah yeah yeah yeah yeah yeah yeah yeah yeah yeah yeah oh yeah oh yeah yeah yeah yeah oh baby sit talk minute know weve got things need work oh yeah spare sorry details lies silence cries hurry hurry quick quick need man whos gonna right hurry hurry quick quick somebody surely satisfy think love makes stop wonder truly oh oh oh baby 5 miles heart running low whoa need good man need good man love babe 5 miles heart running low whoa need good man need good man love spend time fighting desperately trying love know wont longer baby waste time praying saying wont longer day hurry hurry quick quick need man whos gonna right hurry hurry quick quick somebody gonna satisfy needs yeah think love makes stop wonder truly oh oh oh baby 5 miles heart running low whoa need good man need good man love babe 5 miles heart running low whoa need good man need good man love 5 miles heart running low whoa need good man need good man love babe 5 miles heart running low whoa need good man need good man love hurry hurry quick quick oh need man promise right hurry hurry quick quick oh looking whos gonna satisfy think love makes stop wonder truly oh oh baby 5 miles heart running low whoa need good man need good man love babe 5 miles heart running low whoa need good man need good man love 5 miles heart running low whoa need good man need good man love babe 5 miles heart running low whoa need good man need good man loveembed
5126,1997,Lorrie Morgan,Go Away,away touche touche youre right theres wishy washy girl wishy washy world away wait minute want want confused admit away wait minute cest la vie la vie thats right change mind couple times away wait minute want want confused admit away wait minute need help lately nervous wreck world changed reason strange love baby scares death away wait minute want want confused admit away wait minute confused admit away wait minuteembed
5128,1997,"Lil' Kim Feat. Da Brat, Left Eye, Missy Elliott & Angie Mar",Not Tonight,tonight ladies night remix uh yeah uhh heres yeah lil kim queen bee ladies night angie mic butter p honey got sugar got spice roll ls tight rhymes right yo motherfucker night uhh rookie allstar team kim gettin cream thelma louise chrome leave brooklyn shit bang whips platinumcoated rollie chips wrists heres french kiss dismissed chicks split fourfifth dance ow stay focused dopest penny hole yall hopeless toke aint lyin niggas trying knock tryin takes phone street team promote ass soundtrack new jack citay set eightfitay yall missin buck fuck bump biggie truck buck thorough bitches lemme ya bankhead ya richest rap mae west qb got sisters oh ladies night rhymes tight oh ladies night oh night oh night oh ladies night feel right oh ladies night oh night oh night uhh packin gun got raw chicks lay dat ass flat chokin ya paragraphs laughs getcha right path aint stoppin ladies club hoppin gets rock flavors frozen paradise joint booty shakin glass left righthand sayin stepson girls fancy fly bitches niggas straight snitches chicos lady pimp aint havin shit aint got cash stash suck dick hoes strictly bell ringer lay finger big bad wolf miss lady rap singer blame flames risin stop oh ladies night rhymes tight oh ladies night oh night oh night oh ladies night feel right oh ladies night oh night oh night yall bogus niggas try notice dopest bitches approachin good intentions focusin riches hot fuck kitchen niggas dicks stay lifted thinkin cause rhythm kick puzzle em arithematic fillin em sluggers milli luger clip bitches bust kickin dust spread rumors shit makin sicker head tumors humor huggin sayin lovin bet ya phony niggas buggin tell cause thug wanna sell drugs push keys need mo deez vvs m3s smoke weed overseas pimped styled roleys fuck police wallet obese windy city woman comin gunnin straight chi tonights night ladies lets high oh ladies night rhymes tight oh ladies night oh night oh night oh ladies night feel right oh ladies night oh night oh night ayo kim heh heh yaknowhatimsayin aint gon leave sayin sunun track aint gonna use singin hooks look patti labelle somebody nigga heh heh check uh huh yeah oh night missy stead bein mike ride ponies instead ridin bikes lil kim got rhymes incite gotta catch flight uh heh heh threeish niggas elektra undeas ow niggas wanna heh hehe ladies night ladies night ladies night ladies night9embed
5129,1997,Lost Boyz,Music Makes Me High,music makes high lyricsverse 1 sayin kid right represent east coast line represent ill west coast gettin high fellas puff lie lou spigg tah everyday know woo brothers tryin wreck crew havin mad fun niggas known day lifestyles rich shameless violating end nameless verse 2 yo ref ring alarm know spiggs got freaky tah spark charm 12 man pretty lou bless rest new york city boo continue bring flav representin lb cradle grave hows time mind write line sight blind comin click whattcha gonna shit gets gonna start runnin hidin gonna start slippin slidin man thought game smash feel real niggas ass mr mr cheeks freaky freaky tah pretty pretty lou spiggy spigg nice chorus 1 money 2 lie 3 peoples struggle gettin 4 lou spigg nice freaky tah music makes high 1 money 2 lie 3 peoples struggle gettin 4 fam lou spigg nice freaky tah music makes high verse 3 mr sexxx hit drug called track plug sign react comes path makeem feel wrath yeahyeah volunteers lose careers yo feels fears legal drug thugs comin thats deal 95 lb fam real hard cleats walkin fuckin streets ponine walks beats beats wife cheeks gots tally word born shit shit represent fam real niggas rich bitch niggas scram till day die lb year 95 true gs chorus 2x verse 4 niggas doin bids shorties raisin kids peoples niggas know deal real rated hit left whos mind state shock hit run niggas frontin scamming hey yo thats word guys fam wants wants smokin trees gettin gs thats wes try year 9 pound represent town showem gets lost boyz style flows families gonna stay free till day die pretty lou spigg nice freaky tah word chorus2x verse 5 female vocals hey yo gettin high new york high east coast high west coast high man named sexxx high charles suitt high man big tiz high niggas lockdown high freaky tai niggas sweatin studio high mr mr cheeks high high lostboyz high niggas best try gods day die2embed
5131,1997,Susanna Hoffs,All I Want,want lyricscant ignore hide away escape things line way leave break yesterday want wanna better listen stop whats going stop whats going wrong better listen confidence coincidence sin people tomorrows open eyes hesitate want wanna listen sleeping dark dreaming stars wish makes want pick home hold tight think wanna wanna better listen open arms crying eyes hello wave goodbye thinking want wanna listen stop whats going stop whats going wrong wanna wanna better listen sleeping dark dreaming stars wish want want feel onembed
5135,1997,Third Eye Blind,Semi-Charmed Life,semicharmed life doodoodoo doodoodoodoo doodoodoo doodoodoodoo doodoodoo doodoodoodoo doodoodoo packed holding smiling shes living shes golden lives says lives ovation motivation comes round goes smile drug want coming smiling stop rhythm divides speak chorus verse chop line coda curse come freak takes stage games play want semicharmed kind life baby baby want listening goodbye doodoodoo doodoodoodoo doodoodoo doodoodoodoo doodoodoo doodoodoodoo doodoodoo sky gold rose taking sips nose wish place smiling pictures crystal meth lift break wont stop wont come stock ticktock rhythm bump drop bumped took hit given bumped bumped said place fell asleep inside place said want semicharmed kind life baby baby want listening goodbye believe sand beneath toes beach gives feeling earthy feeling believe faith grows right chords feel die alright alright plane came said crashing velvet rips city tripped urge feel alive struggling survive days wearing velvet dress youre priestess confess little red panties pass test slide round belly face mattress hold broken want little feel hovering ground scared coming wont run life shes got jaws locked smile alright alright want life baby want listening goodbye goodbye goodbye goodbye doodoodoo doodoodoodoo doodoodoo doodoodoodoo doodoodoo doodoodoodoo sky gold rose taking sips nose wish place place start lives doodoodoo doodoodoodoo doodoodoo doodoodoodoo doodoodoo doodoodoodoo want else42embed
5137,1997,Mase,Feel So Good,feel good ready mase party people place uhhuh time yeah screams yo know goin head west red lex tvs headrest try live ride true bigger truck piece glittered stick kid nigga jig cut sip cris spit come hos ride nut till big man man room hit cancun grants tomb standin wall hand balls lighting drugs fightin club reason dress code figure wouldnt wild fresh clothes come dress suppose neck toes neck gold baguettes rolls wreck shows collect extra os buy e key lex hold east west state come bury hate millions thing hurry friend exfriend lex benz lets begin bring bs end come bad bad bad bad boy yeah feel good bad boy know feel good yeah know feel good thats bad bad bad bad boy come wouldnt change wouldnt change yeah wouldnt change ahah come understand waikiki sippin dp til tv look 3d little kids way dc z3 chrome bbs wanna niggas talkin shit ought quit fortunate fourth ones walkin whip started seeing cars auctioned daydream mercedes gleam deal hos pose maybelline time aint mad yall catalog ill daddy ball thats right cars power big stars sit ceo style smokin cigars nigga yall talkin funny understand language people short money come bad bad bad bad boy yeah feel good come know feel good know feel good thats bad bad bad bad boy yeah wouldnt change wouldnt change come wouldnt change ahah mase got ladies yeah yeah puff drive mercedes yeah yeah hits 80s yeah yeah sound crazy yeah yeah personally nothin personal work work dress blessed arrested nothin domestic chill way met jet ski attached se smoke nestle mad rapascap check problem yall directly thats right went hard sweet starved eat hoes shows ménage suites cat hard meet gettin head girls hardly speak come bad bad bad bad boy yeah feel good uhuh know feel good know feel good bad boy thats bad bad bad bad boy yeah wouldnt change ahah wouldnt change come wouldnt change lets bad bad bad bad boy yeah feel good uhuh know feel good know feel good come bad bad bad bad boy stop wouldnt change ahah wouldnt change wouldnt change ahah mase harlem world bad boy goodfellaz baby yeah wont stop cause stop mason betha haha yeah ow come on5embed
5139,1997,Nastyboy Klick Featuring Roger Troutman,Down For Yours,lyricsdown youre ooooooo nastyboy klick die youre ooooooo nastyboy klick dj yourz youre ill man dropping skill body chills let wine dine boo doubt ill good girl gots need shell standing mac represent trust aint scared guns let run street let gotta fine love blind hookups time got ends place live smoking fat phillys wit kid want come long cause valley az finding flat females aint hard come ride swing bounce room 60duece thats fulfill fantasies desires lay pop let higher loving way ill lead astray knew want og trust trust flow going gs youre need shorty mac victoria secret champagne bubble baths let magic man rub magic lamp getting 3 wishes likes cause aint wide world abouts giving lovin duke earl uhh feel lovin gots wet candy flowers diamonds let know feel dedicate life soul youve thinking man life promise treat right playa hate sex time giving respect ill cause love aint easy want goldilocks money buy scotch divine styles calvin klein design masses style sport clashes hazardous health men beauty descends dividends lust remains heavenly intent ignites flames exclaim complain affection right wrong need correction definitely best times lovins need supply kinds brown eyes scheming room checking look away reason gaze look game competitions heinas lookin good playin need hand hand roaming ecstasy oooooo youre bounce gs youre computer love bounce gs youre youre want g baby want g yes jesus fellasembed
5140,1997,Zhane,Request Line,request line lyricsdj pick phone request line baby baby baba baby baby baby baby alright night know better rhythm works beat soul tell feel night youre control come daddy wont away know line day dialing zero twentynine hear hey 1 hey baby boo tell play hey youre right time got request line baby baby baba baby baby baby single day baby single night alright alright mr dj know remember voice calling oh turn shake shake shake shake baby catch vinyl spinning yeah zero twentynine thats number dialing tonight hey repeat 1 baby baby bababy baby baby repeat gotta hot baby gotta hot baby gotta hot baby gotta hot baby ah come repeat 1 baby single day baby single night baby baby baba baby baby dialing fiftyfive zero twentynine ill ringing night calling ya oh baby grove dialing fiftyfive calling dialing fiftyfive zero twentynine calling line calling calling dialing fiftyfive zero twentynine fiftyfive request line oh ah ha babyembed
5141,1997,112,Come See Me,come baby come cause need ill love later free baby come ill love sittin thinkin felt love oh need feelin compare come ill place lovers dream sexy sexy things let know baby come cause need ill love later free baby come ill love awhile thinking time held smell sweet perfume babe way felt left room oh wanna feel way tonight come come ill ohhh place place lovers dream ohhh sexy sexy things let know baby come cause need ill love later free baby come ill love baby come cause need ill love later free baby come ill love bodysuit youre wearing girl fits paint think ima sit pass chance aint got thoughts set things women life love youre number list reminisce kiss girlfriend yo picture lets relight candle shot meant mistreat ya girl need lot baby come cause need ill love later free baby come ill love baby come need ill love later free need ill love girl let baby come ill love of1embed
5143,1997,Suga Free,If U Stay Ready,u stay ready dollar everytime look sideways ill pay westside fridays build yall playa haters yall highways trip partner uhuh havin visions bloody mary aids tryin nana dictate mines look baby feelin fine natural oat bran engineered fly life mannequin comes mother capricorn baby stubborn favor tell lie fool twisted baby love rent car note come love gon baby moneys clock right block stack big knot musics got imma stay ready gotta ready cause rose king tut resurrect amadeus stay ready ask ask baby aint got ready thing gon come right stay ready fa sho ya feel aint got ready cause feel orange juice austy got feelin lodi dodi flippin phone book tryin hottie wait let ya lies relax aint jockin cause stacks aint comin qualifyin player p thats gon tryin y cause know zs brougham blow brains enjoy breeze hunnies got wonderin ill thatll place wouldnt mind traffic lookin choosable fails end usin needin point time getaway good rhyme tired sos real long feel em guess gon deal stay ready thing laugh aint got ready aint worried nothin fly life stay ready aint got ready hey playa hamm know sayin oh boy thats come classic connection playa real ya ya feel oh yeahyeah kingpin westside best lets ride god bless backbones homeboys black tone bringin true everytime speak sprinkles rest 40 comin weaker imma simple tricks comprehend end aint ripe stay tree cause friendly neighborhood playa partner suga free liable haul spit ps thatll break knees shell lie steal kill real hamm thought baby aint comin raw broke gon job break law god blessed child god true aint got dependin ya better tell ya swell clothes baby breakin hearts promises fingernails holy ghost gods broke heart let succeed cause playa thats organ need low behold good havin heart break rebroke stay ready gon ready stay ready kingpin life yall aint got ready kingpin ah ah stay ready pin tail funky aint got ready shocks funky stuff stay ready bullshittin aint got ready whats happenin stay ready kingpin life aint got ready kingpin life yall know straight game game dj quik whats baby playa hamm gone robert bacon yeah4embed
5144,1997,Robyn,Show Me Love,love yeah yeah yeah told ive got pride independent heart said wont live lives thought love sweet thought meet ive ill tell lie love ive got round world love love life baby youre needed love alright waste love wanna tell got love know youve got potential baby let love love life alright baby youre needed love love alright love oh life life baby youre needed love alright love baby youve got life love baby youre needed love alright love miss ill sure alright ill heart love day night love yeah yeah life alright baby youre needed love love alright hey hey oh love life alright baby youre needed love alrightembed
5146,1997,Goodfellaz,Sugar Honey Ice Tea,sugar honey ice tea lyricshow explain meant cause pain standin rain maybe youre thinking maybe game feel youre home feelin heart gone tell baby tell wrong tryin understand wanna man sugar honey ice tea honey honey gots sugar sugar honey ice tea oooo baby love sugar sugar honey ice tea honey girl honey got sugar honey ice tea love love baby gotta maybe prove best man youll want lose believe lessons learned wont leave stone unturned time wont burned concerns tryin understand wanna man chorus mean cuss fuss comes rough thousand loves wouldnt wanna tonight need alright morning need taste leave love waste pacino sex doubleo benzito playin leeo candelight scene casalitos new york sections sex inside delicatessen gets picturesqe sugar honey ice tea confessions moonlight stared wristwear cartier plus presidential suites diamond filled chandeliers supreme sippin champy playalicious baby looker sugar honey ice tea shared booger repeat verse chorusembed
5148,1997,Alan Jackson,Little Bitty,little bitty little love little honeymoon got little dish got little spoon little bitty house little bitty yard little bitty dog little bitty car alright little bitty little hometown big old city share smile life goes little bitty little bitty baby little bitty gown itll grow little bitty town big yellow bus little bitty books started little bitty look alright little bitty little hometown big old city share smile life goes little bitty hehyeee know got job little bitty cheque pack beer television set little bitty world goes little bit silence little bit sound good ole boy pretty little girl start little bitty world little bitty plan little bitty dream little bitty scheme alright little bitty little hometown big old city share smile life goes little bitty alright little bitty little hometown big old city share smile life goes little bitty while2embed
5149,1997,En Vogue,Whatever,wanting advantage tender heart giving trust giving love care gentle heart bum bum bum cause bout baby bum bum bum baby wanna apart ooh bum bum bum ive loving start bum bum bum heres heart heres heart baby think look eyes know heart aches mean youre breaking heart want time want night stop thinking stop thinking burning desire heart soul care careful heart bum bum bum crave baby baby baby bum bum bum mind bum bum bum loving deny youre heart bum bum bum deep inside baby think look eyes know heart aches mean mean youre breaking heart maybe fool baby help maybe love crazy love boy id bum bum bum ho oh oh bum bum bum ho oh oh think look eyes know heart aches mean youre breaking heart think look eyes know heart aches mean youre breaking heart think look eyes know heart aches mean1embed
5150,1997,DJ Company,Rhythm Of Love,rhythm love lyricsand feel need love till end night wanna love till morning light rhythm love oh yeah rhythm love rhythm love oh yeah rhythm love ooh explode emotional overload come high fly yo gets real rough come things want acceleration point elevation tied rhythm love stop drop yo 1 2 3 4 got rhythm yeah check hey feel beat steal issue believe phony yo come mind stop spinning round soul control acceleration point elevation tied rhythm love stop drop yo 1 2 3 4 got rhythm got rhythm 3x got got rhythm got rhythm got got rhythm yeah yeah yeah yeah ooh yeah hea got rythm feel need love till end night wanna love till morning light rhythm love rhythm oh yeah rhythm rhythm love rhythm love rhythm oh yeah rhythm rhythm loveembed
5155,1997,Twista,Get It Wet,wet dear love thinking starting magnificent ways light life arsonist heart ticklin funny start kiss marvelous cut chillin homies gettin fucked got fantasies carrying home hope stayin givin pleasure echoin rhythms manly moans playin wrong grown games mental manipulation aint occupation playa facin strong cause comin boldly bodily fluids word curs girl deserve herb company fuck gon leave shit love adam eve shit body squeeze quick stick sheets arms alarmed feel good cause strapping bomb thats cause gonna niggas hood soldiers stillll suffer consequences defenseless thinkin becomin wife rock tonight love life cause huggin huggin mic plus thats rubbin right able stick tongue navel lick til drop stick twat realizin theres variation ways hot learnin pick spot ill pleasure let hush lust check know want hit actin crime cause committed baby wont let wet wet gimme tang alizé let tickle body party pleasure come let wet let saturate body honey lick stick release let rupt wet try marinate mind whats deserving love cause club think bogus let wet thinkin gimme hug got sprung love time heard playing emotions po pimpin clubs smokin doves fuckin hella women negro whats steelo want add zeros lodos aint bout weed needs huh pussy feeds lex keys damn mrs kane half mommy fuck tommy aint tryin ask naughty smooth head got right bed need lover need hole head instead talkin let tongue walkin clitoris fuckin wild hundreds bitch aint shit guaranteed wet simple kiss petite lips wont gang gifts hit come little glimpse sweet hips ass air cause eclipse freak shit know slick clit send thang feel bitch far virgin sip burbon derb leave hurtin certain steady splurgin servin wetter persian xrated version urgin aint thinkin good minute wet wet gimme tang alizé let tickle body party pleasure come let wet let saturate body honey lick stick release let rupt wet try marinate mind whats deserving love cause club think bogus let wet thinkin gimme hug got sprung love mmm mmm mmm mmm got careful hurt em girl sexy mad nigga come hurt baby wet splash aggressive loving ive enter scene bedroom eyes obsession cologne nautica robe flamin trippin stanky roll herringbone gettin pose dome strong sip liquor bone huggin aint seen long whats girl execute unique approach willin learn try got experience need coach ride tonight kick homies smoke bs cigarette till silhouette wont admit tell time eventuallyll wanna let wet wet gimme tang alizé let tickle body party pleasure come let wet let saturate body honey lick stick release let rupt wet try marinate mind whats deserving love cause club think bogus let wet thinkin gimme hug got sprung love2embed
5162,1997,Janet,Together Again,times look times feel love baby ill forget baby ill forget times look times feel love baby ill forget baby feel belong draw strength words said hey baby look deeper inside baby dream want baby know cause smile know smilin dancin moonlight know free cause star shinin ooh good times share ooh makes wanna dance ooh loud proud ooh loves true angel wait wrap wings baby wrap baby oooh wrap baby wrap baby hear whisperin pain worries baby baby happy baby happy baby dream want baby know cause smile know smilin dancin moonlight know free cause star shinin ooh good times share ooh makes wanna dance ooh loud proud ooh loves times look times feel smile baby ill forget baby id hold close earth heaven baby baby baby smile know smilin dancin moonlight know free cause star shinin smile know smilin dancin moonlight know free cause star shinin me6embed
5163,1997,Sneaker Pimps,6 Underground,6 underground underground ground beneath feet laid low way meet ive got head drought far losing round overground watch space open falling grace calm bring round way high street youre better wanna think cause understand care think cause talking friends overground watch space open falling grace talk safe sound strung sleep wear scream shout swear times cheap fake life ive lived youre given overground watch space open fake life ive lived youre given overground watch space open falling grace7embed
5165,1997,Dishwalla,Counting Blue Cars,counting blue cars mid afternoon tell far childs shadow stretched walked purpose sneakers street questions children said tell thoughts god tell far late afternoon way sun broke free clouds count blue cars skip cracks street ask questions children said tell thoughts god cause meet ask tell thoughts god cause way tell far far getting cold picked pace shoes hard noises place clothes stained pass crosseyed people ask questions children tell thoughts god cause meet ask tell thoughts god cause way tell far far far far tell thoughts god3embed
5167,1997,Ray J,Everything You Want,want lyricshey better calm hey girl want got hey yeah want want gonna baby tell desires heart heart thing youre need lovin hey hey lower expectations youre love baby cause estimation want pleasure want baby gonna hey hey want gonna girl possibility youve lonely long long ive got remedy frustration words song song baby come closer love near satisfied need worry cause gonna want gonna baby gonna want oh yeah gonna want want know love gonna baby want want want baby gonna hah ah whoa whoa love deserve yeah want life want life baby eyes thats baby embed
5171,1997,Ginuwine,Pony,pony bachelor looking partner knows ride falling gotta compatible takes limits girl break promise wont wanna youre horny lets ride pony saddles waitin come jump youre horny lets ride pony saddles waitin come jump sitting flossing peeping steelo chance things body single portion send chills spine juices flowing thigh youre horny lets ride pony saddles waitin come jump youre horny lets ride pony saddles waitin come jump gonna nasty baby tell till reach pony tail lurk baby reach stream youll jockey team ooooh youre horny lets ride pony saddles waitin come jump youre horny lets ride pony saddles waitin come jump youre horny lets ride pony saddles waitin come jump youre horny lets ride pony saddles waitin come jump youre horny lets ride pony saddles waitin come jump ride saddle throw best damn party throw best damn party throw best damn party throw best damn party throw best damn party throw best damn party urban aka throw best damn party throw best damn sick alone42embed
5172,1997,LSG,My Body,body lyricsmy body body body baby body body body body body girl body body body girl body body body baby body body body body body body body body body body girl middle night bodys feenin baby gotta let know feelin baby zero zero twentyfour baby emergency callin cuz gotta lay lay sex think sentulate love aint secret girl body fits glove body body babe baby body babe body body babe body body body baby body babe body body babe body yeah body body babe cling body baby body body baby body babe oh body babe body girl wanna till river flows wanna feel precious treasure wrapped oh tightly wanna hear shout wont come baby let break guarantee ill turn lay sex baby girl stop fighting know want want lover things johnny body body babe yeah body body babe said body body body body babe body babe body babe body body body babe said feels good body body babe said feels nice nice body body body babe oh body baby beg play body yeah playin body body body body body sexy body body babe body body body body body fine body body baby body body body babe body body body body baby feel baby body body oh body babe yeah body body baby body body body body body need want feel body body oh baby body baby oh body babe feel body body baby4embed
5173,1997,Richard Marx,Until I Find You Again,lyricslately ive trying days youre gone speed love blinding didnt know hold mind wont clear tears hearts got room left inside dreams end long pretend times love pass arms hope surround time fair weather friend angels drink sober hide true burn memory wont let dreams end long pretend times love pass id hold tighter closer yeah flame burn brighter touch hold dreams end long pretend times love pass againembed
5174,1997,Metallica,The Memory Remains,memory remains fortune fame mirror vain gone insane memory remains heavy rings fingers wave star denies grave crowd tears honor twisted vines grow hide swallow mansions dim light faded primadonna fortune fame mirror vain gone insane fortune fame mirror vain gone insane memory remains heavy rings hold cigarettes lips time forgets hollywood sun sets band play listen play song ash ash dust dust fade black fortune fame mirror vain gone insane fortune fame mirror vain gone insane dance little tin goddess drift away fade away little tin goddess ash ash dust dust fade black fortune fame mirror vain gone insane fortune fame mirror vain gone insane memory remains ash ash ash ash dust dust dust dust fade black fade black memory remains yeah faded primadonna yeah yeah yeah yeah dance little tin goddess dance da da da da da da da da da da da da yes hello la da da yes hello la da da da da da da da da da da da da da da da na da da da da la da da da da da da da da da da da da da da da da na da da da da la da da da da da da da da da da da da da da da da da da da da da da da da da da da da da da da da da da da yes da da da hello na da da da da da da da da yes da da da hello da da da da da da da da da da da da10embed
5175,1997,Michael Peterson,"Drink, Swear, Steal & Lie",drink swear steal lie 12 daddy said drinking boy road lead let hear swear dare told stealing lazy mans way leaves hell pay buy look world eye honey ive tried met girl breaking rule confess sliding fool want drink loving cup swear ill steal kisses underneath moon wanna lie close look darling youre reason drink swear steal lie night threw away 12 step book finally faced fact hooked theres aint use cause time angel face halo disappears trace swear girl id admit havent got prayer care know aint exactly raised heaven help honey aint changing ways want drink loving cup swear ill steal kisses underneath moon wanna lie close look darling youre reason drink swear steal lie want drink loving cup swear ill steal kisses underneath moon wanna lie close look darling youre reason drink swear steal lie drink swear steal lieembed
5177,1997,Beck,The New Pollution,new pollution shes got cigarette arm shes got lilywhite cavity crazes shes got carburetor tied moon pink eyes looking food ages shes new pollution shes new pollution shes got hand wheel pain talk mangling strangers sleep fiery bog throwing troubles dying embers shes new pollution shes new pollution shes new pollution shes new pollution shes got paradise camouflage whipcrack sending shivers shes boat strip ocean riding low drunken rivers shes new pollution shes new pollution6embed
5180,1997,98 Degrees,Invisible Man,invisible man hoh hoh hoh yeah hardly wait tell friends kisses taste sweet wine makes heart skip beat time walks youre feeling hell pick hell hold close youre makin love hes youve dreaming oh baby wish youd look way beautiful eyes lookin deep telling words know alive oh hoh hoh baby invisible man yeah ohoh baby probably spend hours phone talkin bout talkin bout doesnt matter conversation long called ohhhhh lost love real wipe away tears tears face lights appears ohhhhhh wish youd look way look way beautiful eyes lookin deep deep telling words know alive know alive baby invisible man time baby way look wish sweetheart boy wish guess ill wish youd look way beautiful eyes lookin deep deep telling words know alive know alive baby invisible man wish youd look way look way beautiful eyes lookin deep deep telling words know alive hoh baby invisible man hoh hoh hoh oh baby invisible man girl love yes love invisible man hoh hoh hoh yeah yeah invisible man baby baby baby yeah invisible manembed
