,Year,Artist,song_name,further_clean_text
5181,1998,Alanis Morissette,Thank U,thank u bout getting antibiotics bout stopping eating bout transparent dangling carrots bout elusive kudo thank india thank terror thank disillusionment thank frailty thank consequence thank thank silence bout blaming bout enjoying moment bout good feels finally forgive bout grieving time thank india thank terror thank disillusionment thank frailty thank consequence thank thank silence moment let moment got handle moment jumped moment touched bout longer masochistic bout remembering divinity bout unabashedly bawling eyes bout equating death stopping thank india thank providence thank disillusionment thank nothingness thank clarity thank thank silence yeah yeah oh oh ohoh oh oh oh oh oh oh12embed
5184,1998,The Smashing Pumpkins,Ava Adore,ava adore adore youll whore youll mother child child heart apart apart lovely girl youre beauty world arent reasons left ill pull crooked teeth youll perfect youll lover bed gun head apart apart lovely girl youre murder world dressing coffins souls ive left die drinking mercury mystery leave time dirty count stars feel pretty taste god feel hungry crash cars apart drinking mercury mystery seek lovely girl youre murder world dressing coffins souls ive left time apart youll whore cause youre adore ill pull crooked teeth youll perfect feel dirty crash cars feel pretty taste god apart14embed
5186,1998,Nutta Butta Featuring Teddy Riley And Anonymous,Freak Out,freak lyricsintrochorus teddy riley freak maybe cos star pushin fancy cars freak chalk notch diamonds watch freak guess know think somebody tell got dough freak feel clear long freak care verse 1 nutta butta park jeep landcruiser blue hit spot laced usually way shine crime cats wanna assume nuttin new walk witta wonder nut gotta slide check riches son concur hit long gutter loans sprung wetter tongues body bangin set drums damn wit time flat spit game drop quarter nice thighs change faketrackin field cats runnin c ways youre comin wit real need feel lay wood lumberjack little hair course wit protection let em leak words speak whos freak chorus verse 2 nutta butta aiyo nut come vision blur yknow aint seen look hips shortys mad phat inch stack black gotta act groceries bag word son late son know seen hate son forget spit wit friendly game baseball hit sounds doper stet teddy set rope end night closer whattup mutt yall know gotta sec cos need meet rest fam nothin sellin true chicks tellin nut lack ands buts cos youre youll know nut chorus verse 3 anonymous uhh freak foreplay rush lady pop chardonnay let know gentile manners mental shes wonderin doubt tip glass let white wine soar taste sour tongue thats poor wanna know gotta girl course teddy riley mansion dogs true fool time invested youthful puttin em poo poo need lie lingos tragic mandingo gotta pink hearts blue diamonds stab think lucky charms silly rabbit tricks tale thats big cash man mission kick dis plan freak chorus x2 interlude time freak lets boys reached oh joy come hits boy hit spot havin ball chorus interlude chorus freak outembed
5187,1998,LeAnn Rimes,You Light Up My Life,light life lyricsso nights id sit window waiting sing song dreams kept deep inside dark youve come light life hope carry light days nights song rolling sea adrift waters finally turning home finally chance hey love light life hope carry light days nights song light life hope carry light days life song wrong feels right cause light lifeembed
5189,1998,Tori Amos,Spark,spark shes addicted nicotine patches shes addicted nicotine patches shes afraid light dark 658 sure spark shes convinced hold glacier cotton balls xylophones baby alive getting old doubting theres woman want mean want circus mean mean divine masters plan perfection swing low maybe ill judas try swing low sweet chariot trusting soul ice cream assassin want mean want circus mean mean fates turn overtime ballerinas fins youll thought bomb yes want want fates turn overtime ballerinas fins youll thought bomb yes want want want mean want circus mean mean shes addicted nicotine patches shes afraid light dark 658 sure spark hereembed
5190,1998,Sam Salter,There You Are,candle flame dies good bad youve world outside feeling unkind pick oh need smile fall know pain feel heart life live hard youre far away swear youre inside mind tell shadow follows right youre angel fall know pain feel heart life live hard unconditional loving youve given heart want know forever home ill stay cause light heart life oh look fall know pain feel heart life live hard areembed
5191,1998,SWV,Rain,rain soft misty rain gently touches soul cools burns simply lose control rain let love fall rain rain rain let love shower rain dam capacity passions explode yeah escape surrounding caught storm need shelter rain let love fall rain rain rain let love shower rain shower sprinkle fall love falls fall fall let fall fall rain chill loving touch rain wanna feel love real rain rain oh baby rain let love fall rain rain rain let love shower rain soft misty rain11embed
5192,1998,Dru Hill,These Are The Times,times god knows youre sexy thang taking kiss feel inside feel thunder hell want girl thang ill wait wait baby cause true love insisting rush baby yeah times wish moment means thing time talk way things need pressure let mood set moment love thinking bout time morning noon supper time baby tear little pieces swallow reeses pieces come girl know need know aint supposed thing know ill wait wait know true loves insisting rush times wish moment means thing time talk way things need pressure let mood set moment love promises cause know heart gets weak girl makes hard alright alright alright cause bring best yes man oh yes god knows proud baby yeah times wish moment means thing time talk way things need pressure let mood set moment love all4embed
5193,1998,Sarah McLachlan,Adia,adia adia believe failed adia know ive let know tried hard love way easy let adia left trying way carry search went wrong theres left finger theres blame theres left talk honey aint buy innocence cause born innocent believe adia innocent easy falter matter adia thought know change way feel leave misery friend wont betray pull tower away pain beauty possess youd let believe cause born innocent believe adia innocent easy falter matter cause born innocent believe adia innocent easy falter matter believe adia innocent cause born innocent believe adia innocent easy falter matter2embed
5194,1998,Tamia,So Into You,passing moment thoughts run head time near realize youre heaven sent think youre truly special dreams lets stay boy theres oh baby youve explain youve explain way hold things oh sure boy know feeling way think youre truly special dreams lets stay boy theres oh baby youve explain youve explain youve explain youve explain feel youre dream come true leave cause feels right youve explain youve explain youve explain youve explain oh you11embed
5195,1998,Ace Of Base,Cruel Summer,cruel summer hot summer streets pavements burning sit trying smile air heavy dry strange voices saying things understand close comfort heat got right hand cruel cruel cruel summer leaving cruel cruel cruel summer youre gone youre cruel city crowded friends away hot handle got cruel cruel cruel summer leaving cruel cruel cruel summer youre gone youre cruel cruel cruel cruel summer leaving leaving cruel cruel cruel summer youre gone youre cruel mmm leave mmm leave leave come come mmm leave mmm leave leave come come cruel cruel cruel summer cruel summer leaving leaving cruel cruel cruel summer youre gone youre cruel cruel cruel cruel summer leaving leaving cruel cruel cruel summer youre gone youre cruel cruel cruel cruel summer3embed
5196,1998,Inner Circle,Not About Romance,romance lyricsboom chaka la ka boom boom boom gal cause confusion walk ina room boom chaka la ka boom boom boom gal cause confusion walk ina room boom chaka la ka boom boom boom gal cause confusion walk ina room boom chaka la ka boom boom boom gal cause confusion walk ina room shes gone romance love loves dance love romance gal tease want big man body gal tease want big man body looks beautiful burns touch close shell break heart leave got wanting tip girl love love loves dance love romance love loves dance love romance gal tease want big man body gal tease want big man body boom chaka la ka boom boom boom gal cause confusion walk ina room boom chaka la ka boom boom boom gal cause confusion walk ina room bodies dancing oh tight emotions running wild excites resist try clear girl love love loves dance love romance love loves dance love romance boom chaka la ka boom boom boom gal cause confusion walk ina room boom chaka la ka boom boom boom gal cause confusion walk ina room hunger eyes passions rise excites resist try clear girl love love loves dance love romance love loves dance love romance love loves dance love romance love youembed
5197,1998,Sheryl Crow,My Favorite Mistake,favorite mistake ooh ooh ooh ooh woke called morning tone voice warning care anymore bed sleep looked clock creep 6 know perfect ending bad day beginning know youre favorite mistake friends sorry watch pretend adore fool game comes secret lover shed unlike guilt goes flames know perfect ending bad day ive gotten spending know youre favorite mistake youre favorite mistake maybe lasts forever stay need forever laughter wont let holding way know tell loved everythings wrong walking youre favorite mistake hey youre favorite mistake youre favorite mistake2embed
5198,1998,Voices Of Theory,Wherever You Go,lyricssince left life aint useless love calling crying look love come know youre love care need dry eyes knees need chorus know waiting know ill leave takes whatevers stake know love ill right matter takes ill waiting goodbye hard thing walk youre stay care youre gone ill comfort fulfill needs love care need dry eyes knees need chorus life ive waited tell methis true leave walk away know love takes heart aches know ill chorusembed
5199,1998,Travis Tritt,If I Lost You,lost theres times ive felt half man lifes knees troubled times understand happen struggled darkness light day lost thered sunshine shinin know world lost ship harbor bird wings fish water dreamer dream learned losing lose lost thered sunshine shinin know world lost oh lost thered sunshine shinin know world lost lost youembed
5200,1998,Goodie Mob Featuring Outkast,Black Ice (Sky High),black ice sky high stuff cold ice shit happens yep black ice know know bumped hole wall yall catch phone yall met thought tall gipp flipped dip slipped fell black ice think twice homeslice came went satisfied got bent bars aint shit mutant coast coast yeah laughed boast man dosidos comin close touch touched seen seen befo woke seen sun sky high sky high circulate sunday paper capers caught long time cheap flicks good picks paid hard watch hard turn sideways cook tail real sales lose cash players life feeling good warm windows rolled tight thirtyfive degrees nippy tonight forget chapstick lips dry quick jack wanna act slack people black hibernatin til came touch touched seen seen befo woke seen sun sky high sky high sky high touch touched seen seen befo woke seen sun sky high sky high past days tighter fades knowin plays rap adapt sure lookin shoulders writin dreams fiending taste menthol missed class stayed hall lookin squeeze play better holiday stayed away pyramid board game broke neighborhood slang cash fame sky high sky high sky high sky high sky high sky high sky high sky high sky high sky high stepped nigga big secret weapon boi slicker black ice throwin flows rice weddings quit flexing speakin thats refreshing earlobes pay room pimp mode iceberg chryslers buicks niggas aint jobs suckers lose abuse privileges villages shot pieces pieces cause niggas biting stupid shit mean feces boy beep aint got work work strictly bout verses ones hear church boy search boy talking dough long lurch boy time heard rhymin fucking jerk boy simp yeah friends romans countrymen lend eardrums beautiful day neighborhood yellows greens blues browns greys hues ooze beneath dilapidated wood aint thing explain pertains cocaine sustaining reign summer rolls niggas holler bout change steady keys bob james cause old man winters arrived temperature dives november died decembers alive aint typical ride individuals way bring home bacon bacon gone making taking wrong weve indulged bulge nonos aint solo theres lower levels sun people em land snow touch touched seen seen woke seen sun sky high sky high9embed
5202,1998,Aaliyah,Are You That Somebody?,somebody dirty south yall feel east coast feel west coast feel dirty south yall feel east coast feel west coast feel dirty south yall feel east coast feel west coast feel dirty south yall feel east coast feel west coast feel boy ive watching hawk sky flies prey prey boy promise bumpin heads know days days gon hook prolly talk phone know thats good ive holdin secret probably shouldnt tell let know tell talkin bout responsible boy gotta watch cause anybody goodygoody right naughtynaughty yes cause need somebody tell somebody boy wont pick park right block sleep sleep sleep ill waiting trench locs hat lowkey tell world speak know weak oh boy trusting heart soul probably shouldnt let let tell talkin bout hope youre responsible boy gotta watch cause anybody goodygoody right naughtynaughty yes cause need somebody tell somebody baby girl man big va wont come play round way listen gotta timbaland know man rock shows japan people shaking shaking hand baby girl better known aaliyah goosebumps high fevers makin playa haters believers dontcha know gotta tell somebody cause cause need somebody tell youre somebody let tell talkin bout responsible boy gotta watch cause anybody goodygoody right naughtynaughty yes cause need somebody tell somebody tell talkin bout hope youre responsible boy gotta watch cause anybody goodygoody right naughtynaughty yes cause need somebody tell somebody goodygoody right bout naughty naughty cause need somebody tell somebody43embed
5204,1998,Monifah,Touch It,touch yeah yeah yeah jack knight dakoda house wanna bounce monifah turn thing jack knight dakoda house wanna bounce monifah turn thing wanna touch wanna mess tonight know right thing freak freak night long ima body lips wrong ooh wanna touch wanna fuck tonight know right slow love feels good cause ecstasy night long ima body tongue wrong wanna touch wanna fuck tonight know right boys shyness got wet crazy want spank wanna touch wanna mess tonight know right ooh wanna touch wanna fuck tonight know right yeah yeah jack knight dakoda house wanna bounce monifah turn thing jack knight dakoda house wanna bounce monifah turn thing wanna touch wanna fuck tonight want fuck tonight know right wanna touch wanna mess tonight know right wanna touch wanna fuck tonight know right wanna touch wanna mess tonight know right touch touch love suck baby yeah know wanna touch wanna fuck tonight know rightembed
5206,1998,Heather B.,Do You,lyricswhat bitches backstab remorse fuck bitches blasted lickin heather b hard hitter gettin bitches father figures trickin feel beez heez knees naps try run blow doors jinx em sophomores cause bitches got gall holla hardcore crackin jaws heather b southpaw look fuck bitches uhh thats hook know gon split books aint got love trust simply chorus countin peoples pull ima gots niggas game weak right ima gots everybody got time know mines ima gots gettin gots ta gets ima gots heather b grand cherokee loredo need hands alfredo streets condonin block quincy jonesin prada publishing owning huh feel point heather b b b b drops oowops joints rate mistake brings da noize funk savion glover wicked sisters stepmother got clocks strikin bringin hell cinderella fuck sell cause read album cover write jam smucker got motherfuckers yellin jersey limit master p dat listen livin sort dangerously plus bulletproof use aimin chorus spits pure burn finest designs heather b mc runs em got ill crew sons talked guns ones gats figured rap plaques rb tracks got watch aint livin rapper lost lookin stank source whats shit fo momma raise hoe fight win rhyme veteran nighttime sniffly sneezin rest head medicine live rock keenan letterman rock chris rock blow spot nitroglycerin hold know years ahead plus shed light right thomas edison ill end career stroke pen got love need mo friends chorus poppin champagne drinkin brew ima gots know broke hell rent ima gots aint got love know aint true ima gots frontin niggas weak ass crew ima gots outembed
5208,1998,Blessid Union Of Souls,Light In Your Eyes,light eyes lyricsi remember time kissed goodbye love yous survive eyes told plain brilliant disguise hold free ive thinking heres ive come conclude distance people use known girl time space need darling tonight hold know believe theres light eyes theres place heart wrong assume waiting theres light eyes leave light burning cards phone calls photograph pictures constant reminder things chance hell heaven theres build pick pieces fall theres light eyes song words spoke wrong believe melody theres light eyes leave light burning waiting love fading away fading away ive seen letter wrote send tried old number voice heard phone recognized told number wrong theres light eyes bright pain heart guess wrong assume waiting theres light eyes leave light burning meembed
5210,1998,Missjones,2 Way Street,2 way street remix yeah right 2 way street 2 continue honey heard wrong aint tryin swerve want panties shirt word bond thats need cat crush long got fattest ass munch word bond time getting tongue sun shine pun mind long lovin catch cheatin girl wasnt verse missjones think u seeing u late night beeps didnt think id pick phone know wrong know sure said chorus missjones said number lady maybe maybe tell said number lady look youll verse missjones ask whos callin late answer thats doubt faith want popping youre better sound crazy someplace cause know theres chorus lied hard believe decieved oh number big pun big pun hold lemme explain know trouble boo yeah crushed chick love stop flippin gurl actin kept real followed sisters went straight chippendales real know told home lonely gotta trust ugly horny hold cept store fix wall aint fair didnt cheddar weave hair people stare thought model millionare aint crying thug fairwell love diamonds love letters big pun thats truth truth truth miss jones boy u handle truth big pun u got youself miss jones nigga got lot self u better watch mouth big pun wha wha wha wha wha love letters chedders frames tried control game ball chain youre callin balls pain shame ballers hall fame comin late night leave hurt bent try gas accent thats pun watcha wanna remember punish punish youre 1 lady youre number girl 4x chorus fadeembed
5211,1998,Clint Black,Something That We Do,remember day wed picture head believe words said forever ring true love certain love kind love love isnt somethin somethin holding tight lettin flyin high layin low lets strongest feelins weakness little lot ask endless welcome task love isnt somethin somethin help strength inspiration independently way work sets love apart closely tell end start gives heart remembering started simple vow theres look feels brand new road end day begin loves somethin somethin help strength inspiration independently way work sets love apart closely tell end start love wide love long love deep love strong love love song hope love remember day wed picture head love isnt words said somethin theres request big small love isnt place fall somethin doembed
5214,1998,Cher,Believe,believe love love love love love love love love love love matter hard try pushing aside break theres talking sad youre leaving takes time believe said youre gonna lonely oh believe life love feel inside think youre strong believe life love feel inside think youre strong supposed sit wait theres turning need time need love feel strong cause ive time think maybe good oh believe life love feel inside think youre strong believe life love feel inside think youre strong know ill cause know strong need anymore oh need anymore oh need anymore need anymore believe life love love love love feel inside think youre strong believe life love love love love feel inside think youre strong believe life love love love love feel inside think youre strong believe life love love love love feel inside think youre strong believe life love32embed
5215,1998,Phajja,"So Long (Well, Well, Well)",long lyricsmmm yeayayyeah mmmhmm verse decide leaving boy hey stop believing girl appeared started acting weird hook boy hmm easy scream hold tight far treat right hook boy oh nono chorus thought eyes dry thought sun touch sky gone showed strong hurt hey long verse thought drive crazy changing ways amaze day love day youre telling hook boy mmm admit crying feeling betrayed lying telling things saying youd home whilst shes hook boy oh nono nono chorus thought eyes dry thought sun touch sky gone showed strong hurt hey long bridge know day know day youd come begging baby youd come begging baby remember said remember said long long hook wrong wrong baby hurt cause chorus thought eyes dry thought dry thought thought id sun sun touch sky gone showed strong hey hurt hey long chorus thought eyes dry mhhm aint ooh thought sun touch sky gone showed strong hurt hey long chorus thought eyes dry dry thought dry sun touch skyembed
5216,1998,LSG,My Body,body lyricsmy body body body baby body body body body body girl body body body girl body body body baby body body body body body body body body body body girl middle night bodys feenin baby gotta let know feelin baby zero zero twentyfour baby emergency callin cuz gotta lay lay sex think sentulate love aint secret girl body fits glove body body babe baby body babe body body babe body body body baby body babe body body babe body yeah body body babe cling body baby body body baby body babe oh body babe body girl wanna till river flows wanna feel precious treasure wrapped oh tightly wanna hear shout wont come baby let break guarantee ill turn lay sex baby girl stop fighting know want want lover things johnny body body babe yeah body body babe said body body body body babe body babe body babe body body body babe said feels good body body babe said feels nice nice body body body babe oh body baby beg play body yeah playin body body body body body sexy body body babe body body body body body fine body body baby body body body babe body body body body baby feel baby body body oh body babe yeah body body baby body body body body body need want feel body body oh baby body baby oh body babe feel body body baby4embed
5218,1998,matchbox 20,Back 2 Good,2 good normal stand want thinking lonely maybe leave know point think knows thinking somebody best heads tell feeling way lonely know good mean aint good fact phony hell yeah things worked wanted know try turn head try room oh figure going hates best quiet instead tell sorry know good wondering somebody heres blame gets caught pleasure pain hides shades shame yeah looking inside grown yeah know good knows thinking bout somebody best heads tell feeling way yeah know theres getting good7embed
5220,1998,Allure Featuring 112,All Cried Out,cried sunday mornin outside rain fallin whoa oh inside slowly dyin rain hide cryin cryin cryin know tears burn pillow set place cause tired lies needed simple hello traffic noisy hear gave love vain body knew pleasure heart knew pain leave confused cried ooh oh yeah yes wanted things way astray oh fool baby fool oh yeah grass greener late way home wrong leavin know tears cause inferno tears cause inferno baby romance fades blame left neglected oh sorry baby apology accepted add broken hearts youve collected whoa gave gave know weaken easily know know cried cried gave love vain body knew pleasure heart knew pain left confused cried cried cried cried sorry baby yes sorry forgive ohoh whoo forgive lady2embed
5225,1998,Funkmaster Flex Presents Khadejia Featuring Product,Here We Go,thank god summertime shine overtime work play yesterday thank god old school gotta choose roll owe work play yesterday fresh yeah looking funny hustler aint supposed money real shit born bred place lay prolly place dig come wanna fall hail gunshots comprehend come close mouth literally hear fucking pin ya heard drop hows life auras blueberry bubblegum kush purple hazel finally wanna hear real leave em waiting thank god summertime shine overtime work play yesterday thank god old school gotta choose roll owe work play yesterday daydream cash wake sweet sixteen welcome home brother cake abusive father thats shake game respect young krizzle young krizzle creatively moving world pursuing father raised pac influenced movie roll camera action script rehearsal kinda adlib hear fresh death past living way ghostwrite track past killing grow flow past mississippi thank god summertime shine overtime work play yesterday thank god old school gotta choose roll owe work play yesterday turned hater believer pay yeah yeah break bread hood cause hoods good yeah time reup people gon pop gettin rough wont stop ima busting beat drop thank god summertime shine overtime work play yesterday thank god old school gotta choose roll owe work play yesterdayembed
5226,1998,Aqua,Lollipop (Candyman),lollipop candyman candyman coming bountyland candyman coming bountyland wish lollipop sweet things sugar tree sodapop free come honey sweet sugar candyman run wind fly bountyland bite youre hungry understand end sweet sugar candyman oh love know candyman oh love word command oh love know candyman oh love let fly bountyland lollipop sugar sugar lollipop sugar sugar wish bubble gum chewing baby day long begging sweet delight tonight come honey sweet sugar candyman run wind fly bountyland bite youre hungry understand end sweet sugar candyman oh love know candyman oh love word command oh love know candyman oh love let fly bountyland oh love know candyman oh love word command oh love know candyman oh love let fly bountyland candyman coming bountyland candyman coming bountyland oh love know candyman oh love word command oh love know candyman oh love let fly bountyland lollipop sugar sugar lollipop sugar sugar top2embed
5227,1998,BLACKstreet & Mya Featuring Mase & Blinky Blink,Take Me There,rugrats wanna lets great place wonders wishes wanna know great place wonders wishes sittin thinking yesterday play thought brings smile face thats makes feel everyday whoa knows come hand special place smiles come life dreams come true ooh wanna lets great place wonders wishes wanna know great place wonders wishes lets wish close eyes count cause know alright magic eyes strong know bring dreams life whoa yeah knows come hand special place want dream away ooh wanna lets great place wonders wishes wanna know great place wonders wishes angelica exposure dil drive stroller tommy got world shoulders dil cried sleep till eyes beat chuckie chuckie petro chucky scared chucky says lets rugrat real twin wouldve phil lil wish blink grant trip going adventure wanna come youre little brother ill come run gotta quick chuckie scared tommy sad phil lil misses mommy dad pick time date place guarantee home safe wanna lets great place wonders wishes wanna know great place wonders wishes2embed
5228,1998,Shaggy Featuring Janet,"Luv Me, Luv Me",luv luv funky likkle bit likkle bit dat mek dem know yeah shaggy original lover lover mm yeah uh yeah catch groove girl catch groove thats right lover lover lover mmm uh shaggy dj da man dat love moist wet uh da man dat love moan sweat uh da man dat love scream yes mr lover mr lover da man dat love moist wet uh da man love moan sweat uh da man dat love scream yes naw mr lover sugar sweet succulent fine woo twinkling eye darling divine love way way youre designed lines mind forget corny line let hit question sign type wine dine little candlelight dinner toasted wine hit lyrical rhyme mr lover mr lover mr lover mr lover rockin mr lover rockin mr lover rockin sweat mr lover mr lover mr lover mr lover rockin mr lover rockin mr lover rockin sweat sing ooh boy love gonna let thats right hands luv luv luv sex machine ooh boy love mmmhmm gonna let thats right uh hope feel way know dat dj step caravan love love gonna hotter rubs dem wet kissies wit dem brazen hugs sweet silky body persian rug sippin coke da ol mug readin fortune cookies chinese proverb great stuff written cool rubadub little ol reminisce hot tub huh mr lover mr lover mr lover lets fog window sills girl uh mr lover mr lover mr lover catch groove girl catch groove shaggy haha woo ooh boy love gonna let thats right hands luv luv luv sex machine ooh boy love gonna let hope feel way girlie girlie woke real love machine girlie girlie live beat girlie girlie uh ill hit da sheets girlie girlie whoo ill moan scream girlie girlie yeah woke real love machine girlie girlie whoo ill hit sheets girlie girlie girl love moan scream girlie girlie haha know sayin yeah shuh girl youre unique let whiff sweet physique youre girl allowed heart stop beatin let ha ha start lickin lets kick heartlessly lady color honor leave lastin impression weeks weeks wanna throw rose petals humble feet lay gently sheet sexercise sleep huh mr lover mr lover mr lover mr lover mr lover mr lover catch groove girl catch groove yeah lets fog window sills baby haha ooh boy love gonna let hands luv luv luv sex machine ooh boy love yeah gonna let hope feel way listen dj ladies want hot come wit retire anytime model girl instant power tommy hilfiger nuff dat designer wan know nuff dem picture picture frame wannna feel body man fame model mi girl enjoy fame luv luv luv sex machine guaranteed moan scream luve luv luv sex machine guaranteed moan scream luv luv luv sex machine guaranteed moan scream luv luv luv sex machine mr lover mr lover ooh boy wanna tell lady come cause original cupid ooh boy whoo stick arrow makin mate ha ha ha ooh boy yeah whoo yeah oh boy cause ladies choice girls moist sound baritone voice baby lover uh uh sexy undercover uh uh mr lover uh check check dj love way fog window sills baby yeah ooh ooh boy ooh boy let know aint gonna use glowinthedark know aint hard baby whoo ooh boy ooh boy swing low swing low whoo swing low ooh boy lovin lovin shake baby shake ooh boy dig dig dig dig dig dat dig dat ooh boy lover lover lover lover sexy undercover lover lover raunhcy mutha mmm mmm check spinnin lover lover whoo ooh boy catch groove girl catch groove let dem know dat ooh boy love little funky beat ooh boy terry lewis jimmy jam said dat uh ooh boy mr lover mr lover whoo mr lover wicked undercover mr lover mr lover ill nighttime lover mr lover mr lover wicked undercover mr lover original lover lover mm yeah uhembed
5229,1998,Snoop Dogg,Still A G Thang,g thang yeah yeah yeah finna corner lowrider dogg ya heard dollar gold flea collar yeah g thang dollar gold flea collar time lowriders dollar gold flea collar yeah dippers ya dip hit switch bang corna sittin threes dollar gold flea collar yeah right trip 4 5 6 7 told doggs heaven ya ya look game trump tight especially bump dpgs gettin crazy limit label pays ridin round town layin game goldie remember momma showed told game recognize game stay true ya ashamed got game wonder goin cold muthafucka fall knees thank god thang know love gangbang life aint nuthin twist bitch wanna way cause mean old fiend know c know p know loc music thugs bangers bitches fuck rb singers want nigga khakis hangin real low black rag sixtyfour hmm rollin street lookin way clean bangin real shit nigga al green headed straight lb forget thats tell sell everythang bullshit time gunfight nigga pull quick cause aint nothin butter nigga youll wet fuckin cheddar cold outside nigga grab ya sweater bad bitch fuckin nigga ya set boy ya trust ho didnt ya happened president niggaro livin tight house big white house fucked stuck ya dick white bitch mouth talkin bout fool dirty south real feel thats comin ho stroll highway pimp patrol ya cuffs ya girl nigga let parole man nigga way cold game whats muthafuckin capital s fuck stress n double op muthafuckin double g coldest entertainer gangbanger alphonse capone count money basie police try chase niggas try replace ridin tank blowin hella dank ridin ya lolo smokin doe doe spread word fo door don hooked muthafuckin king coast heres toast snoop dogg representer niggas gs lbcs calio projects brooklyn queens chitown woe dogg pound house everytime touch right hometown dtown eastside st louie spokane ya money man tictock little rock right houston texas home rapalot jack lot gimme ya got let ya nigga got ya somethin summertime hot got bitches posted parkin lot guess want nigga biggest nuts nigga fuck ya niggas money power moves bitch week nigga doc love nigga feel little cousin daz forever nigga dpgc oh yeah dr dre know nigga holla holla nigga holla dogg thats real yall niggas know whats happenin thang g thang dollar gold flea collar dippin blue impala dollar gold flea collar dippin blue impala dollar gold flea collar dippin blue impala dollar gold flea collar dippin blue impala dollar gold flea collar dippin blue impala dollar gold flea collar dippin blue impala dollar gold flea collar dippin blue impala dollar gold flea collar dippin blue impala 2embed
5230,1998,Sneaker Pimps,Spin Spin Sugar,spin spin sugar feel need hang label paint black white easy want perfection real need ive seen attention sticks sticks spin spin sugar crawl spin spin sugar stinks spin spin sugar twists spin spin sugar ive seen attention want perfection real need sticks sticks spin spin sugar crawl spin spin sugar stinks spin spin sugar twists spin spin sugarembed
5231,1998,Sarah McLachlan,Angel,angel spend time waiting second chance break okay theres reason feel good hard end day need distraction oh beautiful release memory seeps veins let oh weightless maybe ill peace tonight arms angel fly away dark cold hotel room endlessness fear pulled wreckage silent reverie youre arms angel comfort tired straight line turn theres vultures thieves storm keeps twisting building lie lack difference escaping time easier believe sweet madness oh glorious sadness brings knees arms angel fly away dark cold hotel room endlessness fear pulled wreckage silent reverie youre arms angel comfort youre arms angel comfort here9embed
5232,1998,Brandy & Monica,The Boy Is Mine,boy boy boy boy boy boy excuse talk minute uhhuh sure know look kinda familiar yeah um wanted know know somebody named know oh yeah definitely know wanna let know hes ha hes need hard boy sorry confused belongs boy think time got straight lets sit talk face face way mistake man insane know bit jealous youre blind love tried hesitate didnt wanna told said day aint shame maybe misunderstood cause wanna change thats good love took boy need hard oh boy boy sorry sorry confused confused belongs oh boy things acting fool need know didnt know girl true think realize try understand life know killing inside wanna truth escape tell real fake picture youre past future away time shine didnt know boy oh boy ohoh need hard boy boy sorry sorry confused confused belongs belongs boy boy need ooh hard boy hes hes hes hes sorry sorry confused confused belongs belongs boy destroy love ive silly games wont allow boy doubt throw towel makes think wants brought special place thats heart love right start boy need hard hard boy boy oh sorry sorry confused confused belongs belongs boy need need hard hard boy boy sorry oh confused confused belongs belongs boy boy need hard boy sorry confused belongs boy mine10embed
5234,1998,Naughty By Nature,Mourn You Til I Join You,mourn til join gonna alright gotta believe dat dear god times changing weather got hot past year lot niggas went pop drop thank life got wanna praise drop message pac sittin lookin picture nigga puttin hash weed wit mixture liqour kick aint wit shit figure nigga miss ya thug gonna miss ya till wit cha 90 pe tour mashed 7 years passed rodies homies hood scene humpty du walk queen dream smokin drinkin diem stealin backstage passes hit hos coliseums hoes flip lift shit looking chicks switch think times rolled wit male groupies got dissed got hell dodge blinded good shined know gon mourn till join ashes ashes dust dust hope god trust prayers bring ill mourn till join cause ill touch lil niggas skinny broke happy scrap pennies smokes tours yeah called news new york film movie called juice called told pack stretch shack thug luv act shock hakeem aint true fuss cause know kicked dust remember cabby said daddy wouldnt pick race beat ass spit face remember set trailer fiends stole jewels big stretch punched shoes taking stashes quick holdin thats piece bud rolling stolen laugh jacks sixpacks yacks spit emos demos thinkin ladies limos youse wild motherfucker sit said wouldnt rest saw nigga felt forth borough projects forts damn wish knew loved new york shit dis nigga motha fuck miss nigga mourn till join aint got worry long gonna mourn ya gonna streets ashes ashes dust dust hope god trust prayers bring ill mourn till join cause ill touch ashes ashes dust dust hope god trust prayers bring ill mourn till join cause ill touch ya true motherfucker thug nation alert street til ya lay dirt shit hurt cause went poor rich youre supposed lot brought locked rim let called came thugs hear ahha rapist shout yall talking shit yall didnt know damn thang bout going stress enemies laughed aint shit 2pac took ass fuck press fuck world life goes die fuck court fuck judge bitch lied little time ticked ho got rocked lady waking yelling treach pac got shot soon afeni urging saying convince baby leave surgery looking eyes walking thinking pac hard head hell ima kicked stayed asked need pound comin nigga hit weed asked god knows smiled said nigga help clothes got healed got locked dropped case lights caged stopped yeah chain remains plus link fucked givin time think remember release met la billiard getting blazed hennyd hay blew nigga platinum plus addicted drama soldier nation thugs savage ages predicted night vegas heard gats brandished nigga damaged heart right venice time loved feared mob fuckin thug year mourn til join ashes ashes dust dust hope god trust prayers bring ill mourn till join cause ill touch ashes ashes dust dust hope god trust prayers bring ill mourn till join cause ill touch mourn thats mourn till you3embed
5236,1998,Lil Suzy,I Still Love You,love love love know dreams company baby cause want thrown love away night goin crazy baby baby baby wrote letter cause wanted chance loved cause time love guess come big surprise needed look right eyes tell time love watch time pass wonder baby cause want know fool let ive time crime wont come baby baby baby wrote letter cause wanted chance loved cause time love guess come big surprise needed look right eyes tell time love wrote letter cause wanted chance loved cause time love guess come big surprise needed look right eyes tell time love youembed
5237,1998,Lenny Kravitz,Fly Away,fly away wish fly sky high dragonfly id fly trees seas degrees ohhhh want away wanna fly away yeah yeah yeah want away wanna fly away yeah yeah yeah lets stars milky way mars lets fade sun let spirit fly little fun oh oh oh yeah want away want fly away yeah yeah yeah want away want fly away yeah yeah yeah got away away away girl got away away away oh oh oh yeah want away wanna fly away yeah yeah yeah oh yeah want away wanna fly away yeah yeah yeah gotta away want away want away want away want away yeah want away wanna fly away yeah yeah yeah girl got away want away want away want away want away yeah want away wanna fly away yeah yeah yeah yeah yeah yeah yeah yeah7embed
5238,1998,Spacemonkeyz,Sugar Cane,sugar cane lyricsthis tale afraids unfolding mini earthquakes gun unloading volleys thoughts brain taking rock cocaine junk familiar feeling ghosts close hear breathing spitting bile throat aint wondered dope run head soup train popping pills pacman beneath skin spine feel fleet cockroaches prying waiting hit knew right didnt need shit window reflecting time livin planet design yeah whoah feel sugarcane flow time change mind sample hear people chorus man said gotta try high youre gonna come unstuck knocked skittles pinball game gotta spread mind know saying beneath shadow moth hide troubles face magnified life religion wants gods carrier pigeons speading message grandmaster flash devil trolley dash collecting souls picking receipts taste poison sugars sweet youre praying game remains time dip spoon eggcup brain clock strikes streamers gonna good day dreamers chorus x2 sweet sugar cane brain wanna wanna insane insane verse time sugar hits reverse spins puts dream turns mind elephant balloon machine theres trap set shot right quicker human eye hong kong phooey forget funk youve dragged surfin high suck glass splinter heart brand new summer longer young blade runner youre player game requires pieces rules restrictions state releases world spins hinge busy analyzing things said know defined livin planet design chorus x2embed
5242,1998,7 Mile,Do Your Thing,thing lately acting mind doesnt mean thing oh girl heard phone talking girlfriend damn told having fun youre messing man oh girl know hurts gotta let thing baby thought caught romance making crazy gotta let thing listen babe everybodys talking bout youre leaving trying figure mistake girl guess way love cool baby feel fool girl know hurts gotta let thing baby thought caught romance making crazy gotta let thing girl know oh thing think ill let leave way oh want oh chance chance girl stand girl know hurts gotta let thing baby thought caught romance making crazy gotta let thingembed
5243,1998,Queen Latifah Featuring Apache,Paper,paper lyricsgo head refugees head paper head refugees head paper head refugees head paper head refugees head paper head refugees head paper ooh bet youre wondering knew youve trying infiltrate crew aint hiding flava u confused aint untouchable head ive trying cool queen ooh cool queen bout bring newark girl ooh newark outta know heard trying shine yall live fake lives know heard trying shine yall live fake ass lives haters try play la know paper everybody talking spreading lies friends tighter friends supposed thats havent let chill hard girl roll ooh girl roll easy pockets stay swole ooh pockets stay swole thats right yeah check check check check come come yo yo fellas fellas ladies ladies look life check sacrifice slander magazine business gets hard trying stay queen youre checking need check ooh check ooh flavor unit refugee camp stars heard heard heard tryin paper heard heard heard tryin paper wanna stick myembed
5244,1998,Shania Twain,From This Moment On,moment swear ill id care weakness strength happiness sorrow better worse love beat heart moment life begun moment right belong moment moment blessed live happiness love id breath moment hand heart wait live life wait start apart dreams came true moment long live love promise wouldnt moment ohh youre reason believe love youre answer prayers need dreams came true moment long live love promise wouldnt moment love love long live moment mmm mmm4embed
5245,1998,Nastyboy Klick,Lost In Love,lost love ya doin sweetheart heya know months weve happened right happy shared ive wonderin feel wanna lost love things want caress body touch soul cause boy love wanna lost love things want caress body touch soul cause boy love love shared especial es tan contigo wanna night el primer dia day knew itd forever way days hago otra cosa dream moment hearts come closer holdin tu mano face tan bonita met young lady senorita gotta youre best millon ways express mi amor know sing baby sing forever wanna forever til ending days hold baby let makin love wanna forever til ending days hold baby let makin love makin love night time walks romance telling hermosa heart trance true love hard thank man makin talkin telephone sendin kisses dozen roses missin warmth body right eres tu la mejor toast fine wine movies maybe sharing ice cream si estoy dormido wake dream todo lo que quiero need affection life fine brought perfection sit holdin hands whispers ear tell ill man today manana paradise feel way cause love love way feel love real embrace body touch softly love til morning love way feel love real embrace body touch softly love til morning know love shared special tenderness know girl sing time come wanna lost love things want caress body touch soul cause boy love wanna forever til ending days hold baby let makin love before1embed
5248,1998,Metallica,The Memory Remains,memory remains fortune fame mirror vain gone insane memory remains heavy rings fingers wave star denies grave crowd tears honor twisted vines grow hide swallow mansions dim light faded primadonna fortune fame mirror vain gone insane fortune fame mirror vain gone insane memory remains heavy rings hold cigarettes lips time forgets hollywood sun sets band play listen play song ash ash dust dust fade black fortune fame mirror vain gone insane fortune fame mirror vain gone insane dance little tin goddess drift away fade away little tin goddess ash ash dust dust fade black fortune fame mirror vain gone insane fortune fame mirror vain gone insane memory remains ash ash ash ash dust dust dust dust fade black fade black memory remains yeah faded primadonna yeah yeah yeah yeah dance little tin goddess dance da da da da da da da da da da da da yes hello la da da yes hello la da da da da da da da da da da da da da da da na da da da da la da da da da da da da da da da da da da da da da na da da da da la da da da da da da da da da da da da da da da da da da da da da da da da da da da da da da da da da da da yes da da da hello na da da da da da da da da yes da da da hello da da da da da da da da da da da da10embed
5249,1998,Jay-Z Featuring BLACKstreet,The City Is Mine,city uhuhhuh gegegeyeah belong city uhuhhuh belong night uhuhhuh gegegeyeah river darkness hes man night deal playboy rest soul holding yo love dough got ladies cock know got world lock know flow worry brooklyn continue flame world amnesia wont forget held long let reigns spirit commission remains niggas cross ts dot got popular cop pies taking rap shit demise jay shits cake mix watch rise basics basement wasted asking dog advice shit hatred fueled sign let world know city belong city city whatwhatwhat belong night gegegeyeah uhuhhuh papau river darkness hes man night city thats right yall wanna know flow seek brain voice box speak mind redefine rap mami illest nigga niggas losing read article said ruining shit time look moving units quick ima hit yall split leave niggas influenceses students jigga aint mad yeah bite shit sell half sell shit type buy rollie ice shit spot fuck coming twice shit real floss game intact boss game lame dudes feel dude cop 850 89 drove 55th city belong city city belong night yeah uhh city river darkness papause feel hes man night yeah yeah bounce bounce snatch girl cause arm aint strong plus yall stay studio long hits yall stay hating bricks locked til came club 6 got chick cause swore innocent got chinese manicure hair dominicans dark corner butt bar alchoholing represent lifestyle thirst cream buck shot louis thirteenth jayz rocafella yo know aint player right controlling game blow holes frame ima stand firm holding aim feel focal point biggie prime low thoughshhh city belong city uhhuh yeah city belong night ah ah city river darkness feel city hes man night city belong city belong night river darkness hes man night belong belong river darkness hes man night6embed
5251,1998,Martina McBride,Wrong Again,wrong day met forget fears knew kissed away tears knew time finally build life lover friend heart knew safe end wrong everybody swore theyd seen wed fine youd come loved good time said theres hes going happens lot men told right youd wake light wait til wrong pain chance happiness passed waited round bend sure id heal damage poor heart mend wrong wrong againembed
5252,1998,Sara Evans,No Place That Far,place far imagine greater fear wakin sun shine world gone long run crawl swim rivers climb thousand walls know way theres place far wouldnt matter apart lonely miles stubborn hearts nothin short god turn away love need run crawl swim rivers climb thousand walls know way theres place far oh run run crawl crawl swim rivers climb thousand walls know way theres place far baby theres place farembed
5253,1998,Gary Barlow,So Help Me Girl,help girl lyricsyou couldve kissed wasnt gonna kept saying ill couldve held chance waking couldve stopped short dream ive help girl youve gone far way late save heart way feels time touch know ive loved help help girl oh yeah gotta help girl sun came making night feel vision things come hold look youve gone love till help girl help girl youve gone far way late save heart way feels time touch know ive loved help help girl youve gone far way late save heart way feels time touch know ive loved help baby help help helpgirl youve got help girl falling falling falling falling falling youve got falling cause falling youve got falling fallingyouve got falling downembed
5256,1998,Savage Garden,Truly Madly Deeply,truly madly deeply ill dream ill wish ill fantasy ill hope ill love need ill love breath truly madly deeply strong faithful cause counting new beginnin reason livin deeper meanin yeah wanna stand mountain wanna bathe sea wanna lay forever sky falls stars shining brightly velvet sky ill wish send heaven want tears joy pleasure certainty surrounded comfort protection highest powers lonely hours lonely hours tears devour wanna stand mountain wanna bathe sea wanna lay forever sky falls oh baby close eyes cause standing right need surely come hoo hoo yeah yeah ill dream ill wish ill fantasy ill hope ill love need ill love breath truly madly deeply love mmm mmm wanna stand mountain wanna bathe sea wanna lay forever sky falls wanna stand mountain wanna bathe sea want live forever sky falls oohooh ooh yeah oh oh ladadadadada lalalala ladadadadada lalala oohooh32embed
5258,1998,Sister Hazel,All For You,finally figured took long long time theres turnabout maybe cause trying theres times confused roads lead turn walk away hard wonder ill words prove thought id seen cause long long time oh trip fall wondering blind theres times confused roads lead turn walk away hard wonder ill words prove rain comes pouring pouring falling blue skies falling blue skies words sound coming eyes finally figured took long long time theres turnabout maybe cause trying theres times confused roads lead turn walk away hard wonder ill words prove hard wonder ill words prove you3embed
5259,1998,Britney Spears,...Baby One More Time,baby time oh baby baby oh baby baby oh baby baby supposed know wasnt right oh baby baby shouldnt let youre sight yeah want tell baby cause need know oh loneliness killing confess believe believe lose mind sign hit baby time oh baby baby reason breathe oh yeah boy got blinded oh pretty baby theres wouldnt way planned want tell baby cause need know oh loneliness killing confess believe believe lose mind sign hit baby time related songsyou drive crazybritney spearstoxicbritney spearsauntie diarieskendrick lamar oh baby baby oh oh baby baby yeah oh baby baby supposed know oh pretty baby shouldnt let confess loneliness killing know believe sign hit baby time loneliness killing confess believe believe lose mind sign hit baby time confess loneliness loneliness killing killing confess believe know believe lose mind sign hit baby time66embed
5260,1998,Depeche Mode,Only When I Lose Myself,lose lose lose beautiful happening inside sensual mystery feel hypnotised feel paralysed heaven theres thousand reasons shouldnt spend time reason think hanging feeling nothings wrong inside heaven lose lose feel emptiness inside fade disappear theres feeling contentment feel satisfied belong inside velvet heaven need sell soul pleasure lose control treasure kiss need place heart palm hand start understand lose lose lose lose myself1embed
5261,1998,Fiona Apple,Criminal,criminal ive bad bad girl ive careless delicate man sad sad world girl break boy tell deny ive wrong want suffer sins ive come cause need guidance true know begin ooh need good defense cause feelin criminal need redeemed ive sinned hes knew love heaven help way save evil deeds know tomorrow brings consequence hand livin day come oh help tell deny ive got cleanse lies til good ive got lot lose bettin high beggin ends tell begin need good defense cause feelin criminal need redeemed ive sinned hes knew love let know way theres hell pay room lay law let ive got play lover stay angel devil wants know need good defense cause feelin criminal need redeemed ive sinned hes knew love need good defense cause feelin criminal need redeemed ive sinned hes knew love13embed
5262,1998,Next,Too Close,close wonder tell hard right yeah come dance baby yeah feel right come stop come yeah right hold baby grindin excited ooh try fight oh youre dancin real close plus real real slow youre makin hard oh songs requested youre dancin youre naked sexin oh yeah yeah boo deny know tell excited oh girl step youre dancin kinda close feel little poke comin girl know felt boo know help know wanna baby grindin excited ooh try fight oh youre dancin real close plus real real slow know youre makin hard baby dancin close aint good idea cause ima want way shake makes want bad sexually oh girl step youre dancin kinda close feel little poke comin girl know felt boo know help know wanna oh yes baby grindin excited ooh try fight oh youre dancin real close plus real real slow know youre makin hard baby stop baby grindin excited ooh try fight oh youre dancin real close plus real real slow youre makin hard love shake love shake baby baby grindin excited ooh try fight oh youre dancin real close plus real real slow youre makin hard way baby grindin excited youre making want oh way plus real real slow things cause youre little close yeah excited ooh try fight oh youre dancin real close plus real real slow youre makin hard me10embed
5264,1998,Fuel,Shimmer,shimmer calls cold low feeling short stable intends keeps inside isnt label says shes ashamed friend forget past maybe able break bend cause shimmers world sure fade away dreams champagne dream strawberry surprise pink linen white paper lavender cream fields butterflies reality escapes says love fools fall know killer savior til break bend cause shimmers world sure fade away far away hold far away far away hold far away ah oh yeah far away hold far away ah ah oh far away hold far away far away hold far away ah ah oh far away hold far away guess ill let go4embed
5268,1998,A+,Enjoy Yourself,polkas popular transcriptions lyrics1000000 views bad bunny yonaguni 12m 500000 views bad bunny jowell randy ñengo flow safaera 9754k taylor swift tolerate 9239k bad bunny jhay cortez dákiti 846k taylor swift gold rush 8148k nicky jam j balvin x equis 6737k khea bad bunny ft duki cazzu loca remix 666k rosalía travis scott tkn 5119k maluma weeknd hawái remix 5061k 250000 views j balvin dua lipa bad bunny tainy día day 4528k paulo londra dimelo 4508k chris jeday j balvin ozuna ahora dice real hasta la muerte remix ft anuel aa cardi b offset arcángel 4439k kali uchis telepatía 4349k daddy yankee dura remix ft bad bunny natti natasha becky g 3894k nio garcía anuel aa myke towers la jeepeta remix ft brray juanka 3731k billie eilish rosalía lo vas olvidar 3606k bad bunny sech ignorantes 3284k bad bunny daddy yankee la santa 3265k j cole p u n c h n t h e c l o c k 325k eladio carrión cazzu khea mi cubana remix ft ecko 3129k pop smoke enjoy ft karol g 3068k becky g natti natasha sin pijama 2912k miky woodz bad bunny estamos clear 2713k rauw alejandro todo ti 2672k bizarrap snow tha product snow tha product bzrp music sessions vol 39 2525k gera mx christian nodal botella tras botella 2512k kda 2534k bad bunny haciendo que amas 2532k 100000 views duki ysy cro hijo la noche 245k mc fioti future j balvin bum bum tam tam remix 2362k wolfine maluma bella remix 2308k liam payne j balvin familiar 2306k selena gomez una vez 2246k cnco meghan trainor sean paul hey dj 2142k enrique iglesias el baño ft bad bunny 2083k maluma el préstamo 1894k ozuna j balvin daddy yankee baila baila baila remix 1803k dj snake ozuna megan thee stallion lisa sg 1689k ozuna única 1794k daddy yankee ft snow calma 1668k 6ix9ine ft anuel aa mala 1659k bad bunny museo 1648k kali uchis partynextdoor fue mejor 1624k bad bunny si estuviésemos juntos english translation 1539k james blake ft rosalía barefoot park 1535k farruko anuel aa kendo kaponi delincuente 1534k sfera ebbasta marracash guè pequeno tik tok 1526k playboi carti teen x ft future 1427k partynextdoor ft drake bad bunny loyal remix 1359k sech miss lonely remix ft farruko la ghetto justin quiles 1334k karol g ay dios mío 1327k benny blanco tainy selena gomez j balvin 1325k j balvin bad bunny qué pretendes 1307k plan b candy 1281k nio garcía j balvin bad bunny remix 1267k dj khaled let ft justin bieber 21 savage 1243k bad bunny zion lennox más una cita 1218k marshmello jonas brothers leave love 1145k 6ix9ine yaya 1155k paloma mami talk 1134k gims maluma hola señorita 1121k bad bunny maldita pobreza 1099k natti natasha bad bunny amantes una noche 1091k jay wheeler dj nelson myke towers la curiosidad 1089k zion lennox la player bandolera 1081k arcángel bad bunny original 108k rosalía ft weeknd la fama 1054k rvssian anuel aa juice wrld ame 1044k duki ronny j pablo chille ft cro capo goteo remix 1041k sech daddy yankee j balvin relación remix ft rosalía farruko 1029k j balvin jeon anitta machika 101k paulo londra forever 1008k tiago pzk lit killah seven kayne cerca ti remix ft bhavi tobi dolezor rusherking 1007k eladio carrión natanael cano ovi ele uve remix ft noriel 1003k tiago pzk lit killah entre nosotros 1003k 75000 views young martino lunay myke towers fans remix ft joyce santana brray jhay cortez darell arcángel ñengo flow 995k maluma marinero 991k nicky jam j balvin ft ozuna x remix 965k feid lenny tavárez badwine remix 964k lil pump anuel aa illuminati 935k cosculluela ft bad bunny madura 933k jon z después que te perdí 925k kali uchis aguardiente y limón ᵕᵕ 90k junior h la ví llorar 885k kali uchis rico nasty aquí yo mando 861k karol g bichota 858k feid sech sígueme remix 834k bad bunny si ella sale 832k trueno nicki nicole mamichula ft bizarrap 814k maluma hp 809k sech relación 809k jay electronica fruits spirit 802k miky woodz ft alex rose na personal 797k anuel aa cardi b black jonas point la bebé remix ft secreto el famoso biberón liro shaq 786k ozuna doja cat sia del mar 786k anuel aa bad bunny así soy yo 776k j balvin bad bunny yo le llego 776k el alfa sech myke towers ft lil pump vin diesel coronao remix 774k bad bunny myke towers puesto pa guerrial 77k mora jhay cortez 512 77k nio garcía casper mágico ozuna travesuras remix ft myke towers wisin yandel flow la movie 769k anuel aa haze amanece 758k tiago pzk lit killah maria becerra nicki nicole entre nosotros remix 75k 50000 views j balvin ambiente 742k karol g anuel aa follow 739k lunay myke towers ozuna la cama remix ft chencho rauw alejandro 73k bryson tiller years 729k myke towers anuel aa natti natasha diosa remix 726k farruko pepas 71k aya nakamura djadja maluma remix ft maluma 709k residente dillon frances sexo 701k sebastian yatra daddy yankee natti natasha ft jonas brothers runaway 698k cnco pretend 683k j balvin ft zion lennox es justo 679k j balvin ahora 672k ankhal rauw alejandro jhay cortez sí pepe remix ft luar la l arcángel miky woodz farruko 667k ariana grande 7 rings traducción al español 667k junior h atrapado en sueño 666k acdc shot dark 663k wisin jhay cortez anuel aa fiel remix ft myke towers los legendarios 658k bizarrap khea khea bzrp music sessions vol 34 637k porte diferente culpable fui yo 635k black eyed peas ozuna j rey soul mamacita 632k manuel turizo quiéreme mientras se pueda 621k junior h mente positiva 617k eslabon armado dime por que 604k rochy rd myke towers nicki nicole ella es tuya remix 596k natanael cano pacas verdes ft ovi 594k feid vacaxiones 584k maluma admv 584k ozuna karol g myke towers caramelo remix 584k maluma myke towers madrid 583k kali uchis la luna enamorada 581k j balvin khalid otra noche sin ti 576k kali uchis jhay cortez la luzfín 574k black eyed peas shakira girl 573k paloma mami te enamores 57k reik farruko camilo si dices que sí 555k jay wheeler myke towers rauw alejandro la curiosidad blue grand prix remix ft jhay cortez lunay kendo kaponi dj nelson 552k jacob forever farruko quiéreme remix ft lary abraham mateo 536k ozuna caramelo 529k kali uchis quiero sentirme bien 527k karol g anuel aa j balvin location 524k anuel aa ozuna los dioses 523k porte diferente rosas 523k jennifer lopez maluma pa ti 518k mora jhay cortez pégate remix 518k sean paul j balvin contra la pared 515k bizarrap eladio carrión eladio carrión bzrp music sessions vol 40 512k paulo londra puedo 511k duki ft drefquila sin culpa 508k justin quiles ft zion lennox quiero amarte 508k los legendarios wisin jhay cortez fiel 506k 40000 views tainy j balvin agua 498k nicky jam ozuna te robaré 491k dimitri vegas mike david guetta daddy yankee ft afro bros natti natasha instagram 487k junior h alto linaje ojos colorados 481k j balvin karol g nicky jam ft crissin totoy el frio natan shander poblado remix 48k weeknd rosalía blinding lights remix 479k ñejo miky woodz myke towers mi estilo vida ii ft kenai arcángel rauw alejandro ñengo flow 471k sech jhay cortez 911 remix 459k chucky73 fetti031 myke towers zili 455k eladio carrión karol g te deseo el mal 455k sebastián yatra reik año 455k anitta gusta ft cardi b myke towers 451k anuel aa contagié 2 45k jhay cortez como se siente 449k moral distraída canción bonita 448k anuel aa myke towers jhay cortez súbelo 444k jhay cortez costear remix equipo rojo ft eladio carrión lyanno juanka rauw alejandro bryant myers joyce santana justin quiles almighty 442k amenazzy ft lary farruko solo remix 441k christian nodal ángela aguilar dime cómo quieres 439k feid si tú supieras 438k bryant myers nicky jam el alfa wow remix ft arcángel darell 437k myke towers girl 437k marc segui rauw alejandro pol granch tiroteo remix 434k myke towers juhn bandido 434k almighty vacío 432k manuel turizo una lady como tú remix ft nicky jam 432k nacho ft manuel turizo déjalo 432k ozuna ft wisin yandel quiero más 43k bad bunny luar la l 100 millones 429k jossef jamby el favo eix persia remix 429k rauw alejandro chencho corleone el efecto 428k blessd maluma imposible remix 427k natanael cano diamantes 424k cj ft anuel aa ozuna whoopty latin mix 423k jhay cortez conoce 423k anuel aa te boté rhlm version 421k anuel aa por ley 42k eslabon armado matas 42k mora volando 419k kali uchis vaya dios 417k kali uchis nadie 411k pablo chille flow lebron drip hard chilean remix 411k quadeca 30000 word rap song world record 409k el alfa nicky jam ozuna ft arcángel secreto el famoso biberón correr los lakers remix 408k myke towers diosa 405k j balvin maría becerra qué más pues 404k khea natti natasha prince royce ayer llamó mi ex remix ft lenny santos 404k bizarrap nicky jam nicky jam bzrp music sessions vol 41 402k feid amor mi vida 401k nicki nicole colocao 40k rauw alejandro tattoo 40k lyanno rauw alejandro lenny tavárez en tu cuerpo remix 398k chocquibtown zion lennox farruko pa olvidarte remix ft manuel turizo 394k cazzu hello bitche remix ft eladio carrión 392k anuel aa reggaetonera 39k bizarrap morad morad bzrp music sessions vol 47 387k sabrina carpenter fast times 387k bad bunny myke towers estamos arriba 384k karol g 200 copas 384k kali uchis que te pedi 383k jhay cortez ft myke towers subiendo nivel remix 38k anuel aa leyenda 379k asan bhavi ysy ft neo pistea midel rei zecca teca remix 379k el alfa farruko myke towers ft justin quiles chencho corleone singapur remix 378k jhay cortez enterrauw 376k rosalía juro que 373k sebastián yatra myke towers pareja del año 37k anuel aa eladio carrión north carolina 369k trueno duki panamá 363k bizarrap residente residente bzrp music sessions vol 49 36k anuel aa real hasta la muerte 351k1embed
5269,1998,Usher,Nice & Slow,nice slow know coming right baby tell wanna got hot baby okay uh minutes ready hey wear little thing yeah baby tell wanna seven oclock dot drop cruising streets ah yeah got real pretty pretty little thing thats waiting pull anticipating good love waiting got plans hands places seen girl know mean let place nice quiet aint interrupt aint gotta rush wanna nice slow baby tell wanna ive waiting long making love sun comes baby wanna nice slow baby tell wanna driving round town contemplating gonna lay girl got saying wish pull thing started right wanna freaky baby think heard wanna freaky baby ra ym ond baby tell wanna got nigga feenin jodeci time roll holding trying control nice slowly know letting messing flow hook come let place nice quiet aint interrupt aint gotta rush wanna nice slow baby tell wanna ive waiting long making love sun comes baby wanna nice slow baby tell wanna tell wanna freaky cause ill freak right ill freak right ill freak feel ill freak right ill freak right ill freak freak feel yeah baby tell wanna baby tell wanna me12embed
5270,1998,Sylk-E. Fyne Featuring Chill,Romeo And Juliet,romeo juliet lyrics1 romeo juliet hot sex platta wet yous somthin regret gonna bomb bet yep romeo juliet hot sex platta wet yous somthin regret gonna bomb bet yep time saw ya knew attracted reacted fact ya act shy sexy time mind little bump grind usually play close gots kick wit serve overdose bombass puhnanny man aint got love cuz yous boo prove love true know goin baby time reveal love end heart tickin time trickin pickin lay good lickin ill treat king cuz royal love loyal escape come place ill teach things love makin wait wont wait arms rock baby cuz imma forever yo lady repeat 1 night discovered whos bombest mommy las finest dogs ride harder bonnie clyde sexual healers ya feel baby check vibe theyll love got industry got streets worry bout creep want try play cheap cuz sleep sleezy good lesson taught big homey ez got compliment touch tease nice easy rub body feeling wheezy cuddle cuz getting sleepy imma dedicated relation stay away cowboys playa hated cuz wit boo real catch sleepin gon chill ya good love best puttin sistas game whynt cha peep repeat 1 fade4embed
5271,1998,Spice Girls,Stop,stop walk smile cool know inch run mile win youre right know leave bother caught craze phase forever know going fast racing hard know wont know slow read sign know youre going stop right thank need somebody human touch hey run gotta slow baby gotta fun dodo dodo dodo ba daba ba ba daba ba ba daba stay way forever know leave cause weve got know yes youre gonna breakdown youve crossed line youre gonna turn know going fast racing hard know wont know slow read sign know youre going stop right thank need somebody human touch hey run gotta slow baby gotta fun gotta honey lay line cause care money wasting time need speed case gotta slow baby face stop right thank need somebody human touch hey run gotta slow baby gotta fun stop right thank need somebody human touch hey run gotta slow baby gotta fun stop right stop right thank wanna thank wanna thank need somebody human touch stop right hey run thank thank gotta slow baby gotta fun3embed
5272,1998,K-Ci & JoJo,All My Life,life baby baby baby baby baby baby baby baby baby baby baby baby ooh glad lover sweeter sweeter lover precious precious girl close mother close youre father close youre sister close youre brother song sing life prayed thank god finally cause life prayed hope love hope feel way said youre thinkin baby said promise fall love stranger youre thinking praise lord sending love cherish hug love life prayed thank god finally cause life prayed hope love hope feel way youre known smile face glow turned life picked youre known smile face glows picked youre known smile face glows picked hope feel way yes pray love life prayed thank god finally cause life prayed hope love hope feel way life prayed thank god finally cause life prayed hope love hope feel way life prayed thank god finally cause life prayed hope love hope feel way too8embed
5274,1998,Hannah Jones,You Only Have To Say You Love Me,love lyricsi know know torture overact draw conclusions truth hate wanting love worth love flying flying times try way denied world aside pride cross great divide wanna stay inside world know know torture overact draw conclusions truth hate wanting love worth love flying flying love worth love flying flying bridge love love love times theres gonna come day heart stay act foolishly need notice love patiently know know torture overact draw conclusions truth hate wanting love worth love flying flying love worth love flying flying flying flyingembed
5275,1998,J'Son,I Should Cheat On You,cheat saying creeping explaining reason cause cheating thinking whats difference babe believe cheat girl accusing oh cheat saying love save baby trust caught checking pager cheating erased tell babe low wasnt creeping tell told youd untrue denying sick trying maybe lie cheat cheat cheat gon gon gon gonna play gonna cheat cheat cheat got going crazy thought baby cheat cheat cheat got going crazy thought baby sayembed
5277,1998,Xzibit,What U See Is What U Get,u u written things saw angel come heaven having great power earth lightened glory cried mightily strong voice saying babylon great fallen fallen habitation devils home foul spirit cage unclean hateful men yeah xzibit wait kickdown got shit loud shot heard world uplift bench press arm curl structure temple things simple existence ripple time concerned divine monkeyshine walkin line holdin heat runnin crazy streets yeah whats plus company overtime oversleep wanna evil speak atlas cum laude magna super actress clothelined pinned mattress day day way said cake eat fuck hard time planet earth worth xzibit stay rotation rehabilitation players pimps hoes hustlers willies thugs ballers busters gangstas macks everyday day shot callers high rollers moving kinda style world wild bless child hold flesh bone matter roam feel right home thats real shit got bargained hit floor pull fast let know today black breath asthma attack slave flavor flav youre blind facts mr x z tha liks king tee guaranteed bring house naturally niggas knowin limits master p makin motherfuckin bastards different breed mc realize catch threehundred degree roundhouse mouth right sun hot shit shine bright feelin life green light turn red cause strike rattlesnake lock dread niggas wanna bump heads better dead came crashin door feds bring kinda style world wild bless child hold flesh bone matter roam feel right home thats real shit year everybody start rush swingin friendly neighborhood lush crack bottle watch xzibit bust regulate killer nickel plate set straight start shakin breakin new ground construction work heavy artillery dick dirt stay alert game rough hurt slug burnt jacket sweater shirt cut belly break chain fast lane suck sugar cane tryin spark nigga brain entertain trivial things material things protected underground kings rule land iron fist men black flash remember shit sorry cross ill pay government wanna kill sam cause package came short grams picture players pimps hoes hustlers willies thugs ballers busters gangstas macks everyday day shot callers high rollers moving kinda style world wild bless child hold flesh bone matter roam feel right home thats real shit3embed
5280,1998,Bounty Killer Featuring Mobb Deep & Rappin' Noyd,Deadly Zone,deadly zone aha saw fools try try let ha got easy way let dem drown guns navarone step inna deadly zone killer shoot dem al capone guns navarone try reach try let quicker way dem drown dem step deadly zone badman dem boy waan clown tell dem gun showdown dem shoulda know scare dem rocking big guns popping niggas smoked yo dunn tried knock bury big pipes soundin thunder skated skin teeth man place week wanna come wrong nigga approach holmes wrong nigga threats lone nigga wit long chrome dance till drop score points fallin wit good formation wrong nigga patience wrong dunn nigga blast gun floor actin goin war fucked come real rocket launcher flame thrower rule wit iron rod ruger yall niggas tryin hard loser walk hood night come outside fear thoughts walkin foot soldier catch stores corner mind slumber man minute slip wit thats ass badman dem boy waan clown tell dem gun showdown dem shoulda know scare dem rocking big guns popping niggas smoked hi witnesses mother fucking mouth pronounced guns come badman dem boy waan tote tell dem scare dem aint scout dem dem deh tell dem forget scare dem best shit dem fi diss intellect ready fi murder intersect black talon right left mobb deep attack dem sand death warlord dem disrespect dem step inna deadly zone killer shoot dem al capone guns navarone try reach try let quicker way dem drown dem step deadly zone badman dem boy waan clown tell dem gun showdown mobb dunn lets dunn wit bounty killer yo dunn aiyyo cock shit pop shit squeeze let em know real mobb ddoubleep wit bounty killer gun runners round qudoubleens bomb borough till day death shit runnin block sprayin shots wit lindon listen action know blastin man standin pack shit longer bare wake jake snakes gon stop know mobb lettin rockets gun burners spit lungies dummies nuttin pop shells aint words hell slugs somethin feel gun runner nigga real nigga yo hear gat blow spit crack actual brand new whip clip sure friendly hit layin bloodied flee frontline dismantle gat bounce watch oclock news hear em shout plug leak slip rug right feet runnin streets want problems wit everyday 4th july henny cup gat youll clutch interfere wit plan touched let liquor talk touched fledge ra let em know ledge slippin edge shortys givin head cockin em legs guns cockin spray poppin way sendin shit thats hot way step inna deadly zone killer shoot dem al capone guns navarone try reach try let quicker way dem drown dem step deadly zone badman dem boy waan clown tell dem gun showdown step inna deadly zone killer shoot dem al capone guns navarone try reach try let quicker way dem drown dem step deadly zone badman dem boy waan clown tell dem gun showdown wellembed
5284,1998,"Missy ""Misdemeanor"" Elliott Featuring Da Brat",Sock It 2 Me,sock 2 hehe nigga nasty looking affection decided swing dick direction ill control lets perfection lets bring bring bring nasty nnnnow sock ooh ahh sock want ooh oh pro know know long bro stroke hey hormones jumping disco hey popping meds crisco gotta missy wont slow slow house midnight midnight fall asleep itll late night creep ima thangs believe jump bed wont sock oh ssock ooh ahh sock want ooh sock pro know long bro stroke hey hormones jumping disco hey popping meds crisco heeeey gotta missy ohhh wont slow slow ooh ahh sock want ooh pro know long bro stroke hormones jumping disco popping ish crisco gotta missy wont slow uhhuh yeah yeah yeah yeah yeah yeah sock ooh ahh sock want ooh ooh pro know know long bro stroke hormones jumping disco hey popping meds crisco hey gotta missy heeeey wont slow uh missy socking niggas reeree baddest industry bitches century hit hard penitentiary dick finally admitted shit combination lethal popping patron missy 600 seethrough suffer repercussion fucking shit parlay puffing constantly making niggas suffer consequence gotta ends bitch house chi caddy crib atlanta benz niggas huffing puffing aint try shit got plenty motherfuckers thatll ride quick kid wanna bust trigger finger itch fucking jealous live plush missy leave nigga head rush bring ruckus plus telling em push pickin profits selling gon stop socking niggas rocking dropping em spot heat block record shop knocking socks guaranteed platinum watch coldest bitches hot brat missy bad bitches fucking brat missy bad bitches fucking nigga life baby haha lets continue drive motherfuckers crazy know saying yeah timbaland baby feel sock em goddammit 97 motherfuckin bitch era yall niggas wanna brattattat ass door motherfucker yeah uh12embed
5285,1998,Color Me Badd,Remember When,remember lyricsnothing harder believe told needed free free gettin memories hopin maybe time help chorus remember forever eyes forever remember leave world oh ooh ive got nothin lose nothin hide live dyin inside remember searchin abandoned dream need reclaim heavens love reach reach reach reach know longin magic touch thank god givin chance trust youll come chorus remember forever eyes forever remember leave world oh ooh ive got nothin lose nothin hide live dyin inside remember yeah know ill holdin thoughts yesterday holdin times shared baby know ill let let forever hey eyes forever remember leave world leave world leave world ive got nothin lose nothin hide live dyin inside remember whenembed
5287,1998,Total,What About Us,hehheh yeah oh yeah ah huh ah huh yeah oh oh hehheh ah huh huh huh yeah yeah yeah yeah yeah yeah yeah yeah yeah hit em baby seen lady ooh finished having baby yeah whyd leave nah nah baby uh huh know swayze stand lover shady whyd leave uh huh ooh yeah gon hehhehhehheh total help sing total help sing yeah uh huh uh huh gon um hum hey hey hey hey hey baby know youve pimpin mr baller tricking whyd leave baby baby girl crazy understand left gon total help sing ay gon gon gon sing time total help sing yeah yeah uhh ridin hood little fly sumthin fly sumthin want buy sumthin playa haters gotta hide em whu lady uh huh brothers actin shady baby pass 380 whu huh chillin precious white sands uh huh baby heres plan charter plane amsterdam whu spend buncha francs francs woke little dank listenin total sing whu uh huh yeah gon ooh gon total help sing total help sing yeah uh huh gon gon gon ya help sing uh huh uh huh ooh yeah gon gon gon yeah gon uh gon yeah yeah yeah hit missy timberland ooh ooh whatcha gon come hehheh aight time total meembed
5290,1998,Shania Twain,Love Gets Me Every Time,love gets time oww life goin great love gonna wait hurry worries staying single plan didnt need steady man covered til discovered love gets time heart changed mind gol darn gone gone gone guess fell love gone mustve way walked gone sweet sweet talk gone guess gol darn gone gone content apaying rent place needed space free shop rush settle covered til discovered love gets time heart changed mind gol darn gone gone gone guess fell love gone mustve way walked gone sweet sweet talk gone guess gol darn gone gone ah ow ooh hmmm mmmm love gets time heart changed mind gol darn gone gone gone guess fell love gone mustve way walked gone ooh oooh sweet sweet talk gone way calls gone know ill gone cha know love gets time heart changed mind gol darn gone gone woo thought covered uhhuh life going great gol darn gone itembed
5291,1998,Janet,Together Again,times look times feel love baby ill forget baby ill forget times look times feel love baby ill forget baby feel belong draw strength words said hey baby look deeper inside baby dream want baby know cause smile know smilin dancin moonlight know free cause star shinin ooh good times share ooh makes wanna dance ooh loud proud ooh loves true angel wait wrap wings baby wrap baby oooh wrap baby wrap baby hear whisperin pain worries baby baby happy baby happy baby dream want baby know cause smile know smilin dancin moonlight know free cause star shinin ooh good times share ooh makes wanna dance ooh loud proud ooh loves times look times feel smile baby ill forget baby id hold close earth heaven baby baby baby smile know smilin dancin moonlight know free cause star shinin smile know smilin dancin moonlight know free cause star shinin me6embed
5292,1998,Somethin' For The People,All I Do,lyricsaight roll track ugh yeah kick stick ugh astare vocals doesnt matter time day ask thing gonna twentyfour seven fiftytwo sixtyfive wanted know stay mind think honey stay mind speak honey stay mind dream honey stay mind think baby time youve got special worthy love wanna let holdin oh got going thoughts help talk sexy things wont stopthe kissin lovin things satisfied stoplet lovin let think night gotta admit got trippin alittle bit cause week caught 6 times day damn baby got open alittle somethin somethin thats good cause got waiste wasp ass hoss feels good got nigga calling boss end floor bed thats right shit tight man sittin dubbs thats thats gonna know freak time week come nigga supposed yeah yeah thats talkin bout think honey stay mindembed
5301,1998,Fastball,Fire Escape,escape lyricswell wanna president superman clark kent wanna walk round shoes cause know whos know right wrong know going know ill rain falling escape man want bout wanna mad wanna meet dad wanna dream come true cause know ive know sky ground know going know ill rain falling escape man want bout ill rain falling escape man want bout bout bout youembed
5302,1998,Madonna,Frozen,frozen eyes want life want youre frozen hearts open youre consumed waste time hate regret youre broken hearts open mmmmmm melt heart mmmmmm wed apart mmmmmm mmmmmm hold key theres point placing blame know suffer lose heart broken love bird needs fly let hurt inside die youre frozen hearts open mmmmmm melt heart mmmmmm wed apart mmmmmm mmmmmm hold key eyes want life want youre frozen hearts open mmmmmm melt heart mmmmmm wed apart mmmmmm mmmmmm hold key melt heart mmmmmm wed apart mmmmmm mmmmmm hold key melt heart11embed
5303,1998,Whitney Houston & Mariah Carey,When You Believe,believe nights weve prayed proof hear hearts hopeful song barely understood afraid know theres fear moving mountains long knew oh yes miracles believe hope frail hard kill knows miracles achieve believe believe time fear prayer proves vain hope summer birds swiftly flown away standing hearts explain seeking faith speaking words thought id miracles believe hope frail hard kill knows miracles achieve believe believe happen ask easy fears youre blinded pain way clear rain small resilient voice says help near miracles believe hope frail hard kill knows miracles achieve believe believe believe believe believe believe4embed
5305,1998,Kimberly Scott,Tuck Me In,tuck lyricsooh hoo hoo oh hey spending weekend kicking friends think battery run fight raise hand little nervous watching day turn night read bedtime story turn light tuck hold real right thats way ill know gonna alright tuck tell goodnight thats way ill know gonna fine wonder nervous wonder scared friend hang address way minding business trying little fun knew hit saw tomorrow come tuck hold real right thats way ill know gonna alright tuck tell goodnight thats way ill know gonna fine wake middle middle night sleep hold pillow tight counting backwards ninetynine tuck time tuck hold tight let morning light wont tuck hold tight let morning light tuck tuck yeah hold real right oh oh thats way ill know gonna alright tuck wheres ring yeah hold tight let morning light tuck hold tight let morning light tuck tuck hold tightembed
5310,1998,Aretha Franklin,Here We Go Again,come ohohhohooh boy caught slipping mmm ooh trippin cause know oh yes know mmm girls past black book long time ago ohhoohho think crazy think blind want boy stop wasting time old song youre thinking youre gon ones baby old song ooh straighten act walking door time time thought problem oh yeah mmm gave hoping things change aint whoaohoh think foolish oh yeah think blind think blind want want precious love precious love stop telling lies stop wasting wasting time old song youre thinking youre gon ones baby old song ooh straighten act walking door know ive tried world oh need ohoh oh tried times times mistreated oh old song youre thinking youre gon ones baby old song ooh straighten act walking door old song youre thinking youre gon ones baby old song ooh straighten act walking door old song youre thinking gon ones baby old song ooh straighten act walking doorembed
5312,1998,Dixie Chicks,Wide Open Spaces,wide open spaces doesnt know talkin whos left home whos struck dream life place clouds foundation stone precede follow young girls dreams longer hollow takes shape place west holds guessed needs wide open spaces room big mistakes needs new faces knows high stakes traveled road child wideeyed grinning tired wont coming rest lifes lessons shell test needs wide open spaces room big mistakes needs new faces knows high stakes knows high stakes ah ah ah ah ah ah folks drive away dad yells check oil mom stares window says leavin girl said didnt long ago stood let folks know needed wide open spaces room big mistakes needs new faces knows high stakes knows high stakes knows highest stakes wide open spaces knows highest stakes knows highest stakes wide open spaces1embed
5313,1998,Puff Daddy Featuring Jimmy Page,Come With Me,come lyricsuhhuh yeah uhhuh yeah uh uhhuh yeah uh uhhuh yeah uh uhhuh yeah uh uhhuh yeah yeah hear cries hear lend ears fall error know faults time halts loss know lacking backtracking met pistol packing itchy finger trigger happy try trap bad rap wiretap backstab break faith fall grace tell lies time flies close eyes come come yeah come uhhuh yeah said trust youd hurt disgusted adjusted certainly fooled ridiculed left hanging shits boomeranging right think long range narrowminded left blinded cosigned shit backfired bouncing grinded bear pressure comprehend want end offend drama feel trauma come yeah uhhuh ah ha come afraid yeah come close eyes standing tears sorrow die uhhuh yeah fuck enemies fuck foes damn hoes youre stepping toes hands room breathe hearing fearing ears bullshit destructive women seductive lunacy reluctantly ive moving ignore sorry bore neglect mean disrespect love dearly sincerely annoy avoid stay forever day thats let forget wont permit wont acquit want fight ill fucking bite stand run hide surprise close eyes come yeah come come oww yeah come come yeah turn need turn yeah yeah yeah come yeah hear cries hear calls lend ears uh huh ready come check hear cries hear calls lend ears uhh wanna right wanna right hear cries hear calls lend ears fall errors know faults time halts loss know lacking backtracking met pistol packing itchy finger trigger happy try trap bad rap wiretap backstab break faith fall grace tell lies time flies close eyes come come come come come come come come ima want fight ill fucking bite stand run hide surprise close eyes come ima stay forever day thats come uhhuh yeah uhhuh yeah uhhuh yeah uhhuh yeah uhhuh yeah uhhuh yeah come me3embed
5315,1998,Next,Butta Love,butta love gotta real wit baby gotta let know youve got love want yeah thats right love need word bond butta baby check youre homie shorty youve shown things youre special kickin sexy smile prima donna style ooh youre drivin wild wild aint got reputation educated conversation ooh youve got bomb love makin sexual love know proper oh incredible youve got love want love want youve got love need love need girl smooth creamy know know youve got butta love baby youve got butta love baby youve got love want love want youve got love need love need girl smooth creamy youve got butta love oh baby youve got goin word bond sundress platforms feet pedicure corns uh huh youve got sex appeal real sure soft hands french manicure makeup youre pure trippin kickin niggas questionin got confidence sexiness thickness bomb shit oh oh oh chillin homies think think know want got want know butta love got hit hip baby ill meet crib baby cause ill rock world ill rock girl butta babe butta babe youve got love want love want youve got love need love need girl smooth creamy know know youve got butta love baby baby sleep got youve got love want love want know youve got love need love need love love oh yeah girl smooth creamy smooth youve got butta love baby youve got youve got butta love youve got sexy eyes enticing thighs rise youve got love wanna try send tongue spine youve got perfect shape love scream wanna clothes sex til song goes navel pinky ring sexy head toe girl gonna let got confidence sexiness thickness bomb clit yeah youve got goin word bomb baby youve got sex appeal real lady youre homie shorty huh youve got butta love youve got goin know thats sure face hands pretty toes baby youre right youre locked tight youve got butta love oh want need itembed
5317,1998,"Silkk The Shocker Featuring Master P, Destiny's Child, O'Dell, Mo",Just Be Straight With Me,straight master p people talking bout huh youre hustler huh care think huh straight huh ooh ooooohhhhh huh huh huh huh know chances sure sittin tight live right gold platinum plaques man know world silkk shocker master p hits aint limit beginning watch ball yall want fall wall huh gon minute rhymes written beats pound shit sounds sick rolex baguettes ghetto live takin flights shoppin sprees hop foot yachts money change live lil bit good took family members homies hood ghetto millionaires far away meet think watch p cover mouth speak deep change everybody know guess gotta charge game master p people talking bout huh youre hustler huh care think huh straight huh ooh ooooohhhhh huh ugh green money count hundreds bad habit sell bees honey hot check billboard spot twentyfourt gs piece club rock bout bout gotta em rowdy peep game got benz lex luger audi hate money gonna million break cuz soldier thought told ya doja hate rollers cristal green hennessey got maids butler bentley ghetto aint limit cuz livin large bought rolex yacht gold card hate ya girl wanna date ughs straight g master p people talking bout huh youre hustler huh care think huh straight huh ooh ooooohhhhh huh guess hustler cuz fast livin gotta vision gotta saw went opening shows opening doors house floors thats marble brand new ferrari parked bought limit soldier came started ya ya think bank tryin multimillion old drank ride bro lie bro head girls twerk homies work soldiers texas way jersey tick tock clock north south east west stop real gs throw em high ballers twist corks cristal fly master p people talking bout huh youre hustler huh care think huh straight huh ooh ooooohhhhh huh whatembed
5318,1998,Terri Clark,Now That I Found You,lyricshow believe heart real bewteens hide took away walls feel safe share truth heavens open heart broken holding hold prayer touch lifetime aint love true believe meant chemistry forever years tears conquer fears grow looking eyes tell longer feel heavens open heart broken holding hold prayer touch lifetime aint love true real believe heavens open heart broken holding hold prayer touch lifetime aint love true youembed
5319,1998,Everything,Hooch,hooch got hooch got hooch got sweetest thing world working day long road grinding bodys winding tribal fires circle speaks near simple truth clearer got hooch baby got sweetest thing world got love got freshefreshy got sweetest thing world birds bees sing jams begin ring good vibes flow evening turns night moonlight dance came got hooch baby got sweetest thing world got love got freshefreshy got sweetest thing world lets real lets heavy till water breaks levee lets loose loose got hoochembed
