,Year,Artist,song_name,further_clean_text
5612,2001,Backstreet Boys,Drowning,drowning ohoh yeah pretend youre sorry know youre know got power weak inside girl leave breathless okay cause survival hear imagine life love forever long cause time breathe heart beats baby help drowning love time try rise swept away love baby help drowning love maybe drifter maybe cause known safety floating freely arms need lifeline cause save ohoh imagine life love forever long long yeah cause time breathe heart beats baby help drowning love time try rise rise swept away love baby help drowning love pull cover dreams yeah love mouth mouth know resist cause youre air breathe time breathe cause time breathe yeah heart beats baby help baby help drowning love time try rise swept away love love baby help help drowning love love yeahyeah baby help drowning love got drowning ohohoh got drowning drowning love baby help help help nono got drowning cause time breathe heart beats ohyeah baby help baby help drowning love time try rise swept away love baby help drowning love4embed
5614,2001,Luther Vandross,Take You Out,lyricshere caught surprise cause seen pretty face warm beautiful smile wasnt hard notice style fascinated surely took heart held wouldnt let away heard excuse miss whats come possibly tonight movie park ill home dark let know tonight care rejected wont regret regret fact missed chance romance ill walk away knowing tried best going going day cause heard excuse miss whats come possibly tonight movie park ill home dark let know tonight excuse miss whats come possibly tonight movie park ill home dark let know tonight thats come introduce cause youre gonna know love hopefully ill excuse miss whats come possibly tonight movie park ill home dark let know tonight excuse miss whats come possibly tonight movie park ill home dark let know tonight let house home baby excuse miss whats come possibly tonight movie park ill home dark let know tonight3embed
5615,2001,Puddle Of Mudd,Control,control love way look feel pain place inside lock inside dirty cage inside mind teach rules set stone chain bed secrets need feel need feel control youre control control need feel whys love way rake skin feel hate place inside need voice head cause guy youll think know rules theres expressions face hope someday let release dirty cage need feel need feel control youre control control need feel whys love way look love way smack ass love dirty things control love way look love way smack ass love dirty things control love way look love way smack ass love dirty things control love way look love way smack ass love dirty things control need feel need feel control youre control control need feel whys youre youre youre youre no1embed
5617,2001,Tyrese,I Like Them Girls,girls girls girls girls girls crew weekend talkin bout party said gonna crackin ima drive porsche tell em push blue benz cause straight parkin lot pimpin keys ride hit spot 1145 cuz everybody knows thats gets hot tonight gonna lil shorty player cop yeah need hot girl sexy lil mommy knows turn freak night early morn girl knows wants baby hair fly nails lookin got thats kind girls sheets girls iced girls fly gucci rollin deep 6 cartier wrist em small waist big ol hips girls drop bentley thats kind girl need corner eye spot shorty ice bright baby lightin party got prada fitting right body 3624 let pass approached game tight said yous kind flavor said whats later tonight gonna feels right need hot girl sexy lil mommy knows turn freak night early morn girl knows wants baby girl hair fly nails lookin got thats kind girls sheets girls iced girls fly gucci rollin deep 6 cartier wrist em small waist big ol hips girls drop bentley thats kind girl need girls sheets girls iced girls fly gucci rollin deep 6 cartier wrist em small waist big ol hips girls drop bentley thats kind girl need girls candy thighs kissable lips big brown eyes thats kind girl need girls way shortie got record makes ohh ya ohh ya thats kind girl need girls sheets girls iced girls fly gucci rollin deep 6 cartier wrist em small waist big ol hips girls drop bentley thats kind girl needembed
5618,2001,Toya,I Do!!,foot stallion said storybook thug kind wonder love hickey pocket phat rock ear heart stop pulpitating time came near spanking new range tight wardrobe pants saggin plaided head cornrows wrists blingblinging long legs bow tried push knew wonder feel way eyes entice come shorty think roll iced playa balling control crew started grooving way floor time activate plan hottie shook hips took dip roll tongue cross lips took place dance wit felt fingertips small react playing hard told boy step looked deep eyes soul bout guy man tell fa sho watch drop drop shake fellas know watch pop pop hips dip roll watch stop stop traffic walk room knowing papis want want 2embed
5619,2001,"Snoop Dogg Featuring Master P, Nate Dogg, Butch Cassidy & Tha Eastsidaz",Lay Low,lay low yo whats cripalatn big snoop dogg leave number motherfucking beep hoes twoway ay ay snoop whattup nigga dre ay man thinking aint said shit motherfucking album check motherfucking haters suck motherfucking dick smoking nigga talking loud holding dick talking shit better lay low bitch said shot shit dick sick better lay low niggas claiming hood aint gang better lay low hope thinking talking wont thing hope lay low limo tint rolling deep president clubs chase bitch bang gangsta shit till apocalypse stress yall chocolate return dogg aint stopping case aint trying catch lay low blow big dope slang records unseen heard disturb reason alive cause aint sent word flip faster birds snoop dogg emerge smoke loc shouldnt provoke bring worst lbc smash motherfuckers thinking gonna smash snoop dre fuck yall worlds dangerous group nwa rise surprise knew fools trip hating faking scheming low talkin shit best cause refuse lose matter damn road choose lay low cause bruised story evening news aint games wanna play em lay low lay floor rage gotta let know thats came fo nigga talking shit come fucked bitch suck dick squeezing tits hit gripped tight hips tried cum trying home dropped seen fishing raggedy brougham coulda thumped dome little fag sag hard everybody thong booyaka booyaka bring straight ya 22s lugers shit shoot ya motherfuckers think dogg bang clique came game flip niggas grow hair hold stare act hard thats tho ceo talk shit slapped hard backyard scrap black car drive capped whassup pimping p snoop dre beat aint loot jed clampett bread got clinton head got keeps realer cause scrilla ladies love cause million dolla hitta limit til die cp3 richmond calis nigga talking loud holding dick talking shit better lay low bitch said shot shit dick sick better lay low niggas claiming hood aint gang better lay low hope thinking talking wont thing hope so12embed
5622,2001,Train,Drops Of Jupiter (Tell Me),hits 2000s lyrics2000 1 breathe faith hill vs 4 wanna know joe 2 smooth santana vs 3 maria maria santana 2001 1 hanging moment lifehouse vs 4 drops jupiter tell train 2 fallin alicia keys vs 3 janet jackson 2002 1 remind nickelback vs 4 dilemma nelly 2 foolish ashanti vs 3 hot herre nelly 2003 1 da club 50 cent vs 4 crazy love beyoncé jay z 2 ignition remix r kelly vs 3 busy sean paul 2004 1 yeah usher lil jon ludacris vs 4 love maroon 5 2 burn usher vs 3 aint got alicia keys 2005 1 belong mariah carey vs 4 u gone kelly clarkson 2 hollaback girl gwen stefani vs 3 let love mario 2006 1 bad day daniel powter vs 4 youre beautiful james blunt 2 temperature sean paul vs 3 promiscuous nelly furtado timbaland 2007 1 irreplaceable beyoncé vs 4 big girls fergie 2 umbrella rihanna jay z vs 3 sweet escape gwen stefani 2008 1 low flo rida vs 4 lollipop lil wayne 2 bleeding love leona lewis vs 3 alicia keys 2009 1 boom boom pow black eyed peas vs 4 gotta feeling black eyed peas 2 poker face lady gaga vs 3 dance lady gaga 2010 1 tik tok keha vs 4 california gurls katy perry snoop dogg 2 need lady antebellum vs 3 hey soul sister train 2011 1 rolling deep adele vs 4 et katy perry kanye west 2 party rock anthem lmfao vs 3 firework katy perry 2012 1 somebody know gotye kimbra vs 4 payphone maroon 5 2 maybe carly rae jepsen vs 3 young fun 2013 1 thrift shop macklemore ryan lewis vs 4 harlem shake bauuer 2 blurred lines robin thicke vs 3 radioactive imagine dragons 2014 1 happy pharrell williams vs 4 fancy iggy azalea charli xcx 2 dark horse katy perry juicy j vs 3 john legend 2015 1 uptown funk mark ronson bruno mars vs 4 trap queen fetty wap 2 thinking loud ed sheeran vs 3 wiz khalifa charlie puth10embed
5626,2001,Lee Ann Womack,Ashes By Now,ashes morning monday teasing memory teaching lay low want love elusive know making crazy leaving open want baby need ive wildfire youre running town burn baby ashes moment pleasure theyre gone suitcase past long gone hurry youre running town burn baby ashes wildfire youre running town burn baby ashes ooooo ashes ooooo ashes burn baby ashes nowembed
5627,2001,Beenie Man Featuring Mya,Girls Dem Sugar,girls dem sugar zagga zow ziggi zow zagga zow badman nah bow zagga zow ziggi zow zagga zow beenie man mya deh ya zagga zow ziggi zow zagga zow neptunes number tune yeah zagga zow ziggi zow zagga yeah zaga zay za zow sim simma beenie man di girls dem sugar sim simma di girls dem worl class lover sim simma di girls dem need nigga sim simma mi love dem shape figure sim simma di man dem weh di girls admire sim simma love di girls dem dem bawl fi jah jah sim simma man got di girls dem power sim simma hear mi cool mya sing hour stars sky theres nothin world wouldnt girl girl excuse baby tell wha awhile ive admiring tenderness true cocacola bottle shape cherry lips mi wan fi hug love mi kiss want fi man thats romantic choosy girl thats mi hitch nuh think true nuh waan fi strip listen mi sing catch kick sim simma beenie man di girls dem sugar sim simma di girls dem worl class lover sim simma mi love dem shape figure sim simma know dem need nigga sim simma di man dem weh di girls dem admire sim simma di girls dem love mi di hour sim simma mi come di girls dem power sim simma settle hear mya holler yeah stars sky theres nothin world wouldnt girl girl yard man screechie hey cup water sour lime john mind mi joe grind gi di money kill di whine deh work deh pon mind deh neptunes gate daytime kotch woman write tell mi brother richie poo hit di jackpot eeh true di fashion di ways style got sim simma beenie man di girls dem sugar sim simma di girls dem worl class lover sim simma di girls dem need nigga sim simma mi love dem shape figure sim simma di girls dem love hour sim simma dem bawl fi dem mother sim simma know mi di girls dem power sim simma unuh cool listen mya utter angel life angel want wife angel let angel explore stars sky theres nothin world wouldnt girl girl stars sky theres nothin world wouldnt girl girl stars sky theres nothin world wouldnt girl girl5embed
5630,2001,Xzibit,X,x yeah ladies gentleman broadcastin live mr x z xzibit yeah bouncin cmon day rest life x stand mic walter cronkite yall spotlight keepin rhymes tight lose sight believe night aint lightweight cake mix shit youre teflon territory shoot gon shoot best day rollin wild west way givin leavin world stuck givin fuck laid cut break rut hennesey orange juice baby cup quick grab mary jane butt squeeze loosen let hair join festivities overcrowd house lockdown facilities bitches quick brains pistol range goin dick stock exchange x rearrange game rugged sound x wont come x stay remain underground x z family x rearrange game rugged sound x wont come x stay remain underground x z family xzibit spit pimp shit approach woman potential mistress shine bright sure x stay tight cause tonight meet exwife mr big chief reefer xzibit use dick visa run money come runnin mouth ill somebody run house borrow spouse little fun couch know bound happen came lackin hear niggas rappin rockin chains stadiums paladiums cracked craniums skeleton dipped titanium droptop tinted twenties usin rappers crash test dummies stackin real estate money funny things change overnight thinkin right beat odds ike beat wife x rearrange game rugged sound x wont come x stay remain underground x z family x rearrange game rugged sound x wont come x stay remain underground x z family event hardcore percent makin stick los angeles proudly presents real deal feel special effects yank chain neck demand respect conversations sound strange everybody changed stand feet stab track strangle beat restless time sleep niggas weak concrete benjamin grimm line foe friend straight chin niggas doc bounce spot slide right aint tryin progress regardless home heartless right remain cautious represent hustle struggle hennessy rock plenty ice double scream x rearrange game rugged sound x wont come x stay remain underground x z family x rearrange game rugged sound x wont come x stay remain underground x z family abc dpgc x motherfuckin z mr xuberant xtravagant xtrordinary xciting xalotta xo little bit xtacy xing bitchass tryin test g whats recipe xcalibur weaponry shoot xceptionally hot x marks spot fuck naw x spots marks xclamation point niggas12embed
5632,2001,Michael Jackson,You Rock My World,rock world oh man look girl right goodness gracious girl fine man look fine know fine banging shes hook looks good youre right hey bet girl chris girl mike guarantee girl watch girl bet neverneverland right shamone shamone watch think theyre ready darkchild life cause girl came changed way walk way talk explain things feel girl know true stay fulfill dreams ill youll need oh oh oh oh ooh feels right girl ive searched perfect love life life oh oh oh oh ooh feels finally perfect love finally come girl rocked world know rocked world rarest love whod think id rocked world rocked world know girl come girl rarest love whod think id time knew love bring happiness tried sanity waited patiently girl know life complete love thats true oh oh oh oh whod think oh finally perfect love searched life searched life oh oh oh oh whod think id whoa oh oh perfect love thats awesomely right whoa girl rocked world know come come come come rarest love whod think id girl rocked world rocked world rocked world know girl girl girl rarest love whod think id girl rocked world know oh rocked world rarest love whod think id rocked world oh know rock world rarest love whod think id girl know love feel magic air girl ill thats hoo rocked world rocked world know look baby yeah rarest love whod think id rocked world rocked world know know baby cause rocked world rarest love whod think id hoo hoo rocked world rocked world know way talk way youre lovin way rocked world know yeah yeah yeah yeah ooh rocked world rocked world know rocked world rocked world come girl rocked world come girl know baby baby baby rarest love whod think id rocked world know rarest love whod think id mine44embed
5633,2001,Eve Featuring Gwen Stefani,Let Me Blow Ya Mind,let blow ya mind uh uh uh huh yo yo drop glasses shake asses face screwed having hot flashes pick classic red blonde yeah bitch drastic lips stop askin listen baby relax start passin expressway hair weaving traffic strong labeled hazard yall niggas hot psych gassin clowns spot em stop laughin easy come easy ev gon lastin jealousy let results tragic yall aint writing concerned fashion aint giselle cat walk imagine lot yall hollywood drama casted cut bitch camera real shit blast year ive got foot door aint going took gonna time fight good shit ear let blow ya mind wanna bank crank makes dizzy shank haters wanna come aint gangster prankster eat snakes path wanna smile huh gritting teeth frustration baby got breathe lot rid aint stress comes stage meet lab pen pad believe huh 16s create lines love wordplay thats hard sophomore aint scared kind contemplate ways fans eyes bloodshot stressing chills spine huh sick stomach wishing wrote rhymes knew year ive got foot door aint going took gonna time fight good shit ear let blow ya mind let bones crack pop stop excitement glock shots stash spot fuck thugged respect cash route glocked blasters sets mash yeah nigga mash dre huh backtrack eve ew got know trance glance floor believe ill turn tension gone relief trust bomb listen damn thinner know complete uhhuh stallion brick house pile ryde die bitch double r came strong beware cause crush land aint mistake nigga planned year ive got foot door aint going took gonna time fight good shit ear let blow ya mind27embed
5634,2001,P!nk,Most Girls,girls cared love bunch mush want paid issue day girlfriends got game fly getting paid girl need world validate cause shorty got job shorty got car shorty pay rent wanna dance heart girls want man bling bling got thing got ching ching want real love girls want man mean green wanna dance dream man understands real love girl floss cost spent seek man got means giving diamond rings fly girl want dream girl need g care cause shorty got job shorty got car shorty pay rent wanna dance heart girls want man bling bling got thing got ching ching want real love girls want man mean green wanna dance dream man understands real love girls want man bling bling girls got thing got ching ching want real love want real love girls want man mean green wanna dance dream man understands real love girl need g care cause shorty got job shorty got car shorty pay rent wanna dance heart oh girls girls want man bling bling got thing got ching ching want real love want real love real love girls want man mean green wanna dance dream man understands real love girls want man bling bling got thing got ching ching want want real love real love girls want man mean green wanna dance dream dream man understands real love cause girls wanna dance oh want real love said gotta real love dream of6embed
5635,2001,Vertical Horizon,Best I Ever Had (Grey Sky Morning),best grey sky morning lyricsso sailed away grey sky morning stay love boring nothings bad youre best want youre best stole world phony remembering girl leaves lonely send letter feel better bad youre best need youre best time patch inside run away hide time right youre right sailed away grey sky morning stay love boring wanted haunted bad youre best want youre best best best everembed
5638,2001,Garth Brooks,Wrapped Up In You,wrapped love let love love melody baby completely wrapped need tell need penny needs wishing baby completely wrapped world living crazy gladly hold carry world id sad lonely love count ways aint number high end phrase baby completely wrapped love know love deep love grow baby completely wrapped you1embed
5639,2001,Rascal Flatts,This Everyday Love,everyday love everyday love everyday love morning sun shines window lands face dream come true shuffle kitchen coffee catch page morning news walks throws arms neck normal thing ive come expect ordinary plain simple typical everyday love ol ol keepin new ol everyday love emotional familiar peculiar oh everyday love yeah afternoon phone listen voice warms heart drag hours head home try beat dark smile right step door way tomorrow day ordinary plain simple typical everyday love ol ol keepin new ol everyday love emotional familiar peculiar oh everyday love wouldnt change single thing runofthemill live ordinary plain simple typical everyday love ol ol keepin new everyday love emotional familiar peculiar oh everyday love yeah everyday love everyday love everyday love everyday love enoughembed
5641,2001,Tim Rushlow,She Misses Him,misses lyricsshe shaves face combs hair helps rocking chair cooks meals wipes mouth window hes looking reads books speaks oh day sighs sigh deep says misses misses gentle touch way laugh misses man old photographs strong kind sweet smart man stole heart misses children come saturday theyre feet grandkids play sad know hes grandpa trash mow lawn things hes gone shes grateful theyre pitching misses misses gentle touch way laugh misses man old photographs strong kind sweet smart man stole heart misses yes theyre years feel sadness tears misses gentle touch way laugh misses man old photographs strong kind sweet smart man stole heart misses himembed
5642,2001,Lil Bow Wow,Ghetto Girls,ghetto girls uh janet justice thats talkin bout shorty tell js come creative haircuts tboz favrite rappers bow wow snoop jd nas somebodys face tryin fuss goin bus jada peaches movie shame type sitting ruckers game dealing cats love floss rocking stuff costs lip gloss shinnis tattoos attitude mary j mixed brat man beauty shop mall church brand head toe matching purse siddity stuff yall cause girls ghetto ride fo sho ghetto girls hot boys push hot toys ball best ghetto girls rock braids different shades kitchen fixing bomb koolaid ghetto girls think hang talk slang ghetto girls thats tell baby ride man wont believe switch color hair eve talk talk walk lady snap snap little crazy love especially bout cheese type wont mickey ds bandanas barrets daisy dukes spandex thats good em ghetto believe gots corner store buying sweets choo choos rice krispy treats street thats everyday crazy way hang ballers pay usually got thats hard ya heard ghetto girls hot boys push hot toys ball best ghetto girls rock braids different shades kitchen fixing bomb koolaid ghetto girls think hang talk slang ghetto girls thats tell baby lets talk ya know mean shawty let seen ya heard lets talk ya know mean shawty let seen uh uh ghetto girls hot boys push hot toys ball best ghetto girls rock braids different shades kitchen fixing bomb koolaid ghetto girls think hang talk slang ghetto girls thats tell baby youembed
5643,2001,Daniel Rodriguez,God Bless America,god bless america lyricsgod bless america irving berlin storm clouds gather far sea let swear allegiance land thats free let grateful land fair raise voices solemn prayer god bless america land love stand guide night light mountains prairies oceans white foam god bless america home sweet home god bless america home sweet home copyright 1938 1939 irving berlin copyright renewed 1965 1966 irving berlin copyright assigned trustees god bless america fund international copyright secured rights reserved permission god bless america fund administrative rights controlled irving berlin music companyembed
5644,2001,Ginuwine,There It Is,said work fingers bone 9 5 know wanna know bust ass live good yes girl want baby ungrateful shit ungrateful shit complanin aim know shit aint pay car note light house note house note think shits nothingwhat think youre workin want listen best need harder work ooh baby ooh baby wouldnt want life lead think living good life yeah practically scotfree oh oh oh oh yeah ungrateful shit talkin bout bein worse um yeah earned somethin round lets clear shit pay car note light house note think shits youre workin want got seconds pack shit outta gotta gotta baby appreciate man know workin 9 5 workin hard everyday baby listen served day served day overtime yeah tryin run oh pay car note pay light pay house note shit pay car note light house note hear saying girl think shits think youre workin youre workin want want huh needembed
5645,2001,Shakira,"Whenever, Wherever",lucky born far away fun distance lucky love foreign land lucky fact existence baby climb andes solely count freckles body imagine million ways love somebody le ro lo le lo le le ro lo le lo le feet meant ill youll near thats deal dear thereover hereunder youll wonder play ear thats deal dear lucky lips mumble spill kisses fountain lucky breasts small humble confuse mountains lucky strong legs mother run cover need eyes day leave river le ro lo le lo le le ro lo le lo le feet feet meant ill youll near thats deal dear thereover hereunder youll wonder play ear thats deal dear le ro le le lo le le ro le le lo le think loud le ro lo le lo le lo le tell time youll live lost eyes meant ill youll near thats deal dear thereover hereunder youve got head heels theres left fear feel way feel meant ill youll near thats deal dear thereover hereunder youve got head heels theres left fear feel way feel21embed
5646,2001,The Calling,Wherever You Will Go,lately wondering place gone youll need love light shadows face great wave shall fall fall sand stone ill way high low ill maybe ill way someday watch guide darkest days great wave shall fall fall hope theres bring ill way high low ill run away heart run away hope run away love know life love heart mind ill stay time ill way high low ill turn time ill ill ill go30embed
5648,2001,Limp Bizkit,Rollin',limp bizkit yo flex bro beat melody bro think allowed think think youre allowed use ayy knock head leave rollin limp bizkit nigga talkin bout wrist slit aint entertain niggas bitch shit fuck actin tough pussy aint shit fucked fucked ones whats pussy whats shut fuck stuck cut strung hung hung push luck want smoke fucked crack addict hyperventilatin hahhah asthmatic tried bitch nigga bad disappear black magic ayy killin shit stop fuckin gang introduce choppers fuck fakes lames imposters told bitch kiss dick boxers chopper blade send upup away bitch wont shit rearrange face bitch pull motherfuckin letter j bitch lookin slut givin head pavement fuck cosign placement talkin tough send basement fuckin bang fuck bout claimin leave momma cryin disappear trace bitch rollin rollin rollin rollin rollin rollin rollin rollin bitch rollin rollin rollin rollin rollin rollin rollin rollin bitch rollin rollin rollin rollin rollin rollin rollin rollin bitch rollin rollin rollin rollin rollin rollin rollin rollin knock head leave rollin limp bizkit nigga talkin bout wrist slit aint entertain niggas bitch shit fuck actin tough pussy aint shit fucked fucked ones whats pussy whats shut fuck stuck cut strung hung hung push luck upembed
5650,2001,Musiq Soulchild,Love,love love things ive got tell afraid know cause theres possibility youll look differently love moment spoke knew life things destined change cause love people use vain love faith astray love ups downs joys hurts love better worse choose days ive longed wanting hoping chance know longing kiss touch feel presence nights ive cried things felt die thought losing know youre real doubts fears questions people use vain love faith astray love ups downs joys hurts love better worse choose didnt mean know youre need world looks brand new love everyday live yeah feel believe true got know true love people use vain love faith astray love ups downs joys hurts love better worse choose love people use vain love faith astray love ups downs joys hurts love better worse choose love15embed
5652,2001,Linkin Park,One Step Closer,step closer anymore saying ive said words sense bliss ignorance hear youll takes step closer edge break need little room breathe cause step closer edge break answers arent clear wish way disappear thoughts sense bliss ignorance away takes step closer edge break need little room breathe cause step closer edge break takes step closer edge break need little room breathe cause step closer edge break shut talking shut shut shut shut talking shut shut shut shut break takes step closer edge break need little room breathe cause step closer edge break takes step closer edge break need little room breathe cause step closer edge break38embed
5654,2001,Marc Anthony,My Baby You,baby look eyes reasons lifes worth thousand skies youre simplest love ive known purest ill youll baby reason fly cause wonder baby theres getting youre reason feel alive words true fail capture mere words explain smile turns world keeping feet ground soothe fall ill right youre greatest love arianna feel alive1embed
5656,2001,BBMak,Still On Your Side,lyricsim place belong new friends wrong thats believe going fall build youre feeling small love need world turns aint lie know stand matter youre going time day night care wrong right want run want break free want aint need care know hard looking things know wholl handle aint lie know stand matter youre going time day night care wrong right ill ill ill ill need wont let theres wont ill know stand matter youre going time day night care wrong right let anytime need help sideembed
5658,2001,Tim McGraw,My Next Thirty Years,thirty years think ill moment celebrate age ending era turning page time focus lord mercy thirty years hey thirty years going fun try forget crazy things ive maybe ive conquered adolescent fears ill better thirty years thirty years going settle scores little laugh little world happiness hate fear figure thirty years oh thirty years going watch weight eat salads stay late drink little lemonade beers maybe ill remember thirty years thirty years best years life raise little family hang wife spend precious moments ones hold dear lost time thirty years thirty years1embed
5659,2001,Tank,Maybe I Deserve,maybe deserve mind tell truth second yall maybe deserve wonder whos calling damn late tripping homie upstate said homie know o clock mornin baby cool baby cool maybe deserve hes comin town later evenin wondering hang know gotta trust aint cool cause know true maybe deserve guy maybe deserve stay night maybe deserve things maybe deserve oh yeah oh yeah maybe deserve maybe deserve sexy dress ask hell tryna impress hell tryna impress laugh aint nothin know somethin maybe maybe maybe deserve sit home wonder kissin touchin holdin drink help ease mind wanna mad wanna times times maybe deserve guy maybe deserve stay night maybe deserve things maybe deserve oh yeah oh yeah maybe deserve maybe deserve ask youve hell youve maybe deserve better stop trippin maybe deserve grab neck let know maybe deserve run cryin cryin door maybe deserve grab coat chase street maybe deserve insecurities maybe deserve yes cheated yes cheated maybe deserve wont care cause maybe deserveserveyeah mistreated maybe deserve lied maybe maybe cheat too4embed
5660,2001,Nelly,#1,1 lyricsuh uh uh gotta bring attention dirty thats better watch talkin bout runnin mouth know gon fuck called oneonone hold hanes way wear stitch pants resident france swear paris hundredsix karats total naw thats wrist trying compurr chain yo chain sprint motorola service range brains thinkin imma shout gotta come better ways catch fame pressure applyin time ease hit blindside takin sleeves wes floss hard boss lyin bitchin cryin suck loss cause acts wack label wack matter fact eh eheh eh ahold 1 matter sit write number hey hey hey hey hey hey let ask man 1 2 winner remembers hey 1 hey hey hey hey shake ya daddy let peep touches ground hell yeah ma love girl thats willin learn willin drivers seat willin turn concerned think said squash probably got ebay internet access website chat line mad cause got wind flat line ohh uncle rappers wanna straight emulatin style right leave store better wait til calm got hella shorties comin askin yo party ohh lordy continue act naughty mixing cris bacardi got thinkin fo sho man words theres thing know pimp number matter sit write hey number hey hey hey hey hey hey hey hey tell dirty number winner remembers tell number hey hey hey hey hey hey hey hey check uhh check yo aiyyo tired people judgin whats real hiphop half time niggas fuckin album flop know boat sank aint left dock cmon mad cause hot mad cause aint gotta gimme props gimme yachts gimme rocks fans comin flocks til superbowl mouth lock shhhhh crickets awake ha ha ha cocky mic humble real life taking nothin granted blessin erything life trying new light roof baby sigel speak truth heat booth nelly actin uncouth shirt coupe spreadin loot family friends closest kin ill means imma win hey dirty number matter sit write iii number winner remembers number cause winner remembers5embed
5662,2001,3 Doors Down,Loser,loser breathe right away place need time lies case someday love flows fall away fall away youre getting closer pushing lifes little edge cause loser sooner later know ill dead youre getting closer youre holding rope taking fall cause loser loser yeah getting old break chains hold bodys growing cold theres left mind soul addiction needs pacifier buzz poison taking higher fall away fall away youre getting closer pushing lifes little edge cause loser sooner later know ill dead youre getting closer youre holding rope taking fall cause loser loser yeah youre getting closer pushing lifes little edge cause loser sooner later know ill dead youre getting closer youre holding rope taking fall cause loser loser yeah youre getting closer pushing lifes little edge cause loser sooner later know ill dead youre getting closer youre holding rope taking fall cause loser loser yeah3embed
5663,2001,JAY-Z,Izzo (H.O.V.A.),izzo hova ladies gentlemen lets hands dynasty h izzo v izza welcome ladies gentlemen eighth wonder world flow century timeless hov thanks coming tonight couldve world youre appreciate uh h izzo v izza shizzle nizzle dribble va herbing em home terrapins got dirt cheap plus short cheese work brought weed got rid dirt wasnt born hustlers birthing em h izzo v izza sheezy neezy arms breezy leave rap game needs haters want clapped chrome aint easy cops want knock da wants box beat charges rocky h izzo v izza guilty feel real doesnt exist poof vamoose son bitch h izzo v izza shizzle nizzle dribble va h izzo v izza thats anthem getcha damn hands h izzo v izza guilty yall got feel h izzo v izza thats anthem getcha damn hands holla culture let em know nigga look nigga roadster em room vultures industry shady need taken label owners hate raisin status quo overcharging niggas cold crush pay owe years hoed talk money talks talk bucks h izzo v izza shizzle nizzle dribble va h izzo v izza thats anthem getcha damn hands h izzo v izza guilty yall got feel h izzo v izza thats anthem getcha damn hands yeah hov life stories told rap niggas acting sold crack yeah told sell drugs hov hopefully wont raised projects roaches rats smokers sellin mamas sofa lookouts corner focused ave ladies window focused kinfolk lamppost got hand closed cracks palm watching long arm law know seen ive seen hoop dreams deflate true fiends weight try fail things hate succeed rap game things thats great h izzo v izza dude gets busy h izzo v izza shizzle nizzle dribble va h izzo v izza thats anthem getcha damn hands h izzo v izza guilty yall got feel h izzo v izza thats anthem getcha damn hands h izzo v izza h izzo v izza h izzo v izza h izzo v izza46embed
5664,2001,Snoop Dogg,Snoop Dogg,smoke weed everyday hedegaard remix dadadadada dohdoubleg snoop dogg snoop dogg dadadadada know mobbin dre dadadadada dohdoubleg snoop dogg snoop dogg dadadadada know mobbin dre dadadadada dohdoubleg snoop dogg snoop dogg dadadadada know mobbin dre dadadadada dohdoubleg snoop dogg snoop dogg dadadadada know mobbin dre smoke weed day momomomoke smoke weed day smmomomomoke smoke weed day momomomoke smoke weed day ready episode hey dohdoubleg snoop dogg snoop dogg dadadadada know mobbin dre yeah yeah yeah know west coast suckers suckers somethin air blaze blaze air sup snoop dogg buy yeah burnin dpgc turnin turn cpt lbc yeah hookin bang club baby got cause homies thug homies yeah givin low life life boy livin chance thats dancin party fo sure slip girl fortyfour crept chick lookin strange know care step dohdoubleg snoop dogg snoop dogg dadadadada know mobbin dohdoubleg snoop dogg snoop dogg dadadadada know mobbin dre yeah yeah yeah know west coast suckers suckers whats happenin smoke weed day momomomoke smoke weed day smmomomomoke smoke weed day momomomoke smoke weed day ready episode hey dadadadada dre dr dre dadadadada know mobbin dohdoubleg straight killer streets cpt king beats ride em fleet wood fleet wood coupe deville rollin dubs feel whooptywhoop dre snoop gettin lac lac doc sippin gnac clippin strap dippin hoods hoods compton long beach inglewood south central westside westside california love california bud got boy pub bail century club jeans teams strong drink smoke home somethin poke whats dre loc twotripleoh comin real episode13embed
5666,2001,Enrique Iglesias,Hero,hero let hero dance asked dance run look saw crying save soul tonight tremble touched lips laugh oh tell die loved hold arms tonight hero baby kiss away pain stand forever breath away swear youll lie run hide deep lost mind care youre tonight hero baby kiss away pain stand forever breath away oh wanna hold wanna hold oh yeah deep lost mind care youre tonight hero baby kiss away pain oh yeah stand forever breath away hero kiss away pain stand forever breath away breath away hero34embed
5667,2001,Carl Thomas,Emotional,emotional knew friend deeply love lived got loose oh tight went wrong oh right whats man whats man heart leads door ive tried tried end tell whats use holding friends emotional let trying hold trying hold hurts gotta let know love shared goodbye hurt purposely didnt understand oh girl choice best terminate love free whats man oh whats man heart leads door weve tried tried end tell whats use holding friends emotional let trying hold hurts gotta let know love shared goodbye whats man whats man heart leads door weve tried tried end tell whats use holding friends emotional let trying hold trying trying hurts gotta let know gotta let gotta let know love shared goodbye emotional emotional let trying hold stop crying heart slowly dying hurts gotta let know love shared love shared know through2embed
5669,2001,Lenny Kravitz,Dig In,dig time face comeon join party life waiting care try fake jump started theres loving share run way hide let beat nice meet bye dig youll coming dig youll youll good time wake shake didnt contribution aint time spare aint game solution said fair mountain high look sky ask god teach persevere smile yeah yeah yeah dig youll coming dig youll youll good time dig youll coming dig youll youll good time dig youll coming dig youll youll good time dig youll coming dig youll youll good time dig yeah yeah yeah dig youll youll good time dig dig youll coming dig inembed
5670,2001,Tyrese,What Am I Gonna Do,gonna years wanting life finally ima strength near care wanna smile hah lets days mind visions time wasnt looking man clear clear glad near life want living life day ima wife baby excited cause fallin fallin love ive fallen gonna excited cause fallin fallin love ive fallen gonna ill puts smile babys face girl youre best friend replaced theres world wouldnt favorite dreams glad came true life want living life day ima wife yes excited cause fallin fallin love ive fallen gonna excited cause fallin fallin love ive fallen gonna gave trust trust granted youve given love youve given love youre want need youre want need girl got best ooh got best break ohh ohh oh fallin love excited cause fallin fallin love ive fallen gonna excited cause fallin fallin love ive fallen gonna doembed
5672,2001,Jamie O'Neal,There Is No Arizona,arizona lyricshe promised new better life arizona underneath blue ending sky swore gonna things order hed send left crossed mind arizona painted desert sedona grand canyon lies hes told exist dreams sold shell wake arizona got postcard return address postmarked tombstone said know goin ill let know june july wonders shes waiting shell waiting cause arizona painted desert sedona grand canyon lies hes told exist dreams sold shell wake arizona day sun sets west heart sinks lower chest friends asking shes going finally tells know arizona painted desert sedona grand canyon lies hes told exist dreams sold shell wake arizona promised new better life arizonaembed
5673,2001,K-Ci & JoJo,Crazy,crazy know baby apologize things ive ive know ive fool far long baby run away come papa baby baby wont stay love leaving think think crazy day lose sleep daydream baby going crazy crazy crazy thinking lately crazy baby going crazy crazy crazy thinking baby know going crazy crazy crazy crazy thinking lately crazy crazy crazy going crazy crazy crazy crazy touch crazy crazy going crazy hold crazy crazy going crazy said going crazy said going crazy ive finally realized true love lot time think youre thinking thinking yeah know need day live run away baby love whyd leave think think crazy day lose sleep daydream baby going crazy going crazy crazy crazy thinking lately think going crazy crazy crazy thinking baby goin crazy going crazy going crazy crazy crazy crazy thinking lately going crazy crazy crazy crazy touch going crazy crazy crazy crazy crazy hold crazy crazy id crazy4embed
5675,2001,Darude,Sandstorm,sandstorm duuuuuuuuuuuuuuuuuuuuuuun dun dun dun dun dun dun dun dun dun dun dun dundun dun dundundun dun dun dun dun dun dun dundun dundun boom dundun dundun dundun beep dun dun dun dun dun dun dun beep beep beep beep beeep beep beep beep beep beep beep beep beep beep beep beep beep beep boom daddaddadaddadadadadadadadadadaddadadadadadaddadadaddadadadadadadadadadadadaddadddadaddadadadd dadadadaddaddada d dadadddaddadaddadadadddadadada nyu nyu nyu nyu nyu nnyu nyu nyu nyu nyu nyu nyu nyu nyu nyu nyu doo doo doo doo doo doo doo doo nnn nn nn nn nn nn n nn nnn nn nn nnn nnn nnnnnnnn dddddddd ddadadadadaddadadadadadaadadadadadad boom nyu nyu nyu nyu nyu nyu boom boom boom boom boom boom nyunyunyu nyu nyu nyu nyu nyu nyu nyu nyu nyu nyu boom boom beep beep beep beep beep dadadadadada ddadad boom boom beep beep beep beep beep beep beep beep beep beep beep beep beep beep beep beep beep boom unintelligible ddudndundun dun dun dun dun dun dun dun dun dun dun dun dun dun dun dund dododododododododododododododododododododododododododododoodo drum drum drum ddodododododoododododododododoodododododododo chi chichi chi chi chih booom chcihcihfkdhfdisjfkla dodododododododododododododododododododododododododododododododododoo schew dododododododoodododododododododododododo dadadadddudndundundudnudndundundunddunfudnundudnudnudndund boom fade104embed
5679,2001,Azul Azul,La Bomba,la bomba lyricsun movimiento sensual sensual movimiento muy sexy sexy movimiento muy sexy sexy y aquí se viene azul azul el baile que es una bomba para bailar esto es una bomba para gozar esto es una bomba para menear esto es una bomba y las mujeres lo bailan así así así así todo el mundo una mano en la cabeza una mano en la cabeza movimiento sexy movimiento sexy una mano en la cintura una mano en la cintura movimiento sexy movimiento sexy y ahora empiezo menear suavecito para abajo para abajo para abajo suavecito para arriba para arriba para arriba suavecito para abajo para abajo para abajo suavecito para arriba para arriba para arriba bomba sensual movimiento sensual sensual movimiento muy sexy sexy movimiento muy sexy sexy y aquí viene azul azul el baile que es una bomba para bailar esto es una bomba para gozar esto es una bomba todas las mujeres lo bailan bomba todos los hombres lo bailan bomba todas las radios lo ponen bomba las discotecas lo ponen bomba toda la gente lo baila bomba y las mujeres lo bailan así así así así todo el mundo una mano en la cabeza una mano en la cabeza movimiento sexy movimiento sexy una mano en la cintura una mano en la cintura movimiento sexy movimiento sexy y ahora empiezo menear suavecito para abajo para abajo para abajo suavecito para arriba para arriba para arriba suavecito para abajo para abajo para abajo suavecito para arriba para arriba para arriba sexy mami sensual movimiento sensual sensual movimiento muy sexy sexy movimiento muy sexy sexy y aquí se viene azul azul el baile que es una bomba para bailar esto es una bomba para gozar esto es una bomba todas las mujeres lo bailan bomba todas los hombres lo bailan bomba todas las radios lo ponen bomba las discotecas lo ponen bomba toda la gente lo baila bomba pero este cuento se acaba acaba acaba acaba acaba acábalo y acaba acaba acaba acaba acábalo y acaba acaba acaba acaba acábalo y acaba acaba acaba acaba acábalo1embed
5680,2001,Creed,My Sacrifice,sacrifice hello friend meet begin feels forever heart memories perfect love gave oh remember free careless believe fly brings tears eyes sacrifice weve seen share ups downs oh quickly life turn instant feels good reunite mind lets peace cause free careless believe fly brings tears eyes sacrifice want hello want hello cause free careless believe fly brings tears eyes cause free careless believe fly brings tears eyes sacrifice sacrifice want hello want hello sacrifice14embed
5682,2001,Backstreet Boys,More Than That,youve crying hide lie whats use denying wrong heard promise forever forevers come gone baby takes blind truth lines oh love wont words loneliness chance baby listen love baby deserve better whats use holding cause friends baby knowing end love wont words loneliness chance baby listen hey theres day passes wonder havent tried late change mind hand goodbye love wont words oh love wont words nono loneliness chance baby listen love oh love wont words loneliness chance chance baby listen love thatembed
5686,2001,Carolyn Dawn Johnson,Georgia,georgia lyricsif time georgia guess ill alabama bound time id ya time baby wont turn yeah wanted married thought asked tired hanging know girl let times runs little bitty towns got room said id leave wouldnt far know look tank gas beat heart baby gone good count yeah gonna headin west till far gone come time georgia ill alabama bound time id ya time baby wont turn got 10 miles cross state line feel hands shakin cause usually turn wheel time heard old voice inside drown radio station playin somethin fast turn real loud time georgia ill alabama bound time id ya time baby wont turn time id ya time baby wont turn wont turn georgia ill head alabama roll mississippi maybe louisianna ill drive way california oh wont turn wont turn wont turn wont turn aroundembed
5687,2001,Musiq,Just Friends (Sunny),friends sunny girl know strange let know order stepping way ive watching gotta let know feeling style cause know leave number hope someday want aint mad cool cause trying pressure stop thinkin bout aint gotta girlfriend wanna know maybe time hook hang chill damn surprised called cause way walked away thought wasnt gon didnt wanna math thought iggin wasnt diggin tonight ill probably peeps cool maybe swing chill chill long youre comfortable feel secure youre cause trying pressure stop thinkin bout aint gotta girlfriend wanna know maybe time hook hang chill oh oh baby yeah maybe movie girl maybe hangout girl wanna let know trying pressure stop thinkin bout aint gotta girlfriend wanna know maybe time hook hang chill trying pressure stop thinkin bout aint gotta girlfriend wanna know maybe time hook hang chill trying pressure stop thinkin bout aint gotta girlfriend wanna know maybe time hook hang chill22embed
5688,2001,Profyle,Liar,liar lyricstell plans family swear bare child running wild yo friends spendin ends caught screamin ooo ahh think time let know theres door youre liar cheater deciever heart breaker wont let life takin house cars kids dog want youre liar cheater deciever heart breaker wont let life takin house cars kids dog want youre seven years lived lie inside remained till messed called explain way ill maintain worry kids okay remember youre liar cheater deciever heart breaker wont let life takin house cars kids dog want youre liar cheater deciever heart breaker wont let life takin house cars kids dog want youre look cause needin strong strong youre liar cheater deciever heart breaker wont let life takin house cars kids dog want youre liar cheater deciever heart breaker wont let life takin house cars kids dog want youre youre liar cheater deciever heart breaker wont let life takin house cars kids dog want youre liar cheater deciever heart breaker wont let life takin house cars kids dog want youre butembed
5690,2001,Tool,Schism,schism know pieces fit cause watched fall away mildewed smoldering fundamental differing pure intention juxtaposed set lovers souls motion disintegrating goes testing communication light fueled burned hole reach end crippling communication know pieces fit cause watched tumble fault blame doesnt mean desire point finger blame watch temple topple bring pieces rediscover communication poetry comes squaring circling worth finding beauty dissonance time pieces fit watched fall away mildewed smoldering strangled coveting ive math know dangers secondguessing doomed crumble grow strengthen communication cold silence tendency atrophy sense compassion supposed lovers supposed lovers know pieces fit know pieces fit know pieces fit know pieces fit know pieces fit know pieces fit know pieces fit know pieces fit40embed
5691,2001,Faith Hill,If My Heart Had Wings,heart wings damn old wheels rolling slow stare white line far headlights coming loneliness humming poured rain clouds stare windshield thinking loud time keeps crawling love keeps calling home id jump mountains skies sail heavens stars eyes heart wings fly lie dream heart wings committed agreed need feeling near miles lord aint easy dark far apart heart wings fly lie dream heart wings stuck circle spinning cut loose rope thats tying heart wings fly lie dream heart heart wings fly lie dream heart wingsembed
5692,2001,Usher,U Got It Bad,u got bad oohoh noouh feel body somebody makes change ways hanging crew said act ready know past wanna let ive humped wants youre touched words song maybe got got bad youre phone hang right got got bad miss day friend lifes offtrack know got bad youre stuck house wanna fun think got bad youre thinking bout somebody got bad love know matter matter money cars flowers cards candy cause said fortunate girl want know adore people know whats going look mate help sing song tell man youre girl gonna tell wide world ladies girl youre man promise love best ive humped yall bad got bad got got bad youre phone hang right got got bad miss day friend lifes track know got bad youre stuck house wanna fun think got bad youre thinking bout somebody got bad got got bad youre phone hang right got got bad miss day friend lifes track know got bad youre stuck house wanna fun think got bad youre thinking bout somebody else31embed
5693,2001,John Michael Montgomery,The Little Girl,little girl parents took young girl church spoke read word nonbelievers walkin lost world took baby sad little girl daddy drank day mommy drugs wanted play kisses hugs shed watch tv sit couch mom fell asleep daddy went drinking fighting got worse night couch shed hiding oh sad little life bad got worse slap curse daddy drunk rage night gun mom took life people city took girl far away new mom new dad kisses hugs everyday day sunday school teacher walked small little girl stared picture said know man cross know know got cause old house held close hid couch night parents diedembed
5695,2001,De La Soul Featuring Chaka Khan,All Good?,good oooh nooohhh nooohhh oooh nooohhh nooohhh oooh nooohhh nooohhh oooh nooohhh nooohhh aint good thats truth thangs aint goin think aint good thats truth thangs aint goin think care think things want know look god knows paid dues change feel cause woah oh yeah wish little bit upfront weigh situation want right loving claim letter word letters inviting visualize verb curve thought waves youre handling candelabra sitting baby grand transmitting youre man paint funny face chick ima tell quick uhh aint good thats truth thangs aint goin think aint good thats truth believe built large pizza pie pepperoni yeah wanted extra cheese gave extras divided slices red sea theory moses hopelessly scorned thorn zipporah tried bring fairytale life wanted horror microscope cope bolt left dead sea better satisfied repping d certified hot dropped lukewarm spot claiming gone niggas cut wanna reattach girls brushed want s dial yeah ass number lumber pile catch curve kick loving brick stick plan come shaking hand peeps aint beef sure understand aint aint good thats truth thangs aint goin think aint good thats truth thangs aint goin think kids scheming copped scheming steady fiending moment block fiending people need watch aint guaranteed thats truth things aint goin think lot wanna walk size 10s alright heres pair lace em tight feel dealt aint young boys clear head trying pockets stuffed deer heads wall gall yall phase mind biz walk away cause gonna let inside maze care think things want know look god knows paid dues change feel cause woah oh yeah aint good thats truth thangs aint goin think aint good thats truth thangs aint goin think you2embed
5696,2001,Modjo,Lady (Hear Me Tonight),lady hear tonight lady hear tonight cause feeling right dance moonlight youre delight lady feel wont mind feel love time know true tell look eyes lady hear tonight cause feeling right dance moonlight youre delight lady feel wont mind feel love time know true tell look eyes lady hear tonight cause feeling right dance moonlight youre delight lady feel wont mind feel love time know true tell look eyes lady lady hear tonight hear tonight cause feeling cause feeling right right lady lady feel feel feel love feel love time time lady lady hear tonight hear tonight youre delight youre delight lady lady feel feel wont wont mind mind lady lady hear tonight hear tonight cause feeling cause feeling right right18embed
5697,2001,N Sync,Pop,pop dirty pop yo bt sick tired hearin people talk whats deal pop life gonna fade thing got realize doin trend got gift melody gonna bring til end cmon doesnt matter bout car drive wear neck matters recognize respect doesnt matter bout clothes wear matters hyped time come wonder music gets high takes ride feel body starts rock body starts rock baby stop stop musics got cmon wade robson pop dirty pop bbaby baby stop know dirty pop wade robson nnnn wanna try classify type thing cause fine doin tired feelin animosity worry cause imma people doesnt matter bout car drive ice neck matters recognize respect oh doesnt matter bout clothes wear matters hyped time cmon wonder music gets high gets high takes ride feel body starts rock youre body starts rock baby stop stop musics got baby cmon wade robson oooh ooh ooh ooh man tired singing dirty dirty dirty pop dirty pop wonder wonder wonder won bt oh wonder wonder music gets high gets high takes ride feel body starts rock body starts rock baby stop baby stop musics got cmon wade robson wonder wonder music gets high gets high baby takes ride feel body starts rock body starts rock baby stop musics got wade robson oh oh oh wonder wonder music gets high music gets high takes ride feel body starts rock body starts rock baby stop stop musics got baby cmon wade robson pppppoooooooppp pop 2embed
5700,2001,Lee Ann Womack,I Hope You Dance,hope dance hope lose sense wonder eat hunger single breath granted god forbid love leave emptyhanded hope feel small stand ocean door closes hope opens promise youll faith fighting chance choice sit dance hope dance hope dance hope fear mountains distance settle path resistance livin mean takin chances theyre worth takin lovin mistake worth makin let hellbent heart leave bitter come close sellin reconsider heavens passing glance choice sit dance hope dance time wheel constant motion hope dance rolling hope dance tell wants look years hope dance wonder years gone hope feel small stand ocean door closes hope opens promise youll faith fighting chance choice sit dance dance hope dance hope dance time wheel constant motion hope dance rolling hope dance tell wants look years hope dance wonder years gone tell wants look years wonder years gone7embed
5701,2001,Jagged Edge,Promise,promise promised let thing baby promise ill stay true let aint baby promise leave alright promise things girl believe promise said know things aint right forevers long time fight let change mind cause know care know things share theyre babe theyre true oh oh oh need love got love need said got love aint way pray god day theyll need oh oh oh woah promised oh woah oh let thing oh baby baby promise ill stay true ill stay true let aint let aint baby promise leave alright alright promise things girl believe promise think times said day baby nothings gonna change yes said mean world baby girl ill yeah cause thats kind love deserve know got love need love yeah yeah need love got love need oh yeah aint way aint way gonna let pray god day swear cause promise oh girl oh promised let thing woah yeah baby promise ill stay true let aint baby promise yeah leave leave alright girl gonna alright promise things yeah girl believe girl believe promise youre want life cause youre want life promise alright girl promise alright yeah youre want life promise promise promise promise baby baby need yeah youre want life love promise alright girl oh babe youre want life woah yeah promise promise promise promise baby yeah youre want life yeah promise alright girl yeah youre want life baby promise promise promise promise baby youre want life11embed
5702,2001,Ricky Martin,She Bangs,bangs talk tell blow lit fuse ticking away bomb yeah baby talk tell sign youre switching sides gemini youre playing games youre hitting heart drum yeah baby lady luck gets gonna rock town alive ill let rough til knocks cause walks talks talks walks bangs bangs oh baby moves moves crazy cause looks flower stings bee girl history bangs bangs wasted way moves looked fine reminds womans got thing mind talk tell link daisy chain rap sounds diamond map stars yeah baby talk tell news youll wear pair shoes dance band goes home youre gone yeah baby looks love crime better lock life ill time smile face thinking leather lace bangs bangs oh baby moves moves crazy cause looks flower stings bee girl history bangs bangs wasted way moves looked fine reminds womans got thing mind man lady luck gets gonna rock town alive ill let rough till knocks cause walks talks talks walks bangs bangs oh baby moves moves crazy cause looks flower stings bee girl history bangs bangs moves moves bangs bangs moves moves7embed
5705,2001,Angie Stone,Brotha,brotha king yes hes father yes hes son talk cause understands thats support live best thing sliced bread kiss hugs lips touch want world know black brotha love ya try hurt ya want ya know forever true cause youre black brotha strong brotha ya want ya know forever true hes misunderstood yeah hes good neighborhood fo information lot brothers got education check got ya wallstreet brotha ya blue collar brotha chillin corner brother talented brotha yall bars know angie loves ya black brotha love ya try hurt ya want ya know forever true cause youre black brotha strong brotha ya want ya know forever true cause youre black brotha strong brotha ya want ya know forever true mean need proud said proud love stayin strong got goin proud going brothas gonna win proud said proud facin doubt brothas gon work proud got shakable faith ya cause youre black brotha love ya try hurt ya want ya know forever true cause youre black brotha strong brotha ya want ya know forever true cause youre black brotha love ya try hurt ya want ya know forever true cause youre oh oh yall know angie loves ya oh oh yall know angie loves ya yeah4embed
5706,2001,Mary J. Blige,Family Affair,family affair lets crunk fun dancery got yall open ya floatin gots dance need hateration holleration dancery lets percolatin youre waitin dance come everybody cause know gots crunk mary j spot tonight ima feel alright feel alright come baby party let loose set body free oh leave situations door step inside jump floor lets crunk lets crunk fun dancery got yall open ya floatin gots dance need hateration holleration dancery holler holler holler lets percolatin youre waitin dance ooh gonna matter time loose start lose mind cop drink head rock ice cause celebrating drama life dre track pumpin everybodys jumpin ahead twist body bumpin told leave situations door grab somebody ass dancefloor lets crunk fun dancery got yall open ya floatin gots dance need hateration holleration dancery lets percolatin youre waitin dance need haters yall need trying love love want yall good time mhm drama life mmmmmm work real hard dime got beef problem leave bs outside gonna celebrate night night lets fun tonight fights turn dre track way high turn turn making dance night night long got real heat ya time real heat boy doesnt matter youre white black doesnt matter doesnt matter lets crunk cause marys lets crunk lets crunked fun dancery dancery got yall open ya floatin gots dance gotta dance need hateration dance holleration dancery dance lets percolatin youre waitin lets lets lets dance lets crunk dance fun dancery lets crunk got yall open ya floatin want yall gots dance dance dance need hateration cmon cmon holleration dancery cmon cmon lets percolatin youre waitin dance lets crunk fun dancery oh yeah got yall open ya floatin gots dance gotta dance need hateration dance holleration dancery dance lets percolatin youre waitin dance dance dance yeah dance lets crunk dance fun dancery cmon yall dance got yall open ya floatin dance dance dance dance gots dance need hateration holleration dancery need hands lets percolatin youre waitin want holler holler hear percolated dance me18embed
5707,2001,N Sync,This I Promise You,promise oh oh oh oh oh ooh ooh ooh visions bring tears eyes surrounds secrets lies ill strength ill hope keeping faith gone standing arms hold right belong til day life promise promise ive loved forever lifetimes promise hurt anymore word heart heart battle weve won vow forever begun close eyes close eyes loving day loving day know feeling wont away til day life promise promise fall fall hear life baby wouldnt living arms arms hold right belong right belong til day life promise babe close eyes loving day loving day know feeling wont away word true promise word true promise ooh promise you5embed
5708,2001,"Lil' Wayne Featuring Baby, Mack 10 & Mickey",Shine,shine wha wha wha wha wha wha wha wha cash money millionaires bout yellow viper yellow hummer yellow benz yellow pt cruiser yellow lac rims drop yellow vette platinum rolls royce thats seven different cars everyday got choice way pick joyce making moist giving head humming play voice got nice thighs big plump ass ride dick cum fast modeling bitches love swallowing bitches hoes headed bout follow bitches lets know folks nigga broke open legs let nigga poke window shopper mama fendi mama prada gotta break nigga proper man aint tryna stop ya shine head shoes shine skritin twentytwos shine check baby mamma shine whip rovers hondas shine imma spend til gone shine know coming home shine pop x drank cris shine life shit baby named wayne ice change catch aqua range squatting things twentytwo inch chopper blades diamond face diamond brace colors game simon says hind mami fortyfifth told lez aint dick bombest head took bitch got phantom need pussy ok lets talk ice carryin karats fucking vegetarian niggas play bury yall knowin threw arm bitches thought started snowin going big tymin heards dog got cake everyday birthday wait think heard dog got cake everyday birthday shine head shoes shine skritin twentytwos shine check baby mamma shine whip rovers hondas shine imma spend til gone shine know coming home shine pop x drank cris shine life shit imma hot boy thats brand line ride fly daily year round shine aint nigga mama gonna stop dog come dubdeuces jock dog glock cocked haters tryna block dog catch em solo geezy shock dog fuck slide way let bg ease shinin linen let diamonds jewelry light shit piece jewelry ice wanna vehicle cause vehicles dress em television dreamcast dvds nice sounds buttons twenties cash money hot big tymer nigga thatll hold pinky finger blind ya nigga ewww shine head shoes shine skritin twentytwos shine check baby mamma shine whip rovers hondas shine imma spend til gone shine know coming home shine pop x drank cris shine life shit stunt til die better respect cause try testin gonna resting young millionaire hot boy lil turk bling blinging everyday plus got work bling nigga stay cut 247 steady stacking ends dubs 247 car wish got got bentleys hummers jags big bodies big bodies love floss secret stunners niggas steady baller block young nigga living life surrounded ice hoes damn boys theyre nice hot boys motherfucking right think girl better think twice right dog know recognize got lock fall shine head shoes shine skritin twentytwos shine check baby mamma shine whip rovers hondas shine imma spend til gone shine know coming home shine pop x drank cris shine life shit shine head shoes shine skritin twentytwos shine check baby mamma shine whip rovers hondas shine imma spend til gone shine know coming home shine pop x drank cris shine life shit uhh uhh uhh huh uh oh shit 2001 life shit know lemme gon shiiiiiineee representing imma spit bling long shit imma break shit ya heard believe year fuck said meant buying city new mannie louisiana ya bitch yooou4embed
5711,2001,Gorillaz,Clint Eastwood,clint eastwood hoohoohoohoohoo aint happy feeling glad got sunshine bag useless long future coming aint happy feeling glad got sunshine bag useless long future coming coming coming coming coming hoo yeah haha finally let cage time cause countin age nah shouldnt scared good repairs snare intangible bet didnt think command panoramic view look ill manageable pick choose sit lose different crews chicks dudes think kickin tunes picture getting picture tube lit fuse think fictional mystical maybe spiritual hero appears clear view youre crazy lifeless definition life priceless hype shit gun smokin righteous toke psychic possess dose aint happy feeling glad got sunshine bag useless long future coming aint happy feeling glad got sunshine bag useless long future coming thats right coming coming coming coming related songsman research clappergorillaznew genius brothergorillazfeel good incgorillaz essence basics allow childlike nature rhythm thats fallacy sproutin tree child peace cloud sea eyes destruction demise corruption disguise thats right fuckin enterprise sucked lies russel muscles percussion provides guide yall cause eye perceive mind thats inner fuck em ima stick russ mentor bust rhymes motherfuckers remember thought brought survive law lawless right feelings sensations thought dead squealing remember head aint happy feeling glad got sunshine bag useless long future coming aint happy feeling glad got sunshine bag useless long future coming coming coming coming coming future coming coming coming coming coming future coming coming coming coming coming future coming coming coming future coming coming coming future coming coming coming future194embed
5712,2001,Vitamin C,The Itch,itch ha ha ha ahh wanna hurt hurt baby think love know wanna hurt hurt baby wanna ride backseat drive ahhhhh ooh ay ay ay need ahhhhh ohh inside provide feeling itch need tricked starting twitch feel itch starting twitch need tricked feeling itch feel itch iiitch iiiiitch ahh iiitch ahh iiiiitch want hurt hurt baby hug hold crazy wanna cold control ahhhhh ooh ay ay ay thats true ahhhhh ooh wish good feeling itch need tricked starting twitch feel itch starting twitch need tricked feeling itch feel itch feel itch iiitch iiiiitch ahh iiitch ahh iiiiitch cause want wanna feel heart pound know restless reach need scratching feel itch itch itch ahhhhh ooh ay ay ay need inside provide feeling itch need tricked starting twitch feel itch starting twitch need tricked feeling itch feel itch feeling itch need tricked starting twitch feel itch starting twitch need tricked feeling itch feel itch yeah yeah feel itch iiitchembed
5716,2001,Eden's Crush,Get Over Yourself,uhhuh yeah yeah yeah listen yeah right little wife need line livin lovin fillin desires look eye oh oh love choose sides oh oh taking goodbye hard yeah livin life alright know cuz stay night alright kept telling magazine said shelf givin givin givin away dreams got selfesteem oh oh wont oh oh think overreact yeah wanna talk lets luck old times better forget better stay touch learn things love tell baby wake better better better goodbye goodbye goodbye goodbye goodbye cuz stay night alright 1embed
5719,2001,George Strait,If You Can Do Anything Else,live houston cowboys come town maybe pensacola sun shines year round new york city city sleeps offering option deep baby good nice place good life worry bout gonna alright new start clear baby stay right theres work seattle mind rain san diego savannah theyd glad came life roller coaster ride wont hurt feelings decide baby good nice place good life worry bout gonna alright new start clear baby stay right place look real good right looking good choose ill baby good nice place good life worry bout gonna alright new start clear baby stay right baby stay right baby good oh baby stay right baby good baby stay right elseembed
5722,2001,"Missy ""Misdemeanor"" Elliott",Get Ur Freak On,ur freak kore kara minna mechakucha odotte sawagou sawagou headbanger hit hit hit hit hit yeah hit new shit yeah new shit yeah new shit yeah new shit missy puttin hottest round told yall mother skrt yall stop listen lastin rounds want nigga come yes yes biggiebiggiebounce yes know dig way swswswitch style holla people sing yes people gather round yes people jump freak freak freak freak freak freak freak freak freak freak freak freak freak freak whos bitch people know yes timbaland hot years ago yes dealio drilly yo yes wanna battle nigga let know yes holla got feel son let throw maut mujhko yes people come yes sweat yes got radio shook got gun freak freak freak freak freak freak freak freak freak freak freak freak freak freak quiet shh hush mouth silence spit hahchoo face open mouth taste holla aint stoppin copywritten copy yall sloppily yall come close yes know feel yes know hear loud yes scream loud proud yes missy gon blow yes people gon play yes town yes cause best yes crazy style freak freak freak freak freak freak freak freak freak freak freak freak freak freak ichi ni san ji19embed
5723,2001,Fuel,Bad Day,bad day bad day said understand left note said sorry bad day spilled coffee broke shoelace smeared lipstick face slammed door said sorry bad day swears theres wrong hear playing old song puts puts bad day said understand left note said sorry bad day nahahah swears theres wrong hear playing old song puts puts oh bad day said understand left note said sorry bad day left note said sorry bad dayembed
5724,2001,Lonestar,Tell Her,tell loves end shes door looking friend tell curious furious swallow pride look eye tell love tell need tell want stay reassure kiss know feeling tell youre believing hard cause needs know youre thinking open tell love brother ive right heart broke cause spoke healing words loud ive learned lesson night close eyes look woman ask tell love tell need tell want stay reassure kiss know feeling tell youre believing hard cause needs know youre thinking open tell love tell love tell love tell need tell want stay reassure kiss know feeling tell youre believing hard cause needs know youre thinking open tell love tell love herembed
5725,2001,Bubba Sparxxx,Ugly,ugly uhh uhoh uhoh tchtchkatchkatchkatchka uhh uhoh uhoh tchkatchka uhh uhoh uhoh freaky freaky uhh tchkatchkatchkatchka bubba shit aint choose rhyme rhymin chose hit track runnin nosebleed life aint great improved yo album droppin summer sucks cause bubbas moment mother said momma love buckle cause gon bumpy girlfriends bettys shits grumpies bubba talk gotcha open wide giggle outside booth aint joke inside complicated yall let sell million ill quits day yall deep doo doo saw crank cause leap need admit love south dirty gettin ugly ugly huh huh gon ugly huh huh gon ugly ugly ugly huh gon ugly huh huh uhohh country wrong idea egos gettin bigger song hear cause yall bullshittin spittin booty chatter days came somethin truly matters goes saga bubbas plight wont tomorrow cut tonight thats mood hate came speak languages fairly ripped jimmy talkin hear beat dontcha thats timmy talkin head throw dem bows fuck break bottle lets honest date model lets cut loose ignore repercussions scared forget discussin new south picture cause fuckin legend gettin ugly ugly huh huh gon ugly huh huh gon ugly ugly ugly huh gon ugly huh huh uhohh thang jumpin aint somethin makes special moment came nothin triples bet slurp tonight lames hide wallets hatin broads clutch purses tight aint tryin live wrong crowd feelin brave better sport thong proud finally breathin sing song loud glad got wet know long drought worry law arrest crank couldnta nothin yall forget inhibitions wanna wylin bubba dies tonight know smilin ugly huh huh gon ugly huh huh gon ugly ugly ugly huh gon ugly huh huh uhohh ha ha gon ugly thckthck huh huh gon ugly huh huh gon ugly ugly ugly ugly huh gon ugly huh huh uhohh thckathckathckathckathcka check switch uhh switch time switch baby switch time switch baby holla aint stoppin copywritten copy want holla aint stoppin copywritten copy cmon bubba lets go4embed
5726,2001,U2,Beautiful Day,beautiful day heart bloom shoots stony ground theres room space rent town youre luck reason care traffic stuck youre moving thought youd friend place lend hand return grace beautiful day sky falls feel beautiful day let away youre road youve got destination youre mud maze imagination love town doesnt ring true youve beautiful day let away beautiful day oohhoohoo touch place teach know hopeless case world green blue china right canyons broken cloud tuna fleets clearing sea bedouin fires night oil fields light bird leaf mouth flood colours came beautiful day let away beautiful day touch place reach know hopeless case need know feel need need beautiful day27embed
5727,2001,The Isley Brothers Featuring Ronald Isley,Contagious,contagious story man comin finding woman bed listen 2 getting check message called homies collectors cellular rings somebody wants borrow money twoway hit funny called mothers house asked seen baby oh drove looking missing lady got turned tv caught news hand head cause confused turned tv tv cause thought heard squeaky sound whoa hm somethings going upstairs yeah cause know lives yeah bump bump bump closer stairways hear hear babys voice ear screaming youre contagious touch baby got man said sexy lady ooh drive crazy drive wild heard babys voice screaming youre contagious touch baby touch got yeah yeah yeah yeah yeah sexy lady heard man drive crazy yeah drive wild believe shit aw yeah ran downstairs looked closet looking ooh said prayer cause god knows gonna saw drive preacher wild hall contemplating damn house thought creeping man oh downlow happening turned tv tv yeah cause know heard squeaky sound going upstairs cause know lives bump bump bump closer stairways hear hear babys voice ear screamin youre contagious whoa touch baby oh got man said sexy lady oh drive crazy oh drive wild hear youre contagious touch baby ooh got whoa sexy lady drive crazy drive wild oh believe shit bump bump bump hell going sheets home baby wait let explain start point cane girl bout fit oh shit shoulda came home bitch low dirty woman come baby wait wait ass hit streets ass grass mr biggs wait know son honey wait gonna tell cat looks real familiar hmm know long time ago think yeah yeah feel know brother youre mistaking somebody frank shut men talking thought told ass walking think yall better leave place cause catch case youre contagious touch baby got whoa thats said sexy lady ooh drive crazy whoa drive wild replied youre contagious touch baby touch got got sexy lady whoa drive crazy whoa drive wild aw yeah oh youre contagious touch baby shouldve known shopping spree got thats time smiled sexy lady drive crazy making love girl wasnt drive wild tell name6embed
5728,2001,Erick Sermon Featuring Marvin Gaye,Music,music music uhhuh aiyyo yo uhhuh yeah yeah uh uh uh theres doubt doubt doubt uh worrdd ahhh babyyy music relax mind free absorb sound round doin thang constantly worries peace keith murray music flowin goin growin e knowin happens concern wanna die turn music somethin jump mercedes highway doin eighty music baby oww ill crazy music homey phone theres somethin new got zone feelin got wish music adopt music turn music got music turn music got music turn music got music turn music got music music mood woman got ear sayin sweet nothings love come mouth frontin sudden music takin away worries cares problems musicll right match yo perfect pair true marvin yeahhhhh music yo bang body soulsnatcher universal language light open fuck music fly tune black white vibe room confrontation parlay night sensation music music soul man music makes happy day music makes clouds roll baby music tears inside eyes music music makes want sing girl music joy bring music music heart soul precious gold turn music got music happiness today song away song turn music got music love music baby got music worry bout thing turn music got music music repeats fades hey ladadadadaaaadahdahdahh doodoo doodoodoo turn music ladadadadaaaa turn music music ladadadadaaaadahdahdahh doodoo doodoodoo7embed
5729,2001,Faith Hill,The Way You Love Me,way love grant wish id wish way kiss ooh love watching baby youre driving crazy ooh love way laugh breathe love way love smile touch theres id drives wild ooh feel way feel arms melt spin fall wish way love love whoa whoa whoa way love right fair youre missing someday ill way lucky know ooh love way laugh breathe love way love smile touch theres id drives wild ooh feel way feel arms melt spin fall wish way love love whoa whoa whoa way love youre million reasons theres love reflecting eyes ooh love way laugh breathe love way love smile touch theres id drives wild ooh feel way feel arms melt spin fall wish way love love whoa whoa whoa way love love whoa whoa whoa way love love whoa whoa whoa way love oh way love ooh love way love way love ooh love way love oh yeah ooh love way love whoa whoa whoa yeah2embed
5732,2001,Koffee Brown,After Party,party stop stop welcome party party party party lets little time talk whats going mind ass shakin ooh looks right wanna ride lyin aint tell wanna flip tell aint feelin ish girl chemistry icing cake hope stay party baby thing party stop aint gotta stop baby thang stop music drops rock whats gonna want party party lets finish started cause right beginning know felt thighs know felt rise slide dance floor cause wanna know deep lovin tell boys goodnight cause gonna ride party stop aint gotta stop baby thang stop music drops rock whats gonna want party stop stop aint gotta stop baby thang stop music drops rock whats gonna want party sweet baby come come oh cause wanna right right hold baby oh hold cause wanna inside inside stop aint gotta stop baby thang thang stop music drops rock whats gonna tell baby want party stop stop til aint gotta stop baby thing stop oh music drops oh rock rockin meoh baby want party baby wanna rock stop stop baby wanna rock stop baby wanna rock stop aint gotta stop baby wanna rock stop stop baby wanna rock stop rock baby wanna rock stop baby wanna rock stop whats gonna baby wanna rock stop want party baby wanna rock stop stop baby wanna rock stopembed
5734,2001,Mystikal Featuring Nivea,Danger (Been So Long),danger long know time nigga know fuck danger danger floor nigga right sing long sing hes floor nigga right want tell dj shit keeping niggas bitches jumpin minute taking shirt showing tattoos screaming hollering got gift come deliver em feel bitch sharp pulled pencil sharpener bad student principal office rappers coffins dive dolphins damnedest lyrical marvel come watch fuck know head bounce titties shake ass drop pussy stay line ho fuck cause cancan cocked head pussy popping doin handstand leave pussy smoking ooh wanna somethin bend bust pussy open damn ooh long hes come woo floor nigga right want sing long sing hes sing look want fucking concert line corner parking cars niggas fitted bitches nothin em looking good mama psh whats homie sirens limousines club owner ya bitch late aint getting bitch cause filling inside packed floor ceiling building aint big backstage bouncing adrenaline building pussy cutter stutter heart flutter woman drawers melt butter nelly hype belly rhyme seller kick ass jim kelly stand wild boot frown tell nigga wanna try bitch come sweat blood tears tell shit bitch thats long sing hes floor nigga right want sing long sing hes floor nigga right want danger talking bout danger motherfucker look floor nigga right fuck danger motherfucker watch danger look look nigga look look floor nigga right em danger long sing danger hes floor want nigga right sing long danger hes floor nigga right want sing danger danger floor nigga right sing danger danger floor nigga right huh motherfuckin flow4embed
5735,2001,Lenny Kravitz,Again,ive searching heard soul ive yearning know walking right door life wonder ill day comes know win wonder ill sacred gift heaven better worse let somebody break cried life wonder ill day comes know win wonder ill time ive known throne lonely queen king longed love forever life wonder ill day comes know win wonder ill life wonder ill day comes know win wonder ill life wonder ill day comes know win wonder ill wonder ill wonder ill wonder ill wonder ill wonder ill wonder ill wonder ill again3embed
5737,2001,Lonestar,With Me,feel fly soup bowl feel heap feel king castle feel bump street got highs lows days touch baby know youre feel singing swinging planet end chain oh kiss head starts spinnin youre sending adrenaline straight brain feels right rain worries wash away youre lazy summer day porch swing night running wild town red ferrari racing street pickmeup little bit matter dice roll baby know youre feel singing swinging planet end chain oh kiss head starts spinnin youre sending adrenaline straight brain feels right rain worries wash away youre got highs lows matter baby know youre feel singing swinging planet end chain oh kiss head starts spinnin youre sending adrenaline straight brain feels right rain worries wash away youre youre feel singing head starts spinning feels right rainembed
5738,2001,Darryl Worley,A Good Day To Run,good day run lyricsim tired working day dollar choke blue collar aint gonna misled grand illusion ive come conclusion fast written sky today morning sun sure looks good day run wide open twolane highway time things went way throwing troubles wind praying catch gonna worrying days looks good day run babys working cashier didnt vacation past year wont long need destination tank gas good clear station playing favorite song therere places aint things aint sure looks good day run wide open twolane highway time things went way throwing troubles wind praying catch gonna worrying days looks good day runembed
5739,2001,Lionel Richie,Angel,angel want tell things things mean believing theres place feel loneliness inside heart youre answer prayer youre youre angel miracle youre need tonight shelter rain breathe life youre angel miracle youre need know tonight life moment blowing wind trying friend time tell win lose stand theres darkness youre light need ease troubled mind youre answer prayer youre youre angel miracle youre need tonight shelter rain breathe life youre angel miracle youre need know oh tonight oh youre angel aha need tonight youre angel angel youre answer prayer youre youre angel miracle youre need tonight shelter rain breathe life youre angel miracle youre need know tonight tonight youre need tonight need tonight angel angel angel youre need know angel angel angel oh youre angel angel angel angel angel angel angel angel angel angel angelembed
5740,2001,Iconz Featuring Tony Manshino,Get Crunked Up,crunked lyricscomedy 2000 baby iconz street money yall ready cmon chorus smoke weed bitch hit wit clown got drink fight shit crunked crunked crunked crunked crunked crunked crunked crunked nigga look shit comedy bless nigga tracks finecing raps got dolla better confess chaps labels spend fuckin rack got clique nigga strapped ready war prefer ball bomb head hoers know nigga click poll licka nigga shining ice look bigga detroit bangin nuts perfect cut sumplying shise shit niggas hand feel rush turn bitches pussy bust nut clique come iconz playa supposed 2 shine nigga fuck x gon blow got shit ass step line way comedy control yall gon fall chorus yo crunked stay crunked roll club navigator truck fly bar know stay fandied plus classy chicks sick shit need benz cool taste chick yall ballas club gon try hit yall aint hear shit bitch yo know girls gon clown towed yall better know aint fucking iconz super star everybody better fucked chorus crunked crunked crunked crunked crunked crunked crunked crunked fuck wanna aint fly tlc got left eye streets got boys buy gon niggas die high sip fith jimmy keith yall pussy ass niggas ride bust guns money going saying bad playa tracks yall half faggots getting hit bring heat yall think yall hot live ontop crew bitch ready got heard gave head outside drop went home tongue kiss reply baby miss thats difference yalls yall baby stretch tomorrow uh tomorrow yall feel free love chrous crunked crunked crunked crunked crunked crunked crunked crunked iconz comedy baby funked tow crunked lets crunked fo sho crunked uhu crunked cmon crunked iconz crunked street money crunked comedy baby crunked thats right cmon fucked crunked thats right fucked crunked comedy nigga fucked crunked iconz nigga fucked crunked street money nigga fucked crunked ya huh fucked crunked ya huh fucked crunked dawgs huh fucked crunked bitches huh yo cmon street money iconz comedy runnin shit crunked 2000 crunked crunked uhh uhh crunked ya crunked niggas ya crunked bitches ya crunked somebody crunked iconz street money uhh uhh comedy ya crunked crunked niggas crunked bitches club tonight gonna crunked club tonight bitchesembed
5742,2001,Mikaila,So In Love With Two,love lyricsmy number come feel way number tried tell love wanna push wanna fight feeling keeps night chorus decide mind breaking rules tell right tears inside problem love heyeh know heyeh choose number youre givin need things betta number hes makes feel good love twox2 wanna push wanna fight feeling keeps night chorus decide mind breaking rules tell right tears inside problem love twox2 heyeh know heyeh choose wanna fight night wanna right cmon oh number oh number oh somebody tell supposed oh number number oh number number somebody tell love chorus x2 heyeh heyeh heyeh choose youembed
5743,2001,DMX,Who We Be,uh yeah nigga q earth joints rest peace baby know roll theres know knew know goes nigga q rest peace baby miss dog know know bullshit drama uh guns armor uh city farmer babies mama projects drugs uh children thugs uh tears hugs love slugs come funerals wakes churches coffins uh heartbroken mothers happens problems things use solve em yonkers bronx uh brooklyn harlem come hurt pain dirt rain uh jerk fame work game uh friends foes benz hoes studios shows comes goes come jealousy envy phony friendly uhhuh gave em slugs em woo snakes grass long uh uh lawnmower sittin right tree come know know know know seeing streets cops harassment uhhuh options shot jail getcha ass kicked aight lawyers puzzle uhhuh release warning try trouble damn snitches odds uh probation parole new charge bail warrant hole damn cell bus ride north uhhuh greens boots yard hearts uh fightin stabbin pullin grabbin riot squad captain knows happened years box revenge plots uh twentythree hours thats locked hour thats uh silence dark mind fragile aight wish streets took damn days months years despair night knees comes prayer know know know know wife kids uhhuh life live uhhuh night uhhuh right uhhuh ups downs uh slips falls uh trials tribulations uh heart balls uh mother father love em hate em uh wish god didnt em glad em uh roaches rats strays cats guns knives bats time scrap come hustlin dealin robbin stealin uh shit hit ceiling little boy feelings damn frustration rage trapped inside cage got beatins til age carried gauge aight somebody stop somebody come little know lord ridin dark light uh heart uh fight uh wrong uh right uh gone uh aight know know know know come know know man listen know motherfuckers know know know possibly fuckin know dawg thats heart dawg shit crazy76embed
5744,2001,Petey Pablo,Raise Up,raise ones north carolina come raise shirt twist round hand spin helicopter north carolina come raise ones uhuh ones yes sir north carolina come raise shirt twist round hand spin helicopter north carolina come raise ones uhuh ones yes sir petey pab motherfucker north carolina guess worth superstar bought big ol car point car black bars got button middle trunk eheh aint bout getting getting driving big fellas fellas half carolina niggas time polk bladen marshall hoke greene county tillery damn transfer sandy ridge browns greens pasqoutank odom east let think johnson county franklin burgaw newport warren shelby kenansville man currituck tarboro triangle goldsboro halifax statesville niggas life wall right right right heres ones north carolina come raise shirt twist round hand spin helicopter north carolina come raise ones uhuh ones yes sir north carolina come raise shirt twist round hand spin helicopter north carolina come raise ones uhuh ones yes sir remember days yall play yall radio lil song yall rep city rep city running school halls basketball peprally jumped hah house home hood hah brother sister cous hah niggas beginning wit fore knew bein yall niggas glanced got yall staring ol north carolina yall niggas getting oh shame isnt oh thought said coming wit lotta bullshhh ahh ones north carolina come raise shirt twist round hand spin helicopter north carolina come raise ones uhuh ones yes sir north carolina come raise shirt twist round hand spin helicopter north carolina come raise ones uhuh ones yes sir man case ones wanted come ask stupid think doin look putting niggas south north carolina south carolina little bitty overlooked hick towns gonna hit yall asses aint t t blast got coming beats slamming verses classic gold whats platinum baby want bomb meant scare ya bring home blow valleys hills streams n c outta water hows feel look motherfucker dead grill tell em told ya ones north carolina come raise shirt twist round hand spin helicopter north carolina come raise ones uhuh ones yes sir north carolina come raise shirt twist round hand spin helicopter north carolina come raise ones uhuh ones yes sir3embed
5745,2001,Aaron Tippin,Kiss This,kiss lyricsshe woman mission drown forget set wash succeeded lowdown nogood cheatin goodfornothing came strutting crowd oh laying missed lick professing neverending love oh forget stood said guess think gonna kiss thats said kiss kiss mean rosy red lips theres thing left come time pucker close eyes kiss goodbye thing recall wall chewing bulldog bone putting place mean right face dragging list donemewrongs crowd gathered round theyve come watch pay sin called sun thought reared let man said said kiss kiss mean rosy red lips hey theres thing left come time pucker close eyes kiss hey kiss mean rosy red lips theres thing left come time pucker close eyes kiss goodbye hey kiss goodbye yaembed
5746,2001,Wyclef Jean Featuring Mary J. Blige,911,911 yo wyclef mary j serenade girls acoustic guitar know sayin yo fellas havin problems chicks want right turn lights low pull girl want sing death comes tonight girl want know love matter tough wouldnt dare reveal tears tell police aint home tonight messin gonna life look eyes youre worth sacrifice kind love mom warn man trouble real big trouble kind love old folks warn man trouble real big trouble need yall favor 911 pick phone yo tell shot bullets heart piercin soul losin blood yo feel body gettin cold 911 pick phone yo alleged assailant foot shot soul feel body gettin cold cold cold feel prisoner think trapped yeah yeah right girl breath fight hard walls wanna break yo mary told cops wasnt tonight messin gonna life oh yeah yeah mary time look eyes man worth sacrifice ooh kind love mom warn mary youre trouble real big trouble youre real big trouble lord knows trouble kind love old folks warn day night trouble real big trouble real big trouble ooh got girl 911 yeah yeah pick phone yo tell got shot tell got shot piercin soul losin blood yo feel body gettin cold oh cold 911 alleged assailant foot shot soul shot heart feel body gettin cold didnt care didnt worry didnt wonder wyclef mary j blige feelin girl understand youre doin youre doin me6embed
5748,2001,Project Pat,Chickenhead,chickenhead alright alright alright alright alright alright bwok bwok chicken chicken bwok bwok chickenheads boy whateva bwok bwok chicken chicken bwok bwok chickenheads bwok bwok chicken chicken bwok bwok chickenheads boy whateva bwok bwok chicken chicken bwok bwok chickenheads bwok bwok chicken chicken bwok bwok chickenheads boy whateva bwok bwok chicken chicken bwok bwok chickenheads bwok bwok chicken chicken bwok bwok chickenheads boy whateva bwok bwok chicken chicken bwok bwok chickenheads baldhead skallywag aint got hair gelled weaved yo hair messed need bout hustle mission loot run beautician run game game gravy mean spend cheese fo tha baby bwok bwok stalk stalk bootleg bwok bwok pretty walk walk givin head aint thang eat chicken wang got gold teeth club tryna shake thang tryna piece chicken chicken dumb shit shoulda paid ya light bought outfit stay ya mammy house smart mouth project pat memphis tenn represent south pass tha drodro gone stay tickin momo holla chicken bwok bwok chicken chicken bwok bwok chickenheads boy whateva bwok bwok chicken chicken bwok bwok chickenheads bwok bwok chicken chicken bwok bwok chickenheads boy whateva bwok bwok chicken chicken bwok bwok chickenheads bwok bwok chicken chicken bwok bwok chickenheads boy whateva bwok bwok chicken chicken bwok bwok chickenheads bwok bwok chicken chicken bwok bwok chickenheads boy whateva bwok bwok chicken chicken bwok bwok chickenheads yeah outfit fake deal thought said girl light face talkin girl buy rims da cadillac riding clean ya gas tank e steppin aint decent shoes ya feet thats meter broke yount knowcha talkin bout new jordans finna come hate ya club ya mobbin wit mug knowin ya ridin wit ya boy ya nothin scrub thats hated cause got ya friend ya damnnear fainted sho face drankin yak mouth fulla golds yo ass need tictacs need gum breath thunder lookin want yo phone number boy whateva bwok bwok chicken chicken bwok bwok chickenheads boy whateva bwok bwok chicken chicken bwok bwok chickenheads bwok bwok chicken chicken bwok bwok chickenheads boy whateva bwok bwok chicken chicken bwok bwok chickenheads chickenhead hoes platinum think white gold 20 inch pirellis roll mane thank vogues dodgin foes ridin caddy truck wit dvds flock broads follow club break knees knowin thats want straight club rest aint smellin right thang mind freshin goin tonight weave head weed purse crunk baby seats clothes trunk known hold known ride chrome known flip platinum watch wit diamond stones fool supplyin tha dro fool supplyin tha blow playa got chickenheads knockin tellin diggin tellin yo man girlfriend gone cost fee yo ass work streets pay ya boy rich swishers lit pay yo fees count gs cashin chicks bwok bwok chicken chicken bwok bwok chickenheads boy whateva bwok bwok chicken chicken bwok bwok chickenheads bwok bwok chicken chicken bwok bwok chickenheads boy whateva bwok bwok chicken chicken bwok bwok chickenheads10embed
5749,2001,Dream,This Is Me,lyricsthis stole heart chewed spat girl good good baby ill love faithfully suspicious mind thinks gonna repeat story shes making crazy making wreck making follow making suspect think playing game know different alike youre confusing day night wanna trust know gonna mess set baby stop making feel bad best thing thing guilty giving love shes making crazy shes making crazy making wreck making follow making suspect think playing game know know yeah different gotta know alike yeah cmon youre confusing day night day night wanna trust know gonna mess set baby suffocate space pay mistakes believe love thats kiss things exist yeah whoa different yeah cmon alike youre confusing day night oh wanna trust know know gonna mess set oh different oh yeah alike oh oh confusing day night day night youre wanna trust know know gonna mess mess set cmon baby gripembed
5750,2001,Cash Money Millionaires,Project Chick,project chick deshawn eshlawn lil mama friends lisa teresa maria tia lia kim love yall broads disrespect dogs love yall broads yea love yall broads ladies havin babies drama niggas figgas love baby momma bought shoes tattoos fixed yo breasts inside flyest rides s yo chest ones wobbled puttin mouth suck catch swallow lil weezy sheezy heezy believe squeeze leave greasy come rolls royce leave choice hop let throat moist ruby red vodka carry nigga minutes maybe wantin marry nigga project bitch hoodrat chick fuck took dick project chick hoodrat chick fuck took dick momma send grandma grandma flipped said aint gone evil house rolled scoped ounce sold fucked started livin hoes house nigga started fuckin broads cause suckin nigga dick good keepin hard lettin nigga cum chest tongue stillun spared childrun hoe gave head building aint sellin records mouth sell million wanna break cause yall pussy aint gotta nigga tweakin slang dick summer winter spring fall ask lay bringin tryin hit ya til ya holla good lord motherfuckin dick good hard look nigga catch rd white folks know code gd range rover 4 door dd tattoos new cars project cuts got nigga bitch know wantin fuck deal sluts ladies bitches fuck project bosses weezy respect bitch nigga 4 door lexus got bitch shoot dice bitch aint right got bitch ya work ya life got credit card hoe scam type hoe fraud type hoe snort dope dick suckin pro calico hoe real solid bitch chicago got brat type bitch whine shit got project bitch start shit embed
5753,2001,Incubus,Drive,drive feel fear uncertainty stinging clear help ask let fear wheel steer driven vague haunting mass appeal lately beginning wheel tomorrow brings ill open arms open eyes yeah tomorrow brings ill ill yeah ohh decide waiver chance hive choose water wine hold drive ohhohohh driven way gets lately beginning drive light tomorrow brings ill open arms open eyes yeah tomorrow brings ill ill yeah ohh choose water wine hold wheel drive tomorrow brings ill open arms open eyes yeah tomorrow brings ill ill yeah ohh dododo dododo dododododo whoaohoh dododododo dododo dododo dododododo whoaohohohoh31embed
5755,2001,Yolanda Adams,Open My Heart,open heart room feel lost cause know choose wrong thing afraid afraid disappointing need talk ask guidance especially today mind cloudy guide sure open heart oh yeah hopes dreams fading fast burned think strengths gonna crying crying lord know youre able pull know need talk ask guidance especially today world cloudy lord guide sure open heart oh yeah yes things way let mistakes ill sure carried want doubt thats wanna talk yes ask guidance especially today world little bit cloudy lord guide thats open open heart heart heart heart oh need hear single word open open open heart youre lover soul captain sea need word thats open heartembed
